Assamese,/pʰɔ/
Assamese,/bɔɦ/
Assamese,/kʊpʰ.ta/
Assamese,/pa.ɡu.la/
Assamese,/ɡʱoɪ.ni/
Assamese,/ka.pʊɹ/
Assamese,/ka.nia/
Assamese,/dʱu.ɹa/
Assamese,/kẽsu.mu.ɹia/
Assamese,/kãɪ.tia/
Assamese,/baɡʱ/
Assamese,/ɡʊ.bɔɹ/
Assamese,/ba.ɦɔ.ni/
Assamese,/ɦia/
Assamese,/ti.pa/
Assamese,/kɔ.ɹʊa/
Assamese,/kʰa.ɦi/
Assamese,/xɔ.saŋ/
Assamese,/sɔ.muua/
Assamese,/bʱu.ka/
Assamese,/kau.ɹi/
Assamese,/bi.za.nu/
Assamese,/pɔ.niɔl/
Assamese,[maxi]
Assamese,/kan.da/
Assamese,/kʰɔ.li.ɦa/
Assamese,/bʱal.nɛ/
Assamese,/bi.la.ti a.lu/
Assamese,/dɛ.wa/
Assamese,/ɔ.nu.bad/
Assamese,/ɛ.xɔt.tɔɹ/
Assamese,/bɛ.pɔ.ɹʊa/
Assamese,/bɔɹ/
Assamese,/bʱaɪ.ti/
Assamese,/mɔ.dʱu.ɹi am/
Assamese,/spɔɹ.xɔ.bɔɹ.nɔ/
Assamese,/i.jɔŋ.sak/
Assamese,/ɡɔ.tʊa/
Assamese,/xɔŋskɹit/
Assamese,/ka.ɹʱa/
Assamese,/u.tɔ.la/
Assamese,/kãɦi/
Assamese,/tɔɦɔ̃t/
Assamese,/kɔ.ɹʱa/
Assamese,/xɔ.zua/
Assamese,/ɔn.tɔɹ.zal/
Assamese,/ɦoɪ/
Assamese,/ɦa.miʊa/
Assamese,/ma.zɛ.di/
Assamese,/u.ki/
Assamese,/maʊ/
Assamese,/xat.xɔt.tɔɹ/
Assamese,/a.xi/
Assamese,/pũʊa/
Assamese,/ɡʱaɪ/
Assamese,/a.ŋu.liʊa/
Assamese,/kʊ.ɹʊ.na/
Assamese,/kũɹ/
Assamese,/du.ba.ɹu/
Assamese,/tɛ.nɛ/
Assamese,/zɔlɔn/
Assamese,/ũi.pʊk/
Assamese,/sɛ.lɛk/
Assamese,/la.zu.ka/
Assamese,/bɔɹ.doɪ.si.la/
Assamese,/ɛndɹɔid/
Assamese,/moɪ.dam/
Assamese,/ɡʱu.ma/
Assamese,/zan/
Assamese,/bʱa.ŋɔ.ni kɔɹ/
Assamese,/mi.tʰa.lau/
Assamese,/doɪ.nik/
Assamese,/li.pis.tik/
Assamese,/lu.kua/
Assamese,/mu.ɹu.ɹi/
Assamese,/si.ɹɔ.ta/
Assamese,/ɡɔ.ŋa/
Assamese,/bãʱ/
Assamese,/kɔŋɡɛs/
Assamese,/ɹɔɦ.ɡʱɔ.ɹa/
Assamese,/ãsʊ.ɹa/
Assamese,/ʊ.lʊm/
Assamese,/ɛ/
Assamese,/ɡɔ.sɔ.ka/
Assamese,/ɡuɹ/
Assamese,/bi.ɹɔ.li/
Assamese,/mal/
Assamese,/la.ɡa/
Assamese,/si.na/
Assamese,/bʱʊl/
Assamese,/mɛ.tʰɔn/
Assamese,/ɛp/
Assamese,/ɔ.xɔ.mia bʱa.xa/
Assamese,/xɔ.ɹu/
Assamese,/bẽka/
Assamese,/ɹʊa/
Assamese,/na.ɹi.kɔl/
Assamese,/xɔb.dɔ/
Assamese,/ta.li.tʊ.pʊ.la/
Assamese,/kuaŋ/
Assamese,/ɛ.ka.xi/
Assamese,/kax/
Assamese,/ɦa.ŋaɾ/
Assamese,/lu.nia/
Assamese,/ka.ti kɔ.ɹa/
Assamese,/pi.ɦa/
Assamese,/mis.tɹi/
Assamese,/tʰɔ.pa/
Assamese,/bɔ.zʊa/
Assamese,/ɔ.bʱaw/
Assamese,/ãt/
Assamese,/sʊ.ɹaŋ/
Assamese,/a.muua/
Assamese,/bal.tiŋ/
Assamese,/pɹitʰi.wi/
Assamese,/pa.ɹʊa/
Assamese,/dɛw/
Assamese,/mu.ɹi/
Assamese,/koʊ.xɔl/
Assamese,/ɦa.mi/
Assamese,/pi.kʊa/
Assamese,/ũi.pɔ.ɹua/
Assamese,/ɦɔ.ɹi.na/
Assamese,/bɔɹ pan.da/
Assamese,/sa.di.nɔ.ta/
Assamese,/ɹu.mal/
Assamese,/xɔ.ba.tʊ.kɛ/
Assamese,/dʱʊa/
Assamese,/ɛ.kʰɛt/
Assamese,/bʱaʊ.na/
Assamese,/pa.ni.sɔ.ku/
Assamese,/ãɔ.ɹia/
Assamese,/baŋ.la.dɛx/
Assamese,/bola/
Assamese,/mi.ɦɔ.lʊa/
Assamese,/su.ŋa sa.ki/
Assamese,/puŋ/
Assamese,/kɛ.ɹa.sin/
Assamese,/paŋ/
Assamese,/zaɪ/
Assamese,/li.pi/
Assamese,/zaŋ/
Assamese,/qai/
Assamese,/ɡaŋ/
Assamese,/xol mas/
Assamese,/pijaz/
Assamese,/xãɹ/
Assamese,/mɔ.ŋɔɦ/
Assamese,/ɡu.ti/
Assamese,/kʰjɔ/
Assamese,/paʊnd/
Assamese,/pɛ.kʰɔm/
Assamese,/i.li.ɦi/
Assamese,/lʊ.ɦa/
Assamese,/ɦɔ.ɡa/
Assamese,/mɔ.ɡu/
Assamese,/kʊ.̃ɔɹ/
Assamese,/bãɦ ɡɔs/
Assamese,/kʰɔ.li.ɦɔ.na/
Assamese,/ɡan.dʱɔ/
Assamese,/ɡʊ.lap/
Assamese,/ɸul/
Assamese,/tɔɹ.zɔ.ma kɔ.ɹa/
Assamese,/kɔla/
Assamese,/a.ɹɔ.kʰi/
Assamese,/i.ti.ɦax/
Assamese,/kɛ.tia.ba/
Assamese,/halɔdʱi/
Assamese,/ɛk ni.zut/
Assamese,/aʱ/
Assamese,/pʰɔɹ.man/
Assamese,/ɡʱʊ.xɔ.na/
Assamese,/kup.ti/
Assamese,/xeti/
Assamese,/ɡʱa.ma/
Assamese,/ɔk.tʊ.bɔɹ/
Assamese,/dʱʊl/
Assamese,[bʲakɔɹɔn]
Assamese,/bu.lia/
Assamese,/ɡɛn.da(ɹ)/
Assamese,/aj/
Assamese,/ba.ki/
Assamese,/ũi/
Assamese,/baː/
Assamese,/ɡʱãɦɔ.ni/
Assamese,/xi.dʱa/
Assamese,/ɔ/
Assamese,/bʱua/
Assamese,/kʰɔ.ɹɔs/
Assamese,/dʱa.pɔ.li/
Assamese,/xɛ.piʊa/
Assamese,/dʱɔɪn.nɔ.bad/
Assamese,/bʱɛ.ta/
Assamese,/ka.nɔn.ɡʊ/
Assamese,/ɹɔ.si/
Assamese,/bɔn.dʱa/
Assamese,/ˈqa.puɾ/
Assamese,/bi.na.mu.lia/
Assamese,/ɦɛ.ɹʊa/
Assamese,/a.ŋul/
Assamese,/zi.li/
Assamese,/nɛ.wa.li/
Assamese,/laɪ/
Assamese,/a.tʰa/
Assamese,/zu.ti/
Assamese,/lɔ.ɡa/
Assamese,/zɔ.ɹa/
Assamese,/bɔ.xɔ.liʊa/
Assamese,/mɔɦ/
Assamese,/xɔ.zʊa/
Assamese,/up.ni.xɔd/
Assamese,/da.lal/
Assamese,/za.du.ɡʱɔɹ/
Assamese,/kʰɛ.da/
Assamese,/ʊ.kʰɔl/
Assamese,/lat/
Assamese,/u.kɔl/
Assamese,/xum.tʰi.ɹa/
Assamese,/ɹʊ.ka/
Assamese,/pʊ/
Assamese,/la.tʰi/
Assamese,/aɪs.k(ɹ)im/
Assamese,/si.la.kɛn.tʰɔ/
Assamese,/kum.bʱɔ/
Assamese,/bʱɔ.ɡa/
Assamese,/soʊt.ɹis/
Assamese,/ɛaɹ.pɔɹt/
Assamese,/pu.nu/
Assamese,/mu.ɦa/
Assamese,/ɔ.kɔl.xɔ.ɹia/
Assamese,/pɹɔ.tʰɔm/
Assamese,/zi.bɔn/
Assamese,/xɔk.ti.xa.li/
Assamese,/kʰʊ.ɹa/
Assamese,/bʱɔ.ɹa/
Assamese,/tɛt.ɹis/
Assamese,/xu.dʱɔ.ɹa/
Assamese,/kɔ.ɦiʊa/
Assamese,/maz/
Assamese,/pɔ.ɡʱa/
Assamese,/xãk/
Assamese,/ɡaɪ/
Assamese,/dʱẽɹa/
Assamese,/tãt.xal/
Assamese,/dʱunia/
Assamese,/xʊ.nɔɹ/
Assamese,/ɡɔɹɔm/
Assamese,/u.ɡʱɔ.la/
Assamese,/tɔ.tʰa.pi/
Assamese,/dɔ.ma/
Assamese,/bɔ.xɔn.tɔ/
Assamese,/ɡu.ɹa/
Assamese,/xukʰ/
Assamese,/biɔ.li/
Assamese,/dɔl/
Assamese,/bui/
Assamese,/kʰɔ.ɹɔ.si/
Assamese,/maɪ.ki ma.nuʱ/
Assamese,/xɛ.wa.li ɡɔs/
Assamese,/dia/
Assamese,/ɔ.nu.bad kɔ.ɹa/
Assamese,/mɔ.ŋɔl.baɹ/
Assamese,/pʊ.ɦɔɹ/
Assamese,/xa.tɔt.ɹis/
Assamese,/a.dɔɦ/
Assamese,/ɡɔ.lʊa/
Assamese,/ʊɹ/
Assamese,/dɔ.mɔ.ɹa/
Assamese,/pʊ.kɔɹ/
Assamese,/bʱal.kɛ/
Assamese,/ɡɔm/
Assamese,/u.lu.ka.sɔɦ/
Assamese,/i.tɔɹ/
Assamese,/dʊ.sʊ.ɹa/
Assamese,/kʰu.ɹi/
Assamese,/sɔ.ɹiʊa/
Assamese,/xi.ɦu.za.ɦaz/
Assamese,/aɔ.ɹia/
Assamese,/ɛk/
Assamese,/bi.dɛ.xi/
Assamese,/ma.dɔl/
Assamese,/ma.li.kɔ.ni/
Assamese,/kitap/
Assamese,/ɦɔ.zɔm kɔ.ɹa/
Assamese,/kat.mis.tɹi/
Assamese,/ti.si/
Assamese,/ba.xɔs.tʰi/
Assamese,/sa.bʊn/
Assamese,[zʊŋʊa]
Assamese,/pãzɔɹ/
Assamese,/moɪ.lam/
Assamese,/tɛ.la.ku.sa/
Assamese,/si.na ku.ku.ɹa/
Assamese,/pɔ̃sa.nɔb.boɪ/
Assamese,/zũza.ɹu bi.man/
Assamese,/a.pu.ni/
Assamese,/kɔ.paʱ/
Assamese,/kʰun.dɔ.na/
Assamese,/kẽsua/
Assamese,/sɛ.lʊa/
Assamese,/xa.tʰi/
Assamese,/za.ɹa/
Assamese,/san/
Assamese,/zu.bu.ɹia/
Assamese,/u.tʰʊa/
Assamese,/ɦa.tʰi/
Assamese,/ãtɔɹ/
Assamese,/sɛkʰ/
Assamese,/ɡuː/
Assamese,/kʰun.diʊa/
Assamese,/dʱun.du.li/
Assamese,/dɔ.lɔŋ/
Assamese,/ɛ.ɦɛ.zaɹ/
Assamese,/ɡu.li/
Assamese,/sa.mi/
Assamese,/dɛkʰa/
Assamese,/maʱ/
Assamese,/pɛ.lʊa/
Assamese,/paɹ/
Assamese,/pʰẽti xap/
Assamese,/ɛ.laʱ/
Assamese,/ɹɛ.ɦa/
Assamese,/u.noɪs/
Assamese,/pɔ.ta/
Assamese,/bɔ.ɹa.li/
Assamese,/dɛ.ɦa/
Assamese,/xʊ̃.ta/
Assamese,/ɹɔ/
Assamese,/za.ni.bɔ bi.sa.ɹʊ̃/
Assamese,/bɔ.ɹa/
Assamese,/tʊ.pʊ.la.ta.pɔ.li/
Assamese,/bɔ.ɦaɡ/
Assamese,/lɔ.wɔ.nu/
Assamese,/ɡʱɔɹ xa.li.ka/
Assamese,/ʊ.lɔɡ/
Assamese,/mɔ.dʱu/
Assamese,/pi.tʰi.bi/
Assamese,/tɔ.ɹa/
Assamese,/kandʱ/
Assamese,/bua/
Assamese,/xa.bɔt/
Assamese,/ɛ.koɪs/
Assamese,/daʱ/
Assamese,/ɡɔ.dʱuɹ/
Assamese,/loɹa.li/
Assamese,[kazakʰɔstan]
Assamese,/nia/
Assamese,/ɹi.zʊa/
Assamese,/tʰɛ.la/
Assamese,/ʊ.lʊ.tʊa/
Assamese,/di.la/
Assamese,/a.tʰɔt.ɹis/
Assamese,/akax/
Assamese,/tɔ.ka/
Assamese,/kãit/
Assamese,/ʊ.zɔn/
Assamese,/sit/
Assamese,/ma.mi/
Assamese,/ʊ.ka.lɔ.ti/
Assamese,/ɦɛŋ.daŋ/
Assamese,/ka.si/
Assamese,/zĩã/
Assamese,/mɛ.ɹa.mɔ.ti/
Assamese,/pal/
Assamese,/mu.tʰa/
Assamese,/u.ɡaɹ mɔ.ɹa/
Assamese,/ɡʱʊɹ.ɡʱʊ.ɹa/
Assamese,/a.dʱɔ.ɹua/
Assamese,/baɪ.dɛʊ/
Assamese,/nɔk.pa.lis/
Assamese,/dɔɦ ɦa.zaɹ/
Assamese,/tʰa.pɔɹ/
Assamese,/pʰɛ.ɹua/
Assamese,/xɔ.ɦaj kɔ.ɹa/
Assamese,/bɛk.tɛ.ɹia/
Assamese,/kɔ.sa/
Assamese,/kɔ̃ɦaɹ/
Assamese,/dʱɔɹɔn/
Assamese,/da.pʊn/
Assamese,/a.dɔ.ɦia/
Assamese,/bʱɹu.bɔ/
Assamese,/bʱut/
Assamese,/a.kʰoɪ/
Assamese,/pi.la/
Assamese,/bɔ.ɡa bɔ.ŋal/
Assamese,/a.pa/
Assamese,/dɔ.la/
Assamese,/si.lʊa/
Assamese,/ba.dʱa/
Assamese,/nɔ/
Assamese,/mɔɪ za.ni.bɔ bi.sa.ɹʊ̃/
Assamese,/xʊ̃/
Assamese,/at.lɔs/
Assamese,/kʊ.la/
Assamese,/til/
Assamese,/lɔ.ta/
Assamese,/dɛ.ɹa/
Assamese,/dʱaɪ/
Assamese,/kɔs.tɔ/
Assamese,/baʊ̃/
Assamese,/ɡʱɔ̃ɦɔ.ni/
Assamese,/xa.bɔ.dʱan/
Assamese,/zi.wɔn/
Assamese,/kãta/
Assamese,/nitʰ/
Assamese,/ɡãɹu/
Assamese,/sa.lɔ.ni/
Assamese,/bɔn.ɹɔu/
Assamese,/sɛ.lau.ɹi/
Assamese,/ku.ɦum/
Assamese,/pʰɔ.ɹiŋ/
Assamese,/soʊ.xɔt.tɔɹ/
Assamese,/sɛl.pʰi/
Assamese,/kʰun/
Assamese,/pa.lis/
Assamese,/ɦʊm/
Assamese,/dip/
Assamese,/sɔn.dɹɔ/
Assamese,/bʱa.za/
Assamese,/mʊt/
Assamese,/zʱa.ɹa/
Assamese,/baɪs/
Assamese,/aɔ.ɹi/
Assamese,/kʰũta/
Assamese,/d͡ʒʊiɡ.ɡɔ/
Assamese,/ɛn.duɹ/
Assamese,/dʊl/
Assamese,/pɔ.ta.kʰɔ.ɹi/
Assamese,/kʰʊ.za/
Assamese,/ɛ.ka.dɛ.mi/
Assamese,/dʱa.tu/
Assamese,/ãu.za/
Assamese,/dɔ.ɹa/
Assamese,/kɔ.li.za/
Assamese,/uʱ/
Assamese,/kɔ.la.mɔ.la/
Assamese,/dɒ.ɹɒβ/
Assamese,/bɔt.ɹis/
Assamese,/zɛ.nɛ/
Assamese,/a.ɡɔ.ni/
Assamese,/kʰɛl.na/
Assamese,/zɔ̃ka/
Assamese,/ɦim/
Assamese,/tʊ.ka/
Assamese,/bʱʊt zɔ.lɔ.kia/
Assamese,/poɪ/
Assamese,/u.ɡʱal/
Assamese,/pɛ.kʰɔn/
Assamese,/bi.ɦu/
Assamese,/pɔn.sɔl.lis/
Assamese,/saŋ.maɪ/
Assamese,/nat/
Assamese,/ɡaŋ xa.li.ka/
Assamese,/pãzɔ.ɹa/
Assamese,/baul/
Assamese,/ɹas.tɹɔ/
Assamese,/sal/
Assamese,/bʱa.ɦa/
Assamese,/kʰɛ.la.bɔs.tu/
Assamese,/bɔ.ɹa saul/
Assamese,/tɹis/
Assamese,/kɔ.lɔm/
Assamese,/u.pɔɪt.tɔ.ka/
Assamese,/su.ti kɔ.ɹa/
Assamese,/bi.saɹ/
Assamese,/pɔ.tʰɔ.mɔ.tɛ/
Assamese,/xoɪ.bɔ/
Assamese,/xi.ɦa/
Assamese,/bɹiʱɔs.pɔ.ti.baɹ/
Assamese,/ɦãɦ/
Assamese,/pɔ.tʰɔ.ɹua/
Assamese,/si.kɔ.mi.kia/
Assamese,/bu.ɹa/
Assamese,/ban/
Assamese,/nɛ.za.nʊ̃/
Assamese,/ɛ.kaɔn/
Assamese,/ɛ.ɹa.kʰa.ti/
Assamese,/mʊ.kɔ.la/
Assamese,/xu.kuːa/
Assamese,/kaɹkʰana/
Assamese,/ɡɔ.ɹʱa/
Assamese,/kɔ̃ɦ.kɔ̃ɦia/
Assamese,/tʰu pɛ.lʊa/
Assamese,/zɛ.tu.ka/
Assamese,/baɡ.mɔ.kɔ.ɹa/
Assamese,/bɔɹ aɪ/
Assamese,/su.ti.kɛ/
Assamese,/baɪl.lɔ/
Assamese,/pɒ.lɔ/
Assamese,/kɛã/
Assamese,/zɛ.tʰaɪ/
Assamese,/ti.toʊ/
Assamese,/bezi/
Assamese,/pʰi.sa/
Assamese,/bʊ.ni/
Assamese,/ɔ.xɔ.mia.bʱa.xi/
Assamese,/ba.xin.da/
Assamese,/da.ŋɔɹ pan.da/
Assamese,/tãti/
Assamese,/pɒ.nɒ.ɾɒ/
Assamese,/zɛ.tia/
Assamese,/zɔ.nɔɦ.pɹiɔ/
Assamese,/bam/
Assamese,/zɛ.tʰu/
Assamese,/tita/
Assamese,/bi.pul/
Assamese,/ɦa.ɦa.kaɹ/
Assamese,/a.da/
Assamese,/i.kɔ.ɹa/
Assamese,/nɔɦ.olɛ/
Assamese,/kʰɔ.ɹaŋ/
Assamese,/ba.lu/
Assamese,/pɔn.ta/
Assamese,/tɔ.zu/
Assamese,/ɡɛ.lʊa/
Assamese,/kɛ.tia.ba kɛ.tia.ba/
Assamese,/zʊiɡ.ɡɔ/
Assamese,/ʊ.lɔ.ma/
Assamese,/ɡi.ɹi/
Assamese,/bi.zɔl/
Assamese,/mʊa sɔ.ɹaɪ/
Assamese,/mɔ.ɹa/
Assamese,/biki kɒɹ/
Assamese,/kɔ.ɹʱiʊa/
Assamese,/ɡʱãʱ/
Assamese,/ɔŋ.ɡɔ/
Assamese,/za.kɔt zi.li.ka/
Assamese,/mɔ.ɹɔm kɔ.ɹa/
Assamese,/xan.tɔ/
Assamese,/lɔ.ɦun/
Assamese,/bi.man.bɔn.dɔɹ/
Assamese,/dʱʊp/
Assamese,/nam kɔ.ɹʱa/
Assamese,/xʊ/
Assamese,/pu.ɹɔ.na/
Assamese,/ɾɔ/
Assamese,/ɦɔ̃jkɔ.li/
Assamese,/datʰ/
Assamese,/soʊ.ka/
Assamese,/na.pɔ.sɔn.dɔ/
Assamese,/ɡi.la/
Assamese,/ʊ.lɔn.daz bʱa.xa/
Assamese,/ɦi.sap/
Assamese,/siɔ̃.ɹba.kʰɔɹ/
Assamese,/nɔ.tun/
Assamese,/hiŋxa/
Assamese,/zaŋ.pʰaɪ/
Assamese,/bɛ.pa.ɹi/
Assamese,/kɹixi/
Assamese,/ku.maɹ/
Assamese,/kɔl.ka.ta/
Assamese,/kʊ.nʊ.ba/
Assamese,/pɔ.tʰa.li/
Assamese,/tut/
Assamese,/mi.tʰa.laʊ/
Assamese,/maut/
Assamese,/tʰiɔ/
Assamese,/mɔ.tia/
Assamese,/ba.zɛ/
Assamese,/xu.dʱɔɦ/
Assamese,/ba.dam/
Assamese,/tʰũp/
Assamese,/kɔ̃pa/
Assamese,/u.paj/
Assamese,/pʰẽt/
Assamese,/zas/
Assamese,/pɔl/
Assamese,/kãi.tia sa.mus/
Assamese,/xʊ̃.pʰa.lɛ/
Assamese,/ba.ŋi/
Assamese,/ɡa.ɡi.ni/
Assamese,/di.ɡʱɔ.la/
Assamese,/ak/
Assamese,/ni.zɔɹ/
Assamese,/da.mi/
Assamese,/bʊ.za/
Assamese,/ɦa.lɔ.dʱia/
Assamese,/ɡa.bʱɔ.ɹu/
Assamese,/ɔ.xʊk/
Assamese,/si.kut/
Assamese,/kʰa.ɹu/
Assamese,/a.pʊ.na a.pu.ni/
Assamese,/is.tɛ.bul/
Assamese,/dɛʊ.baɹ/
Assamese,/katʰ.-pɛn.sil/
Assamese,/bu.la/
Assamese,/dɔn.tia dɔ/
Assamese,/pa.ɹɔ/
Assamese,/ki/
Assamese,/bɔɹɔɸ/
Assamese,/sɔk.lɛt/
Assamese,/sɔ.ka/
Assamese,/xɔ.ɹa.li/
Assamese,/bɔn.dʱɔ.ni/
Assamese,/sɔ/
Assamese,/xoɪ.xɔw/
Assamese,/xuɔ.la/
Assamese,[mɔʊ.makʰi]
Assamese,/dɔɦ/
Assamese,/zʊŋ/
Assamese,/mɔ.kɔ.ɹa/
Assamese,/bãʱ.pʰul/
Assamese,/ba.ɹʱʊa/
Assamese,/tʰɔ.piʊa/
Assamese,/xun.dɔ.ni/
Assamese,/pɛn.dɔ/
Assamese,/bɔɪɾɦan/
Assamese,/pi.ɹa.na/
Assamese,/mɛɡʱ/
Assamese,/pɔ.ɹʱa.xa.li/
Assamese,/su.ɹi/
Assamese,/tʰu/
Assamese,/kakʰ/
Assamese,/ãɔ.ɹi/
Assamese,/zua/
Assamese,/ma.zu aɪ/
Assamese,/bi.la.ɦi bɛ.ŋɛ.na/
Assamese,/dʱɔ.nia/
Assamese,/a.bɔ.ɹa/
Assamese,/xɔ.zu.li/
Assamese,/xial/
Assamese,[zɔl.pan]
Assamese,/nɔ.di/
Assamese,/ɡum.bɔz/
Assamese,/bɔl/
Assamese,/ma.ɡuɹ/
Assamese,/bʊ.pa/
Assamese,/sɔ.pʰɛd/
Assamese,/a.lɔ.xua/
Assamese,/ba.ɹoɪ/
Assamese,/kan/
Assamese,/tɛ.ma/
Assamese,/baɹ/
Assamese,/kɔ.poʊ.pʰul/
Assamese,/ɦa.ti/
Assamese,/xa.ɦʊn/
Assamese,/ɔt.ta.li.ka/
Assamese,/bɔɡɔli/
Assamese,/a.qɔ/
Assamese,/di.ŋi/
Assamese,/moʱ/
Assamese,/ɹodʊa/
Assamese,/banʱ/
Assamese,/kʰu.ɹua/
Assamese,/bi.ɡʱa/
Assamese,/bʱɔ.kua/
Assamese,/kʰɔn.ti/
Assamese,/kʰi.ɹi.ki/
Assamese,/za.kʰoɪ/
Assamese,/sɔ.ku.pa.ni/
Assamese,/bʱa.ŋa/
Assamese,/ɡũi/
Assamese,/a.mɔ.tʰi/
Assamese,/aɡ.ɡa/
Assamese,/pʰuɹ/
Assamese,/ɦi.ma.lɔj/
Assamese,/xɔn.man/
Assamese,/sɔ.tiʊa/
Assamese,/bʱa.tau/
Assamese,/maz.bɔéɔx/
Assamese,/spɔɹ.xɔ/
Assamese,/xik.kʰa/
Assamese,/xua/
Assamese,/bi.zu.li/
Assamese,/zaːnʊ̃/
Assamese,/bi.sɔ.na sa.dɔɹ/
Assamese,/la.zu.ki lɔ.ta/
Assamese,/ó/
Assamese,/si.ti.kɔ.ni/
Assamese,/ɔ.xukʰ/
Assamese,/a.ɹɔm.bʱɔ kɔɹ/
Assamese,/mɔ.ɦa.ɹas.tɹɔ/
Assamese,/mɔ.sa/
Assamese,/uz.bɛ.kis.tan/
Assamese,/xi.ta/
Assamese,/kɛ̃si/
Assamese,/si.ɹi.ka/
Assamese,/bɔɹɔf/
Assamese,/pu.tʰi/
Assamese,/xɔ.ɡun/
Assamese,/zɔ.lɔ.ɦua/
Assamese,/bɔn.dʱɔ kɔ.ɹa/
Assamese,/doti/
Assamese,/lɔ.ɦɔɹ/
Assamese,/bu.zi pʊa/
Assamese,/dau.dau/
Assamese,/ɔk.saɪd/
Assamese,/dʱa.kɔ.ni/
Assamese,/biʱ/
Assamese,/si.ŋa/
Assamese,/xa.ɹɛŋ/
Assamese,/a.ɦu/
Assamese,/muʱ/
Assamese,/bʊn.da/
Assamese,/u.tɔ.lʊa/
Assamese,/ɦal/
Assamese,/ɡʱaɹ/
Assamese,/dʱɔ̃pat/
Assamese,/labʱ/
Assamese,/é/
Assamese,/tɔpɔt/
Assamese,/ta.ɦun/
Assamese,/pʰa.la/
Assamese,/bɛɡ/
Assamese,/ʊ.ɹʊ.na/
Assamese,/soʊ.xɔs.tʰi/
Assamese,/peɹi/
Assamese,/baʊ̃.pʰa.lɛ/
Assamese,/xʊ.na.li/
Assamese,/mɔ.ni/
Assamese,/bɔɹ.ma/
Assamese,/ba.ɹʱɔ.ni/
Assamese,/dʱɔ.ɹa pɔ.ɹa/
Assamese,/ɦu.lɔs.tʰul/
Assamese,/kɔ̃ɹia/
Assamese,/zʊ.ta/
Assamese,/bu.dʱik/
Assamese,/xal/
Assamese,/-ɔɹ kɔ.tʰa/
Assamese,/kɛ.mɔ.taɪ/
Assamese,/a.zi.naɪ/
Assamese,/-doɪ/
Assamese,/zɔ.ɦa.mɔ.la/
Assamese,/ɡɔm pʊa/
Assamese,/bʊl/
Assamese,/ɛ.kɔ.ta/
Assamese,/apʰ.sʊs/
Assamese,/u.bʱɔt/
Assamese,/pindʱ/
Assamese,/lɔ.ɦia/
Assamese,/pɹa.siɹ/
Assamese,/sɔ.ɦi/
Assamese,/bʱɛl.pu.ɹi/
Assamese,/pa.lɛŋ/
Assamese,/tʰɛ.kɛ.ɹa/
Assamese,/bʱʊ.bʊ.la/
Assamese,/ɡu.sʊa/
Assamese,/la.ɦɛ dʱi.ɹɛ/
Assamese,/maq.ɾa/
Assamese,/sɔ.ɹɔ.bɔɹ.nɔ/
Assamese,/moɪ.ta/
Assamese,/is.kul/
Assamese,/ɔ.lɛ/
Assamese,/pa.tʰɔɹ/
Assamese,/lʊ.kɔɦ.pɹiɔ/
Assamese,/zʊa/
Assamese,/ni.san/
Assamese,/sɔɹitɹɔ/
Assamese,/mu.za/
Assamese,/xa.li.ka/
Assamese,/mɔ.ɡa/
Assamese,/dʱɔ.ɹa pɛ.lʊa/
Assamese,/bɔ.taʱ/
Assamese,/kʰuua/
Assamese,/dʱʊ̃.ɹa.kau.ɹi/
Assamese,/xɔ.bɔɹ/
Assamese,/kʰa.zuɹ/
Assamese,/bi.loɪ/
Assamese,/sʊa.ɦi.li/
Assamese,/mi.tʰa a.lu/
Assamese,/bʱɔj kʰʊa/
Assamese,/bɛs/
Assamese,/dʱaɹ/
Assamese,/tu.li/
Assamese,/malzũz/
Assamese,/pũz/
Assamese,/bʱɛ.ti/
Assamese,/bɔ.ɡʊa/
Assamese,/sɔɹ.bi/
Assamese,/sɔɹ/
Assamese,/kɛ.pi.wa.ɹa/
Assamese,/ta.na/
Assamese,/xuk.ɹɔ.baɹ/
Assamese,/da.ŋa/
Assamese,/a.tʰaɔn/
Assamese,/soʊ.ɹan.nɔb.boɪ/
Assamese,/pʰu.lʊa/
Assamese,/ɦɔ.na/
Assamese,/kot/
Assamese,/kɔ.bɔɹ dia/
Assamese,/ɔ.bɔɪd.ɦɔ/
Assamese,/xɔ.ɦuɹ/
Assamese,/mi.sa/
Assamese,/bʱi.za/
Assamese,/si.ku.ta/
Assamese,/bʱu/
Assamese,/soʊ/
Assamese,/ɦɛ.pa/
Assamese,/pʰɛ̃sa/
Assamese,/na.pit/
Assamese,/zũza.ɹu za.ɦaz/
Assamese,/bɛlt/
Assamese,/ɹɔ.ŋa ɦʊa/
Assamese,/ɡɹam/
Assamese,/bʱɔ.ŋa/
Assamese,/a.zʊ/
Assamese,/sɔ.kʰu/
Assamese,/mɔɡ/
Assamese,/baɡʱ sɔ.ɹaɪ/
Assamese,/mɔ.dʱu.ɹi/
Assamese,/siɡaɹɛt/
Assamese,/sa.ɹia.li/
Assamese,/ɹɔndʱa/
Assamese,/u.ɡaɹ ma.ɹa/
Assamese,/ãtɔ.ɹʊa/
Assamese,/xɛ.ɹɛ.ŋa/
Assamese,/ku.ɹua/
Assamese,/ti.toʊ ku.ku.ɹa/
Assamese,/ad.-bɔ.jɔx/
Assamese,/kɔ.kaɪ/
Assamese,/bɔ.kɔ.la/
Assamese,/pat.tʰɔɹ/
Assamese,/a.pʊn/
Assamese,/kʰʊz kaɦa/
Assamese,/ɹa.ni/
Assamese,/bia/
Assamese,/si.tɔl/
Assamese,/plɛ.ti.nam/
Assamese,/ɛ.nɛ/
Assamese,/ʊ.pɔɹ/
Assamese,/kɔ̃ta/
Assamese,/xun/
Assamese,/ka.sɔ/
Assamese,/ɛ.ŋaɹ/
Assamese,/bɔ.ta/
Assamese,/sɔli/
Assamese,/pʰa.lap/
Assamese,/bʊɹ/
Assamese,/nian.nɔb.boɪ/
Assamese,[lʊm]
Assamese,/an/
Assamese,/dʊ.ɦaɹ/
Assamese,/zɔ.pa/
Assamese,/dua/
Assamese,/daɹ/
Assamese,/bɔ.ɹɔ.xi/
Assamese,/aɪn/
Assamese,/ba.ɹi/
Assamese,/tiʊa/
Assamese,/ɦaʊɹ/
Assamese,/tʊ/
Assamese,/bud.baɹ/
Assamese,/pit/
Assamese,/ãtʰu/
Assamese,/xɔ.ɹu aɪ/
Assamese,/xa.taɪs/
Assamese,/ɔn.sɔl/
Assamese,/ɔ.bʱi.zan/
Assamese,/pik/
Assamese,/ɦãsi/
Assamese,/bɔ.kʰɔ.liʊa/
Assamese,/ɹaɪz/
Assamese,/sɔɹ.kaɹ/
Assamese,/bʱɔ.ba/
Assamese,/nɔ.sa/
Assamese,/lau/
Assamese,/u.lu/
Assamese,/bʱut zɔ.lɔ.kia/
Assamese,/a.ɹʱoɪ/
Assamese,/da.li/
Assamese,/si.ɹia.xa.na/
Assamese,/bas/
Assamese,/pɔ.ɡʊa/
Assamese,/ɹoʊ/
Assamese,/bɛɡunia/
Assamese,/ɦa.zɔŋ/
Assamese,/a.ɡi/
Assamese,/tɔ.pi.na/
Assamese,/kʰa.woɪ/
Assamese,/mat/
Assamese,/lɔ.ta.ma.kɔ.ɹi/
Assamese,/ɛ.kɛ.lɛ.tʰa.ɹiɛ/
Assamese,/bia.xi/
Assamese,/soʊ.ɹa.xi/
Assamese,/pi.tʰi.wi/
Assamese,/sak/
Assamese,/bu.ɦi/
Assamese,/mɔ.za.tʰi/
Assamese,/ɡoɪ pa/
Assamese,/a.taɪ/
Assamese,/ɹɛ.ti/
Assamese,/ɡɔɹ/
Assamese,/mut/
Assamese,/xuiɹ.dʑɒ/
Assamese,/zɔɡ.ɡɔ/
Assamese,/ɡu.ɹu.baɹ/
Assamese,/bi.saɹ kɔ.ɹa/
Assamese,/kɔn.tʰjɔ/
Assamese,/ni.xaʱ/
Assamese,[zʊŋali]
Assamese,/bɔ.sɔ.ɹɛ.kia/
Assamese,/kɛle/
Assamese,/pik pɛ.lʊa/
Assamese,/ɡɹis.mɔ/
Assamese,/bɛa/
Assamese,/apʰ.ɡa.nis.tan/
Assamese,/kɔ.tʰa/
Assamese,/maŋkʰɔ/
Assamese,/saː/
Assamese,/kɛ.na/
Assamese,/kʰɛ.li.mɛ.li/
Assamese,/xman/
Assamese,/ɡʱɔ.ta/
Assamese,/bɔt.sʊa.na/
Assamese,/bi.ɦaɹ/
Assamese,/kóɹ.ba.lɔɪ/
Assamese,/ɔɹ.tʰɔ/
Assamese,/mu.niʱ/
Assamese,/-pat/
Assamese,/ɛi/
Assamese,/mɔ.ta ma.nuʱ/
Assamese,/daŋɔɹ/
Assamese,/kʰɔ.zu.ːa/
Assamese,/kɛ.nɛ.ba.koɪ/
Assamese,/u.zan/
Assamese,/u.bʱal/
Assamese,/xi.zʊa/
Assamese,/sɔé.xɔs.tʰi/
Assamese,/bɔ.sɔ.ɹi/
Assamese,/bɔ.nʊa/
Assamese,/da.la.li/
Assamese,/ba.ɦi.ɹɔt/
Assamese,/ta/
Assamese,[xʊlːɔ]
Assamese,/mʊɹ/
Assamese,/ɦɛ.ŋaɹ/
Assamese,/sa.nɛ.ki/
Assamese,/sãs/
Assamese,/ɔ.nʊa/
Assamese,/da.tʰua/
Assamese,/zʊ.ɡan dʱɔ.ɹa/
Assamese,/du.ɹi/
Assamese,/bʱoɹi/
Assamese,/bik/
Assamese,/sa.koɪ-.sɔ.kʊa/
Assamese,/ku.bɛɹ/
Assamese,/bʱɛ.ɹa sa.ɡɔ.li/
Assamese,/a.bɛ.li/
Assamese,/ɡʱʊ̃.ɹa/
Assamese,/zun/
Assamese,/aɪ/
Assamese,[uisiɹiŋa]
Assamese,/ful/
Assamese,/bɔ.tɔl/
Assamese,/ba.ba/
Assamese,/saɪ.ɡa/
Assamese,/nɛ/
Assamese,/ʊ.xɔɦ.pa.xɔɦ/
Assamese,/tɛ.nɛ.ɦɔ.lɛ/
Assamese,/bʱɔj/
Assamese,/lɛ.tɛ.ku/
Assamese,/mɔɹ.mɔɹ/
Assamese,/biɡ.ɡan/
Assamese,/ɔ̃kɔ.ɹa/
Assamese,/xɔ̃zu.li/
Assamese,/di.ɡʱa/
Assamese,/ka.mʊɹ/
Assamese,/dʱa.pɔɹ/
Assamese,/ɦẽpa/
Assamese,/a.til/
Assamese,/mux/
Assamese,/dil.li/
Assamese,/ɛm.bu.lɛns/
Assamese,/xɔ.la/
Assamese,/a.taɪt.kɛ bʱal la.ɡa/
Assamese,/sɛ.lɛ.ka/
Assamese,/ku.ta/
Assamese,/tɛ.bul/
Assamese,/bɹis.sik/
Assamese,/za.ɹu/
Assamese,/bi.la.ti/
Assamese,/kɔ̃ki.lad.ɔ̃ɹia ɦãɦ/
Assamese,/si.ŋɔ.ɹa/
Assamese,/ɦɔ.ɹi.na.pɔ.ɦu/
Assamese,/a.xa/
Assamese,/xa.zuɹ/
Assamese,/tɔɹ.zɔ.ma kɔ.ɹʊ̃.ta/
Assamese,/xaɹ/
Assamese,/si.ka/
Assamese,/kɛ.nɛ.kɛ/
Assamese,/pɹɔ.kia/
Assamese,/lɛ.sɛ.ɹa/
Assamese,/pʊ.ɦɔ.ɹʊa/
Assamese,/kʊ.ti/
Assamese,/ta.mam/
Assamese,/bʊn.dʊ.ɹa/
Assamese,/ãtɔ.ɹa/
Assamese,/u.ɹɔʱ/
Assamese,/sɔɹ.bɔt/
Assamese,/u.lum.oɹa/
Assamese,/sɔ.kut dʱu.li mɔ.ɹa/
Assamese,/lɛ.ɦɛ.mia/
Assamese,/ɡʊl/
Assamese,/xo.ɹi.ɔɦ/
Assamese,/pʰand/
Assamese,/ãk/
Assamese,/bɛtãɹ/
Assamese,/zʱɔ/
Assamese,/pɛ.tɔɹ bix/
Assamese,/beɔɦaɹ/
Assamese,/bal/
Assamese,/mɔ.na/
Assamese,/sʊpʰa/
Assamese,/ti.bʱi/
Assamese,/bɔ.ŋal/
Assamese,/nɔ.ɦɔɛ/
Assamese,/xʊ̃t/
Assamese,/ɡan.dʱi/
Assamese,/pi.ɹa/
Assamese,/ɔ.ɹu.na.sɔl pɹɔ.dɛx/
Assamese,/a.sa.bʱua/
Assamese,/nɔksa/
Assamese,/kɛʊt/
Assamese,/xa.taɔn/
Assamese,/su.tia-.xa.li.ka/
Assamese,/pʰu.ɹa/
Assamese,/sʊ/
Assamese,/ɹɔ.ŋʊa/
Assamese,/u.zɔ.ni/
Assamese,/ɡɛ.sia/
Assamese,/ki.man/
Assamese,/pi.tʰi/
Assamese,/dup.oɹia/
Assamese,/sɔ.ɹaɪ/
Assamese,/ɸɛ̃sa/
Assamese,/bɛ.na/
Assamese,/bʱu.tia/
Assamese,/ɡɔ.la/
Assamese,[bɔɦut]
Assamese,/kʰɔ.ɦa/
Assamese,/ɹɔ.bi.baɹ/
Assamese,/ɡʊm.dʱan/
Assamese,/pa.tiʱãɦ/
Assamese,/bɛŋ.sɔ.ta/
Assamese,/iɡ.lʊ/
Assamese,/bɔ.tɔ.ɹa/
Assamese,/pʰu.ta/
Assamese,[kɔtʰa.pɔta]
Assamese,/dɔ.xɔl/
Assamese,/bʱɔe/
Assamese,/sɔn.duk/
Assamese,/pɹɔ.xid.dʱɔ/
Assamese,/pɒ.nɒ.ɹɒ/
Assamese,/dɔm.bɔ.ɹu/
Assamese,/oɪ/
Assamese,/zɔ.lɔ.kia/
Assamese,/bɔ.mi kɔ.ɹa/
Assamese,/bʱɛ.kʊ.la/
Assamese,/a.mua/
Assamese,/ti.tɔɹ/
Assamese,/ɡɔ.na/
Assamese,/si.kɔn/
Assamese,/ki.ba/
Assamese,/bɔd.ʑaɹ/
Assamese,/neki/
Assamese,/ɹʊk/
Assamese,/ka.ta/
Assamese,/boʱi/
Assamese,/tɛ.kʰɛt/
Assamese,/pa.ɦi/
Assamese,/mʊl/
Assamese,/ma.ɡa/
Assamese,/ku.ɹui/
Assamese,/dãɦi/
Assamese,/pɔ.du.li.mukʰ/
Assamese,/bʱɔn.ti/
Assamese,/pi.pɔɾ/
Assamese,/baɪl.lɔ.kal/
Assamese,/boɹi/
Assamese,/pɔ.sɔ.la/
Assamese,/pu.taɪ/
Assamese,/kɔ.maɹ/
Assamese,/pɔn.sas/
Assamese,/kis.tɔ/
Assamese,/ɦɔ.zɔm ɦʊa/
Assamese,/ɸɔ/
Assamese,/ɡɔ.ɹu/
Assamese,/zɔ.pɔ.na/
Assamese,/sɛ.la/
Assamese,/tʰɔɡ/
Assamese,/bɔɦɔ̃t/
Assamese,/kʱɔ/
Assamese,/bɔ.ɹɔ.xun/
Assamese,/ãkʊa.li lɔ/
Assamese,/paɪ.ka.ɹi/
Assamese,/zɔl.ɸaɪ/
Assamese,/ba.ɹʱa/
Assamese,/pak/
Assamese,/kʰu.ti/
Assamese,/sa.ɦi/
Assamese,/mukʰ/
Assamese,/maɪ.ki/
Assamese,/kun.ku.ni ma.kʰi/
Assamese,/u.ɹɔt/
Assamese,/a.dɔɹ/
Assamese,/dɛ.kɛ.ɹi/
Assamese,/saʱ/
Assamese,/xu.dʱɔ.ɹʊa/
Assamese,/mɔ.ɦi su.ŋa/
Assamese,/tʰɔ.ka/
Assamese,/ɡa.wal/
Assamese,/kɔ.li/
Assamese,/tʰa.ni/
Assamese,/ɹaŋ.pɔ.ta/
Assamese,/ɛi.tʊ/
Assamese,/a.kʰi/
Assamese,/um/
Assamese,/si.tʰi/
Assamese,/ɛ.kɔt.ɹis/
Assamese,/pa.ɾaua/
Assamese,/ɡɔn/
Assamese,/pɔk.ɹia/
Assamese,/ap.ɔ̃i.ta/
Assamese,/bʱap/
Assamese,/kẽkʊ.ɹa/
Assamese,/kãɦ/
Assamese,/kʊ.mʊ.ɹa/
Assamese,/mɔ.ɦa.bʱa.ɹɔt/
Assamese,/pɔ.lu/
Assamese,/mɔ.ɦi.la/
Assamese,/ɡaː/
Assamese,/ma.za/
Assamese,/pɔ.di.na/
Assamese,/xʊn.ka.lɛ/
Assamese,/ɦɔ.zɔm/
Assamese,/bʱũi za.luk/
Assamese,/kʰɛ.luoɪ/
Assamese,/xʊ.mʊa/
Assamese,/pɹɔ.tʰɔ.mɛ/
Assamese,/bɛ.ti/
Assamese,/bʱũi/
Assamese,/sa.lak/
Assamese,/pʊ.tɔn/
Assamese,/ut/
Assamese,/toɪl/
Assamese,/ɔ.loɪ.kɛ/
Assamese,/dɛʊ.ta/
Assamese,/ɛtia/
Assamese,/pãs/
Assamese,/ɡua.ɦa.ti/
Assamese,/sam/
Assamese,/ɡa.kʰiɹ/
Assamese,/xɔl mas/
Assamese,/mɛɡ/
Assamese,/mu.da/
Assamese,/xat.sɔl.lis/
Assamese,/mɛ.sɛ.ka/
Assamese,/lɔ.ɡɔt/
Assamese,/ti.ɹan.nɔb.boɪ/
Assamese,/u.xɔ.ɹa/
Assamese,/bʱi.tɔ.ɹua/
Assamese,/mɔŋ.ɡɔl.baɹ/
Assamese,/xa.ti/
Assamese,/xi.ŋɔ.ɹi/
Assamese,/zɔ.ɦa/
Assamese,/tɛ.za/
Assamese,/kʰiɹ/
Assamese,/luit/
Assamese,/xa.zu/
Assamese,/zʊ.na.ki/
Assamese,/a.nʊa/
Assamese,/ma.zɛ.ɹɛ/
Assamese,/j/
Assamese,/an.dʱaɹ/
Assamese,/pɔ.sa/
Assamese,/tɛ.lia/
Assamese,/pɔ.ɹɔm.pɔ.ɹa/
Assamese,/mu.ɹa/
Assamese,/kʊ.kɔ.lʊ.ŋa/
Assamese,/soʊ.ɹal.lis/
Assamese,/pu.li/
Assamese,/ɔ.kɔ.lɛ/
Assamese,/xãz/
Assamese,/kɔn.dua/
Assamese,/ɹɔŋ/
Assamese,/siɔ̃ɹ/
Assamese,/sɔ.tuɹ.tʰɔ/
Assamese,/zɔ̃/
Assamese,/pʊ.ta/
Assamese,/ɡal/
Assamese,/xɛi.tʊ/
Assamese,/sɔé.sɔl.lis/
Assamese,/a.pʊ.naɹ/
Assamese,/ɹɔ.ŋa pɔ.ɹua/
Assamese,/ziː/
Assamese,/ɹa.ɦut/
Assamese,/na.ɦɔɹ.pʰu.tu.ki baɡ/
Assamese,/xap/
Assamese,/bi.ka/
Assamese,/pʰɛn/
Assamese,[nʊm]
Assamese,/kɔ.na.mu.sɔ.ɹi/
Assamese,/xin.dʱu/
Assamese,/xi.tʰi/
Assamese,/ɦʊ.pa/
Assamese,/ʊ.tʰɔ.ɹɔɦ/
Assamese,/sɛ.ka/
Assamese,/za.ti.lau/
Assamese,/bʱoɪam/
Assamese,/ʊ̃tʰ/
Assamese,/zʱa.ɹu/
Assamese,/pʰat/
Assamese,/soʊk/
Assamese,/sɛn.naɪ/
Assamese,/sɹi.lɔŋ.ka/
Assamese,/tul/
Assamese,/pɛ.la/
Assamese,/at.miɔ/
Assamese,/dud/
Assamese,/mɔɪ na.za.nʊ̃/
Assamese,/xa.wɔ.dʱan/
Assamese,/aʊ.ɹa/
Assamese,/xɔ.zu.ti/
Assamese,/xu.kua/
Assamese,/dʱɔɹ/
Assamese,/di.ma/
Assamese,/tʊp/
Assamese,/am.lɔ.kʰi/
Assamese,/dʱa.kɔn/
Assamese,/zi.li.ka/
Assamese,/u.lia/
Assamese,/ɔ.xomia/
Assamese,/bʱʊz/
Assamese,/dɔikɔla/
Assamese,/kʊʊa/
Assamese,/da.ŋɔɹ mi.sa.mas/
Assamese,[dɔ̞ː]
Assamese,/ɡʊ.dʱa.pʰu.tu.ki/
Assamese,/kum.zɛ.lu.ka/
Assamese,/xɔ.mɔ.nia/
Assamese,/ɦẽtɛn/
Assamese,/u.nɔ.xɔt.tɔɹ/
Assamese,/ku.ɦum tɛl/
Assamese,/ba.ɦoɪ/
Assamese,/bil/
Assamese,/mʊ.kɔl/
Assamese,/xau/
Assamese,/bɔ.la/
Assamese,/xɔ.ɦa/
Assamese,/zɔ.bɔ.ka/
Assamese,/xu.zʱa/
Assamese,/xu.ɹuz/
Assamese,/dʊɹ/
Assamese,/nɔ.ɡaʊ̃/
Assamese,/soʊ.katʰ/
Assamese,/a.tʰa.xi/
Assamese,/xun.dɔ.na/
Assamese,/ɛŋ.ɡaɹ/
Assamese,/dʱɔɹ.xɔn/
Assamese,/is.pat/
Assamese,/pʰal/
Assamese,/u.nɔ.pɔn.sas/
Assamese,/xɔ.ɹa.li ɦãɦ/
Assamese,/ʊ/
Assamese,/zãti/
Assamese,/ka.sa.ɹi/
Assamese,/mɛ.la/
Assamese,/bʱa.dɔ/
Assamese,/sɔn/
Assamese,/ɡʊ.ta/
Assamese,/dʱap/
Assamese,/maɹ.bɔl/
Assamese,/dɔɦ kʊ.ti/
Assamese,/kʊk.lʊ.ŋa sɔ.ɹaɪ/
Assamese,/nɛ.ɡuɹ/
Assamese,/hiŋkʰa/
Assamese,/pat pɔ.lu/
Assamese,/sũwɔ.ɹi pɔ.ɦu/
Assamese,/bi.sɔ.na.sa.dɔɹ/
Assamese,/la.lɔ.ti/
Assamese,/tʰiɔ kɔ.ɹa/
Assamese,/dɔɹ.zi/
Assamese,/lakʰ/
Assamese,/mɔ.li/
Assamese,/nɔ.ɹɔ.xiŋ.ɦɔ/
Assamese,/sɔé.xɔt.tɔɹ/
Assamese,/mɔiɹa/
Assamese,/ɦaɹ.ɡi.la/
Assamese,/be.li/
Assamese,/zɔŋ.ɡɔl/
Assamese,/loɹa.li.kal/
Assamese,/bʱa.ɹɔ.tiɔ/
Assamese,/xɔ.mɔ.ka.mi/
Assamese,/mansitɹɔ/
Assamese,/a.sɔ.ɦua/
Assamese,/tʰɛk/
Assamese,/xi.ɹi.ki/
Assamese,/is.tɹi/
Assamese,/kʰʊz/
Assamese,/at.xɔt.tɔɹ/
Assamese,/kɛ.nɛ.koɪ/
Assamese,/ɡɔ.ɹa.ki/
Assamese,/ɦãɦ.tʰũtia/
Assamese,/kʰɔ.ɦɔ.ta/
Assamese,/pa.tɔl/
Assamese,/kɛ.ɦa/
Assamese,/kɪ/
Assamese,/pɹa.sin/
Assamese,/paɪk/
Assamese,/kʰɔ.bis/
Assamese,/bol/
Assamese,/dʱu.ti/
Assamese,/sʊ.la/
Assamese,/ɛʊ̃/
Assamese,/mʊ.la/
Assamese,/ɡɔŋ.ɡa.tʊp/
Assamese,/ti.ta.mɔ.ɹa/
Assamese,/zi.ɹɔ.ni/
Assamese,/zu.tʰa/
Assamese,/pɔɹ.bɔt/
Assamese,/ɡa.kʰiɹ.zat/
Assamese,/i.man/
Assamese,/ɡjãn/
Assamese,/mu.la/
Assamese,/mum.baɪ/
Assamese,/si.kaɹ/
Assamese,/mɔ.ɦi/
Assamese,/bu.li/
Assamese,/pɔɦa/
Assamese,/pa.ɡɔ.la.mi/
Assamese,/a.dʱa/
Assamese,/zɔ.nɔ.xɔŋ.kʰja/
Assamese,/xu.ta/
Assamese,/ɡɛs/
Assamese,/baɪk.kʰa/
Assamese,/xɔ.ɹu bɔn.dʱɔ.ni/
Assamese,/na.mɔ.ni/
Assamese,/ɔt/
Assamese,/noɪ/
Assamese,/pipɔ.ɹa/
Assamese,/ma.li.ka.na/
Assamese,/pʰan/
Assamese,/zʊk/
Assamese,/tɔ.na/
Assamese,/kan.dʱu.li/
Assamese,/kɔ̃ɦ/
Assamese,/mɔ.ɦɔ.ɹi/
Assamese,/xɔ.mɔ.ka.mi.ta/
Assamese,/ɦa.mia/
Assamese,/ak.nɔ.bin.dʱi lɔ.ta/
Assamese,/kukuɹ/
Assamese,/ban.pa.ni/
Assamese,/datʰ bɔ.kɔ.la/
Assamese,/xɔ.lʊa/
Assamese,/ma.ɡuɹ bʱɛ.ku.li/
Assamese,/kʰun.dia.kʰun.di/
Assamese,/xɔmɔɛ/
Assamese,/xa.dʱu/
Assamese,/i.la.si/
Assamese,/ɡɔ.ŋa.tʊp/
Assamese,/ka.su/
Assamese,/dɔɦ lakʰ/
Assamese,/pɛ.tu.la/
Assamese,/lu.kuua/
Assamese,/am/
Assamese,/xãs/
Assamese,/sʊ.ɹaŋ bɛ.pa.ɹi/
Assamese,/ɦɔ.ɹɔ.kɔt/
Assamese,[sãʱ]
Assamese,/sɔ.ku/
Assamese,/mʊ.sa/
Assamese,/zʱia/
Assamese,/ɔ.na.tɔn/
Assamese,/u/
Assamese,/xɔ.lɔ.ni/
Assamese,/niʱ.ɹɔ/
Assamese,/a.lɔ.ɦi/
Assamese,/nɔx/
Assamese,/ɦa.lua/
Assamese,/dʱɔ.la/
Assamese,/pɔ.ɹa/
Assamese,/ɹaŋ ku.kuɹ/
Assamese,/kɹis.nɔ/
Assamese,/a.tɔɹ/
Assamese,/mɔ.ɹɔm/
Assamese,/kɔ.la.ɡʱu.mɔ.tia/
Assamese,/muɹ.dʱɔɪn.nɔ/
Assamese,/xiʱ/
Assamese,/ɔ.ɦa.ka.li/
Assamese,/kʰu.ɹʊa/
Assamese,/tʰa.ɹi/
Assamese,/pat/
Assamese,/mɔ.dʱu.mɛɦ/
Assamese,/ɡʱã/
Assamese,/lʊ.kɔɦ.piɔ/
Assamese,/bɛ.lɛɡ.koɪ/
Assamese,/pʰɔ.la/
Assamese,/lɔ.ni/
Assamese,/-ɔɹ ɦoɪ/
Assamese,/sɔét.ɹis/
Assamese,/dʊ.ŋa/
Assamese,/bɔ.ɡa ti.mi/
Assamese,/ɦat/
Assamese,/zik/
Assamese,/sɔn.dɔn/
Assamese,/baɪ.dó/
Assamese,/sim.pan.zi/
Assamese,/lɔŋ/
Assamese,/sal.ɡʊm/
Assamese,/ɦɔ.ɹin/
Assamese,/ɔp.sɔ.ɹa/
Assamese,/un.sɔl.lis/
Assamese,/pɹɔk.ɹia/
Assamese,/xi.tʰa/
Assamese,/tɛʊ̃.lʊk/
Assamese,/xɔ̃pʰu.ɹa/
Assamese,/kai/
Assamese,/a.bioɪ/
Assamese,/bʱɔd.ɹɔ.ka.li/
Assamese,/mʊ.na/
Assamese,/tʰɔ.pɔɹ/
Assamese,/zɔ.ɡɔɹ/
Assamese,/soʊ.kʰa/
Assamese,/paɡ.ɡʱɔɹ/
Assamese,/mua/
Assamese,/makʰ/
Assamese,/dãt/
Assamese,/i.lis/
Assamese,/nam.baɹ/
Assamese,/ɔ.jɔn/
Assamese,/si.ɹis ka.ɡɔz/
Assamese,/zax.la/
Assamese,/mɔɪ/
Assamese,/pa.ɦɔɹ/
Assamese,/nɔ.maz/
Assamese,/ka.zia/
Assamese,/kola bɔ.zaɹ/
Assamese,/kɔ.ɦa/
Assamese,/u.xaʱ/
Assamese,/dɔ.mʊa/
Assamese,/su.ti/
Assamese,/xuɹ/
Assamese,/bʱɔ.ɹɔ.xa/
Assamese,/u.pɔd.dip/
Assamese,/mɔ.niɔ.ɹi/
Assamese,/pʰẽti/
Assamese,/pʰɔ.ta/
Assamese,/pa.ti kau.ɹi/
Assamese,/tɔk.ta/
Assamese,/dʊa/
Assamese,[paeɔx]
Assamese,/ni.la ti.mi/
Assamese,/ba.ɦa/
Assamese,/ɡʊ.xaɪ/
Assamese,/ta.ɹix/
Assamese,/kʰa.ti/
Assamese,/xʊad/
Assamese,/siã.ɦi/
Assamese,/xɔn.tɔ/
Assamese,/kiɔ/
Assamese,/tɛl/
Assamese,/sa.wa/
Assamese,/pɔ.la/
Assamese,/za.koɪ/
Assamese,/u.kɔɦ/
Assamese,/lɛ.kʰɔk/
Assamese,/kãsi/
Assamese,/ban.dʱa/
Assamese,/ãu.zʊa/
Assamese,/a.taɪt.koɪ/
Assamese,/lɔ/
Assamese,/zɔ.kaɪ/
Assamese,/zɛʊ.ɹa/
Assamese,/zɔ.lʊa/
Assamese,/pɔ̃sa.xi/
Assamese,/ɡu.lia.ɡu.li/
Assamese,/xu.ɹua/
Assamese,/mɔ.ɦɔ.ŋa/
Assamese,/xɛʊ̃.ta/
Assamese,/bɔ.tɔɹ/
Assamese,/a.da.lɔt/
Assamese,/zuɔ.li/
Assamese,/xa.kʰi/
Assamese,/ɛ.ka.dʱi.pɔ.ti/
Assamese,/a.kʰɔɹ/
Assamese,/ɦi.loɪ/
Assamese,/tɔ.ɹa.mas/
Assamese,/maː/
Assamese,/tʰiɔ ɦʊa/
Assamese,/pɛ.tu/
Assamese,/sɔ.bɔt.kɛ/
Assamese,/ɡu.ɹu.mu.kʰia/
Assamese,/tʰak/
Assamese,/mi.tʰa.tɛl/
Assamese,/bʱɛ.la/
Assamese,/kãta.sa.mus/
Assamese,/kʰãti/
Assamese,/pʊ.ɦa/
Assamese,/ɦɔj/
Assamese,/tɔɹ.zɔ.ma/
Assamese,/ɹaz.ɦaɹ/
Assamese,/pɔ.tʰɔ.mɛ/
Assamese,/dɛ.wa.li/
Assamese,/dɔ.kʰɔl/
Assamese,/si.la.kɛnt(ʰ)/
Assamese,/ʊ.lɔ.ta/
Assamese,/dɛu.ti/
Assamese,/ɡɔn.dʱɔ.bi.ɹi.na/
Assamese,/katʰ a.lu/
Assamese,/lɔ.tʰiʊa/
Assamese,/xɔɪs.sɒ/
Assamese,/xɔ.pʰu.ɹi am/
Assamese,/mɔɪ za.nʊ̃/
Assamese,/bʱɔ.ni.ti/
Assamese,/sa.bɔn/
Assamese,/si.ɹi.kɔ.ti/
Assamese,/bi.laɪ/
Assamese,/pʰi.li.paɪn/
Assamese,/dɛxa/
Assamese,/ɔs.tɹɛ.lia/
Assamese,/pãti/
Assamese,/tini/
Assamese,/bɛŋk/
Assamese,/ɡʊ.tɛɪ/
Assamese,[kikɛt]
Assamese,/sɔː/
Assamese,/mɔ.dʱu.kɔɹ/
Assamese,/ba.buɹ.si/
Assamese,/xu.ɹʊa/
Assamese,/ʊ.kʰɔɹ/
Assamese,/kʰũt/
Assamese,/ɦɔ.la/
Assamese,/mãsia/
Assamese,/xɛ.ŋun/
Assamese,/nɔ.ma/
Assamese,[kɔtʰa.pata]
Assamese,/sɔ.maɹ/
Assamese,/pɔː.bɔt/
Assamese,/ma.nuʱ/
Assamese,/daɔɹ/
Assamese,/mɛɹ/
Assamese,/boʱaɡ/
Assamese,/biʱ.-zɔ.lɔ.kia/
Assamese,/xa.li/
Assamese,/nɔ.zɔɹ/
Assamese,/zɔ/
Assamese,/tɛʊ̃/
Assamese,/tu.ku.ɹiʊa/
Assamese,/a.pʊ.nak/
Assamese,/kʊ.dʊ/
Assamese,/ɦi.ɹa/
Assamese,/dɔ.ba.xɛl/
Assamese,/tɔt.tɔ/
Assamese,/kɛ.salo ti.mi/
Assamese,/dam.-dɔɹ kɔɹ/
Assamese,/xɛ.ka/
Assamese,/zɔ.xʊa/
Assamese,/sũɔ.ɹi/
Assamese,/sa.bis/
Assamese,/ka.pɔɹ/
Assamese,/sʊa/
Assamese,/a.ɡu.ni/
Assamese,/zɔl/
Assamese,/zɛp/
Assamese,/ku.mɔ.ti/
Assamese,/ni.wa/
Assamese,[kɛndɔ]
Assamese,/za.nʊ̃/
Assamese,/sɔn.di.ɡɔɹ/
Assamese,/po.hu/
Assamese,/pʰa.ta/
Assamese,/kʰẽkaɹ/
Assamese,/a.ɡɛɛ/
Assamese,/nɔŋ.saɪ/
Assamese,/ɛ.ti/
Assamese,/kɔ̃tɔ.la/
Assamese,/ɡjan/
Assamese,/xɔ.ɹɔm/
Assamese,/bɔɡ/
Assamese,/kɔ.mɔ.la/
Assamese,/ti.kʰa/
Assamese,/zɔ̃za/
Assamese,/pʰãku/
Assamese,/kʰɔn.da/
Assamese,/xiŋ/
Assamese,/pa.ɦaɹ/
Assamese,/ɹɔ.sɔ.na/
Assamese,/bɛ.lɛɡ/
Assamese,/aɪ.ta/
Assamese,/asɛ/
Assamese,/xal.xɒ.lɒ.ni/
Assamese,/a.mɔ.tʰu/
Assamese,/ba.du.li/
Assamese,/sɹi/
Assamese,/kɔɹ/
Assamese,/ziβɔ/
Assamese,/su.ti.ɡɔl.pɔ/
Assamese,/kʰun.dʊa/
Assamese,/bɛ.ɦɛ.la/
Assamese,/naɪ.pia/
Assamese,/maɹ.zaɹ/
Assamese,/indʊnɛsia/
Assamese,/ku.tum/
Assamese,/dak.tɔɹ/
Assamese,/nɔ.mu.na/
Assamese,/dʱa/
Assamese,/tʰoʊ.ɡa/
Assamese,/ɦat.mʊ.za/
Assamese,/dãɹi/
Assamese,/bʱʊk.ta/
Assamese,/ɔ.jɔs.kan.tɔ/
Assamese,/ma.ti/
Assamese,/pɔ̃sis/
Assamese,/ɦaɪ.tʰa/
Assamese,/za.la/
Assamese,/xɔndɛʱ/
Assamese,/bãɦi/
Assamese,/di.la.ma.ɹi/
Assamese,/kãs.kɔl/
Assamese,/xɔ.kɔt/
Assamese,/da.lim/
Assamese,/xa.tan.nɔb.boɪ/
Assamese,/ɦɛ.zaɹ/
Assamese,/tʰam/
Assamese,/bãʱ.pa.ti/
Assamese,/pɔɹ/
Assamese,/t͡ʃɔ/
Assamese,/a.ɦaɹ/
Assamese,/kʊ.da.li/
Assamese,/dui/
Assamese,[zʊŋa]
Assamese,/a.ɦɔl.-bɔ.ɦɔl/
Assamese,/kat/
Assamese,/ni.li.xa/
Assamese,/ɸand/
Assamese,/kʰɔ.zu.ti/
Assamese,/xu.ɡɔ.ɹi pɔ.ɦu/
Assamese,/baz/
Assamese,/zi.ɹapʰ/
Assamese,/bʱʊt/
Assamese,/bʱɔ.za/
Assamese,/a.taɪt.koɪ bʱal lɔ.ɡa/
Assamese,/ʊ.kʰɔɦ.pa.kʰɔɦ/
Assamese,/za.du.kɔɹ/
Assamese,/ti.mi/
Assamese,/bɔ.ɹɔn/
Assamese,/u.padʱ.jaj/
Assamese,/xi.ki/
Assamese,/ɛn.dʱaɹ/
Assamese,/pɹɛ.si.dɛn.tɔ/
Assamese,/xa.na/
Assamese,/ziɹusalem/
Assamese,/mɔ.ɹɔ.mial/
Assamese,/ɹa.kʰɔx/
Assamese,/kak.ɹal/
Assamese,/a.bɔɹ/
Assamese,/ɡɛ.ɹʊa/
Assamese,/ɔ.nu.zi.βɔ/
Assamese,/mi.ɦɔ.li/
Assamese,/za.mu/
Assamese,/dʱa.ka/
Assamese,/bɔɹ.tta/
Assamese,/sa.pɔn/
Assamese,/xɔn.ti/
Assamese,/bɛ.ŋɛ.na/
Assamese,/ɡɔ.ɹoɪ/
Assamese,/kʰʊa.bɔs.tu/
Assamese,/ãkʊɹ.ɡʊ̃z/
Assamese,/ʊ.za/
Assamese,/xu.ku.la/
Assamese,/mansittɔ/
Assamese,/pɔɦʊa/
Assamese,/pɔ.li.tʰin/
Assamese,/bʱɛ.lɛ.ki/
Assamese,/ɦɛ.ɹu.ːa/
Assamese,/u.liʊa/
Assamese,/xʊ.na.li ban.dɔɹ/
Assamese,/dɛ/
Assamese,/dɔ.ɹɛ/
Assamese,/dʱal/
Assamese,/moʊ.su.mi/
Assamese,/kʊa/
Assamese,/bɔn.duk/
Assamese,/dɔɹ.kʰas.tɔ/
Assamese,/dʱɔ.ka/
Assamese,/nai/
Assamese,/tʊ.la/
Assamese,/ɦa.bi/
Assamese,/kaoɪ/
Assamese,/u.ɹa.ba.tɔ.ɹi/
Assamese,/mu.tʰi/
Assamese,/pɔ.ɹial/
Assamese,/a.na.ɹɔx/
Assamese,/ka.naɪ/
Assamese,/baː.baː/
Assamese,/sʊ.ba/
Assamese,/boɪ.ni/
Assamese,/mɔ.ɡɔz/
Assamese,/ɡʱɔ.ma/
Assamese,/ɹu.ti/
Assamese,/nu.mua/
Assamese,/dʱʊ.wa/
Assamese,/pin.dʱa/
Assamese,/dãtɔɹ bix/
Assamese,/sɔ.tut.tʰɔ/
Assamese,/sɔ.ɹu/
Assamese,/dʱu.ka/
Assamese,/tɛʊ/
Assamese,/xɛn/
Assamese,/ɡʱɔ.ɹa/
Assamese,/tʰal/
Assamese,/kɔ.mʊa/
Assamese,/xʊn/
Assamese,/pe.lu/
Assamese,/sẽsa/
Assamese,/bɛ.la/
Assamese,/ab.ba/
Assamese,/pʰẽɦu/
Assamese,/ma/
Assamese,/ɡɛ.la/
Assamese,/pɛ.ta.ɹi/
Assamese,/pɔ̃spɔn/
Assamese,/bɛ.ta/
Assamese,/dɔt.tɔ/
Assamese,/ba.kɔ.li ɡu.sʊa/
Assamese,/zãt/
Assamese,/ka.mi/
Assamese,/da.ɹi/
Assamese,/bu.ɹʱa/
Assamese,/ma.mɔ.ɹi/
Assamese,/ɔɹ/
Assamese,/kaʱ/
Assamese,/ni/
Assamese,/xɔn.dʱia/
Assamese,/kʰɔ.ɹa.li/
Assamese,/baʊ̃.pʰal/
Assamese,/ni.zɛ/
Assamese,/ʊl/
Assamese,/zɔ.ɦa.mal/
Assamese,/ɡʱɔ̃ɦa/
Assamese,/bʱuɹ/
Assamese,/ɛp.li.kɛ.sɔn/
Assamese,/dʱu.xɔɹ/
Assamese,/kʰʊz.kaʴɦa/
Assamese,/tʰʊ.ŋa/
Assamese,/xim.eli/
Assamese,/dʊ.tʊ.ɹa/
Assamese,/pʊn.dʱɒɹɒ/
Assamese,/pʰɛ.na/
Assamese,/dɔ.ba/
Assamese,/u.pʰi/
Assamese,/ku.ku.ɦa/
Assamese,/tɛz.pia/
Assamese,/ɦu.ɹum/
Assamese,/bʱal.pʊa/
Assamese,/mi.ɦɔ.la/
Assamese,/sa.koɪ/
Assamese,/ku.ku.ɹa/
Assamese,/ɛ.lɛ.ɦua/
Assamese,/dɔ.ba.kʰɛl/
Assamese,/kis.nɔ/
Assamese,/ɦa.pa/
Assamese,/kum.bʱiɹ/
Assamese,/man.ɦu/
Assamese,/ɹɔm.zan/
Assamese,/xaʱ/
Assamese,/xi.pi.ni/
Assamese,/bʱiɛ.tɔ.nam/
Assamese,/duaɹ/
Assamese,/sʊ.ɹat/
Assamese,/xid.dʱaɹ.tʰɔ/
Assamese,/tap/
Assamese,/bi.lak/
Assamese,/kʊp.ta/
Assamese,/nɔkʰ/
Assamese,/ma.kʰɔn/
Assamese,/dɔ̃ɦa/
Assamese,/u.nɔ.xa.tʰi/
Assamese,/ɹa.zi/
Assamese,/éɪ/
Assamese,/ɔk/
Assamese,/bɔs.tu/
Assamese,/zʊ.ɡan/
Assamese,/pɹɔ.tʰɔ.mɔ.tɛ/
Assamese,/ɔɹ.bi.xɔɛ/
Assamese,/a.ŋʊ.tʰi/
Assamese,/maŋkˣɔ/
Assamese,/zɔ.lɔ.ba.ju/
Assamese,/tʰʊ̃.ta/
Assamese,/xun.da/
Assamese,/bɔ.mi/
Assamese,/tʊ.mʊ.lak/
Assamese,/bɔɹɔpʰ/
Assamese,/bis.sɔ.biid.da.lɔj/
Assamese,/ɡʱɔ/
Assamese,/zud.dʱɔ/
Assamese,/ba.ɡan/
Assamese,/kɔn.da/
Assamese,/sɔ.lɔ.sit.ɹɔ/
Assamese,/maɪ/
Assamese,/a/
Assamese,/bi.bʱɔɡ/
Assamese,/na.ma/
Assamese,/bɔs.sʊa.na/
Assamese,/pɛŋ.ɡuin/
Assamese,/ɦa.dɔŋ/
Assamese,/zui.xal/
Assamese,/na.za.nʊ̃/
Assamese,/nɔ.ɡa-.zɔ.lɔ.kia/
Assamese,/dɛu.ka/
Assamese,/pizɔ.ɹa/
Assamese,/bɛbɔɦaɹ/
Assamese,/xɛɹ/
Assamese,/ja.na/
Assamese,/ba.ni.zaɹ/
Assamese,/zʊx/
Assamese,/u.pɔɪn.nax/
Assamese,/za.pan/
Assamese,/kɛndɹɔ/
Assamese,/sɛ.pɛ.ta/
Assamese,/lau.xʊ.la/
Assamese,/sʊd/
Assamese,/ɹa.zɔs.tʰan/
Assamese,[x̟o̞ipʰɾam]
Assamese,[tʰaɪlɛn]
Assamese,/a.pɛl/
Assamese,/t͡ʃʱɔ/
Assamese,/kɔ̃kal/
Assamese,[lixtɛnstaɪn]
Assamese,/kʰɔ.ta/
Assamese,/kɔ/
Assamese,[dʱɛkia.pɔtia.baɡʱ]
Assamese,/tʰaɪ/
Assamese,/tad.ʑɔ.bɔ/
Assamese,/ɦa.ŋɔɹ/
Assamese,/naɪ/
Assamese,/bɛt/
Assamese,/pʰlɛ.miŋ.ɡɔ/
Assamese,/tɛŋ.ki/
Assamese,/dʱoʊ/
Assamese,/zʊ.na.ki pɔ.ɹua/
Assamese,/mɔ.ɹɔm.lɔ.ɡa/
Assamese,/zũza.ɹu/
Assamese,/ku.tʰaɹ/
Assamese,/paɡ/
Assamese,/ni.sa/
Assamese,/mas.ɹʊ.ka/
Assamese,/ãɹ/
Assamese,/xɔ.sɔŋ/
Assamese,/zũza/
Assamese,/mitʰa/
Assamese,/ɡa.ɦam/
Assamese,/zi.man/
Assamese,/mɔ.ta/
Assamese,/xiʊa/
Assamese,/su.la/
Assamese,/mɔ.ɦa.dɛx/
Assamese,/pɔ.sʊa/
Assamese,/ɦãsiʊa/
Assamese,/pa.ɦɔ.ɹa/
Assamese,/dɔn.tɔ dɔ/
Assamese,/pɛ.ɦa/
Assamese,[bʱeˈkuli]
Assamese,/at.mɔ.ɦɔɪt.ta kɔ.ɹa/
Assamese,/ut.xɔ.wɔ/
Assamese,/pʰu.lɔ.ni/
Assamese,/bal.ti/
Assamese,/lɔ.ta.pʰu.tu.ki/
Assamese,/kʰua/
Assamese,/mɔ.tʰa/
Assamese,/kɔ.su/
Assamese,/bu.tam/
Assamese,/bʱa.ŋɔ.ni kɔ.ɹa/
Assamese,/mɔ.sɔ.la/
Assamese,/mu.zu.ɹa/
Assamese,/kʰɔ.sɔ.ka/
Assamese,/xʊ.pa/
Assamese,/zi.bʱa/
Assamese,/kand/
Assamese,/mɛ.kʰɛ.li/
Assamese,/ma.ɦu/
Assamese,/sut/
Assamese,/jɛ.mɛn/
Assamese,/sa.na/
Assamese,/mi.ɦɔl/
Assamese,/zʊ.lʊ.ŋa/
Assamese,/loɹa/
Assamese,/sɔ.kut dʱu.li ma.ɹa/
Assamese,/baɪ/
Assamese,/ka.mɔ.li/
Assamese,/tʰʊa/
Assamese,/lɔb.dʱɔ/
Assamese,/u.ɹa/
Assamese,/ki.na/
Assamese,/nɔ.ɦɔ.ɹu/
Assamese,/aʊaz/
Assamese,/doʊl/
Assamese,/ɹa.ma.jɔn/
Assamese,/sɔ.kɔ.ɹi/
Assamese,/zʊaɹ/
Assamese,/kʰa.na/
Assamese,/a.tʰaɪs/
Assamese,/ma.zɛ ma.zɛ/
Assamese,/xʊ.dʱa/
Assamese,/kʰeti/
Assamese,/ti.ta.kɛ.ɹɛ.la/
Assamese,/sɛ.ɦɛ.ɹa/
Assamese,/ɡa.mʊ.sa/
Assamese,/kum.zɛ.lɛ.kua/
Assamese,/at.mɔ.ɦɔɪt.ta kɔɹ/
Assamese,/zʊ.pʊ.ɦa/
Assamese,/ɛ.ɦa.zaɹ/
Assamese,/tʰaɹ/
Assamese,/bʱal pʊa/
Assamese,/ɹɔɦ/
Assamese,/si.ɡa/
Assamese,/bix/
Assamese,/ɡo.ɾu/
Assamese,[ɹʊm]
Assamese,/kʰan.da/
Assamese,/bu.ɾi/
Assamese,/tɛis/
Assamese,/kʰi.ɹʊa/
Assamese,/a.pʊ.na.lʊk/
Assamese,/pɔ̃xɔs.tʰi/
Assamese,/lɔ.ɹʊa/
Assamese,/a.ta/
Assamese,/ɦãʊpʰ.ãʊ/
Assamese,/du.ɹa.ka.sɔ/
Assamese,/pɔxu/
Assamese,/xu.taɹ/
Assamese,/xɔ.ɹɔt/
Assamese,/xɛ.wa/
Assamese,/tial.lis/
Assamese,/kẽtɛ.la pɔ.ɦu/
Assamese,/pʰɔ.sɔl/
Assamese,/ɡa.kʰiɹdãt/
Assamese,/ni.li.kʰa/
Assamese,/ɦaz.oɹi.ka/
Assamese,/lau.kʰʊ.la/
Assamese,/pi.ta/
Assamese,/sɔt.ti.sɔ.ɡɔɹʱ/
Assamese,/bɔ.sɔɹ/
Assamese,/sɔ.ɦɔɹ/
Assamese,/zʊ.ni/
Assamese,/moɪ/
Assamese,/bap/
Assamese,/ɡɛ.ɹɛz/
Assamese,/kũsi/
Assamese,/xi.ɦɔ.ɹi/
Assamese,/bat.ɹi.ka.kɔt/
Assamese,/pʰɔ.ɹa.si/
Assamese,/bʱa.toʊ/
Assamese,/ɦal bʊa/
Assamese,/zɔ.kʰɔ.la/
Assamese,/mɔn.diɹ/
Assamese,/pɔ̃ét.ɹis/
Assamese,/plɛ.ti.pas/
Assamese,/lɔ.wɔ.ni/
Assamese,/tɔ.la/
Assamese,[xɛʱ]
Assamese,/meku.ɹi/
Assamese,/ta.qa/
Assamese,/kʰɔn/
Assamese,/dal/
Assamese,/ɛʊ̃.lʊk/
Assamese,/xɔ.lil/
Assamese,/tʰʊ̃t/
Assamese,/ɛl.pɛ.ka/
Assamese,/si.la.kɛn/
Assamese,/ka.ti ɦʊa/
Assamese,/dɛ.ta/
Assamese,/sɛx/
Assamese,/ba.ɦu/
Assamese,/xa/
Assamese,/zal/
Assamese,/xɔ.lia/
Assamese,/baɹʱ/
Assamese,/exɛt/
Assamese,/kɛ.tɛk/
Assamese,/mɔn/
Assamese,/xɛ.mɛ.ka/
Assamese,/ku.ɦum.xaɹ/
Assamese,[zaŋia]
Assamese,/ɡʱɔɹ.si.ɹi.ka/
Assamese,/baʱ.baʱ/
Assamese,/kʰat/
Assamese,/sʊ.ɹat pat/
Assamese,/xa.zʊ/
Assamese,/xɛ.wa.li pʰul/
Assamese,/da.li.ma/
Assamese,/ãzɔ.li/
Assamese,/xũɹ/
Assamese,/zam/
Assamese,/su.ti.koɪ/
Assamese,/pɔ.ɹɔ.la/
Assamese,/si.lɔŋ.ka/
Assamese,/xɛuz/
Assamese,/sɔn.dɹɔ.bin.du/
Assamese,/tɛ.nɛ.ɦo.lɛ/
Assamese,/bɔ̃ta/
Assamese,/za.qʰe/
Assamese,/dʱẽki/
Assamese,/bɔ.sɔ.ɹɛk/
Assamese,/jɔ/
Assamese,/kum.bʱɔ.kaɹ/
Assamese,/lax/
Assamese,/kũsia/
Assamese,/bɔ.ŋɔɦ/
Assamese,/du.ba/
Assamese,/ɡũi xap/
Assamese,/ɔ.mia/
Assamese,/ziu/
Assamese,/ɦɔ.lʊa/
Assamese,/xɔ̃sa/
Assamese,/bʱɛ.lɛ.ki ba.zi/
Assamese,/ɡʊs/
Assamese,/pɔ.kia/
Assamese,/kɔ.ɹɔt/
Assamese,/sobɔt.kɛ/
Assamese,/zɛn/
Assamese,/mu.ta/
Assamese,/xia/
Assamese,/pan.ti/
Assamese,/in.dʱɔn/
Assamese,/sɔ.bi/
Assamese,/xu.sʊa/
Assamese,/tɔ.tʰa.ɡɔt/
Assamese,/ni.za/
Assamese,/ɡu/
Assamese,/-ɦɔ̃t/
Assamese,/bɔ.ɹɔx/
Assamese,/a.ba/
Assamese,/xɔ.muʱ/
Assamese,/ɡʊa.la/
Assamese,/tɛɔn/
Assamese,/tokio/
Assamese,/ʊs.tʰjɔ/
Assamese,/kẽkʊ.ɹa.bi.sa/
Assamese,/dudʱ/
Assamese,/kʰũti/
Assamese,/zu.tu.li.pɔ.ka/
Assamese,/bʊa.ɹi/
Assamese,/paʱ/
Assamese,/kʰɛ.la/
Assamese,/is.sɔɹ/
Assamese,/ɡʱɔɹ.-xa.li.ka/
Assamese,/laʊ/
Assamese,/zɔ.ka/
Assamese,[xak]
Assamese,/tu.ku.ɹa/
Assamese,/xa.ɹi/
Assamese,/a.pʰɔɹ/
Assamese,/bɛ.ɹɛ.ti/
Assamese,/bis.sax kɔɹ/
Assamese,/bial.lis/
Assamese,/ɔ.nu.bad kɔɹ/
Assamese,/ma.tik.ɔ̃tʰal/
Assamese,/kɔ.na/
Assamese,[sɔɹittɔ]
Assamese,/xɔ.ba.tʊ.koɪ/
Assamese,/tãt/
Assamese,/mas/
Assamese,/dʱɛ.ma.li/
Assamese,/bʱʊk/
Assamese,/dip.pun.zɔ/
Assamese,/xu.nia/
Assamese,/bɛ.maɹ/
Assamese,/du.ɹɔ.dɔɹ.xɔn/
Assamese,/a.lɔɡ/
Assamese,/moʊ.xi.ta/
Assamese,/za.pa/
Assamese,/zui.xɔ.la/
Assamese,/a.ɹɔm.bʱɔ kɔ.ɹa/
Assamese,/bʱal/
Assamese,/ɡɔ̃ɹ/
Assamese,/pɔ̃xɔt.tɔɹ/
Assamese,/taz.mɔ.ɦɔl/
Assamese,/pʊk/
Assamese,/pɔ.sɔnd/
Assamese,/xɔɪs/
Assamese,/wɔ/
Assamese,/ɦaɹ/
Assamese,/bʱũikɔ̃p/
Assamese,/pan/
Assamese,/kɔ.ka/
Assamese,/zɛ.tʰi/
Assamese,/ɔɹ.pɔ.ɹa/
Assamese,/ɡɔ.ɹia/
Assamese,/id/
Assamese,/tʊ.maɹ/
Assamese,/xa.βɔt/
Assamese,/pu.ɹux/
Assamese,/zɔ̃pa/
Assamese,/pɔ.du.li/
Assamese,/bɛ.ɦa/
Assamese,/tʊ.pal/
Assamese,/pa.noɪ/
Assamese,/ba.ti/
Assamese,/a.sɔ.lɔ.tɔl/
Assamese,/om/
Assamese,/ʊ̃/
Assamese,/katʰ.ɹʊ.ka/
Assamese,/fɔ/
Assamese,/ˈkɒ.ɾa.ɦi/
Assamese,/xɔ.pʊn/
Assamese,/kʰuɹ/
Assamese,/na.tɔ.ni/
Assamese,/bɹɔɦ.mɔ.put.ɹɔ/
Assamese,/bʱɔ.kɔt/
Assamese,/zɛŋ/
Assamese,/ɡʱam/
Assamese,/sɛ.kɔ.ni/
Assamese,/ɦɔ/
Assamese,/xi.mɔ.lu/
Assamese,/maɹ/
Assamese,/sʊ.̃ɔɹ/
Assamese,/pakʰi/
Assamese,/lɔ.ɦɔ.ɹi/
Assamese,/katʰ/
Assamese,[ɡazɔɹ]
Assamese,/kãɹ/
Assamese,/sɔ.kɔɹ/
Assamese,/uɪd.dʊɡ/
Assamese,/u.lu.pi/
Assamese,/ŋ/
Assamese,/bʱat/
Assamese,/xa.ŋʊɹ/
Assamese,/al.bɛ.nia/
Assamese,/kʊb/
Assamese,/zu.lia/
Assamese,/lɛ.su/
Assamese,/kɛ.ɹa.ɦi/
Assamese,[xɛx]
Assamese,/xʊ.tɔ.ɹɔɦ/
Assamese,/xu.ɦu.ɹi/
Assamese,/zibɔ/
Assamese,/ʊ.sɔ.ɹɛ-.pãzɔ.ɹɛ/
Assamese,/dɔl.moɹa/
Assamese,/is.ti/
Assamese,/pɹɔk.ɹiti/
Assamese,/ɛ.kɛ/
Assamese,/d͡ʒɛ.tia/
Assamese,/laz/
Assamese,/nak/
Assamese,/xaʊ/
Assamese,/tɛ.ŋa/
Assamese,/u.kʰɔ.ɹa/
Assamese,/din.kɔ.na/
Assamese,/a.ŋu.liaɪ dia/
Assamese,/mɔ.tʰau.ɹi/
Assamese,/tu.pi/
Assamese,/tit/
Assamese,/xaz/
Assamese,/la.zu.ki bɔn/
Assamese,/pɔ.lʊa/
Assamese,/tɛ.lal/
Assamese,/ʊ.sɔɹ/
Assamese,/iuk.ɹɛin/
Assamese,/botʰa/
Assamese,/kɛ.kʊ.xap/
Assamese,/xɔ.za/
Assamese,/zia/
Assamese,/ap.sʊs/
Assamese,/ɹɔx/
Assamese,/ɡʊ.tʊa/
Assamese,/pɛt/
Assamese,/ut.xɔ.bɔ/
Assamese,/bʊ.la/
Assamese,/ɡɔ.dʱu.li/
Assamese,/sin/
Assamese,/ɡɔ.ɹua/
Assamese,/xɔŋ/
Assamese,/bɛɹ/
Assamese,/a.maɹ/
Assamese,/la.zu.ki/
Assamese,/bɔ.ɹa.li mas/
Assamese,/ba.ɹʱoɪ/
Assamese,/dɔ/
Assamese,/xuɹz/
Assamese,/xɔ.ɹɔ.naɹ.tʰi/
Assamese,/zɔ.ŋaɪ/
Assamese,/dʱa.nɔ.ni/
Assamese,/kʰɔ.ɹɔm/
Assamese,/dʊ.la/
Assamese,/bʱa.ɹi/
Assamese,/zũɔ.li/
Assamese,/tʰɔ.ɡa/
Assamese,/zʊa.ka.li/
Assamese,/bis/
Assamese,/ɦʊa/
Assamese,/ud/
Assamese,/nɔʊ/
Assamese,/da.da/
Assamese,/xɛ.wa.li/
Assamese,/ku.mɔ.lia/
Assamese,/seni/
Assamese,/pa.koɪt/
Assamese,/nɔ.wɛm.bɔɹ/
Assamese,/mɔn zʊa/
Assamese,/ɡʱɔ.ɹi/
Assamese,/si.kɔ.ɹa/
Assamese,/pʊ.na/
Assamese,/nɔm.bɔɹ/
Assamese,/zɔ.ɡɔ.ɹia/
Assamese,/aʊ.ti/
Assamese,/xaɡɔɹ/
Assamese,/bɔ.ɹɔl/
Assamese,/xa.ɦiit.tɔ/
Assamese,/lɔkʰ/
Assamese,/a.ŋɔ.tʰa/
Assamese,/pa.lɛŋ xak/
Assamese,/mɔɪ tʊ.mak bʱal paʊ̃/
Assamese,/bɔndʱ/
Assamese,[kazaxɔstan]
Assamese,/bɔn.dʱa.kɔ.bi/
Assamese,/ba.ɹʱoɪ.tʊ.ka/
Assamese,/bʱoni/
Assamese,/kiɛbʱ/
Assamese,/zʊ.nak/
Assamese,/ɔ.na/
Assamese,/xɔ.zuɔ.ti/
Assamese,/ɡãu/
Assamese,/kʰʊ̃.pa/
Assamese,/tat/
Assamese,/bʊ.ka/
Assamese,/tal/
Assamese,/ãsɔl/
Assamese,/la.ɦɛ la.ɦɛ/
Assamese,/sɔn.dɔ/
Assamese,/ba.ɡʱɔ.mas/
Assamese,/naɪ.kɔl/
Assamese,/sɔl.lis/
Assamese,/ɡɔ.za.li/
Assamese,/ɦɔé/
Assamese,/tɛ.xɔs.tʰi/
Assamese,/xiŋ.ɦɔ/
Assamese,/ɦa.tɔɹ tɔ.lua/
Assamese,/bi.ɦɔs.pɔ.ti.baɹ/
Assamese,/pʊn/
Assamese,/za/
Assamese,/ba.mi mas/
Assamese,/ba.lis/
Assamese,/aʊl/
Assamese,/ɦɹɔs.sɔ/
Assamese,/kʊɹ/
Assamese,/kaz/
Assamese,/kaéɔm/
Assamese,/ba.ɦiɹ/
Assamese,/ɛk.sɔl.lis/
Assamese,/muk.oli/
Assamese,/ɡʊɹ/
Assamese,/xɔɪ.xɒb.kal/
Assamese,/ɡʱin/
Assamese,/dʱu.li/
Assamese,/sin.ta/
Assamese,/kɛ.nɛ.kua/
Assamese,/ma.koɪ/
Assamese,/si.kis.sɔk/
Assamese,/bʱɛl/
Assamese,/bin.dʱa/
Assamese,/a.lu.ɡu.ti/
Assamese,/zɛ.ka/
Assamese,/ɛ.kan.nɔb.boɪ/
Assamese,/a.tʰɔɹ/
Assamese,/pɔʴɦa/
Assamese,/ɛaɹpoɹt/
Assamese,/ɦun.di/
Assamese,/ba.ɹi.xa kal/
Assamese,/zʱĩã/
Assamese,/ɡu.ɹiʊa/
Assamese,/i.liʱ/
Assamese,/ku.tʰɔ.ɹi/
Assamese,/ni.ɡɔ.ni/
Assamese,[xɔʊɹɔzɔɡɔt]
Assamese,/i/
Assamese,/xɔ.kɔ.lʊt.koɪ/
Assamese,/zɔ.na/
Assamese,/dab/
Assamese,/uɹ/
Assamese,/ba.na/
Assamese,/pɔnzab/
Assamese,/a.ɹu/
Assamese,/tɔkio/
Assamese,/kʰũtia/
Assamese,/sa/
Assamese,/mɔɪ nɛ.za.nʊ̃/
Assamese,/bɛ.ɹa/
Assamese,/ɦua.dua/
Assamese,/ziɔ/
Assamese,/bɔ.zaɹ/
Assamese,/du.sɔ.ɹa/
Assamese,/kɔ.tʊa/
Assamese,/si.ka.ɹi/
Assamese,/pa.ni/
Assamese,/bʱɛ.ɹa/
Assamese,/tɛ.nɛɦ.olɛ/
Assamese,/saw/
Assamese,/za.du kʰɛl/
Assamese,/kɔ.bi/
Assamese,/ɹan.dʱɔ.ni/
Assamese,/xãpʰɔɹ/
Assamese,/ɛk kʊ.ti/
Assamese,/boɪd.jɔ/
Assamese,/tʰa.pa/
Assamese,/ɡɔs/
Assamese,/ɦi.sap kɔ.ɹa/
Assamese,/ta.mu.li/
Assamese,/ma.nik/
Assamese,/mat mat/
Assamese,/sa.dɔɹ/
Assamese,/kʰɔ.bɔɹ/
Assamese,/pɛ.ɦi/
Assamese,/kɔ.lɔɦ/
Assamese,/xan/
Assamese,/kẽtɛ.la/
Assamese,/pi.tik/
Assamese,/zʊ.ta.tʰʊ̃.tia/
Assamese,/us.ssax/
Assamese,/tʊ.pʊ.la/
Assamese,/ba.lɔɹ/
Assamese,/ɡãɹ/
Assamese,/ta.xi ɡʱʊ̃.ɹa/
Assamese,/tɛ.xɔt.tɔɹ/
Assamese,/zʊ/
Assamese,[pɛsap]
Assamese,/ɹɔ.kʰa/
Assamese,/bʱi.tɔ.ɹɔt/
Assamese,/tɛ.lia.xa.ɹɛŋ/
Assamese,/ɡʊ.la/
Assamese,/bʱa.ŋɔ.ni/
Assamese,/ɦʊ.tɛl/
Assamese,/ɛk lakʰ/
Assamese,/moʊ.pia/
Assamese,/bʱʊɹ/
Assamese,/bʱa.xa/
Assamese,/pi.pɔɹ/
Assamese,/ɡa.dʱɔɦ/
Assamese,/si.ta.baɡ/
Assamese,/pʊ̃s/
Assamese,/ta.mʊl/
Assamese,/a.sɔl/
Assamese,/na.ŋɔtʰ/
Assamese,/ba.ɦi.ɹa/
Assamese,/ɔs.sɛt/
Assamese,/bɛ.paɹ/
Assamese,/tu.taŋ.xa.mʊn/
Assamese,/daɔ.ɹia/
Assamese,/aɹ.ɦi/
Assamese,/tʰi.la/
Assamese,/pa.ni.lau/
Assamese,/tẽteli/
Assamese,/zɔ.ɡʊa/
Assamese,/bɔ.ɦʊa/
Assamese,/ɦɔ.ɹa/
Assamese,/nɔ.kɔl kɔ.ɹa/
Assamese,/pia/
Assamese,/tɔm.bu/
Assamese,/bɛz/
Assamese,/xãkʊ/
Assamese,/ɔn.dʱɹɔ pɹɔ.dɛx/
Assamese,/ba.tɔ.ɹi/
Assamese,/diɹ.ɡʱɔ/
Assamese,/pijas/
Assamese,/ɔkʰ/
Assamese,/pʰoni/
Assamese,/nɔ.ɹɔm/
Assamese,/anza/
Assamese,/bɔ.ɦa/
Assamese,/dʱan/
Assamese,/ɹɔ.za/
Assamese,/paɪ.kan/
Assamese,/zʱi.li/
Assamese,/kʰɔ.ɹi.kɔ.tia/
Assamese,/ɔ.miʱ/
Assamese,[biakɔʴn]
Assamese,/dʱɔ.ni/
Assamese,/u.zɔ.la/
Assamese,/ɛ.ta/
Assamese,/sʊ.ɹaŋ si.ka.ɹi/
Assamese,/ɹʊ.kɔ.ni/
Assamese,/bʱi.tɔɹ/
Assamese,/ɔŋ.kɔ/
Assamese,/zi.na/
Assamese,/kʰaɡ/
Assamese,/xʊm.baɹ/
Assamese,/kɛleɪ/
Assamese,/ba.ɦi.ɹa bɔ.ɦi/
Assamese,/xi.kʊa/
Assamese,/atʰ/
Assamese,/zɛb.ɹa/
Assamese,/kɔ.poʊ/
Assamese,/dʱu.mu.ɦa/
Assamese,/ma.doɪ/
Assamese,/kʰʊʊa/
Assamese,/-ɔɹ maz-/
Assamese,/sɔ.la/
Assamese,/su.tia xa.li.ka/
Assamese,/bis.sik/
Assamese,/tu.la/
Assamese,/bɔɹ.nɔ/
Assamese,/ʊ.lʊ.mʊa/
Assamese,/zɔɹ/
Assamese,/bʱaɪ/
Assamese,/ni.su.kɔ.ni ɡit/
Assamese,/pʰɔ.tɔ.ka/
Assamese,/saɪ/
Assamese,/ma.ɹa/
Assamese,/ba.kɔ.li/
Assamese,/pɛ.ti/
Assamese,/lʊ/
Assamese,/dil/
Assamese,/xʊz/
Assamese,/ɦaŋ.ɡɔɹ/
Assamese,/bɔ.ka/
Assamese,/ɦa.tu.ɹi/
Assamese,/sa.ɹi/
Assamese,/xut/
Assamese,/nɔl ɡa.ɦɔ.ɹi/
Assamese,/zɔ.pʊa/
Assamese,/pɔ.sɔn kɔ.ɹa/
Assamese,/kas.miɹ/
Assamese,/kan kɛ.ɹɛ.lua/
Assamese,/zɔ.laʱ/
Assamese,/boɪs.nɔ.bɔ/
Assamese,/bi.bʱɛd/
Assamese,/bɔ.ɹɔ.nia/
Assamese,/ãɹi/
Assamese,/dɔn.tjɔ/
Assamese,/aislɛn/
Assamese,/xɔl/
Assamese,/-ɔɹ ba.bɛ/
Assamese,/tʰa.ka/
Assamese,/ɹod/
Assamese,/pɔt.ni/
Assamese,/xãsa/
Assamese,/xɛlaɪ/
Assamese,/xund/
Assamese,/zʊn/
Assamese,/xãti/
Assamese,/t͡sɔ/
Assamese,/xa.mɔɹ/
Assamese,/bɛl/
Assamese,/ɡoʊ.ɹɔw/
Assamese,/ɛ.naɪ/
Assamese,/ʊ.lʊa/
Assamese,/kʰɛɹ/
Assamese,/ka.mʊ.ɹa/
Assamese,/la/
Assamese,/tu.mi/
Assamese,/kɔ.li.kɔ.ta/
Assamese,/zʊ̃.ka/
Assamese,/kɛ.sɛ.ɹa/
Assamese,/kis.mis/
Assamese,/bʱa.ŋɔ.ni kɔ.ɹʊ̃.ta/
Assamese,/xetiɔk/
Assamese,/xɛu.zia/
Assamese,/siã.ɦi kɔ.lɔm/
Assamese,/pa.lis ka.ɡɔz/
Assamese,/po.kʰi.la/
Assamese,/pi.tʰa/
Assamese,/xɔ/
Assamese,/ti.ka/
Assamese,/bɛ.zaɾ/
Assamese,/t(ɹ)i.tiɔ/
Assamese,/a.na/
Assamese,/mɛ.ɹiʊa/
Assamese,/tɛl.tu.pi/
Assamese,/sɔ.mu.koɪ/
Assamese,/pa.sɔ.li/
Assamese,/ɛ.nɛ.kɛ/
Assamese,/bʱaɡ/
Assamese,/sɔɹ.pɔt/
Assamese,/ɔɪn/
Assamese,/sɔɹ.ɡɔ/
Assamese,/sʊa.li/
Assamese,/ban.dɔɹ/
Assamese,/bʱɔɹ/
Assamese,/nɔ.kɔl/
Assamese,/bʱa.pɔt dɛ/
Assamese,/bɛŋunia/
Assamese,/bʱɔ.ti.za/
Assamese,/boɪ.ɦaɡ/
Assamese,/u.dɔŋ/
Assamese,/kɔɹ.puɹ/
Assamese,/din/
Assamese,/sati/
Assamese,/a.ŋu.lia/
Assamese,/xẽɦat/
Assamese,/dʱa.la/
Assamese,/kʰʊ̃.sa/
Assamese,/su.ŋa/
Assamese,/tɔ.ɹʊal/
Assamese,/sɔ.ɦi kɔ.ɹa/
Assamese,/a.xiɹ.bad/
Assamese,/bu.ɦa/
Assamese,[tɔɪt.tʱɔ]
Assamese,/s/
Assamese,/bu.za/
Assamese,[kɹikɛt]
Assamese,/si.kaɹ kɔ.ɹa/
Assamese,/ma.ti bʱa.luk/
Assamese,/pɔ.ɦi.la/
Assamese,/al.zi.bʱa/
Assamese,/kẽsa/
Assamese,/bʱa.ba/
Assamese,/soʊ.tʰa/
Assamese,/zɛ.luk/
Assamese,/bɔ.jɔx/
Assamese,[baza]
Assamese,/si.ta/
Assamese,/nɛz/
Assamese,/am.ma/
Assamese,/ɛ.xɔs.tʰi/
Assamese,/zi.ɹʊa/
Assamese,/la.ɹa/
Assamese,/ma.ɦui/
Assamese,/ɦat.-di.ɡʱɔl/
Assamese,/ma.zu/
Assamese,/bu.ɾa/
Assamese,/bi.lɔɡ/
Assamese,/mutʰ/
Assamese,/skul/
Assamese,/tiɒ̃ʱ/
Assamese,/pʰãkua/
Assamese,/sotʰa/
Assamese,/ɦɔ.loʊ/
Assamese,/pu.ɹɔtʰ/
Assamese,/dʊ.ɹa/
Assamese,/ɔ.lɔp/
Assamese,/m(ɹ)it.tu/
Assamese,/ti.la/
Assamese,/doʊ.ɹa/
Assamese,/bẽwa/
Assamese,/ɡʊx.ãi/
Assamese,/i.tɔɹ pɹa.ni/
Assamese,/bandʱ/
Assamese,/mu.ɹɔɹ bix/
Assamese,/bɔɹ.din/
Assamese,/xɔ.ɹɔs/
Assamese,/pɔ̃i.ta.sʊ.ɹa/
Assamese,/ɹɔ.ŋa.lau/
Assamese,/bɔn/
Assamese,/ma.lik/
Assamese,/ɹɔd/
Assamese,/zʊ̃.kaɹ/
Assamese,/lɛ.lau.ti/
Assamese,/xi.pa/
Assamese,/ni.mɔkʰ/
Assamese,/ɦa.zaɹ/
Assamese,/mɔ.ɹɔ.mɔɹ/
Assamese,/dɛw.na.ɡɔ.ɹi/
Assamese,/dɛx/
Assamese,/bʱoʊ.ɡʊ.lik/
Assamese,/tʰɔ.pɔ.ɹiʊa/
Assamese,/dʊ.ta.ɹa/
Assamese,/kʰu.ta/
Assamese,/pʰãk/
Assamese,/mɛ.tɛ.ka/
Assamese,/bi.xa/
Assamese,/tʰɔ.ɡʊa/
Assamese,/bɛ.lɛɡ kɔ.ɹa/
Assamese,/sɔ.tɔn.tɹɔ/
Assamese,/kẽtʰa/
Assamese,/dãɦ/
Assamese,/mu.ɹʱa/
Assamese,/ɡʱa/
Assamese,/ɔ.bʱi.mɔɪn.nu/
Assamese,/xa.ɦɔn/
Assamese,/ɹati/
Assamese,[kɔtʰa.kʊa]
Assamese,/bu.ɹʱi/
Assamese,[saː]
Assamese,/pɔ.ɦa.xa.li/
Assamese,/tɔ/
Assamese,/kʰʊ̃.sɔ.ɹa/
Assamese,/kʰun.da/
Assamese,/ɡɔ.dʱu.la/
Assamese,/bɔ.ɦɔ.lʊa/
Assamese,/kʰɔŋ/
Assamese,/pɔ/
Assamese,/xɔ.bʱa/
Assamese,/i.ta.nɔ.ɡɔɹ/
Assamese,/tʰap.pɔɹ/
Assamese,/pu.kʰu.ɹi/
Assamese,/ãsɔ.ni/
Assamese,/bɛ.ɦaɾ/
Assamese,/ʊ.kʰɒ/
Assamese,/bɔn.dʱɔ/
Assamese,/ku.la/
Assamese,/dukʰ/
Assamese,/kɔ̃tʰal/
Assamese,/zi.xu/
Assamese,/ʊ.pɔ.ŋa/
Assamese,/ɹaŋ/
Assamese,/ɹi/
Assamese,/-ɔɹ xɔ.lɔ.ni/
Assamese,/u.kʰɔ.li/
Assamese,/kɛã a.ŋu.li/
Assamese,/bɔ.ɡa bʱa.luk/
Assamese,/ɡɔ.za/
Assamese,/dɔŋ.ka/
Assamese,/ba.li/
Assamese,/bi.xɔj/
Assamese,/xa.ta.xi/
Assamese,/ɔ.ɦa/
Assamese,/bʱa.ɹɔ.tia/
Assamese,/xu.na/
Assamese,/sɔ.wal/
Assamese,/ma.tʰʊ̃/
Assamese,/bʱi.tɔ.ɹual/
Assamese,/bɛŋ.sa.ti/
Assamese,/nɛ.ɦa/
Assamese,/zja.mi.ti/
Assamese,/ba.ɹa/
Assamese,/sɛu.ɹi/
Assamese,/a.kɔn/
Assamese,/mɔɦaxaɡɔɹ/
Assamese,/ɹa.ti.pua/
Assamese,/sa.baɪs/
Assamese,/kɔŋɡɹɛs/
Assamese,/ɹɛ.nu/
Assamese,/kɛ.nɛ/
Assamese,/muiʱ/
Assamese,/iat/
Assamese,/ɡãt/
Assamese,/bu.dʱi/
Assamese,/-xɔ.kɔl/
Assamese,/mɔn.tɹi/
Assamese,/pan.da/
Assamese,/ʊ.ta/
Assamese,/si.ni pʊa/
Assamese,/nun/
Assamese,/si.ɹa/
Assamese,/ɡʊt kʰʊa/
Assamese,/pɛ̃q/
Assamese,/xɔ.kɔ.lʊ/
Assamese,/taɪk/
Assamese,/dam/
Assamese,/pa.bʱɔ/
Assamese,/ɡaz/
Assamese,/ɡʱʊŋ/
Assamese,/xil/
Assamese,/ʊ.lɔ.tʊa/
Assamese,/ka.si.ɦaɹ/
Assamese,/zɔ̃tɔɹ/
Assamese,/xi/
Assamese,/pʊt/
Assamese,/pʰãs/
Assamese,/sa.ka/
Assamese,/kʰʊ.la/
Assamese,/pʰul.ba.ɹi/
Assamese,/ɦẽpaʱ/
Assamese,/bɛŋ/
Assamese,/put/
Assamese,/u.ɡaɹ/
Assamese,/ɔ.ɦa.bɔ.sɔɹ/
Assamese,/sɔ.mu.tʊ.ka/
Assamese,/kʰɛ.piʊa/
Assamese,/bãʱ.ɡaz/
Assamese,/dak/
Assamese,/dɔ.ŋa/
Assamese,/dis.puɹ/
Assamese,/baʊ̃.pʰa.lɔ.loɪ/
Assamese,/siŋ.ɹa/
Assamese,/u.ɡʱa.la/
Assamese,/mis.ti/
Assamese,/bi.ɹa.li/
Assamese,/ma.ta/
Assamese,/zɔ.nɔɦ.piɔ/
Assamese,/zɔ.la/
Assamese,/a.ŋɔ.tʰi/
Assamese,/dãɹ/
Assamese,/ɛ.tʰa/
Assamese,/man/
Assamese,/latʰ/
Assamese,/pɔ.lɔm/
Assamese,/kʊ.bʊa/
Assamese,/ma.ɹi/
Assamese,/kʰɛ.zuɹ/
Assamese,/ãsʊɹ/
Assamese,/ʊ.lɔ.mʊa/
Assamese,/pãzi/
Assamese,[makʰi]
Assamese,/ɡu.bɔ.ɹua/
Assamese,/kɔ̃ɦua/
Assamese,/xʊa/
Assamese,/ɦaɔɹ/
Assamese,/ɡɔ.zɔl/
Assamese,/kʰu.su.ɹa/
Assamese,/sɔ.kɔ.ɹipʰ.ẽti/
Assamese,/puɹ.ɹiɔ/
Assamese,/xun.dʊa/
Assamese,/ɡʊm/
Assamese,/dɔ.liʊa/
Assamese,/u.nɔa.xi/
Assamese,/kʊ.dal/
Assamese,/xɛ.zuɹ/
Assamese,/ba.ju/
Assamese,/ɡu.ɡɔl/
Assamese,/zɛtʰ/
Assamese,/nam ka.ɹʱa/
Assamese,/laɪkʰ.ũta/
Assamese,/xi.kɔ.lia/
Assamese,/ɹud.ɹakʰ/
Assamese,/zɔlpe/
Assamese,/baŋ.kɛk/
Assamese,/dɹoʊ.pɔ.di/
Assamese,/xʊz.ka.ɦa/
Assamese,/bɔɹ.nɔ.ma.la/
Assamese,/bʊ.paɪ/
Assamese,/aŋ.ɡaɹ/
Assamese,/aɡ/
Assamese,/ɔ.nu.ba.dɔk/
Assamese,/za.du/
Assamese,/sɛ.pa/
Assamese,/su.pʰi/
Assamese,/kʰa.ta/
Assamese,/pʰi.ŋa/
Assamese,/si.ɹi.lɔŋ.ka/
Assamese,/ta.mi.ɡʱɔ.ɹa/
Assamese,/tɔt.ttɔ/
Assamese,/sɛs.ta/
Assamese,/kʰu.ɹa/
Assamese,/si.ɹia.kʰa.na/
Assamese,/kʊ.ɹʊk/
Assamese,/ãtʰua/
Assamese,/piaʱ/
Assamese,/xãt/
Assamese,/zãp/
Assamese,/ɦa.na/
Assamese,/su.ɹia/
Assamese,/a.zi/
Assamese,/di.tʰɔk/
Assamese,/xi.ɹʊa/
Assamese,/pɔ̃i.ta/
Assamese,/kʊn/
Assamese,/bɔ.ɹɔɦ/
Assamese,/ɹaj/
Assamese,/sãd/
Assamese,/na.sa/
Assamese,/mɛɦ/
Assamese,/a.ɡʱʊn/
Assamese,/taɪ/
Assamese,/bʱoʊ bʱoʊ/
Assamese,/bʱɔ.taɹ/
Assamese,/ɔ.loɪ/
Assamese,/pi.ti.ka/
Assamese,/al/
Assamese,/ɔ.zut/
Assamese,/mɔɪ tʊ.mak bɛa paʊ̃/
Assamese,/kɛ.tia/
Assamese,/a.dʱi.pɔɪt.tɔ/
Assamese,/ɡu.sa/
Assamese,/si.ti.ka/
Assamese,/pu.ni/
Assamese,/kʰul/
Assamese,/mɔ.ɦa/
Assamese,/dʱum.kɛ.tu/
Assamese,/bʱɛk/
Assamese,/buɾ.ɦa/
Assamese,/at.xɔs.tʰi/
Assamese,/kʰud/
Assamese,/ɡua/
Assamese,/bɔ.ɦi.kʰʊa/
Assamese,/zɔ.ɡa/
Assamese,/lʊk/
Assamese,/ɡa.xiɹ/
Assamese,/bɔ.ɦɔl/
Assamese,/zɔ.xɔ.la/
Assamese,/bʱaluk/
Assamese,/xu.bi.dʱa/
Assamese,/ku.kuɹ.nɛ.sia baɡɦ/
Assamese,/bat/
Assamese,/bɔ.sa/
Assamese,/moʊ/
Assamese,/kek/
Assamese,/zɔ.ɡɔn.natʰ/
Assamese,/mɛ.tʰʊn/
Assamese,/ɸan/
Assamese,/kʰaɪ tɛl/
Assamese,/ɛkɔnaɛɔk/
Assamese,/tu.la.pat/
Assamese,/zʊ.xa/
Assamese,/ma.zu bɔn.dʱɔ.ni/
Assamese,/xɔ.pan/
Assamese,/nɛul/
Assamese,/zaʊ̃/
Assamese,/pẽpa/
Assamese,/kintu/
Assamese,/ka.kɔ.ti/
Assamese,/li.su/
Assamese,[sɔsma]
Assamese,/bi.la/
Assamese,/dim/
Assamese,/ka.ɦa/
Assamese,/di.mɔ.ɹu/
Assamese,/bɔ.ɡɔ.ɹi/
Assamese,/ɡɔl/
Assamese,/ɦa.ɹa/
Assamese,/bian.nɔb.boɪ/
Assamese,/sɔj/
Assamese,/sʊ.bʊa/
Assamese,/niz/
Assamese,/ãkʊal/
Assamese,/u.ɡaɹ maɹ/
Assamese,/sʊ.tal/
Assamese,/pa.ɹa/
Assamese,/ɔ.ɹɔ.ka/
Assamese,/dʊaɹ/
Assamese,/akoː/
Assamese,/kʰʊa/
Assamese,/xol/
Assamese,/dʱɔ/
Assamese,/a.ŋaɹ/
Assamese,/za.ti/
Assamese,/kɔ.ɹa/
Assamese,/tʰũtɔ.ɹi/
Assamese,/kʰʊ̃t/
Assamese,/ʊ.lʊ.ta/
Assamese,/mɔ.ɹa.tʰa.ɹi/
Assamese,/a.pʰiŋ/
Assamese,/moɹa/
Assamese,/bʱɔ.ɦa/
Assamese,/ɦa.ɡɔ.ni/
Assamese,/ba.ɡi.sa/
Assamese,/bʱẽt/
Assamese,/u.tɔl/
Assamese,/kola/
Assamese,/tʰap/
Assamese,/sɔ.lɔs.sit.ɹɔ/
Assamese,/ki.lip/
Assamese,/ˈka.puɾ/
Assamese,/kʰɔ.zua/
Assamese,/ɡu.ɹi/
Assamese,/ɔɪn.nɔ/
Assamese,/ɡʱiu/
Assamese,/baʱ/
Assamese,/baɪ.sɔn/
Assamese,/pa.ɡu.ɹi/
Assamese,/pʰi.ɹi.ŋɔ.ti/
Assamese,/bʱʊk lɔ.ɡa/
Assamese,/kʰan.sa.ma/
Assamese,/ba.nan/
Assamese,/bʱɔ.ɡʊa/
Assamese,/za.nʊ.baɹ/
Assamese,/kʰa/
Assamese,/tuɹ tuɹ/
Assamese,/bi.lɛ.ti ba.ŋa.na/
Assamese,/pɔ.sɔn/
Assamese,/ki.la.ku.ti/
Assamese,/akɔː/
Assamese,/pɔ.ka/
Assamese,/xu.ɹa/
Assamese,/ɔɪb.bʱax/
Assamese,/kɔ.ma/
Assamese,/ʊ.lʊ.ma/
Assamese,/ɦẽsa/
Assamese,/da.du.ɹi/
Assamese,/lɛ.dʱa/
Assamese,/kɔm.bɔl/
Assamese,/mɔɪ.na/
Assamese,/bʱɔ.ɹʊa/
Assamese,/nɔ.ɡɔɹ/
Assamese,/ɡɔ.ɦɔ.na/
Assamese,/kas.taɹ/
Assamese,/lɛ.ɦɛm/
Assamese,/sʊ.ɹaŋ.sʊa/
Assamese,/pʊ.sak/
Assamese,/kɔ.ɹaɪ/
Assamese,/sa.bi/
Assamese,/daɪ.ni/
Assamese,/kɔ.mɔ.la ɡa.ɦɔ.ɹi/
Assamese,/ɦa.lʊa/
Assamese,/na.ɦɔɹ.pʰu.tu.ki/
Assamese,/xɔun.dɔɪɹ.ɹɔ/
Assamese,/kũz/
Assamese,/ɹam.dʱɛ.nu/
Assamese,/a.waz/
Assamese,/bʱin/
Assamese,/ɦa.kim/
Assamese,/pʰu.lɔ.ni.ba.ɹi/
Assamese,/ku.ɦum.kãta/
Assamese,/u.ma/
Assamese,/kɔ̃ki.la/
Assamese,/soʊ.bis/
Assamese,/ɛʊɾa/
Assamese,/ti.ɹa.xi/
Assamese,/ɹas.tɹɔ.pɔ.ti/
Assamese,/kɔ.loʊ/
Assamese,/kɛʊ/
Assamese,/a.taʱ/
Assamese,/pɔ.nɔ.ɹu/
Assamese,/xa.muk/
Assamese,/bɔ.ɡa/
Assamese,/tɛ.tia/
Assamese,/pʰɔ.ɹi.ŋa/
Assamese,/bʱa.ɡɔɹ/
Assamese,/xɔ.kɔ.lʊt.kɛ/
Assamese,/mʊ.za/
Assamese,/ɛ.di/
Assamese,/ɹi.ɦa/
Assamese,/za.muk/
Assamese,/ɡʱẽɦu/
Assamese,/si.na.ki/
Assamese,/dʱak/
Assamese,/ba.xɔt.tɔɹ/
Assamese,/sɔː.bɔt/
Assamese,/pɔ.ka tɛl/
Assamese,/ɔm.lɔ.zan/
Assamese,/ɡʊɦ.ãi/
Assamese,/kap/
Assamese,/bis.oni/
Assamese,/mɔɹ/
Assamese,/ni.naʊ/
Assamese,/e/
Assamese,/diʊa/
Assamese,/bʊa/
Assamese,/lʊn/
Assamese,/ɡʊa/
Assamese,/aŋ/
Assamese,/sɹɔd.dʱa/
Assamese,/ʊ.la/
Assamese,/kẽkʊ/
Assamese,/ɡʱɔ.nɔt.tɔ/
Assamese,/na.maz/
Assamese,/pua/
Assamese,/xʊz.ka.ɹa/
Assamese,/mɔ.ni.puɹ/
Assamese,/ɹa.zɔ.put/
Assamese,/zap/
Assamese,/ɡan.dʱɔ.bi.ɹi.na/
Assamese,/zi/
Assamese,/biid.da.lɔj/
Assamese,/ɡãtʰi/
Assamese,/ɡʱa.mɔ.si/
Assamese,/ãkʊa.li dʱɔɹ/
Assamese,/ɹʊ.za/
Assamese,/xɔ.ɹa/
Assamese,/kẽɦa/
Assamese,/sɔ.kɔ.ɹa/
Assamese,/kup.ɔti/
Assamese,/ta.ka/
Assamese,/a.ɡɔ.tia.koɪ/
Assamese,/zui/
Assamese,/ɦɛ.ɹua/
Assamese,/kɛ.ɹɛ.la/
Assamese,/ma.tʰa/
Assamese,/pɔ.tʰaɹ/
Assamese,/tɔ.bɔ.la/
Assamese,/kʰɛʊ/
Assamese,/kʊ.ɹʊ.ka/
Assamese,/ɔ.kɔl/
Assamese,/ka.nu/
Assamese,/bɔn.dʱɔ kɔɹ/
Assamese,/af.sʊs/
Assamese,/u.tɔ.nua/
Assamese,/xɔ.ɹɔ.si/
Assamese,/ka.mi.ɦaɹ/
Assamese,/bʱa.ɡa/
Assamese,/ʊs.tad/
Assamese,/ɛ.ɹʊa/
Assamese,/bɦɔu.mɔ/
Assamese,/zɔ.ɹi.ɡɔs/
Assamese,/tuɹ tu.ɹa/
Assamese,/kʰɔt.kʰɔ.ti/
Assamese,/a.mi/
Assamese,/ló.ɹa.sʊa.li/
Assamese,/ka.ɡɔz/
Assamese,/iʱ/
Assamese,/dɔɹ.za/
Assamese,/kãkɔ.ɹa/
Assamese,/zɔn.tu/
Assamese,/ma.tʰʊn/
Assamese,/ba.ɦi.ɹɛ/
Assamese,/pɛ.ŋuin/
Assamese,/za.na/
Assamese,/iu.ɹʊp/
Assamese,/nɔ.ni/
Assamese,/muɹ/
Assamese,/tɔm.tɔm/
Assamese,/bi.ɹiŋ/
Assamese,/ãɦɔt/
Assamese,/a.ŋu.liaɪ dɛ/
Assamese,/tɔɹ.muz/
Assamese,/lɛ.tɛ.ɹa/
Assamese,/diɡ/
Assamese,/xiɹ/
Assamese,/ɡɔ.ma/
Assamese,/kɛ.ɹɛ.lua/
Assamese,/tʱɔ/
Assamese,/laɡ/
Assamese,/zu.la/
Assamese,/tʊ.ma.lʊk/
Assamese,/kaɹxana/
Assamese,/dʊat/
Assamese,/pan.da bʱa.luk/
Assamese,/a.ɡɔ.tɛ/
Assamese,/niŋ.ni/
Assamese,/kũɦiaɹ/
Assamese,/ɔ.za.ni.tɛ/
Assamese,/xat/
Assamese,/xu.kuɹ.baɹ/
Assamese,/naʊ/
Assamese,/fɔ.sɔl/
Assamese,/ma.na/
Assamese,/dus.ɹa/
Assamese,/a.xɔɹ/
Assamese,/xu.kan/
Assamese,/bi.la.ɦi/
Assamese,/a.zan/
Assamese,/tɔl/
Assamese,/iu.zaɹ/
Assamese,/bi.xʊa/
Assamese,/pɔʴɦʊa/
Assamese,/dãɹa/
Assamese,/kin/
Assamese,/dɔ.pʰa/
Assamese,/xɔ.lɔ.ni ɦɔ/
Assamese,/mɔ.ɹɔm.-lɔ.ɡa/
Assamese,/kus.kus/
Assamese,/pɔ.tʰiʊa/
Assamese,/pani kauɹi/
Assamese,/pi.pɔː/
Assamese,/kʰɔ.ɹi/
Assamese,/kʰaz/
Assamese,/nu.mu.ːa/
Assamese,/iː/
Assamese,/bɛ.zaɹ/
Assamese,/zaɹ/
Assamese,/njun/
Assamese,/buɾ.ɦi/
Assamese,/mau.ɦɛi/
Assamese,/xi.za/
Assamese,/u.mɔ.ni/
Assamese,/kuim.ma/
Assamese,/ba.sɔn/
Assamese,/ɹaŋ.dʱa.li/
Assamese,/ziɔn/
Assamese,/ɛ.wa ɡa.kʰiɹ/
Assamese,/baɔn/
Assamese,/tʰaɪlɛnd/
Assamese,/xi.man/
Assamese,/dʱa.pɔ.li.ka/
Assamese,/moɪtʰ.pʰɔl/
Assamese,/a.li/
Assamese,/zɔ.ɹi/
Assamese,/bʱũi-.za.luk/
Assamese,/ɔ.zɔ.ɡɔɹ xap/
Assamese,/pu.ɹɔ.ni/
Assamese,/xɔ.ɹɔs.sɔ.ti/
Assamese,/keɪ/
Assamese,/ɡʱɔn.ta/
Assamese,/ɹɔ.ŋa.laʊ/
Assamese,/xi.kʊʊa/
Assamese,/mɔ.ɡɔ.zu/
Assamese,[dɔɪ]
Assamese,/di.ɡʱɔl ɦʊa/
Assamese,/su.ti ɦʊa/
Assamese,[ɡazɔʴ]
Assamese,/ɔ̃/
Assamese,/katʰ.pʰu.la/
Assamese,/akɔʊ/
Assamese,/sɔ.lʊa/
Assamese,[dʱɔnu]
Assamese,/lɔ.ɹa/
Assamese,/mɔjuɹ/
Assamese,/sa.dʱi.nɔ.ta/
Assamese,/tʰɛŋ/
Assamese,/nɔ.mʊa/
Assamese,/bi.sa/
Assamese,/ɡau/
Assamese,/xi.ɦɔ̃t/
Assamese,/sip/
Assamese,/za.ɡa/
Assamese,/ɦa.ɡa/
Assamese,/mɔn.ti/
Assamese,/ma.ɦi/
Assamese,/xu.ŋa/
Assamese,/lɔ.ɡʱʊn/
Assamese,/za.xʰe/
Assamese,/taʊ/
Assamese,/ɛ.xɔɦ/
Assamese,/zi.βa.nu/
Assamese,/bʱal.koɪ/
Assamese,/pɔ.tʰʊa/
Assamese,/be.si/
Assamese,/a.ŋu.li/
Assamese,/ɛ.ɹa/
Assamese,/ɦoɪ zʊa/
Assamese,/pɔ.kʊa/
Assamese,/kɔm.la/
Assamese,/ta.ɹikʰ/
Assamese,/dɔɹ.xas.tɔ/
Assamese,/ɡʱau/
Assamese,/ka.kɔt/
Assamese,/ãuz/
Assamese,/zãi.pʰɔl/
Assamese,/zi.ba.nu/
Assamese,/ud.dʊɡ/
Assamese,/ɛ.xi.ŋia ɡɔ̃ɹ/
Assamese,/xa.dʱu kɔ.tʰa/
Assamese,/ãtɔ.kal/
Assamese,/kɔɦ/
Assamese,/bʱɔ/
Assamese,/at/
Assamese,/u.ka/
Assamese,/sɔéa.xi/
Assamese,/si.ti.kʊa/
Assamese,/bʱãɹ/
Assamese,/mʊ.maɪ/
Assamese,/pʰɔl/
Assamese,/ɹandʱa/
Assamese,/bʱi.zʊa/
Assamese,/xʊ̃.pʰal/
Assamese,/na.ɦɔɹ/
Assamese,/mɔ.dɔt/
Assamese,/kiː/
Assamese,/ɔ.zɔ.ɡɔɹ/
Assamese,/ɛ.ɹɛ/
Assamese,/ɡu.ɦa/
Assamese,/u.kil/
Assamese,[ʊlɔndaz]
Assamese,/ki.su.man/
Assamese,/daɔt/
Assamese,/zʊkʰ/
Assamese,/zʊ.̃aɪ/
Assamese,/tʰa.kuɹ/
Assamese,/kɔl.dil/
Assamese,/tʰiɹ/
Assamese,/sʊɸa/
Assamese,/pi.sɔ.la/
Assamese,/ti.mi mas/
Assamese,/óm.ɹi.ta/
Assamese,/ɡu.lɔ.pia/
Assamese,/bi.na/
Assamese,/kɔl pɔ.sɔ.la/
Assamese,/dɛ.ka/
Assamese,[bʱẽˈkuli]
Assamese,/zab.ɹaŋ/
Assamese,/mɔs.tɔ/
Assamese,[mɔʊ.maxi]
Assamese,/kʰɔɹ/
Assamese,/li/
Assamese,/ti.ta/
Assamese,/dal xɔ.lia/
Assamese,/xɔ.sɔ.ɹa/
Assamese,/pu.tʰibʱ.ɔ̃ɹal/
Assamese,/kɔ.ta/
Assamese,/ba.ɹi.xa/
Assamese,/ɔ.xɔm/
Assamese,/ma.kʊ/
Assamese,/sɔ.na/
Assamese,/kʊk.lʊ.ŋa/
Assamese,/xɔɹ/
Assamese,/bikɹi kɒɹ/
Assamese,/ba.mi/
Assamese,/sɔ.kʊa/
Assamese,/aɪ.na/
Assamese,/kʰɔ.sɔ.ɹa/
Assamese,/bi.ɦan/
Assamese,/nɔb.boɪ/
Assamese,/moʊ.sak/
Assamese,/za.ɹi/
Assamese,/zɛ.tʰa/
Assamese,/mʊ.baɪl/
Assamese,/ɡɔ̃ɹal/
Assamese,/sʊfa/
Assamese,/buku/
Assamese,/ɔ.ta/
Assamese,/mɔjuɹi/
Assamese,/id.ʑɔt/
Assamese,/sa.la/
Assamese,/ɹɔ.ŋa/
Assamese,/dɔɦ ɦɛ.zaɹ/
Assamese,/pʊal/
Assamese,/ka.ɹa/
Assamese,/zʊ.kʰa/
Assamese,/bis.sɔ/
Assamese,/xuɔ.ni/
Assamese,/kʰund/
Assamese,/kẽkʊ.xap/
Assamese,/mʊn/
Assamese,/xoɪ.tɛ/
Assamese,/pʊ.ɦaɹ/
Assamese,/dʱat.ɹi/
Assamese,/dauk/
Assamese,/ɛ.kʊ/
Assamese,/xɔ.ɹiɔʱ.tɛl/
Assamese,/ʊm/
Assamese,/a.mɔɹ.olia ɦãɦ/
Assamese,/xɔ.zu.ːa/
Assamese,/xi.kɔ.li/
Assamese,/lu.tʰu.ɹi/
Assamese,/ki.su/
Assamese,/xɔ.ni.baɹ/
Assamese,/bi.sɔ.ɹa/
Assamese,/ó.mi.ta/
Assamese,/di.ɡʱɔl kɔ.ɹa/
Assamese,/poɪ.nɔt/
Assamese,/sãsi.bɔ/
Assamese,/sun/
Assamese,/kũɔ.ɹi/
Assamese,/ɡɔ.ɹaʱ/
Assamese,[ɔɪd.bʱaˣ]
Assamese,/xu.maɪ dia/
Assamese,/tʰa.li/
Assamese,/ãs/
Assamese,/nɛ.za.nʊ/
Assamese,/zʊn.baɪ/
Assamese,/sʊ.ɹaŋ bɔ.zaɹ/
Assamese,/saz/
Assamese,/ni.mɔx/
Assamese,/bi.sa.ɹa/
Assamese,/mɔ.za/
Assamese,/texɛt/
Assamese,/sɔ.ʊɔn/
Assamese,/xɔ.na/
Assamese,/ba/
Assamese,/ɛ.nɛ.koɪ/
Assamese,/lɔ.ta.mɛ.ku.ɹi/
Assamese,/kʊla/
Assamese,/ĩjo/
Assamese,/za.luk/
Assamese,/kʰun.dɔ.ni/
Assamese,/na.ŋɔl/
Assamese,/ɔ.nu.zi.bɔ/
Assamese,/tãti.ni/
Assamese,/pɔ.ɹua/
Assamese,/a.taɪt.kɛ/
Assamese,/xuin.nɔ/
Assamese,/zɔl.faɪ/
Assamese,/taɪɹ/
Assamese,/maŋxɔ/
Assamese,/xu.kia/
Assamese,/xũti/
Assamese,/si.lɔ.tʰia na.ɡɔ.ɹi/
Assamese,/sa.bas/
Assamese,/βɔ/
Assamese,/xɔ.dɔɹ/
Assamese,/ɡãʊ/
Assamese,/xat.xɔs.tʰi/
Assamese,/du/
Assamese,/tʰum/
Assamese,/ɡʊt/
Assamese,/bʱa.luk.-mɔ.kɔ.ɹa/
Assamese,/ɦãtʰ/
Assamese,/dʊŋ/
Assamese,/ɡʱɔɹ/
Assamese,/xiʱ.ɔ̃tɔɹ/
Assamese,/a.tʰan.nɔb.boɪ/
Assamese,/pɔ.nia/
Assamese,/al.ma.ɹi/
Assamese,/xʊ.na.ɹi/
Assamese,[suli]
Assamese,/bɔ.lat.kaɹ/
Assamese,/u.ɹɔ.ɦi/
Assamese,/ɹik.sa/
Assamese,/at.sɔl.lis/
Assamese,/-ɔɹ ba.ɦi.ɹɛ/
Assamese,/ɔ.bʱab/
Assamese,/un.tɹis/
Assamese,/pʊa.li/
Assamese,/zɔl.pʰaɪ/
Assamese,/pʰɛu.ɹa/
Assamese,/ni.la/
Assamese,/a.ŋu.tʰi/
Assamese,/ba.kɔs/
Assamese,/bolɔk/
Assamese,/pʰɔ.tʊ/
Assamese,/ɡãɹi/
Assamese,/ɡa.ɹi/
Assamese,/bɔ/
Assamese,/aʊ/
Assamese,/ɡʊte/
Assamese,[dʱɔrmɔ]
Assamese,/sɔéan.nɔb.boɪ/
Assamese,/kɔɪ.na/
Assamese,/kʰetiɔk/
Assamese,/ɡɔ/
Assamese,/laʊ.kʰʊ.la/
Assamese,/bɔ.ɹɔ.dɛu.ta/
Assamese,/kʰɔt/
Assamese,/a.ɦa/
Assamese,/oʊ/
Assamese,/xud/
Assamese,/mɔn.tɹɔ/
Assamese,/ta.ɡid/
Assamese,/mɔ.ɹa.pat/
Assamese,/pa.li/
Assamese,/nɛ.pal/
Assamese,/ɹɔtʰ/
Assamese,/-a.koɪ/
Assamese,/ɔitidʑɔ/
Assamese,/ãʱ/
Assamese,/sɔ.mu/
Assamese,/saé.na/
Assamese,/ma.nɛ/
Assamese,/kɔm/
Assamese,/moɹa sa.li/
Assamese,/tɔɪ/
Assamese,/tʊ.pɔ.ni/
Assamese,/di.tiɔ/
Assamese,/ʊ.ɹɔ.ni/
Assamese,/bʱal lɔ.ɡa/
Assamese,/ɡu.dam/
Assamese,/kʰɔŋ utʰ/
Assamese,/kax.lɔ.ti/
Assamese,/is.lam/
Assamese,/sand/
Assamese,/su/
Assamese,/mu.si/
Assamese,/akaʰ/
Assamese,/ta.za/
Assamese,/paxi/
Assamese,/xɔt.tɔɹ/
Assamese,/sɔ.ku.lʊ/
Assamese,/xaʊn/
Assamese,/kʰa.ɡɔ.ɹi/
Assamese,/ãka/
Assamese,/ɹaɪd.ʑɔ/
Assamese,/zu.pu.ɹi/
Assamese,/ɹɔ.xa/
Assamese,/ɹɔ.ɦɔn/
Assamese,/pɛl/
Assamese,/si.kit.sɔk/
Assamese,/ni.ki/
Assamese,/lu.tiʊa/
Assamese,/daː/
Assamese,/ɡa.bʱi.ni/
Assamese,/bi.ɹiŋ ɡu.ti/
Assamese,/ku.ɦum.bu.lia/
Assamese,/pu.toʊ/
Assamese,/bia kɔ.ɹa/
Assamese,/la.zu.ki ban.dɔɹ/
Assamese,/a.lu/
Assamese,/ɡɛ.siɔ/
Assamese,/kɛɹ.kɛ.tua/
Assamese,/u.nɔ.nɔb.boɪ/
Assamese,/laʊ.xʊ.la/
Assamese,/pʰu.la/
Assamese,/pɛ.ɹa/
Assamese,/kóɹ.bat/
Assamese,/xɛ.wal/
Assamese,/ɹɔ.bʱa/
Assamese,/dʱwɔz/
Assamese,/tɔ.tʰa/
Assamese,/mi.tiɹ/
Assamese,/bʱal la.ɡa/
Assamese,/kɛ.salo/
Assamese,/u.kaʱ/
Assamese,/kʰɛp/
Assamese,/sa.ɡɔ.li/
Assamese,/zũz/
Assamese,/tʰan/
Assamese,/zak/
Assamese,/ŋɔ/
Assamese,/xɔ.tɛz/
Assamese,/ka.ni/
Assamese,/sa.pɔɹ/
Assamese,/an.daz/
Assamese,/bu.ɹi/
Assamese,/lab/
Assamese,/pʰul/
Assamese,/ma.mɔɹ/
Assamese,/bʱa.ɹɔt/
Assamese,/ɛk ɔ.zut/
Assamese,/xɔ.ɦʊ.dɔɹ/
Assamese,/zãtmil/
Assamese,/ɔ.si.na.ki/
Assamese,/bisɔna/
Assamese,/kɔ.ni/
Assamese,/kʰɔ.zuɔ.ti/
Assamese,/tʰʊk/
Assamese,/ni.zut/
Assamese,/ɛɹ/
Assamese,/kũza/
Assamese,/di.ɡʱɔ.lʊa/
Assamese,/a.ɡɔt/
Assamese,/sot/
Assamese,/zot/
Assamese,/aɹ.si/
Assamese,/sũwɔ.ɹi ɡaɪ/
Assamese,/xɔn/
Assamese,/ɡaɦoɹi/
Assamese,/but/
Assamese,/ta.lɔɪb.bɔ/
Assamese,/pa.nik.ẽsua/
Assamese,/kũza ti.mi/
Assamese,/ɛ.ɹal/
Assamese,/pɔ.tʰa/
Assamese,/mɔ/
Assamese,/kʰal/
Assamese,/am.mi/
Assamese,/kʰɔ.zu.li/
Assamese,/xisa/
Assamese,/mɛʊ.nɪz/
Assamese,/paʊn/
Assamese,/sɔ.mu.kɛ/
Assamese,/ɔ.ka.pi/
Assamese,/zi.ɹa/
Assamese,/pɔnzaᵇ/
Assamese,/ka.dʊ/
Assamese,/zɛ.ɡa/
Assamese,/xi.ɦu/
Assamese,/zʊ.ɡʊa/
Assamese,/ni.zɛ ni.zɛ/
Assamese,[bɔza]
Assamese,/kaŋ.ka.ɹa/
Assamese,/ɦikɔ.ti/
Assamese,/xi.kɔɹ/
Assamese,/xa.ɦu/
