Central Atlas Tamazight,[mæ̝n̪θu̞r]
Central Atlas Tamazight,[ɑmɑðˤɑ̝l]
Central Atlas Tamazight,/arw/
Central Atlas Tamazight,[æ̝slm̩]
Central Atlas Tamazight,/aɡama/
Central Atlas Tamazight,[zwɪ̙̞ʁ]
Central Atlas Tamazight,/nəɣd/
Central Atlas Tamazight,/tasldˤt/
Central Atlas Tamazight,[lɑ̝zˤ]
Central Atlas Tamazight,[ɪ̙̞χf]
Central Atlas Tamazight,[u̞ʒði̞ð]
Central Atlas Tamazight,[ħʊ̙ðˤr̩ˤ]
Central Atlas Tamazight,/tiɡnzar/
Central Atlas Tamazight,[umu̞m]
Central Atlas Tamazight,[βr̩ʃm̩]
Central Atlas Tamazight,[rːm̩lɑ]
Central Atlas Tamazight,[n̪̩]
Central Atlas Tamazight,[sl̩(ː)]
Central Atlas Tamazight,[æzu̞l]
Central Atlas Tamazight,[ʒm̩ːəð]
Central Atlas Tamazight,[θæfun̪æ̝sθ]
Central Atlas Tamazight,[æ̝ʝðu̞ð]
Central Atlas Tamazight,[qɑ̝ħ]
Central Atlas Tamazight,/brrħ/
Central Atlas Tamazight,/nukkni/
Central Atlas Tamazight,/sħu/
Central Atlas Tamazight,[i(ʝ)l̩ʝi̞z]
Central Atlas Tamazight,[æsi]
Central Atlas Tamazight,/umaziɣ/
Central Atlas Tamazight,[sl̩]
Central Atlas Tamazight,[ɑ̝χ]
Central Atlas Tamazight,[ði̞(j)]
Central Atlas Tamazight,[æli̞(j)]
Central Atlas Tamazight,/ndˤl/
Central Atlas Tamazight,[çrəf]
Central Atlas Tamazight,[æ̝n̪zæ̝r]
Central Atlas Tamazight,/qqim/
Central Atlas Tamazight,[θin̪æ̝wθ]
Central Atlas Tamazight,[θæfu̞çθ]
Central Atlas Tamazight,[æməqːræ̝n̪]
Central Atlas Tamazight,/rku/
Central Atlas Tamazight,[fəʃ]
Central Atlas Tamazight,[qr̩ːəβ]
Central Atlas Tamazight,[æ̝ʝði]
Central Atlas Tamazight,/sdˤis/
Central Atlas Tamazight,[n̪ːi̞l]
Central Atlas Tamazight,/ʕddu/
Central Atlas Tamazight,/amkkuzˤ/
Central Atlas Tamazight,/stitt/
Central Atlas Tamazight,/kradˤ/
Central Atlas Tamazight,/taħbubt/
Central Atlas Tamazight,[æzi̞(ʝ)zɑ]
Central Atlas Tamazight,[ɪ̙̞ʕβæ̝n̪(ː)]
Central Atlas Tamazight,/taduwwart/
Central Atlas Tamazight,[mːəθ]
Central Atlas Tamazight,[ju̞n̪]
Central Atlas Tamazight,/amdˤuwr/
Central Atlas Tamazight,[məʁ]
Central Atlas Tamazight,[æm-]
Central Atlas Tamazight,/jax/
Central Atlas Tamazight,[æ̝θfl̩]
Central Atlas Tamazight,/azɡzaw/
Central Atlas Tamazight,[θu̞rðɑ]
Central Atlas Tamazight,[jɑ̝χ]
Central Atlas Tamazight,/asif/
Central Atlas Tamazight,/mimk/
Central Atlas Tamazight,/ja/
Central Atlas Tamazight,[θæ- -θ]
Central Atlas Tamazight,[zʊ̙̞ʁːr̩]
Central Atlas Tamazight,[æβr̩çæ̝n̪]
Central Atlas Tamazight,/ʕ/
Central Atlas Tamazight,/xmmm/
Central Atlas Tamazight,[æ̝n̪ːæ̝j]
Central Atlas Tamazight,/ssird/
Central Atlas Tamazight,[æzəɡʷːɑ̝ʁ]
Central Atlas Tamazight,[æfr̩ði̞s]
Central Atlas Tamazight,/abrdˤudˤ/
Central Atlas Tamazight,/ɡzil/
Central Atlas Tamazight,[æml̩ːæ̝l]
Central Atlas Tamazight,[d͡ʒːβl̩]
Central Atlas Tamazight,/afra/
Central Atlas Tamazight,/tafuʃt/
Central Atlas Tamazight,[æju̞r]
Central Atlas Tamazight,[mri̞(j)]
Central Atlas Tamazight,/taɡda/
Central Atlas Tamazight,[n̪əʁːəd̪(ː)]
Central Atlas Tamazight,[χəf]
Central Atlas Tamazight,/smidˤ/
Central Atlas Tamazight,[θiləɟːwi̞θ]
Central Atlas Tamazight,/tuɣmst/
Central Atlas Tamazight,/aɡʷni/
Central Atlas Tamazight,/ddr/
Central Atlas Tamazight,[θæʝr̩ʒu̞mθ]
Central Atlas Tamazight,/azˤrf/
Central Atlas Tamazight,[æ̝frɑ]
Central Atlas Tamazight,[æmæzɪ̙̞ʁ]
Central Atlas Tamazight,/tifinaɣ/
Central Atlas Tamazight,/amɡərdˤ/
Central Atlas Tamazight,/awnɡim/
Central Atlas Tamazight,/ntta/
Central Atlas Tamazight,/ffɣ/
Central Atlas Tamazight,[æ̝s]
Central Atlas Tamazight,/ixs/
Central Atlas Tamazight,[æ̝lχɪ̙̞χ]
Central Atlas Tamazight,/amllal/
Central Atlas Tamazight,[jæ̝ç]
Central Atlas Tamazight,/sˤ/
Central Atlas Tamazight,[səβʕɑ]
Central Atlas Tamazight,/ɡar/
Central Atlas Tamazight,[ɪ̙̞ʁːəf]
Central Atlas Tamazight,[rʃu]
Central Atlas Tamazight,[mi̞mʃ]
Central Atlas Tamazight,[i̞(j)ði]
Central Atlas Tamazight,/dˤar/
Central Atlas Tamazight,/fsj/
Central Atlas Tamazight,[ɑðˤɑ̝ðˤ]
Central Atlas Tamazight,/taɡlajt/
Central Atlas Tamazight,[æmun̪əsçæ̝l]
Central Atlas Tamazight,/ul/
Central Atlas Tamazight,/jazˤ/
Central Atlas Tamazight,[æbu̞bːu]
Central Atlas Tamazight,/jut/
Central Atlas Tamazight,[θæ̝jːæ̝n̪θ]
Central Atlas Tamazight,[hðr̩]
Central Atlas Tamazight,/juns/
Central Atlas Tamazight,/anzar/
Central Atlas Tamazight,[ət͡ʃ(ː)]
Central Atlas Tamazight,[jɑ̝ʁ]
Central Atlas Tamazight,[qmr̩]
Central Atlas Tamazight,[uzm̩ːu̞r]
Central Atlas Tamazight,[rəβʕɑ]
Central Atlas Tamazight,[ɑβɑ̝bːʊ̙̞zˤ]
Central Atlas Tamazight,[ɑ̝ʁβæ̝ʃ]
Central Atlas Tamazight,[θ- -θ]
Central Atlas Tamazight,/abubbu/
Central Atlas Tamazight,[ʕɑri]
Central Atlas Tamazight,/tasarut/
Central Atlas Tamazight,/ʒʒbl/
Central Atlas Tamazight,/ɣ/
Central Atlas Tamazight,[ʝʒm̩]
Central Atlas Tamazight,[jæ̝θ]
Central Atlas Tamazight,[ʊ̙sˤɪ̙ðˤn̪̩]
Central Atlas Tamazight,[qːɑ̝r]
Central Atlas Tamazight,[d͡ʒːi̞(j)]
Central Atlas Tamazight,[mɑ]
Central Atlas Tamazight,/tafukt/
Central Atlas Tamazight,[ɑ̝χmi̞m]
Central Atlas Tamazight,/adˤar/
Central Atlas Tamazight,/lazˤ/
Central Atlas Tamazight,[ji̞(j)]
Central Atlas Tamazight,/mk/
Central Atlas Tamazight,[ðˤr̩ˤ]
Central Atlas Tamazight,[æfɑ]
Central Atlas Tamazight,/ɣf/
Central Atlas Tamazight,/idˤ/
Central Atlas Tamazight,[æði̞s]
Central Atlas Tamazight,/awraɣ/
Central Atlas Tamazight,/rriʃ/
Central Atlas Tamazight,[mi̞mç]
Central Atlas Tamazight,/dˤuwr/
Central Atlas Tamazight,[jæ̝ʃ]
Central Atlas Tamazight,[rˤzˤɪ̙̞(ʝ)]
Central Atlas Tamazight,[θifin̪ɑ̝ʁ]
Central Atlas Tamazight,[r̩]
Central Atlas Tamazight,[ɑ̝qmu]
Central Atlas Tamazight,/anzˤar/
Central Atlas Tamazight,[jɑ̝rˤ]
Central Atlas Tamazight,[ɟːiði]
Central Atlas Tamazight,/adfl/
Central Atlas Tamazight,/ʃwij/
Central Atlas Tamazight,[zːr̩ːɪ̙̞ʕθ]
Central Atlas Tamazight,/azˤru/
Central Atlas Tamazight,[n̪ət̪ːæ̝θ]
Central Atlas Tamazight,/azˤum/
Central Atlas Tamazight,[θæwæli̞θ]
Central Atlas Tamazight,[æwæ̝l]
Central Atlas Tamazight,/ssudˤ/
Central Atlas Tamazight,[bːi̞(j)]
Central Atlas Tamazight,/taɡrst/
Central Atlas Tamazight,[æ̝çsi̞l]
Central Atlas Tamazight,/aɣ/
Central Atlas Tamazight,/lbħr/
Central Atlas Tamazight,[t̪r̩]
Central Atlas Tamazight,/uxs/
Central Atlas Tamazight,/aɡdˤidˤ/
Central Atlas Tamazight,[isi̞n̪]
Central Atlas Tamazight,[çməz]
Central Atlas Tamazight,[iməs]
Central Atlas Tamazight,[d̪ːu ð]
Central Atlas Tamazight,/adˤadˤ/
Central Atlas Tamazight,[r̩ˤ]
Central Atlas Tamazight,/bddl/
Central Atlas Tamazight,[æsumr̩]
Central Atlas Tamazight,[æ̝zʝəð]
Central Atlas Tamazight,/azririɡ/
Central Atlas Tamazight,/titt/
Central Atlas Tamazight,/mlsiwt/
Central Atlas Tamazight,/idammn/
Central Atlas Tamazight,/sal/
Central Atlas Tamazight,[θæmæzɪ̙̞χθ]
Central Atlas Tamazight,/ɡɡʷd/
Central Atlas Tamazight,/uɡl/
Central Atlas Tamazight,/mrzˤm/
Central Atlas Tamazight,/aqʃaʃ/
Central Atlas Tamazight,/tajri/
Central Atlas Tamazight,[θæ̝lːu̞n̪θ]
Central Atlas Tamazight,/ʃdˤu/
Central Atlas Tamazight,/amaziɣ/
Central Atlas Tamazight,/afssaj/
Central Atlas Tamazight,[æru̞(w)]
Central Atlas Tamazight,[sn̪æ̝θ]
Central Atlas Tamazight,[n̪ihn̪̩θi]
Central Atlas Tamazight,[ɑqr̩ˤːʊ̙]
Central Atlas Tamazight,[æsəɡʷːæ̝s]
Central Atlas Tamazight,/amunskal/
Central Atlas Tamazight,[əχf]
Central Atlas Tamazight,[-æ̝n̪]
Central Atlas Tamazight,[ʁɑ̝r]
Central Atlas Tamazight,/tasnilst/
Central Atlas Tamazight,[rːi̞ʃ]
Central Atlas Tamazight,[ʁzi̞f]
Central Atlas Tamazight,[wæ̝rʝɑ]
Central Atlas Tamazight,/-n/
Central Atlas Tamazight,/aɡdud/
Central Atlas Tamazight,[usm̩]
Central Atlas Tamazight,[rçu]
Central Atlas Tamazight,/amɣribi/
Central Atlas Tamazight,[θæ̝t͡ʃːl̩θ]
Central Atlas Tamazight,/ɡ/
Central Atlas Tamazight,[d̪ːr̩]
Central Atlas Tamazight,[ɑβɑ̝bːʊ̙̞zˤ æræ̝s]
Central Atlas Tamazight,[sθi̞l]
Central Atlas Tamazight,[ɑ̝χli̞d͡ʒ(ː)]
Central Atlas Tamazight,/urd/
Central Atlas Tamazight,[isi̞(ʝ)n̪u̞(w)]
Central Atlas Tamazight,/timidˤi/
Central Atlas Tamazight,[cːr̩]
Central Atlas Tamazight,[æ̝l(ː)]
Central Atlas Tamazight,[t̪ˤəsˤ]
Central Atlas Tamazight,[ɑzˤʊ̙̞m]
Central Atlas Tamazight,[t̪ˤɪ̙̞t̪ˤ(ː)]
Central Atlas Tamazight,[jun̪əs]
Central Atlas Tamazight,[uləθ]
Central Atlas Tamazight,/brʃm/
Central Atlas Tamazight,/imi/
Central Atlas Tamazight,[ju̞r]
Central Atlas Tamazight,[çrˤɑ̝ðˤ]
Central Atlas Tamazight,[m-]
Central Atlas Tamazight,/qmr/
Central Atlas Tamazight,/jan/
Central Atlas Tamazight,/zur/
Central Atlas Tamazight,[æ̝d̪ːæ̝ð æmæru̞z]
Central Atlas Tamazight,[u̞r]
Central Atlas Tamazight,/asj/
Central Atlas Tamazight,/tnzzut/
Central Atlas Tamazight,/mmɣ/
Central Atlas Tamazight,[æmælu]
Central Atlas Tamazight,/zˤzˤaɡ/
Central Atlas Tamazight,/tsʕud/
Central Atlas Tamazight,/asklu/
Central Atlas Tamazight,/jaħ/
Central Atlas Tamazight,[θu̞sn̪æ̝çθ]
Central Atlas Tamazight,/alaɣmu/
Central Atlas Tamazight,/bʕd/
Central Atlas Tamazight,[jæ̝s]
Central Atlas Tamazight,/k/
Central Atlas Tamazight,/ħudˤr/
Central Atlas Tamazight,/ajis amaziɣ/
Central Atlas Tamazight,/jah/
Central Atlas Tamazight,/tamzˤla/
Central Atlas Tamazight,[jæ̝n̪]
Central Atlas Tamazight,[ɪ̙zˤɪ̙̞l]
Central Atlas Tamazight,/mja/
Central Atlas Tamazight,/mrˤzˤm/
Central Atlas Tamazight,[æ̝wræ̝s]
Central Atlas Tamazight,/nniɡ/
Central Atlas Tamazight,/aksil/
Central Atlas Tamazight,[i]
Central Atlas Tamazight,[qːn̪̩]
Central Atlas Tamazight,[l̩]
Central Atlas Tamazight,[ɪ̙̞ʁːəð]
Central Atlas Tamazight,/taxxujt/
Central Atlas Tamazight,/iɣs/
Central Atlas Tamazight,[fsi̞(j)]
Central Atlas Tamazight,[ilm̩]
Central Atlas Tamazight,/umlil/
Central Atlas Tamazight,[-n̪θ]
Central Atlas Tamazight,[i-]
Central Atlas Tamazight,/ʒmmd/
Central Atlas Tamazight,[æ̝rʝæ̝n̪]
Central Atlas Tamazight,[ðæ̝ð]
Central Atlas Tamazight,[rəbːɑ]
Central Atlas Tamazight,/tuɡa/
Central Atlas Tamazight,[ɑ̝ʁ … ʃɑ]
Central Atlas Tamazight,/ħnji/
Central Atlas Tamazight,[æsi̞(j)]
Central Atlas Tamazight,/tizizwit/
Central Atlas Tamazight,[jɑ̝ðˤ]
Central Atlas Tamazight,[ʕɑwn̪̩]
Central Atlas Tamazight,[əðˤ]
Central Atlas Tamazight,/iɡr/
Central Atlas Tamazight,[ʃəɟ(ː)]
Central Atlas Tamazight,[çn̪i̞n̪θi]
Central Atlas Tamazight,/titˤtˤ/
Central Atlas Tamazight,[θæðu̞n̪θ]
Central Atlas Tamazight,/isin/
Central Atlas Tamazight,[θɑ̝ħβu̞fθ]
Central Atlas Tamazight,/aqmu/
Central Atlas Tamazight,/ʃʃ/
Central Atlas Tamazight,/skn/
Central Atlas Tamazight,/jal/
Central Atlas Tamazight,[sət̪ːɑ]
Central Atlas Tamazight,/ttr/
Central Atlas Tamazight,/amɣɣran/
Central Atlas Tamazight,[sm̩ːu̞s]
Central Atlas Tamazight,[æʃæ̝l]
Central Atlas Tamazight,/kninti/
Central Atlas Tamazight,/tuɡdut/
Central Atlas Tamazight,/iɡdi/
Central Atlas Tamazight,[mr̩ˤzˤm̩]
Central Atlas Tamazight,[æ̝zriri̞(ʝ)]
Central Atlas Tamazight,[æðæsi̞l]
Central Atlas Tamazight,[ðru̞ʃ]
Central Atlas Tamazight,[ʃt̪ˤəħ]
Central Atlas Tamazight,/tmənja/
Central Atlas Tamazight,[ɑ̝ʒðˤɪ̙̞ðˤ]
Central Atlas Tamazight,[θ- -ð]
Central Atlas Tamazight,/fafa/
Central Atlas Tamazight,/ssumm/
Central Atlas Tamazight,[θi̞wði]
Central Atlas Tamazight,/amzˤzˤuɣ/
Central Atlas Tamazight,/taɡant/
Central Atlas Tamazight,[æmu̞ð]
Central Atlas Tamazight,/nw/
Central Atlas Tamazight,/lʕb/
Central Atlas Tamazight,[æ̝l]
Central Atlas Tamazight,/rwl/
Central Atlas Tamazight,[ɪ̙̞ʁːɪ̙̞r]
Central Atlas Tamazight,/tilɡɡʷit/
Central Atlas Tamazight,/aff/
Central Atlas Tamazight,[ʃəf]
Central Atlas Tamazight,[æβəχːʊ̙̞ʃ]
Central Atlas Tamazight,/tallunt/
Central Atlas Tamazight,[iðæ̝mːn̪̩]
Central Atlas Tamazight,/jaw/
Central Atlas Tamazight,[miməʃ]
Central Atlas Tamazight,/tad/
Central Atlas Tamazight,/tawarɡitt/
Central Atlas Tamazight,[sɑ]
Central Atlas Tamazight,/jas/
Central Atlas Tamazight,/rrmla/
Central Atlas Tamazight,[sʁʊ̙̞s]
Central Atlas Tamazight,/amalu/
Central Atlas Tamazight,[βəd̪(ː)]
Central Atlas Tamazight,[θæʝədˤrˤʊ̙̞rˤt̪ˤ]
Central Atlas Tamazight,/mani/
Central Atlas Tamazight,[θæ̝ʝðɑ]
Central Atlas Tamazight,[zwu]
Central Atlas Tamazight,/am-/
Central Atlas Tamazight,/x/
Central Atlas Tamazight,[ə]
Central Atlas Tamazight,[u]
Central Atlas Tamazight,[fθi̞s]
Central Atlas Tamazight,[j-]
Central Atlas Tamazight,[ʒðˤʊ̙]
Central Atlas Tamazight,[t̪ˤɪ̙qəsˤ]
Central Atlas Tamazight,[i(ʝ)r̩]
Central Atlas Tamazight,/jaj/
Central Atlas Tamazight,[jæ̝ð]
Central Atlas Tamazight,/afrw/
Central Atlas Tamazight,/aɣulid/
Central Atlas Tamazight,/ddaw/
Central Atlas Tamazight,/titˤtˤawin/
Central Atlas Tamazight,[ɑ̝zˤrˤʊ̙]
Central Atlas Tamazight,/axliʒʒ/
Central Atlas Tamazight,[æ̝zjæ̝m]
Central Atlas Tamazight,[æmɑʁʊ̙̞ð]
Central Atlas Tamazight,/kʒm/
Central Atlas Tamazight,/jarˤ/
Central Atlas Tamazight,[æ̝ɣʷn̪i]
Central Atlas Tamazight,[ɪ̙̞ðˤ]
Central Atlas Tamazight,/abandu/
Central Atlas Tamazight,/amddakkʷl/
Central Atlas Tamazight,/ɣɣim/
Central Atlas Tamazight,/jadˤnin/
Central Atlas Tamazight,[n̪əʁ]
Central Atlas Tamazight,[ji]
Central Atlas Tamazight,[jɑ]
Central Atlas Tamazight,[æ̝jði]
Central Atlas Tamazight,/arba/
Central Atlas Tamazight,[t̪ˤɪ̙mɪ̙ðˤɪ̙]
Central Atlas Tamazight,/aʒddiɡ/
Central Atlas Tamazight,/iʕbann/
Central Atlas Tamazight,[ʕəʃrɑ]
Central Atlas Tamazight,/aras/
Central Atlas Tamazight,/fad/
Central Atlas Tamazight,[ʊ̙̞ðˤ]
Central Atlas Tamazight,/uzzal/
Central Atlas Tamazight,/taʃʃlt/
Central Atlas Tamazight,[çməðˤ]
Central Atlas Tamazight,[ʒðˤɪ̙̞n̪]
Central Atlas Tamazight,[jɑ̝zˤ]
Central Atlas Tamazight,/tiwdi/
Central Atlas Tamazight,[æ̝s(ː)]
Central Atlas Tamazight,[çu̞n̪ːi]
Central Atlas Tamazight,/adˤarˤ/
Central Atlas Tamazight,[jæ̝ʝ]
Central Atlas Tamazight,[æ̝t͡ʃːr̩]
Central Atlas Tamazight,[u̞mli̞l]
Central Atlas Tamazight,[æ̝mðɑ]
Central Atlas Tamazight,[βəd̪ːl̩]
Central Atlas Tamazight,[ɑmət̪ˤːɑ̝w]
Central Atlas Tamazight,/tamddit/
Central Atlas Tamazight,[limæ̝m]
Central Atlas Tamazight,[θi̞t̪(ː)]
Central Atlas Tamazight,[æʝæmɑ]
Central Atlas Tamazight,/dˤrˤ/
Central Atlas Tamazight,[i̞θri]
Central Atlas Tamazight,[æ̝ʝri̞s]
Central Atlas Tamazight,[uræ̝r]
Central Atlas Tamazight,/bba/
Central Atlas Tamazight,[i̞βli̞lːi]
Central Atlas Tamazight,/ird/
Central Atlas Tamazight,/nm/
Central Atlas Tamazight,/ims/
Central Atlas Tamazight,/aslm/
Central Atlas Tamazight,/ini/
Central Atlas Tamazight,[jɑ̝sˤ]
Central Atlas Tamazight,/aʕban/
Central Atlas Tamazight,/hzza/
Central Atlas Tamazight,/ls/
Central Atlas Tamazight,[ɪ̙rˤəzˤːɪ̙]
Central Atlas Tamazight,/taɡdrˤurˤt/
Central Atlas Tamazight,/tadffujt/
Central Atlas Tamazight,[æ̝ɟːu]
Central Atlas Tamazight,/ajad/
Central Atlas Tamazight,[irəs]
Central Atlas Tamazight,/n/
Central Atlas Tamazight,/amaɣud/
Central Atlas Tamazight,[ʊ̙̞t̪ˤːʊ̙̞n̪]
Central Atlas Tamazight,[ɑməzˤjɑ̝n̪]
Central Atlas Tamazight,[θæ̝rβæ̝t̪(ː)]
Central Atlas Tamazight,/r/
Central Atlas Tamazight,/ssɣus/
Central Atlas Tamazight,/tamurt/
Central Atlas Tamazight,/azaɡɡʷz/
Central Atlas Tamazight,[fli̞(j)]
Central Atlas Tamazight,/awras/
Central Atlas Tamazight,[ɑməzˤːjɑ̝n̪]
Central Atlas Tamazight,/as/
Central Atlas Tamazight,[ɑzˤʊ̙̞rˤ]
Central Atlas Tamazight,[ifɪ̙ʁr̩]
Central Atlas Tamazight,[lm̩əʁri̞β]
Central Atlas Tamazight,[xʷn̪̩ːi]
Central Atlas Tamazight,/ifr/
Central Atlas Tamazight,[æsn̪̩ʝæ̝r]
Central Atlas Tamazight,[χm̩sɑ]
Central Atlas Tamazight,/sdid/
Central Atlas Tamazight,[fəç]
Central Atlas Tamazight,/ji/
Central Atlas Tamazight,/uzmmur/
Central Atlas Tamazight,/azal/
Central Atlas Tamazight,[i̞f(ː)]
Central Atlas Tamazight,[lʕɪ̙̞l]
Central Atlas Tamazight,/tarbatt/
Central Atlas Tamazight,/ħnħn/
Central Atlas Tamazight,[ɪ̙χəsˤ]
Central Atlas Tamazight,/xf/
Central Atlas Tamazight,[θʊ̙̞ʁməsθ]
Central Atlas Tamazight,/iɡlɡiz/
Central Atlas Tamazight,[ɑməçrˤɑ̝ðˤ]
Central Atlas Tamazight,/rbba/
Central Atlas Tamazight,[ʝðˤʊ̙]
Central Atlas Tamazight,[θæðu(w)ːæ̝rθ]
Central Atlas Tamazight,[n̪u̞(w)]
Central Atlas Tamazight,/ttuttj/
Central Atlas Tamazight,[æɣʷl̩mi̞m]
Central Atlas Tamazight,/aɡatu/
Central Atlas Tamazight,[i̞(ʝ)ði]
Central Atlas Tamazight,[çæhin̪ɑ]
Central Atlas Tamazight,/sam/
Central Atlas Tamazight,/tadawt/
Central Atlas Tamazight,/t/
Central Atlas Tamazight,/aɡɡur/
Central Atlas Tamazight,[ʁɪ̙̞m]
Central Atlas Tamazight,/amzruj/
Central Atlas Tamazight,/tislit/
Central Atlas Tamazight,[səcːr̩]
Central Atlas Tamazight,/kdˤu/
Central Atlas Tamazight,/j/
Central Atlas Tamazight,[æfæsi]
Central Atlas Tamazight,[zˤɪ̙(j)r̩ˤ]
Central Atlas Tamazight,/kul/
Central Atlas Tamazight,[i̞(ʝ)]
Central Atlas Tamazight,/nɡi/
Central Atlas Tamazight,/abrid/
Central Atlas Tamazight,/axbaʃ/
Central Atlas Tamazight,[iwl̩]
Central Atlas Tamazight,/ddukkl/
Central Atlas Tamazight,/aqdim/
Central Atlas Tamazight,/udˤ/
Central Atlas Tamazight,[d̪ːu̞cːl̩]
Central Atlas Tamazight,[βʕəð]
Central Atlas Tamazight,[θæmu̞rθ]
Central Atlas Tamazight,[t̪ˤɑ̝ʁðˤəft̪ˤ]
Central Atlas Tamazight,[æβu̞bːu]
Central Atlas Tamazight,[θu̞rθi̞θ]
Central Atlas Tamazight,[ɪ̙̞χsˤ]
Central Atlas Tamazight,[ʝr̩]
Central Atlas Tamazight,[æmu̞t͡ʃ(ː)]
Central Atlas Tamazight,/mimʃ/
Central Atlas Tamazight,[səqːn̪̩]
Central Atlas Tamazight,[n̪çr̩]
Central Atlas Tamazight,[æhiθu̞r]
Central Atlas Tamazight,/ɣudu/
Central Atlas Tamazight,/-ni/
Central Atlas Tamazight,/islli/
Central Atlas Tamazight,/zˤum/
Central Atlas Tamazight,[i̞zlæ̝n̪]
Central Atlas Tamazight,/lʕafit/
Central Atlas Tamazight,/tadunt/
Central Atlas Tamazight,/ʕum/
Central Atlas Tamazight,/krs/
Central Atlas Tamazight,/qqs/
Central Atlas Tamazight,/azɡza/
Central Atlas Tamazight,/tħi/
Central Atlas Tamazight,/wnzˤul/
Central Atlas Tamazight,/ifiɣr/
Central Atlas Tamazight,[æ̝mðəʁ]
Central Atlas Tamazight,/lmɣrib/
Central Atlas Tamazight,/amzzuɣ/
Central Atlas Tamazight,[ʁʊ̙ðu]
Central Atlas Tamazight,/brrm/
Central Atlas Tamazight,/ɡnu/
Central Atlas Tamazight,[æsi̞f]
Central Atlas Tamazight,[jæ̝r]
Central Atlas Tamazight,[mæ̝j]
Central Atlas Tamazight,/all/
Central Atlas Tamazight,[θæ̝jri]
Central Atlas Tamazight,/aram/
Central Atlas Tamazight,/amuʃʃ/
Central Atlas Tamazight,/addad amaruz/
Central Atlas Tamazight,/aɡaman/
Central Atlas Tamazight,/mmt/
Central Atlas Tamazight,[ɑsˤɪ̙ðˤn̪̩]
Central Atlas Tamazight,[d̪ːæ̝w]
Central Atlas Tamazight,[æ̝βri̞ð]
Central Atlas Tamazight,[æ̝rʝæ̝z]
Central Atlas Tamazight,/limam/
Central Atlas Tamazight,/ɣr/
Central Atlas Tamazight,[θæræçæ̝lθ]
Central Atlas Tamazight,[n̪əʁːəð]
Central Atlas Tamazight,/q/
Central Atlas Tamazight,/ʒmʕ/
Central Atlas Tamazight,[urəʁ]
Central Atlas Tamazight,[çəf]
Central Atlas Tamazight,/ajin/
Central Atlas Tamazight,/taɡrʒumt/
Central Atlas Tamazight,[əθ]
Central Atlas Tamazight,/aɣzzaf/
Central Atlas Tamazight,/afrdis/
Central Atlas Tamazight,[n̪ʝi]
Central Atlas Tamazight,[iziçr̩]
Central Atlas Tamazight,[ism]
Central Atlas Tamazight,/u/
Central Atlas Tamazight,[ħfu]
Central Atlas Tamazight,/tiɡri/
Central Atlas Tamazight,/tamtˤtˤutt/
Central Atlas Tamazight,[fːəʁ]
Central Atlas Tamazight,[ɑməzˤ]
Central Atlas Tamazight,[θæ̝wrɪ̙̞qθ]
Central Atlas Tamazight,/iblilli/
Central Atlas Tamazight,[zˤðˤɪ̙̞sˤ]
Central Atlas Tamazight,[həzːɑ]
Central Atlas Tamazight,[æɣʷl̩mæ̝m]
Central Atlas Tamazight,[θæðæ̝wθ]
Central Atlas Tamazight,/isɡnw/
Central Atlas Tamazight,/aʃtˤtˤwan/
Central Atlas Tamazight,/rˤ/
Central Atlas Tamazight,/wsʕ/
Central Atlas Tamazight,[fæfɑ]
Central Atlas Tamazight,/taɡdazalt/
Central Atlas Tamazight,/irs/
Central Atlas Tamazight,/anu/
Central Atlas Tamazight,[ism̩]
Central Atlas Tamazight,[θmn̪̩jɑ]
Central Atlas Tamazight,/axatar/
Central Atlas Tamazight,[n̪-]
Central Atlas Tamazight,/ulɡin/
Central Atlas Tamazight,/in/
Central Atlas Tamazight,/dj/
Central Atlas Tamazight,[əs]
Central Atlas Tamazight,/iwri/
Central Atlas Tamazight,/jat/
Central Atlas Tamazight,/sad/
Central Atlas Tamazight,/ssqqn/
Central Atlas Tamazight,[n̪ðˤl̩]
Central Atlas Tamazight,/nihni/
Central Atlas Tamazight,[θu̞jːɑ]
Central Atlas Tamazight,[ðˤɑ̝rˤ]
Central Atlas Tamazight,/krf/
Central Atlas Tamazight,/akuʃ/
Central Atlas Tamazight,/ʃdˤin/
Central Atlas Tamazight,[t̪æðu(w)ːæ̝rt̪]
Central Atlas Tamazight,/bbj/
Central Atlas Tamazight,[i̞sç]
Central Atlas Tamazight,/tinawt/
Central Atlas Tamazight,/tˤs/
Central Atlas Tamazight,[lʕəβ]
Central Atlas Tamazight,/taɡɡurt/
Central Atlas Tamazight,/sɡɡm/
Central Atlas Tamazight,[æzæru]
Central Atlas Tamazight,[θ- -n̪θ]
Central Atlas Tamazight,[i(ʝ)iðr̩]
Central Atlas Tamazight,[n̪zəʁ]
Central Atlas Tamazight,/ju/
Central Atlas Tamazight,/nttat/
Central Atlas Tamazight,[iβiβəð]
Central Atlas Tamazight,/tan/
Central Atlas Tamazight,[æræ̝s]
Central Atlas Tamazight,/amadˤal/
Central Atlas Tamazight,/nɣ/
Central Atlas Tamazight,[i̞zli]
Central Atlas Tamazight,[lməð]
Central Atlas Tamazight,/amzˤ/
Central Atlas Tamazight,/aʃʃr/
Central Atlas Tamazight,/iʃʃ/
Central Atlas Tamazight,/ʃmm/
Central Atlas Tamazight,/ʒ/
Central Atlas Tamazight,[æ̝ɣʷri̞s]
Central Atlas Tamazight,[bʕəð]
Central Atlas Tamazight,[lwɪ̙̞ʁ]
Central Atlas Tamazight,/aqʃur/
Central Atlas Tamazight,[jæ̝m]
Central Atlas Tamazight,[æfəsːæ̝j]
Central Atlas Tamazight,/urar/
Central Atlas Tamazight,[su̞m(ː)]
Central Atlas Tamazight,/ixf/
Central Atlas Tamazight,/tasa/
Central Atlas Tamazight,/ʃf/
Central Atlas Tamazight,[χm̩ːm̩]
Central Atlas Tamazight,/tiɡdit/
Central Atlas Tamazight,/aqʃmir/
Central Atlas Tamazight,/kkr/
Central Atlas Tamazight,[ʃm̩ːl̩]
Central Atlas Tamazight,/abrˤdˤudˤ/
Central Atlas Tamazight,[ləbħr̩]
Central Atlas Tamazight,/tam/
Central Atlas Tamazight,[θæfl̩sæ̝fθ]
Central Atlas Tamazight,[i̞n̪]
Central Atlas Tamazight,/itri/
Central Atlas Tamazight,/adasil/
Central Atlas Tamazight,[æ̝wrɑ̝ʁ]
Central Atlas Tamazight,[usəχ]
Central Atlas Tamazight,/turtit/
Central Atlas Tamazight,[æ̝ðwæ̝s]
Central Atlas Tamazight,[θæ̝wːu̞t̪(ː)]
Central Atlas Tamazight,[æ̝ɣʷli̞m]
Central Atlas Tamazight,/amud/
Central Atlas Tamazight,/tawalit/
Central Atlas Tamazight,/xwu/
Central Atlas Tamazight,[səɟːm̩]
Central Atlas Tamazight,/taɡdˤrurt/
Central Atlas Tamazight,[isl̩ːi]
Central Atlas Tamazight,/adis/
Central Atlas Tamazight,/asidˤn/
Central Atlas Tamazight,/iɣir/
Central Atlas Tamazight,[ɑzˤl̩mɑ̝ðˤ]
Central Atlas Tamazight,[æ̝ɟːu̞r]
Central Atlas Tamazight,[ʝmɑ]
Central Atlas Tamazight,[ɑβr̩ˤðˤʊ̙̞ðˤ]
Central Atlas Tamazight,/t- -m/
Central Atlas Tamazight,[sufəs]
Central Atlas Tamazight,/aman/
Central Atlas Tamazight,[æwn̪̩ʝi̞m]
Central Atlas Tamazight,/azˤurˤ/
Central Atlas Tamazight,[ɑmət̪ˤːɑ]
Central Atlas Tamazight,[uhu]
Central Atlas Tamazight,[ɑ]
Central Atlas Tamazight,/ʕlaħqq/
Central Atlas Tamazight,/zzrriʕt/
Central Atlas Tamazight,[ʁr̩]
Central Atlas Tamazight,[rwl̩]
Central Atlas Tamazight,/krˤadˤ/
Central Atlas Tamazight,/umum/
Central Atlas Tamazight,/arim/
Central Atlas Tamazight,/aɣ … ʃa/
Central Atlas Tamazight,/kmz/
Central Atlas Tamazight,[mæn̪i]
Central Atlas Tamazight,/tiddukkla/
Central Atlas Tamazight,[ɑʁr̩βi]
Central Atlas Tamazight,[miməç]
Central Atlas Tamazight,[su̞(w)]
Central Atlas Tamazight,[çəɟ(ː)]
Central Atlas Tamazight,/ma/
Central Atlas Tamazight,[irəð]
Central Atlas Tamazight,[ɑ̝ʝðˤɪ̙̞ðˤ]
Central Atlas Tamazight,/zˤijr/
Central Atlas Tamazight,/iɣsˤ/
Central Atlas Tamazight,[ɑʁɪ̙læ̝s]
Central Atlas Tamazight,/aʃdˤdˤwan/
Central Atlas Tamazight,/ɡr/
Central Atlas Tamazight,/izli/
Central Atlas Tamazight,[æβr̩ʃæ̝n̪]
Central Atlas Tamazight,[θi̞(ʝ)ði̞θ]
Central Atlas Tamazight,[æ̝f(ː)]
Central Atlas Tamazight,/aɡʷlmim/
Central Atlas Tamazight,/sl/
Central Atlas Tamazight,/ssnw/
Central Atlas Tamazight,/ɡɡidi/
Central Atlas Tamazight,[izm̩]
Central Atlas Tamazight,/-x/
Central Atlas Tamazight,[ɑ̝qði̞m]
Central Atlas Tamazight,[æθæ̝j]
Central Atlas Tamazight,[çrəs]
Central Atlas Tamazight,/aɣrum/
Central Atlas Tamazight,[sçn̪̩]
Central Atlas Tamazight,/taɣruʃt/
Central Atlas Tamazight,/tinɡəlizt/
Central Atlas Tamazight,/ils/
Central Atlas Tamazight,/nəɣdd/
Central Atlas Tamazight,/-t/
Central Atlas Tamazight,/anʃuʃ/
Central Atlas Tamazight,/kf/
Central Atlas Tamazight,[ʝrəs]
Central Atlas Tamazight,/ʕawn/
Central Atlas Tamazight,/ahad/
Central Atlas Tamazight,/a/
Central Atlas Tamazight,[zu̞r]
Central Atlas Tamazight,[æʝəʒði]
Central Atlas Tamazight,[æməzːʊ̙̞ʁ]
Central Atlas Tamazight,/afalku/
Central Atlas Tamazight,[mlu̞l]
Central Atlas Tamazight,/rar/
Central Atlas Tamazight,/milmi/
Central Atlas Tamazight,[æji̞s æmæzɪ̙̞ʁ]
Central Atlas Tamazight,[lʕɑfi̞θ]
Central Atlas Tamazight,/ɡʷt/
Central Atlas Tamazight,[ɑχɑθæ̝r]
Central Atlas Tamazight,[fːr̩]
Central Atlas Tamazight,[æmæ̝n̪]
Central Atlas Tamazight,[məç]
Central Atlas Tamazight,[jæ̝ʒ]
Central Atlas Tamazight,[jimæzɪ̙ʁn̪̩]
Central Atlas Tamazight,[ɑn̪ɑn̪ɑ̝sˤ]
Central Atlas Tamazight,/jab/
Central Atlas Tamazight,/jaʕ/
Central Atlas Tamazight,/ʕari/
Central Atlas Tamazight,[æ̝n̪fæ̝l]
Central Atlas Tamazight,[æwəcːi̞w]
Central Atlas Tamazight,[æjæ̝ð]
Central Atlas Tamazight,[ʃæwr̩]
Central Atlas Tamazight,[θæwæ̝rʝi̞t̪(ː)]
Central Atlas Tamazight,/akal/
Central Atlas Tamazight,[u̞lʝi̞n̪]
Central Atlas Tamazight,[θæfu̞ʃθ]
Central Atlas Tamazight,/a-/
Central Atlas Tamazight,/aʒdˤidˤ/
Central Atlas Tamazight,[ʁðm̩]
Central Atlas Tamazight,[ɑ̝ʕβæ̝n̪]
Central Atlas Tamazight,[ʕəd̪ːu]
Central Atlas Tamazight,[rɑʕɑ]
Central Atlas Tamazight,[ɪ̙̞ʕbæ̝n̪(ː)]
Central Atlas Tamazight,/jaz/
Central Atlas Tamazight,/flij/
Central Atlas Tamazight,/arɡaz/
Central Atlas Tamazight,[t̪ˤəf]
Central Atlas Tamazight,/nzɣ/
Central Atlas Tamazight,/arjaz/
Central Atlas Tamazight,/aʃnjal/
Central Atlas Tamazight,[rəbʕɑ]
Central Atlas Tamazight,/ʒʒj/
Central Atlas Tamazight,/jaq/
Central Atlas Tamazight,/jad/
Central Atlas Tamazight,[ʃwi̞(j)]
Central Atlas Tamazight,[ʕʊ̙̞m]
Central Atlas Tamazight,/aɣilas/
Central Atlas Tamazight,/ɡrs/
Central Atlas Tamazight,[əsˤ]
Central Atlas Tamazight,[t̪ˤɪ̙qs]
Central Atlas Tamazight,[n̪əc(ː)]
Central Atlas Tamazight,[ħn̪̩ħn̪̩]
Central Atlas Tamazight,[θi̞d̪ːu̞cːlɑ]
Central Atlas Tamazight,[ifr̩]
Central Atlas Tamazight,[ʁəz]
Central Atlas Tamazight,/jun/
Central Atlas Tamazight,/jadˤ/
Central Atlas Tamazight,[θ- -m]
Central Atlas Tamazight,[in̪i]
Central Atlas Tamazight,/ababbuzˤ aras/
Central Atlas Tamazight,/qaħ/
Central Atlas Tamazight,/ɣim/
Central Atlas Tamazight,[u̞(w)]
Central Atlas Tamazight,/ababbuzˤ/
Central Atlas Tamazight,/ʃawr/
Central Atlas Tamazight,/t- -d/
Central Atlas Tamazight,[θæ̝sn̪iləsθ]
Central Atlas Tamazight,/azˤur/
Central Atlas Tamazight,[θæ̝lːæ̝sθ]
Central Atlas Tamazight,/numidja/
Central Atlas Tamazight,[i̞(j)]
Central Atlas Tamazight,[ʕəʃri̞n̪]
Central Atlas Tamazight,/ldi/
Central Atlas Tamazight,[in̪i‿jzlæ̝n̪]
Central Atlas Tamazight,/arɡan/
Central Atlas Tamazight,[θæmæ̝rθ]
Central Atlas Tamazight,/azzar/
Central Atlas Tamazight,[ɑ̝mʝr̩ˤəðˤ]
Central Atlas Tamazight,/stta/
Central Atlas Tamazight,/utˤtˤun/
Central Atlas Tamazight,/warɡa/
Central Atlas Tamazight,[n̪əqːəb]
Central Atlas Tamazight,/ajis/
Central Atlas Tamazight,/m-/
Central Atlas Tamazight,/ə/
Central Atlas Tamazight,[ʃrəf]
Central Atlas Tamazight,/fsus/
Central Atlas Tamazight,/l/
Central Atlas Tamazight,[ɑ̝qʃæ̝ʃ]
Central Atlas Tamazight,[æʒəd̪ːi̞(ʝ)]
Central Atlas Tamazight,/tafala/
Central Atlas Tamazight,/amkradˤ/
Central Atlas Tamazight,/ʃradˤ/
Central Atlas Tamazight,[urɪ̙̞ʁ]
Central Atlas Tamazight,/ʃɡɡ/
Central Atlas Tamazight,/asnɡar/
Central Atlas Tamazight,[i̞fsæ̝n̪]
Central Atlas Tamazight,/nkk/
Central Atlas Tamazight,/azˤrˤu/
Central Atlas Tamazight,/udm/
Central Atlas Tamazight,[θn̪̩əzːu̞θ]
Central Atlas Tamazight,/jimaziɣn/
Central Atlas Tamazight,[zˤʊ̙̞m]
Central Atlas Tamazight,[ɪ̙χəs]
Central Atlas Tamazight,[θ-]
Central Atlas Tamazight,/ʕmmr/
Central Atlas Tamazight,/jar/
Central Atlas Tamazight,/tawriqt/
Central Atlas Tamazight,/ufs/
Central Atlas Tamazight,[i̞ðri̞s]
Central Atlas Tamazight,/amzˤjan/
Central Atlas Tamazight,/ifri/
Central Atlas Tamazight,/iɣd/
Central Atlas Tamazight,[ɑ̝ʁ]
Central Atlas Tamazight,[n̪u̞cːn̪i]
Central Atlas Tamazight,[æzæ̝ɡʷːəz]
Central Atlas Tamazight,/tutlajt/
Central Atlas Tamazight,/abrʃan/
Central Atlas Tamazight,/jak/
Central Atlas Tamazight,[æʝæmæ̝n̪]
Central Atlas Tamazight,/taɡduda/
Central Atlas Tamazight,/fsd/
Central Atlas Tamazight,/adˤu/
Central Atlas Tamazight,/lʕil/
Central Atlas Tamazight,/jaɡ/
Central Atlas Tamazight,[lħəq(ː)]
Central Atlas Tamazight,[θi̞n̪ʝl̩i̞sθ]
Central Atlas Tamazight,/sw/
Central Atlas Tamazight,[æ̝zwu]
Central Atlas Tamazight,/-nt/
Central Atlas Tamazight,/afr/
Central Atlas Tamazight,[zði̞ð]
Central Atlas Tamazight,/rzˤiɡ/
Central Atlas Tamazight,/awal/
Central Atlas Tamazight,/mlul/
Central Atlas Tamazight,[d͡ʒːbl̩]
Central Atlas Tamazight,[məʃ]
Central Atlas Tamazight,/t-/
Central Atlas Tamazight,[ħɑsəβ]
Central Atlas Tamazight,[ʃrˤɑ̝ðˤ]
Central Atlas Tamazight,[æməd̪ːæ̝kʷːl̩]
Central Atlas Tamazight,[ɑʁəzːæ̝f]
Central Atlas Tamazight,[mi̞lmi]
Central Atlas Tamazight,/tˤ/
Central Atlas Tamazight,/adrar/
Central Atlas Tamazight,/ssunfs/
Central Atlas Tamazight,[ɣʷəθ]
Central Atlas Tamazight,/aʃr/
Central Atlas Tamazight,[wæ̝n̪]
Central Atlas Tamazight,/amtˤtˤaw/
Central Atlas Tamazight,[ɑ̝ʁru̞m]
Central Atlas Tamazight,/sin/
Central Atlas Tamazight,[ði̞n̪]
Central Atlas Tamazight,[n̪m̩]
Central Atlas Tamazight,[æməʁriβi]
Central Atlas Tamazight,[jæ̝j]
Central Atlas Tamazight,[æməzru̞j]
Central Atlas Tamazight,/smum/
Central Atlas Tamazight,/aɡllid/
Central Atlas Tamazight,/ʃrˤadˤ/
Central Atlas Tamazight,/ad/
Central Atlas Tamazight,[jæ̝z]
Central Atlas Tamazight,/awkkiw/
Central Atlas Tamazight,[æ-]
Central Atlas Tamazight,/taɡʷritt/
Central Atlas Tamazight,[æʃr̩]
Central Atlas Tamazight,/zwiɣ/
Central Atlas Tamazight,[ʃɑ]
Central Atlas Tamazight,/snat/
Central Atlas Tamazight,/azˤlmadˤ/
Central Atlas Tamazight,/tˤtˤdˤ/
Central Atlas Tamazight,/qqar/
Central Atlas Tamazight,[zˤm̩]
Central Atlas Tamazight,/amqqran/
Central Atlas Tamazight,/sll/
Central Atlas Tamazight,/ɡmr/
Central Atlas Tamazight,/mdˤl/
Central Atlas Tamazight,/tˤtˤf/
Central Atlas Tamazight,/asi/
Central Atlas Tamazight,/turda/
Central Atlas Tamazight,[u̞lθm̩ɑ]
Central Atlas Tamazight,/nkr/
Central Atlas Tamazight,/afus/
Central Atlas Tamazight,/ħmu/
Central Atlas Tamazight,[ʃm̩(ː)]
Central Atlas Tamazight,[sæ̝m]
Central Atlas Tamazight,[ulæwn̪̩]
Central Atlas Tamazight,[əç]
Central Atlas Tamazight,/wsx/
Central Atlas Tamazight,[æ̝rβɑ]
Central Atlas Tamazight,[ræ̝r]
Central Atlas Tamazight,[ju̞θ]
Central Atlas Tamazight,[-n̪]
Central Atlas Tamazight,/amkrˤadˤ/
Central Atlas Tamazight,/usidˤn/
Central Atlas Tamazight,[θi(ʝ)m̩ːi]
Central Atlas Tamazight,[ɑ̝mðˤɑ̝n̪]
Central Atlas Tamazight,[lði]
Central Atlas Tamazight,/i/
Central Atlas Tamazight,[ʝn̪u]
Central Atlas Tamazight,/usm/
Central Atlas Tamazight,[θæ̝ɟːu̞rθ]
Central Atlas Tamazight,[æhæ̝ð]
Central Atlas Tamazight,[s-]
Central Atlas Tamazight,/sa/
Central Atlas Tamazight,/mantur/
Central Atlas Tamazight,[χːʊ̙]
Central Atlas Tamazight,/dˤdˤdˤ/
Central Atlas Tamazight,/adˤn/
Central Atlas Tamazight,/mɣur/
Central Atlas Tamazight,/ssufs/
Central Atlas Tamazight,[urɪ̙̞ħli̞n̪]
Central Atlas Tamazight,/ass/
Central Atlas Tamazight,/tusnakt/
Central Atlas Tamazight,/m/
Central Atlas Tamazight,/ilm/
Central Atlas Tamazight,/ta- -t/
Central Atlas Tamazight,[ɑ̝zˤrˤəf]
Central Atlas Tamazight,[iri̞r]
Central Atlas Tamazight,[qːəs]
Central Atlas Tamazight,[mzˤɪ̙̞(j)]
Central Atlas Tamazight,[əz]
Central Atlas Tamazight,/ħ/
Central Atlas Tamazight,/t- -t/
Central Atlas Tamazight,[çu̞l]
Central Atlas Tamazight,/ijdi/
Central Atlas Tamazight,/f/
Central Atlas Tamazight,/kahina/
Central Atlas Tamazight,/tafunast/
Central Atlas Tamazight,/imaziɣn/
Central Atlas Tamazight,/iʃʃr/
Central Atlas Tamazight,/jam/
Central Atlas Tamazight,[θæ̝ð]
Central Atlas Tamazight,[smu̞m]
Central Atlas Tamazight,/aɣrbi/
Central Atlas Tamazight,[ʊ̙̞χs]
Central Atlas Tamazight,[ɑðˤɑ̝rˤ]
Central Atlas Tamazight,[ʊ̙χəs]
Central Atlas Tamazight,[æn̪æmu̞r]
Central Atlas Tamazight,/iwl/
Central Atlas Tamazight,/ur/
Central Atlas Tamazight,/kʷnnimti/
Central Atlas Tamazight,[ɑʕəd̪ːi̞s]
Central Atlas Tamazight,/iff/
Central Atlas Tamazight,/nnil/
Central Atlas Tamazight,/taflsaft/
Central Atlas Tamazight,/smmus/
Central Atlas Tamazight,/tarakalt/
Central Atlas Tamazight,[æsu̞d̪ːr̩]
Central Atlas Tamazight,/frfr/
Central Atlas Tamazight,/azjam/
Central Atlas Tamazight,/raʕa/
Central Atlas Tamazight,[χwu]
Central Atlas Tamazight,[t̪ˤɑmət̪ˤːʊ̙̞t̪ˤ(ː)]
Central Atlas Tamazight,[ɑðˤn̪̩]
Central Atlas Tamazight,[ɑʁʊ̙li̞ð]
Central Atlas Tamazight,/azɡɡʷaɣ/
Central Atlas Tamazight,[θæðəfːu̞jθ]
Central Atlas Tamazight,[χɑðˤr̩ˤ]
Central Atlas Tamazight,/iʃirri/
Central Atlas Tamazight,/mun/
Central Atlas Tamazight,/azwu/
Central Atlas Tamazight,/tallast/
Central Atlas Tamazight,/rˤzˤiɡ/
Central Atlas Tamazight,/amʃiʃ/
Central Atlas Tamazight,[θu̞ʝðu̞θ]
Central Atlas Tamazight,[əβ]
Central Atlas Tamazight,/hdr/
Central Atlas Tamazight,[i̞sçr̩]
Central Atlas Tamazight,[zˤːɑ̝ʝ]
Central Atlas Tamazight,[æ̝zːl̩]
Central Atlas Tamazight,/kmm/
Central Atlas Tamazight,/amudˤin/
Central Atlas Tamazight,[æçæ̝l]
Central Atlas Tamazight,[ml̩si̞wθ]
Central Atlas Tamazight,[u̞jːl̩]
Central Atlas Tamazight,/amja/
Central Atlas Tamazight,/xadˤr/
Central Atlas Tamazight,[ʝn̪̩]
Central Atlas Tamazight,[ʝzi̞l]
Central Atlas Tamazight,/amɣrun/
Central Atlas Tamazight,[æ̝mʃi̞ʃ]
Central Atlas Tamazight,/nihnti/
Central Atlas Tamazight,/t- -nt/
Central Atlas Tamazight,[d̪ːzæjr̩]
Central Atlas Tamazight,[θɑ̝ʕbu̞bð]
Central Atlas Tamazight,[θæ̝ʝrəsθ]
Central Atlas Tamazight,/anamur/
Central Atlas Tamazight,/isrˤman/
Central Atlas Tamazight,/ulawn/
Central Atlas Tamazight,/din/
Central Atlas Tamazight,[i̞fri]
Central Atlas Tamazight,[æ̝ðræ̝r]
Central Atlas Tamazight,/s/
Central Atlas Tamazight,[βəzːæ̝f]
Central Atlas Tamazight,[jæ̝w]
Central Atlas Tamazight,/iɡnna/
Central Atlas Tamazight,[urəð]
Central Atlas Tamazight,/taɡʷutt/
Central Atlas Tamazight,[u̞n̪fəs]
Central Atlas Tamazight,[ku̞l]
Central Atlas Tamazight,/ajʒʒiɡ/
Central Atlas Tamazight,[iləs]
Central Atlas Tamazight,/urɣ/
Central Atlas Tamazight,/jasˤ/
Central Atlas Tamazight,[ləs]
Central Atlas Tamazight,[mðˤl̩]
Central Atlas Tamazight,/ssiwl/
Central Atlas Tamazight,[sæ̝l]
Central Atlas Tamazight,/w/
Central Atlas Tamazight,[-n̪i]
Central Atlas Tamazight,[wæ̝ð]
Central Atlas Tamazight,[ɑqəʃmi̞r]
Central Atlas Tamazight,/tammnt/
Central Atlas Tamazight,/dffir/
Central Atlas Tamazight,[ɑʃət̪ˤːwɑ̝n̪]
Central Atlas Tamazight,[θiləɡʷːi̞θ]
Central Atlas Tamazight,[æməʁru̞n̪]
Central Atlas Tamazight,/skkr/
Central Atlas Tamazight,/idris/
Central Atlas Tamazight,/aʕddis/
Central Atlas Tamazight,[θæsæru̞θ]
Central Atlas Tamazight,[sn̪u̞(w)]
Central Atlas Tamazight,[ʝæ̝r]
Central Atlas Tamazight,/aʃal/
Central Atlas Tamazight,[çrəz]
Central Atlas Tamazight,/sdˤisˤ/
Central Atlas Tamazight,/inaw/
Central Atlas Tamazight,/taɣritt/
Central Atlas Tamazight,[θizi̞zwi̞θ]
Central Atlas Tamazight,[ɑmʊ̙ðˤɪ̙̞n̪]
Central Atlas Tamazight,[æjəd͡ʒːi̞(ʝ)]
Central Atlas Tamazight,[ɪ̙χəf]
Central Atlas Tamazight,/ħfu/
Central Atlas Tamazight,/aʒj/
Central Atlas Tamazight,[θæ̝ʝlæ̝jθ]
Central Atlas Tamazight,[fr̩fr̩]
Central Atlas Tamazight,[mjɑ]
Central Atlas Tamazight,/amdˤan/
Central Atlas Tamazight,/bnadm/
Central Atlas Tamazight,/uriħlin/
Central Atlas Tamazight,[n̪ət̪ːɑ]
Central Atlas Tamazight,[n̪ːɑ̝ʁ]
Central Atlas Tamazight,[ɑ̝mðˤʊ̙(w)r̩ˤ]
Central Atlas Tamazight,[uðm̩]
Central Atlas Tamazight,[sirəð]
Central Atlas Tamazight,[t̪ˤɪ̙̞t̪ˤːɑwɪ̙̞n̪]
Central Atlas Tamazight,/jaʒ/
Central Atlas Tamazight,[sˤfəðˤ]
Central Atlas Tamazight,/adwas/
Central Atlas Tamazight,/aɡnar/
Central Atlas Tamazight,/ɡn/
Central Atlas Tamazight,[βzi̞(j)]
Central Atlas Tamazight,/aɡʷris/
Central Atlas Tamazight,/balma/
Central Atlas Tamazight,/irzˤzˤi/
Central Atlas Tamazight,/jur/
Central Atlas Tamazight,/aɡris/
Central Atlas Tamazight,/n-/
Central Atlas Tamazight,[ləβħr̩]
Central Atlas Tamazight,/jaɣ/
Central Atlas Tamazight,/nɣɣb/
Central Atlas Tamazight,/ahitur/
Central Atlas Tamazight,[æsəqːn̪̩]
Central Atlas Tamazight,[si̞n̪]
Central Atlas Tamazight,[əχ]
Central Atlas Tamazight,[sθəʁ]
Central Atlas Tamazight,/-an/
Central Atlas Tamazight,/bdd/
Central Atlas Tamazight,/aqrˤrˤu/
Central Atlas Tamazight,[θæ̝mːn̪̩θ]
Central Atlas Tamazight,/zwu/
Central Atlas Tamazight,/taɣdˤft/
Central Atlas Tamazight,/abxxuʃ/
Central Atlas Tamazight,/annaj/
Central Atlas Tamazight,/ʃmml/
Central Atlas Tamazight,[æfu̞s]
Central Atlas Tamazight,[æləɡʷːɑ̝ʁ]
Central Atlas Tamazight,[ɪ̙̞χs]
Central Atlas Tamazight,/dfʕ/
Central Atlas Tamazight,/wan/
Central Atlas Tamazight,/islam/
Central Atlas Tamazight,[bːɑ]
Central Atlas Tamazight,[cːʊ̙̞zˤ]
Central Atlas Tamazight,[mræ̝w]
Central Atlas Tamazight,[fæ̝ð]
Central Atlas Tamazight,[əð]
Central Atlas Tamazight,[sθi̞t̪(ː)]
Central Atlas Tamazight,/nnaɣ/
Central Atlas Tamazight,[ɑməzˤːʊ̙̞ʁ]
Central Atlas Tamazight,/kʷnni/
Central Atlas Tamazight,[ɑðˤʊ̙]
Central Atlas Tamazight,/ʃwu/
Central Atlas Tamazight,[æʝl̩ːi̞ð]
Central Atlas Tamazight,[θæ̝ʝðuðɑ]
Central Atlas Tamazight,/azaru/
Central Atlas Tamazight,/ʃa/
Central Atlas Tamazight,[æ̝mʝr̩ˤðˤ]
Central Atlas Tamazight,/jatˤ/
Central Atlas Tamazight,[θirm̩θ]
Central Atlas Tamazight,[θæ̝ʝðæzæ̝lθ]
Central Atlas Tamazight,[æ̝mjɑ]
Central Atlas Tamazight,/al/
Central Atlas Tamazight,/b/
Central Atlas Tamazight,[siwl̩]
Central Atlas Tamazight,[xʷn̪̩ːi̞mθi]
Central Atlas Tamazight,[æʝæθu]
Central Atlas Tamazight,/kunni/
Central Atlas Tamazight,/zuɣr/
Central Atlas Tamazight,[ɑ̝ʕbæ̝n̪]
Central Atlas Tamazight,[m̩]
Central Atlas Tamazight,/amda/
Central Atlas Tamazight,[i̞slæ̝m]
Central Atlas Tamazight,[ɑ̝ʁːʊ̙]
Central Atlas Tamazight,[lʕəb]
Central Atlas Tamazight,[θæməd̪ːi̞θ]
Central Atlas Tamazight,/ddu d/
Central Atlas Tamazight,/h/
Central Atlas Tamazight,[θæ̝ɣʷri̞t̪(ː)]
Central Atlas Tamazight,[jɑ̝q]
Central Atlas Tamazight,[θæ̝n̪]
Central Atlas Tamazight,[ʕm̩ːr̩]
Central Atlas Tamazight,/asɡd/
Central Atlas Tamazight,[æ̝fru̞(w)]
Central Atlas Tamazight,/zˤm/
Central Atlas Tamazight,[imi]
Central Atlas Tamazight,/jaf/
Central Atlas Tamazight,[iʃi̞rːi]
Central Atlas Tamazight,/j-/
Central Atlas Tamazight,/ʕʃra/
Central Atlas Tamazight,[imæzɪ̙ʁn̪̩]
Central Atlas Tamazight,[jæ̝f]
Central Atlas Tamazight,/ixsˤ/
Central Atlas Tamazight,/afa/
Central Atlas Tamazight,/aɡʒdi/
Central Atlas Tamazight,[d̪ːu]
Central Atlas Tamazight,/tamart/
Central Atlas Tamazight,[æji̞s]
Central Atlas Tamazight,[θħɪ̙]
Central Atlas Tamazight,[t̪ˤɑsˤl̩ət̪ˤ(ː)]
Central Atlas Tamazight,[t̪u̞t̪ːi̞(j)]
Central Atlas Tamazight,/qabl/
Central Atlas Tamazight,/ifsan/
Central Atlas Tamazight,/tˤtˤiqs/
Central Atlas Tamazight,[əʃ]
Central Atlas Tamazight,/unfs/
Central Atlas Tamazight,/libja/
Central Atlas Tamazight,/tilɡɡwit/
Central Atlas Tamazight,[ɪ̙sˤr̩ˤmɑ̝n̪]
Central Atlas Tamazight,[ʕlɑħəq(ː)]
Central Atlas Tamazight,/kmdˤ/
Central Atlas Tamazight,[ðˤʊ̙(w)r̩ˤ]
Central Atlas Tamazight,/izlan/
Central Atlas Tamazight,/maj/
Central Atlas Tamazight,[θəsʕʊ̙̞ð]
Central Atlas Tamazight,/ʃwj/
Central Atlas Tamazight,[in̪æ̝w]
Central Atlas Tamazight,/taddart/
Central Atlas Tamazight,/amzˤzˤjan/
Central Atlas Tamazight,/izikr/
Central Atlas Tamazight,/ftis/
Central Atlas Tamazight,/ʃ/
Central Atlas Tamazight,/qqn/
Central Atlas Tamazight,[çm̩(ː)]
Central Atlas Tamazight,[jɑ̝ðˤn̪ɪ̙̞n̪]
Central Atlas Tamazight,[æʃn̪̩jæ̝l]
Central Atlas Tamazight,[n̪ːi̞(ʝ)]
Central Atlas Tamazight,[æsʊ̙ʁn̪̩]
Central Atlas Tamazight,/mʃ/
Central Atlas Tamazight,[θæ̝d̪ːæ̝rθ]
Central Atlas Tamazight,[d̪ˤzˤɑ]
Central Atlas Tamazight,[mʁʊ̙̞r]
Central Atlas Tamazight,[t̪s̩ʕʊ̙̞ð]
Central Atlas Tamazight,/tisnt/
Central Atlas Tamazight,/xmsa/
Central Atlas Tamazight,/axmim/
Central Atlas Tamazight,[ɑ̝qʃu̞r]
Central Atlas Tamazight,/ɡɡall/
Central Atlas Tamazight,[sˤmɪ̙̞ðˤ]
Central Atlas Tamazight,/sfdˤ/
Central Atlas Tamazight,/fk/
Central Atlas Tamazight,[-θ]
Central Atlas Tamazight,/qrrb/
Central Atlas Tamazight,/ħasb/
Central Atlas Tamazight,[ħmu]
Central Atlas Tamazight,[æβæ̝n̪ðu]
Central Atlas Tamazight,/bənadm/
Central Atlas Tamazight,[ʒməʕ]
Central Atlas Tamazight,/anfal/
Central Atlas Tamazight,[ɟːæ̝l(ː)]
Central Atlas Tamazight,/azˤrˤf/
Central Atlas Tamazight,/ini izlan/
Central Atlas Tamazight,/ddu/
Central Atlas Tamazight,[æzi̞(ʝ)zæ̝w]
Central Atlas Tamazight,/jəj/
Central Atlas Tamazight,[usəʕ]
Central Atlas Tamazight,/ax/
Central Atlas Tamazight,[jæ̝β]
Central Atlas Tamazight,[ɑ̝n̪zˤɑ̝rˤ]
Central Atlas Tamazight,[umæzɪ̙̞ʁ]
Central Atlas Tamazight,[βn̪̩æðm̩]
Central Atlas Tamazight,[ɑməcːʊ̙̞zˤ]
Central Atlas Tamazight,/isk/
Central Atlas Tamazight,[ʁʊ̙̞s]
Central Atlas Tamazight,/ddzajr/
Central Atlas Tamazight,[sæ̝ð]
Central Atlas Tamazight,[ħn̪̩ji]
Central Atlas Tamazight,/asɡɡʷas/
Central Atlas Tamazight,/d/
Central Atlas Tamazight,[t̪ˤɑməzˤlɑ]
Central Atlas Tamazight,[jɑ̝t̪ˤ]
Central Atlas Tamazight,[θæfæðɑ]
Central Atlas Tamazight,[ʁəf]
Central Atlas Tamazight,[sħʊ̙]
Central Atlas Tamazight,[ɡʷːəð]
Central Atlas Tamazight,[ɪ̙ʁr̩ˤjɑ̝n̪]
Central Atlas Tamazight,[əʒ]
Central Atlas Tamazight,/anzˤarˤ/
Central Atlas Tamazight,/irir/
Central Atlas Tamazight,[jɑ̝ħ]
Central Atlas Tamazight,[βr̩ːəħ]
Central Atlas Tamazight,/amtˤtˤa/
Central Atlas Tamazight,[jæ̝l]
Central Atlas Tamazight,[imi̞ç]
Central Atlas Tamazight,/ffr/
Central Atlas Tamazight,[æçu̞ʃ]
Central Atlas Tamazight,[jɑðˤn̪̩]
Central Atlas Tamazight,[ʝmr̩]
Central Atlas Tamazight,[isəç]
Central Atlas Tamazight,/ɣar/
Central Atlas Tamazight,/ult/
Central Atlas Tamazight,[ðəfːi̞r]
Central Atlas Tamazight,[æ̝ð]
Central Atlas Tamazight,[ət̪ˤ]
Central Atlas Tamazight,/rbʕa/
Central Atlas Tamazight,[əʁ]
Central Atlas Tamazight,/aɡʷlim/
Central Atlas Tamazight,/aɡʷlmam/
Central Atlas Tamazight,[ælɑ̝ʁmu]
Central Atlas Tamazight,[θi̞sli̞θ]
Central Atlas Tamazight,/aɡdi/
Central Atlas Tamazight,[rəʁ]
Central Atlas Tamazight,/ʃtˤħ/
Central Atlas Tamazight,[jɑ̝ʕ]
Central Atlas Tamazight,/ɣzif/
Central Atlas Tamazight,/jaʃ/
Central Atlas Tamazight,/ataj/
Central Atlas Tamazight,[əf]
Central Atlas Tamazight,[i̞t͡ʃːr̩]
Central Atlas Tamazight,[æsəçlu]
Central Atlas Tamazight,/zˤ/
Central Atlas Tamazight,/ʃrf/
Central Atlas Tamazight,/ns/
Central Atlas Tamazight,/abrkan/
Central Atlas Tamazight,[ʊ̙̞n̪zˤʊ̙̞l]
Central Atlas Tamazight,[sˤʊ̙̞ðˤ]
Central Atlas Tamazight,/dad/
Central Atlas Tamazight,[æ̝rjæ̝z]
Central Atlas Tamazight,[θi̞(ʝ)ri]
Central Atlas Tamazight,[n̪əqːəβ]
Central Atlas Tamazight,/asuddr/
Central Atlas Tamazight,[θɑ̝χːʊ̙̞jθ]
Central Atlas Tamazight,/ɣz/
Central Atlas Tamazight,/mraw/
Central Atlas Tamazight,/ajdi/
Central Atlas Tamazight,[θæfælɑ]
Central Atlas Tamazight,/rɣ/
Central Atlas Tamazight,/ajur/
Central Atlas Tamazight,[æfr̩]
Central Atlas Tamazight,[ɪ̙̞ʁːəsˤ]
Central Atlas Tamazight,/dˤr/
Central Atlas Tamazight,[t̪ˤɑʝəðˤrˤʊ̙̞rˤt̪ˤ]
Central Atlas Tamazight,[mu̞n̪]
Central Atlas Tamazight,[æ̝n̪ʃu̞ʃ]
Central Atlas Tamazight,/ss-/
Central Atlas Tamazight,/azul/
Central Atlas Tamazight,/alxix/
Central Atlas Tamazight,/stɣ/
Central Atlas Tamazight,/tzˤa/
Central Atlas Tamazight,/asumr/
Central Atlas Tamazight,/tafada/
Central Atlas Tamazight,/amdɣ/
Central Atlas Tamazight,[fsəð]
Central Atlas Tamazight,[æri̞m]
Central Atlas Tamazight,[su̞n̪fəs]
Central Atlas Tamazight,[n̪umi̞ðjɑ]
Central Atlas Tamazight,[ju]
Central Atlas Tamazight,/wl/
Central Atlas Tamazight,/uhu/
Central Atlas Tamazight,/bzj/
Central Atlas Tamazight,/alj/
Central Atlas Tamazight,/druʃ/
Central Atlas Tamazight,[əq]
Central Atlas Tamazight,/ism/
Central Atlas Tamazight,[θfəʕ]
Central Atlas Tamazight,[æzæ̝l]
Central Atlas Tamazight,/aɣu/
Central Atlas Tamazight,[-χ]
Central Atlas Tamazight,/suddm/
Central Atlas Tamazight,/iɣrˤjan/
Central Atlas Tamazight,[li̞βjɑ]
Central Atlas Tamazight,/z/
Central Atlas Tamazight,/izm/
Central Atlas Tamazight,/imik/
Central Atlas Tamazight,[θu̞θlæ̝jθ]
Central Atlas Tamazight,[θɑ̝ʁru̞ʃθ]
Central Atlas Tamazight,[æræ̝m]
Central Atlas Tamazight,/afasi/
Central Atlas Tamazight,[βr̩ːm̩]
Central Atlas Tamazight,/lmd/
Central Atlas Tamazight,/kɡɡ/
Central Atlas Tamazight,[əh]
Central Atlas Tamazight,/amhad/
Central Atlas Tamazight,/mzˤij/
Central Atlas Tamazight,/lwiɣ/
Central Atlas Tamazight,[æ̝zːæ̝r]
Central Atlas Tamazight,[θisn̪̩θ]
Central Atlas Tamazight,[u̞l]
Central Atlas Tamazight,/lħqq/
Central Atlas Tamazight,/wad/
Central Atlas Tamazight,/kkuzˤ/
Central Atlas Tamazight,/rʃu/
Central Atlas Tamazight,[su̞d̪ːm̩]
Central Atlas Tamazight,/alln/
Central Atlas Tamazight,/iɡidr/
Central Atlas Tamazight,/bzzaf/
Central Atlas Tamazight,[æn̪u]
Central Atlas Tamazight,[n̪i̞hn̪i]
Central Atlas Tamazight,/krz/
Central Atlas Tamazight,/ananasˤ/
Central Atlas Tamazight,/tiɡmmi/
Central Atlas Tamazight,/alɡɡʷaɣ/
Central Atlas Tamazight,/tirmt/
Central Atlas Tamazight,/fʃ/
Central Atlas Tamazight,/aɡɡu/
Central Atlas Tamazight,/ɡma/
Central Atlas Tamazight,[qr̩ːəb]
Central Atlas Tamazight,/ultəma/
Central Atlas Tamazight,[n̪əs]
Central Atlas Tamazight,[i(ʝ)n̪̩ːɑ]
Central Atlas Tamazight,/xdm/
Central Atlas Tamazight,/stil/
Central Atlas Tamazight,[θæsɑ]
Central Atlas Tamazight,/aksum/
Central Atlas Tamazight,/xxu/
Central Atlas Tamazight,[æ̝ʝn̪æ̝r]
Central Atlas Tamazight,/izˤil/
Central Atlas Tamazight,[æji̞n̪]
Central Atlas Tamazight,[jæ̝h]
Central Atlas Tamazight,[æ̝mhæ̝ð]
Central Atlas Tamazight,[əħ]
Central Atlas Tamazight,[æʒi̞(j)]
Central Atlas Tamazight,/wriɣ/
Central Atlas Tamazight,/iɣf/
Central Atlas Tamazight,[u̞zːæ̝l]
Central Atlas Tamazight,[səbʕɑ]
Central Atlas Tamazight,[fsu̞s]
Central Atlas Tamazight,/azzl/
Central Atlas Tamazight,[ufəs]
Central Atlas Tamazight,/nqqb/
Central Atlas Tamazight,[ɪ̙̞ʁːəs]
Central Atlas Tamazight,[θɑ̝ʁri̞t̪(ː)]
Central Atlas Tamazight,[əʕ]
Central Atlas Tamazight,/mrj/
Central Atlas Tamazight,[t̪ˤəðˤ]
Central Atlas Tamazight,[ʃwu]
Central Atlas Tamazight,[θæ̝m]
Central Atlas Tamazight,[i̞t͡ʃ(ː)]
Central Atlas Tamazight,/ʕʃrin/
Central Atlas Tamazight,[βæ̝lmɑ]
Central Atlas Tamazight,/dˤ/
Central Atlas Tamazight,[θi(ʝ)n̪̩zæ̝r]
Central Atlas Tamazight,[æ̝çsu̞m]
Central Atlas Tamazight,[qɑβl̩]
Central Atlas Tamazight,[i̞wri]
Central Atlas Tamazight,/asqqn/
Central Atlas Tamazight,[əzˤ]
Central Atlas Tamazight,[æ̝lːn̪̩]
Central Atlas Tamazight,/asuɣn/
Central Atlas Tamazight,/tamaziɣt/
Central Atlas Tamazight,/ɣus/
Central Atlas Tamazight,/ibibð/
Central Atlas Tamazight,/uʒdid/
Central Atlas Tamazight,[qːɪ̙̞m]
Central Atlas Tamazight,[βn̪æðm̩]
Central Atlas Tamazight,/iskr/
Central Atlas Tamazight,[æfæ̝lçu]
Central Atlas Tamazight,/mma/
Central Atlas Tamazight,/jadˤn/
Central Atlas Tamazight,/dˤarˤ/
Central Atlas Tamazight,/sbʕa/
