Chichewa,/ᵑkʰu.ᵑɡuˈku.ma/
Chichewa,/ˈfú.pa/
Chichewa,/ˈfí.si/
Chichewa,/ˈt͡ʃi.kʷí/
Chichewa,/ˈʃó.po/
Chichewa,/ˈⁿde.ɽe/
Chichewa,/ɲa.ma.ɽiˈki.ti/
Chichewa,/ˈkʷʰa.pá/
Chichewa,/ɽe.ᵐbe.t͡sa.ɽeˈᵐbe.t͡sa/
Chichewa,/ˈi.fe/
Chichewa,/máˈt͡ʃi.ᵑɡa/
Chichewa,/éˈpu.ɽo/
Chichewa,/ɡoˈna.na/
Chichewa,/ˈɗe.ᵐbo/
Chichewa,/ˈɲá.ɽe/
Chichewa,/mˈse.(w)u/
Chichewa,/mˈfí.ti/
Chichewa,/t͡ʃiˈⁿtʰé.t͡ʃe/
Chichewa,/ᵐbáˈɽa.me/
Chichewa,/ˈᶬvú.ɽa/
Chichewa,/naˈzo.ᵐbe/
Chichewa,/ˈŋa.ᵑɡa/
Chichewa,/ˈᵑkʰú.ni/
Chichewa,/ˈᵐbi.d͡zí/
Chichewa,/paˈt͡si.ɽa/
Chichewa,/ˈⁿsó.ᵐba/
Chichewa,/ˈt͡ʃʰi.pʰa/
Chichewa,/ˈu.t͡ʃí/
Chichewa,/ˈⁿsʷá.ɽa/
Chichewa,/β̞/
Chichewa,/tʰa.maˈᵑɡa.ⁿso/
Chichewa,/ˈɽe.ᵑɡa/
Chichewa,/ˈᵐpʰá.t͡so/
Chichewa,/aˈɲa.ní/
Chichewa,/maˈɽo.vu/
Chichewa,/ɽó.w⁽ᵝ⁾éˈɽu.ka/
Chichewa,/paˈsu.ɽa/
Chichewa,/ˈta.té/
Chichewa,/ˈku.ⁿd͡ʒá/
Chichewa,/ˈhá.ɽa/
Chichewa,/ɲaˈɽu.ɓʷe/
Chichewa,/ᵑkʰuˈɽu.ɽu/
Chichewa,/ˈd͡zú.w⁽ᵝ⁾a/
Chichewa,/ɗʲa/
Chichewa,/ˈɓa.si/
Chichewa,/saˈɗá.ka/
Chichewa,/ta.kiˈsi.i/
Chichewa,/ˈt͡ʃa.ɽá/
Chichewa,/ti.miˈká.ᵑɡo/
Chichewa,/ɲeˈɽe.ɽe/
Chichewa,/ˈi.ᵐpsʲó/
Chichewa,/káˈɽo.ti/
Chichewa,/mˈzi.me/
Chichewa,/ˈfu.ⁿsa/
Chichewa,/mˈkú.(w)a/
Chichewa,/oˈne.t͡sa/
Chichewa,/ⁿdi/
Chichewa,/ˈmo.jo/
Chichewa,/ˈmá.ᵐba/
Chichewa,/uˈɽa.já/
Chichewa,/muˈú.ɽa/
Chichewa,/t͡ʃiˈhá.na/
Chichewa,/ɽiˈwó.ⁿde/
Chichewa,/aˈᵐpʰa.ká/
Chichewa,/ˈᵑkʷʰa.ɽí/
Chichewa,/ˈⁿd͡ʒa.ɽa/
Chichewa,/ti.aˈᵑɡé.ɽo/
Chichewa,/zi.pu.ɽa.uˈsi.ku/
Chichewa,/ˈkʰa.ɽa/
Chichewa,/ˈa.ɗʲa/
Chichewa,/ˈɲí.ka/
Chichewa,/aˈɽó.ma/
Chichewa,/ˈᵐbú.zi/
Chichewa,/maˈsí.ku/
Chichewa,/maˈɽi.ɽi/
Chichewa,/ˈᵐbe.w⁽ᵝ⁾a/
Chichewa,/koˈⁿde.ka/
Chichewa,/mi.ɽe.ɽaˈŋa.ᵐba/
Chichewa,/mˈᵑkʷʰa.ni/
Chichewa,/t͡ʃi.toˈᵑɡo.ɽo/
Chichewa,/ˈⁿd͡ʒá.ti/
Chichewa,/m.tuˈⁿtʰa.ma/
Chichewa,/iˈta.w⁽ᵝ⁾a/
Chichewa,/t͡ʃi.ɡaˈni.zo/
Chichewa,/maˈɽu.ᵑɡo/
Chichewa,/ˈza.ɽá/
Chichewa,/ˈtʰe.ᵑɡo/
Chichewa,/ˈpa.ᵑɡa/
Chichewa,/ɡó.ɡóˈmó.ɽe/
Chichewa,/ˈⁿze.ɽú/
Chichewa,/ˈú.ka/
Chichewa,/ˈⁿde.vu/
Chichewa,/o.ku.tóˈba.ɽa/
Chichewa,/zaˈɽe.wá/
Chichewa,/aˈʃé.he/
Chichewa,/mi.niˈɓá.si/
Chichewa,/tʰa.ma.ᵑɡiˈt͡si.ɗʷa/
Chichewa,/ˈt͡ʃʰi.ɽe/
Chichewa,/i.ᵐbiˈt͡sa.ⁿso/
Chichewa,/t͡ʃiˈmᵑɡé.ɽo/
Chichewa,/ˈd͡za.ⁿd͡ʒa/
Chichewa,/ˈⁿso.ᵑɡó/
Chichewa,/ˈmʷá.ɽe/
Chichewa,/ˈᵐbí.ɽa/
Chichewa,/mˈsó.sa/
Chichewa,/ˈɽú.ᵐpʰi/
Chichewa,/mˈku.ta/
Chichewa,/áˈkú.ɓá/
Chichewa,/ˈa.ⁿtʰu/
Chichewa,/ziˈt͡sí.ɽu/
Chichewa,/ˈt͡ʃa.d͡za/
Chichewa,/saˈɓa.tá/
Chichewa,/ˈkʰó.ⁿd͡ʒe/
Chichewa,/uˈɽe.sí/
Chichewa,/ɓa.ɽaˈɽi.ká/
Chichewa,/ˈza.ᵐba/
Chichewa,/siˈᵑɡá.no/
Chichewa,/ˈⁿdú.ɽu/
Chichewa,/t͡ʃiˈzu.ᵑɡu/
Chichewa,/ti.maˈɓú.ku/
Chichewa,/dó.koˈta.ɽa/
Chichewa,/mˈza.ti/
Chichewa,/ɽiˈⁿtʰi.pe/
Chichewa,/ˈje.ɽa/
Chichewa,/piˈta.ⁿso/
Chichewa,/tʰa.ma.ᵑɡi.ɽaˈna.ⁿso/
Chichewa,/ᵑɡaˈkʰa.ɽé/
Chichewa,/ɽiˈku.ní/
Chichewa,/t͡ʃiˈⁿdo.kó/
Chichewa,/ɓeˈɗʷa.ⁿso/
Chichewa,/zi.ɽiˈmi.ɽa/
Chichewa,/ˈu.d͡zú/
Chichewa,/ˈɽe.ɽo/
Chichewa,/ˈmʷe.zí/
Chichewa,/ɽuˈt͡ʃé.ⁿza/
Chichewa,/kaˈɓa.w⁽ᵝ⁾í/
Chichewa,/aˈɓu.ɽú/
Chichewa,/saˈo.na/
Chichewa,/ˈzá.na/
Chichewa,/ɽá.sáˈɓa.ta/
Chichewa,/ˈⁿta.ɓa/
Chichewa,/miˈje.ⁿdo/
Chichewa,/mˈpe.sa/
Chichewa,/maˈᵑɡo.t͡ʃi/
Chichewa,/ˈu.ᵐba/
Chichewa,/t͡ʃi.ɽi.páˈi.ne/
Chichewa,/ⁿsáˈwa.wa/
Chichewa,/m.siˈki.tí/
Chichewa,/ɽiˈko.má/
Chichewa,/ɽá.t͡ʃíˈsa.nu/
Chichewa,/mɗe.zuˈŋa.ᵐba/
Chichewa,/miˈɽa.ᵐbe/
Chichewa,/ˈᵑɡʷá.zi/
Chichewa,/maˈɡa.zi/
Chichewa,/ɽuˈsa.ka/
Chichewa,/u.pʰuˈⁿzi.t͡si/
Chichewa,/t͡ʃiˈɽi.ma/
Chichewa,/a/
Chichewa,/ˈɽo.ɽe/
Chichewa,/ˈɲú.zi/
Chichewa,/ˈmʷe.ka/
Chichewa,/w⁽ᵝ⁾eˈɽe.ᵑɡa/
Chichewa,/a.ka.ɽáˈɽi.ki/
Chichewa,/ˈtʲʰó.ɽo/
Chichewa,/ˈⁿd͡ʒu.kʷa/
Chichewa,/ˈt͡ʃi.fú/
Chichewa,/ⁿseˈⁿd͡ʒe.ɽe/
Chichewa,/i.w⁽ᵝ⁾aˈɽa.ⁿso/
Chichewa,/ˈsa.ɗʲa/
Chichewa,/ɡaˈni.zo/
Chichewa,/ˈpʰá.sa/
Chichewa,/w⁽ᵝ⁾e.ɽeˈᵑɡa.ⁿso/
Chichewa,/ˈɓá.t͡ʃʰi/
Chichewa,/ˈt͡sa.ᶬvu/
Chichewa,/t͡ʃiˈtí.pa/
Chichewa,/ˈkʰu.ᵑɡú/
Chichewa,/ˈti.ⁿtʰu/
Chichewa,/saˈkʰa.ɽa/
Chichewa,/mt͡ʃo.koˈt͡ʃo.ko/
Chichewa,/ˈɲu.ᵐbá/
Chichewa,/kaˈné.ma/
Chichewa,/mi.soˈmá.ɽi/
Chichewa,/fuˈni.ɽa/
Chichewa,/aˈta.té/
Chichewa,/ˈɓa.ɽa/
Chichewa,/ɽuˈté.po/
Chichewa,/ˈt͡ʃi.ta/
Chichewa,/ᵑkʷʰaˈᵑɡa.ɽa/
Chichewa,/ˈɗí.so/
Chichewa,/máˈɽi.t͡ʃi/
Chichewa,/wá.iˈɽe.si já kaˈne.má/
Chichewa,/ˈt͡ʃi.ᵑɡʷá/
Chichewa,/ˈⁿdi.ɽi ˈɓʷi.no/
Chichewa,/ˈtʰu.ᵐba/
Chichewa,/kaˈɽu.ɽú/
Chichewa,/ˈᵐpʰe.sa/
Chichewa,/ˈkʰú.ᵑɡu/
Chichewa,/ˈma.ᵑɡa uˈɽe.ⁿdó/
Chichewa,/ᵑkʰaˈɽa.ᵑɡo/
Chichewa,/ᵑkʰu.ᵑɡuˈɽu.psʲa/
Chichewa,/mˈtʰo.t͡ʃí/
Chichewa,/ˈmʷa.ᵐbí/
Chichewa,/ˈmu.d͡zi/
Chichewa,/kaˈd͡zi.d͡zi/
Chichewa,/t͡ʃiˈpá.ta/
Chichewa,/a.ᵐbúˈɽe.ɽa/
Chichewa,/ˈmʷe.ⁿdo/
Chichewa,/ˈⁿd͡ʒi.ᵑɡá/
Chichewa,/zi.ᵑkʷʰaˈɽa.ᵑɡʷa/
Chichewa,/md͡zuˈku.ɽu/
Chichewa,/ˈbá.ᵑki/
Chichewa,/ˈd͡zí.ko/
Chichewa,/mˈɓa.ɽé/
Chichewa,/ˈkʰu.tú/
Chichewa,/ˈⁿsá.ⁿd͡ʒe/
Chichewa,/mɽe.ɽaˈŋa.ᵐba/
Chichewa,/ˈsa.ɓa/
Chichewa,/ˈɽó.to/
Chichewa,/wá.jiˈɽe.si já kaˈné.ma/
Chichewa,/ˈkí.ji/
Chichewa,/mˈt͡ʃe.w⁽ᵝ⁾á/
Chichewa,/t͡ʃíˈʃa.ᵑɡo/
Chichewa,/mˈvú.ɽa/
Chichewa,/ˈfu.na/
Chichewa,/ˈɽe.ᵐba/
Chichewa,/mˈɓú.sa/
Chichewa,/toˈmá.to/
Chichewa,/ɗoˈma.si/
Chichewa,/t͡seˈɡu.ɽa/
Chichewa,/ɓʷaˈná.ɽi/
Chichewa,/ˈɓó.d͡za/
Chichewa,/mˈzí.mú wóˈjé.ɽa/
Chichewa,/ma.túˈmu.ɽa/
Chichewa,/ˈt͡sa.ᵐba/
Chichewa,/mˈt͡ʃé.ɽe/
Chichewa,/kaˈnu.ᵑɡú/
Chichewa,/t͡ʃiˈmu.d͡zi/
Chichewa,/ˈᵑkʰa.ma/
Chichewa,/mʷaˈmu.na/
Chichewa,/ᵑkʷʰaˈɽa.ᵑɡʷa/
Chichewa,/haˈɽa.ɽe/
Chichewa,/ˈᵑkʰa.ⁿdʷe/
Chichewa,/m.si.ɽiˈká.ɽi/
Chichewa,/uˈsi.ku/
Chichewa,/wá.jiˈɽe.si/
Chichewa,/kaˈze.ᵐbe/
Chichewa,/kuˈma.ⁿd͡ʒá/
Chichewa,/a.kaˈvá.ɽo/
Chichewa,/mˈɽi.mi/
Chichewa,/na.miˈté.te/
Chichewa,/b͡vu.ᵐbuˈɽu.ka/
Chichewa,/ˈvʷa.zá/
Chichewa,/ˈɓó.ɗe/
Chichewa,/t͡ʃi.sʷaˈᵑkʰó.no/
Chichewa,/táˈ(w)u.ni/
Chichewa,/mˈzú.zu/
Chichewa,/t͡ʃi.moˈna.ɽt͡ʃ/
Chichewa,/pa/
Chichewa,/siˈtó.ɽo/
Chichewa,/mˈté.ᵑɡo/
Chichewa,/káˈɽa.ta/
Chichewa,/zi.puˈɽu.ɽu/
Chichewa,/ˈɓé.ɽe/
Chichewa,/ɽá.saˈɓa.tá/
Chichewa,/t͡ʃaˈvú.ɽa/
Chichewa,/t͡ʃiˈɲa.ⁿd͡ʒá/
Chichewa,/ᵑkʰaˈɽa.ᵑɡa/
Chichewa,/ˈmó.d͡zi/
Chichewa,/kuˈmʷé.ⁿda/
Chichewa,/ˈd͡zi.ɽa/
Chichewa,/ˈka.ma/
Chichewa,/ᵑkʰo.taˈko.ta/
Chichewa,/ˈd͡zí.na/
Chichewa,/ˈᵐpʰi.ⁿdi/
Chichewa,/ˈɓa.vu/
Chichewa,/ɽe.ᵐbeˈt͡sa.ⁿso/
Chichewa,/mˈkú.te/
Chichewa,/ˈpa.t͡sa/
Chichewa,/maˈe.ɽe/
Chichewa,/maˈɽá.w⁽ᵝ⁾i/
Chichewa,/aˈfí.si/
Chichewa,/ˈt͡se.kʷé/
Chichewa,/ˈje.ɽa ˈmtí.ma/
Chichewa,/ˈma.ɽó/
Chichewa,/muˈɽú.zi/
Chichewa,/ˈŋo.ᵐbe/
Chichewa,/ˈmé.ji/
Chichewa,/ˈⁿtʰe.ᵑɡa/
Chichewa,/ˈɡʷe.ᵑɡʷe/
Chichewa,/ˈɗʲe.ka/
Chichewa,/ˈⁿdi.pó/
Chichewa,/ˈdu.ɽa/
Chichewa,/aˈɡó.ɡo/
Chichewa,/ˈd͡zi.w⁽ᵝ⁾e/
Chichewa,/ˈᵑkʰá.ni/
Chichewa,/viˈni.ka/
Chichewa,/m.ziˈki.tí/
Chichewa,/ˈku.tí/
Chichewa,/zeˈné.ɽa/
Chichewa,/ˈp͡fu.ᵐbí/
Chichewa,/a.si.ɽiˈká.ɽi/
Chichewa,/ˈt͡sí.ku/
Chichewa,/ɽeˈᵐbe.ɽa/
Chichewa,/ˈma.ᵑɡó/
Chichewa,/ka.ɗʲaˈmⁿso.ᵑɡa/
Chichewa,/w⁽ᵝ⁾e.ɽe.ᵑɡeˈɗʷa.ⁿso/
Chichewa,/ˈko.ⁿdʷa/
Chichewa,/ᵑkʰu.ᵐbuˈte.ɽa/
Chichewa,/iˈᵐbi.t͡sa/
Chichewa,/ɽuˈkú.ɽu/
Chichewa,/ɓáˈɽá.ɽá/
Chichewa,/ɓʷa.na.mˈkú.ɓʷa/
Chichewa,/ˈfu.ᵐbí/
Chichewa,/zi.ᵑkʷʰaˈᵑɡa.ɽa/
Chichewa,/mˈtí.ma/
Chichewa,/ᵐba.ɽaˈŋa.ᵐba/
Chichewa,/ˈt͡ʃi.ᵑkʷʰé/
Chichewa,/mˈzi.ᵐba/
Chichewa,/tiˈnu.ᵑɡú/
Chichewa,/ˈmá.ⁿda/
Chichewa,/ma.a.ᵐbuˈɽa.ⁿsi/
Chichewa,/kʷʰáˈᵑɡa.ɽa/
Chichewa,/ˈɓi.ɽá/
Chichewa,/ˈpʰa.ɽa/
Chichewa,/kuˈᵐbu.ka/
Chichewa,/kaˈne.má/
Chichewa,/t͡ʃiˈtó.ᵑɡa/
Chichewa,/a.ɓʷa.na.mˈkú.ɓʷa/
Chichewa,/zi.tʰú.ⁿzíˈtʰu.ⁿzí/
Chichewa,/uˈⁿdu.ná/
Chichewa,/kaˈtú.ⁿdu/
Chichewa,/fuˈni.ɽa zoˈi.pa/
Chichewa,/iˈta.na/
Chichewa,/muˈⁿtʰá.ɽi/
Chichewa,/ˈo.na/
Chichewa,/i.ᵐbiˈɗʷa.ⁿso/
Chichewa,/ɡʷa.ɽa.ɽaˈⁿd͡ʒo.vu/
Chichewa,/aˈɡo.ɡo/
Chichewa,/a.kú.ɽú.aˈkú.ɽu/
Chichewa,/ˈɽé.ᵐba/
Chichewa,/ˈd͡ʒú.ni/
Chichewa,/kaˈvá.ɽo/
Chichewa,/t͡ʃóˈme.ɽa/
Chichewa,/kaˈmu.d͡zi/
Chichewa,/ˈja.ᵑkʰa/
Chichewa,/ˈɓa.ᵑɡʷe/
Chichewa,/ˈfó.ɗʲa/
Chichewa,/ˈⁿt͡ʃʰi.sí/
Chichewa,/t͡ʃi.zúˈmu.ɽu/
Chichewa,/t͡ʃiˈwa.ɽa/
Chichewa,/m.ɲáˈma.ta/
Chichewa,/má.ᵑɡaˈɽa.ⁿde/
Chichewa,/i.ᵐbiˈɽa.na/
Chichewa,/o.tʰa.ma.ᵑɡa.tʰaˈma.ᵑɡa/
Chichewa,/t͡ʃi.ɽáˈd͡zu.ɽu/
Chichewa,/aˈɲo.ɽe/
Chichewa,/ˈu.fá/
Chichewa,/kaˈo.ᵐba/
Chichewa,/ma.ta.kiˈsi.i/
Chichewa,/ˈⁿd͡ʒé.ɽʷa/
Chichewa,/m.ziˈɓa.ᵐbo/
Chichewa,/ˈɡó.ⁿdʷa/
Chichewa,/t͡ʃiˈᵑɡa.ᵑɡa/
Chichewa,/iˈᵐbi.ɗʷa/
Chichewa,/ˈⁿd͡ʒo.vu/
Chichewa,/mu/
Chichewa,/mˈɽó.ma/
Chichewa,/tiˈmi.d͡zi/
Chichewa,/t͡ʃiˈfú.(w)a/
Chichewa,/á.fiˈɽi.ka/
Chichewa,/ˈvú.to/
Chichewa,/ˈᵑkʰú.ku/
Chichewa,/ˈmʷa.ví/
Chichewa,/ɓe/
Chichewa,/d͡zi.iˈᵐbi.ɽa/
Chichewa,/dóˈto.ɽo/
Chichewa,/t͡ʃíˈw⁽ᵝ⁾i.ⁿdi/
Chichewa,/ˈᵑkʰá.ta/
Chichewa,/kaˈne.ᵑɡo/
Chichewa,/múˈɽa.ⁿd͡ʒe/
Chichewa,/sáˈɗu.ɽo/
Chichewa,/saˈfu.na/
Chichewa,/aˈɓú.sa/
Chichewa,/aˈɓa.tʷʰá/
Chichewa,/ˈá.ɗʲo/
Chichewa,/ˈmó.ni/
Chichewa,/ˈfú.ɽu/
Chichewa,/ᵑka.naˈɡa.ɽa/
Chichewa,/ˈŋa.ⁿd͡ʒo/
Chichewa,/miˈt͡ʃo.d͡zi/
Chichewa,/ˈmɗa.t͡ʃʰi/
Chichewa,/áˈɲe.zi/
Chichewa,/pi.taˈpi.ta/
Chichewa,/ˈⁿt͡ʃʰí.to/
Chichewa,/ˈⁿtʰá.w⁽ᵝ⁾i/
Chichewa,/ᵑɡaˈɽa.wá/
Chichewa,/a.ka.ɗʲaˈmⁿso.ᵑɡa/
Chichewa,/kʰáˈɗa.ɓo/
Chichewa,/t͡ʃáˈkú.ɗʲá/
Chichewa,/pʷʰe.teˈke.ɽe/
Chichewa,/kaˈɽo.ᵑɡá/
Chichewa,/maˈsu.ɽa/
Chichewa,/ɓaˈⁿdá.we/
Chichewa,/ᶬva/
Chichewa,/t͡ʃiˈt͡se.ko/
Chichewa,/ˈi.ᶬví/
Chichewa,/ˈᵐbé.(w)u/
Chichewa,/ˈpa.ⁿsí/
Chichewa,/kuˈᵐbu.t͡sa/
Chichewa,/ɽiˈɽo.ᵑɡʷe/
Chichewa,/o.tʰaˈma.ᵑɡa/
Chichewa,/ɓeˈⁿtʰu.ɽa/
Chichewa,/koˈme.ma/
Chichewa,/t͡ʃiˈfu.kʷá/
Chichewa,/ˈma.d͡zí/
Chichewa,/t͡ʃiˈdi.ⁿdo/
Chichewa,/mi.ɗe.zuˈŋa.ᵐba/
Chichewa,/ˈfu.pi/
Chichewa,/t͡ʃiˈᵑɡo.ní/
Chichewa,/maˈfú.ta/
Chichewa,/ɽeˈᵐba.ⁿso/
Chichewa,/ˈi.ⁿdé/
Chichewa,/mˈma.ɽó mʷá/
Chichewa,/mˈɓa.tʷʰá/
Chichewa,/fuˈni.ɽa zaˈɓʷi.no/
Chichewa,/maˈᵑɡa.ⁿso/
Chichewa,/mˈɡo.ɗi/
Chichewa,/ˈmʷe.t͡sa/
Chichewa,/t͡ʃiˈto.pa/
Chichewa,/t͡ʃiˈɡá.ma/
Chichewa,/ˈɲe.ᵑɡá/
Chichewa,/koˈᵑɡo.ɽa/
Chichewa,/m.poˈné.ɽa/
Chichewa,/t͡ʃiˈpa.ɽa/
Chichewa,/ˈᵐpʰé.po/
Chichewa,/ˈmʷa.zí/
Chichewa,/ˈᵐbi.já/
Chichewa,/ˈɗu.ɽa/
Chichewa,/kaˈpí.ᵑɡa/
Chichewa,/t͡ʃi.ᵑɡáˈⁿt͡ʃe.ke/
Chichewa,/ˈma.(w)ú/
Chichewa,/ˈɲé.ᵐba/
Chichewa,/ˈa.jí/
Chichewa,/maˈsí.je/
Chichewa,/ˈɡó.ɡo/
Chichewa,/ˈi.wó/
Chichewa,/t͡ʃiˈkó.pe/
Chichewa,/a.ɲaˈma.tá/
Chichewa,/ˈɡú.ⁿde/
Chichewa,/ˈɡʷé.ᵑɡʷe/
Chichewa,/t͡ʃi.sʷaˈhí.ɽi/
Chichewa,/ˈi.we/
Chichewa,/ˈvi.na/
Chichewa,/zi/
Chichewa,/ka/
Chichewa,/t͡ʃi.ᵑɡeˈɽé.zi/
Chichewa,/ˈp͡fú.pa/
Chichewa,/íˈja.jí/
Chichewa,/o.neˈɗʷa.ⁿso/
Chichewa,/ɡoˈne.t͡sa/
Chichewa,/ˈhé.ma/
Chichewa,/óˈfe.si/
Chichewa,/ˈpʰí.ɽi/
Chichewa,/b͡vu.ᵐbuˈɽu.ɽa/
Chichewa,/ˈⁿsí.ma/
Chichewa,/koˈⁿda.na/
Chichewa,/ma.zeˈᵑɡe.ɽa/
Chichewa,/kaˈta.w⁽ᵝ⁾á/
Chichewa,/ta.ⁿzáˈni.a/
Chichewa,/t͡ʃiˈmko.ⁿdʷa/
Chichewa,/ˈsó.po/
Chichewa,/ɡá.ɽíˈmo.to/
Chichewa,/ɽóˈɽé.ᵐba/
Chichewa,/maˈɡá.ᵑɡa/
Chichewa,/mˈɽe.ⁿdó/
Chichewa,/ziˈwa.ɽa/
Chichewa,/ˈɓa.ᵐbo/
Chichewa,/ˈtʰo.ɽe/
Chichewa,/zi.miˈká.ᵑɡo/
Chichewa,/aˈɓa.ɽé/
Chichewa,/ˈmká.zi/
Chichewa,/ˈᵑkʰa.nú/
Chichewa,/ˈpʰa.po/
Chichewa,/wo.tʰa.ma.ᵑɡa.tʰaˈma.ᵑɡa/
Chichewa,/m.túˈᵐbu.ka/
Chichewa,/ˈᵐpʰo.jo/
Chichewa,/t͡ʃi.ᵑkʷʰaˈᵑɡa.ɽa/
Chichewa,/aˈɓa.ᵐbo á.ḿˈká.zi/
Chichewa,/t͡ʃiˈtá.ᵐba/
Chichewa,/ˈɓo.ma/
Chichewa,/ˈɡú.ᵐbi/
Chichewa,/w⁽ᵝ⁾iˈɽi.t͡sa/
Chichewa,/ˈɽí.ᵐbi/
Chichewa,/zaˈᵐbe.zi/
Chichewa,/maˈse.se/
Chichewa,/ˈɡu.ɽa/
Chichewa,/kaˈsú.ᵑɡu/
Chichewa,/míˈni.ti/
Chichewa,/ˈɽi.ma/
Chichewa,/t͡ʃi/
Chichewa,/ˈd͡zú.ᵑɡu/
Chichewa,/ˈw⁽ᵝ⁾i.ɽa/
Chichewa,/t͡ʃiˈpá.t͡so/
Chichewa,/ˈd͡za.je/
Chichewa,/ˈma.só/
Chichewa,/ˈma.(w)ú á múˈɽu.ᵑɡu/
Chichewa,/mˈᵑkʰá.ka/
Chichewa,/ˈmʷa.se/
Chichewa,/ziˈᵑɡa.ni/
Chichewa,/ˈᵑɡó.zo/
Chichewa,/aˈᵑɡé.ɽo/
Chichewa,/ˈɓa.ᵐbo wá.ḿˈká.zi/
Chichewa,/zi.maˈɓú.ku/
Chichewa,/ˈku.ti/
Chichewa,/ˈt͡ʃá.ni/
Chichewa,/zíˈko.mo kʷáˈᵐbí.ɽi/
Chichewa,/m.ka.ⁿdaˈwí.ɽe/
Chichewa,/t͡ʃíˈɽu.ᵐpʰa/
Chichewa,/ɽiˈzu.ɽu/
Chichewa,/t͡ʃiˈjá.o/
Chichewa,/ˈú.ɽa/
Chichewa,/ˈɲa.ⁿd͡ʒá/
Chichewa,/mi.t͡ʃo.koˈt͡ʃo.ko/
Chichewa,/ᵐbuˈɽu.ɽu/
Chichewa,/káˈnu.ᵑɡu/
Chichewa,/t͡ʃi.túˈᵐbu.ka/
Chichewa,/ˈtʰí.ⁿdʷa/
Chichewa,/ɓaˈɽá.ka/
Chichewa,/mˈᵑɡé.ɽo/
Chichewa,/ˈmʷi.ní/
Chichewa,/oˈne.ka/
Chichewa,/ˈsé.ᵑɡa/
Chichewa,/ɲaˈɽu.ɡʷe/
Chichewa,/aˈzu.ᵑɡu/
Chichewa,/ɽá.muˈɽu.ᵑɡu/
Chichewa,/ɽiˈte.te/
Chichewa,/ˈɓó.ⁿdo/
Chichewa,/no.véˈᵐba.ɽa/
Chichewa,/ɽe.ᵐbeˈɽa.na/
Chichewa,/t͡ʃiˈtʰú.ⁿzi/
Chichewa,/t͡ʃʰáˈɽi.t͡ʃʰi/
Chichewa,/ˈkʰo.mo/
Chichewa,/sáˈɓa.ta/
Chichewa,/ná/
Chichewa,/aˈɽe.ⁿdó/
Chichewa,/ˈᵑkʰo.no/
Chichewa,/ˈⁿd͡ʒi.w⁽ᵝ⁾a/
Chichewa,/ˈt͡ʃe.za/
Chichewa,/wá.iˈɽe.si/
Chichewa,/kʰoˈkʰo.ɽa/
Chichewa,/ˈɗʷá.ᵑɡʷa/
Chichewa,/ˈko.ɗí/
Chichewa,/mʷa/
Chichewa,/ˈᵑkʰu.ᵐbá/
Chichewa,/ˈɗʲe.t͡sa/
Chichewa,/ˈmɽa.ᵐbe/
Chichewa,/ˈpo.to/
Chichewa,/mˈzu.ᵑɡu/
Chichewa,/d͡ʒá.nuˈ(w)a.ɽe/
Chichewa,/ˈmʷa.ná/
Chichewa,/zóˈme.ɽa/
Chichewa,/a.ka.te.kíˈsi.ma/
Chichewa,/d͡ʒéˈke.te/
Chichewa,/ˈko.ma/
Chichewa,/ˈt͡ʃi.ⁿtʰu/
Chichewa,/pʰuˈɽu.sa/
Chichewa,/ˈᵑɡʷe.e/
Chichewa,/ˈⁿdé.ɡe/
Chichewa,/ˈɡʷi.ɽa ˈⁿt͡ʃʰí.to/
Chichewa,/vu.ᵐbuˈɽu.ɽa/
Chichewa,/ka.uˈfí.ti/
Chichewa,/ziˈká.to/
Chichewa,/t͡ʃiˈɓʷá.na/
Chichewa,/ˈⁿt͡ʃʰe.fú/
Chichewa,/ˈⁿd͡ʒo.b͡vu/
Chichewa,/ˈɓá.ɽa/
Chichewa,/mˈsi.ka/
Chichewa,/ka.d͡zaˈmi.ɽa/
Chichewa,/mˈt͡ʃe.ᵑɡa/
Chichewa,/t͡ʃi.puˈɽu.ɽu/
Chichewa,/ɓaˈᵑɡu.ɽá/
Chichewa,/ˈɓa.ᵑɡa/
Chichewa,/ˈd͡zí.na ˈɽá.ᵑɡa ⁿdi/
Chichewa,/zíˈko.mo/
Chichewa,/t͡ʃi.ɽiˈmi.ɽa/
Chichewa,/aˈmá.jí á.áˈkú.ɽu/
Chichewa,/maˈᵑkʷʰá.ɽa/
Chichewa,/mˈte.ⁿd͡ʒe/
Chichewa,/ⁿtʰo.w⁽ᵝ⁾iˈto.w⁽ᵝ⁾i/
Chichewa,/ˈso.ko/
Chichewa,/fé.bu.ɽuˈ(w)a.ɽe/
Chichewa,/ˈᶬve.ɽa/
Chichewa,/ˈpi.ta/
Chichewa,/ˈɡo.na/
Chichewa,/m.ziˈmá.ji/
Chichewa,/t͡ʃiˈɽá.ᵐbo/
Chichewa,/kaˈd͡zí.t͡ʃʰe/
Chichewa,/ˈmu.ⁿtʰu/
Chichewa,/d͡za/
Chichewa,/ˈⁿt͡ʃʰé.ⁿt͡ʃʰe/
Chichewa,/ˈⁿdi.mú/
Chichewa,/ˈmi.d͡zi/
Chichewa,/t͡ʃi.kaˈo.ⁿda/
Chichewa,/ˈɓé.za/
Chichewa,/ˈso.ᵑɡʷé/
Chichewa,/ˈtʰé.ɓa/
Chichewa,/ˈmá.ji/
Chichewa,/ˈt͡ʃí.ɽʷa/
Chichewa,/t͡ʃiˈt͡sí.ɽu/
Chichewa,/maˈɽó.ᵐbe/
Chichewa,/ˈɽa.w⁽ᵝ⁾í/
Chichewa,/siˈɓá.ⁿde/
Chichewa,/o.i.ᵐbaˈi.ᵐba/
Chichewa,/uˈd͡zu.d͡zú/
Chichewa,/koˈⁿde.ɗʷa/
Chichewa,/a.ᵐbuˈɽa.ⁿsi/
Chichewa,/ˈka.má/
Chichewa,/ɓa/
Chichewa,/ˈzi.kʷí/
Chichewa,/ˈɓé.ɗi/
Chichewa,/ɡóˈᵑɡo.no/
Chichewa,/waˈku.ɗʲa/
Chichewa,/ˈᵑkʰu.ᵐbzʲi/
Chichewa,/ˈkʰá.su/
Chichewa,/aˈɗa.t͡ʃʰi/
Chichewa,/ˈʃé.he/
Chichewa,/ˈpʰi.ka/
Chichewa,/ɲéˈɲe.zí/
Chichewa,/ˈmt͡ʃí.ɽa/
Chichewa,/ɡóˈɽi.ɗe/
Chichewa,/ˈᵐpʰe.zi/
Chichewa,/m.ɲaˈma.tá/
Chichewa,/t͡ʃaˈɽe.ɽa/
Chichewa,/mɗʲa/
Chichewa,/maˈɡó.ᵐbo/
Chichewa,/úˈvu.ni/
Chichewa,/ˈí.ᵑki/
Chichewa,/ˈɓʷá.na/
Chichewa,/ˈⁿd͡ʒi.ɽa/
Chichewa,/t͡ʃiˈʃa.ᵑɡo/
Chichewa,/ɓa ˈma.(w)ú/
Chichewa,/e.kʷeˈⁿdé.ni/
Chichewa,/ɽá.t͡ʃíˈtá.tu/
Chichewa,/ɡaˈni.za/
Chichewa,/ˈb͡vú.ᵐbʷe/
Chichewa,/kaˈmká.ᵑɡo/
Chichewa,/ɽe.ᵐbeˈt͡se.t͡sa/
Chichewa,/ˈŋo.na/
Chichewa,/piˈti.ɽa/
Chichewa,/ˈⁿtʰa.ⁿda/
Chichewa,/ˈᵐbó.ɽo/
Chichewa,/ˈᵑkʷʰá.zi/
Chichewa,/t͡ʃiˈme.ɲa/
Chichewa,/síˈŋa.ᵑɡa/
Chichewa,/ˈmʷa.ɽá/
Chichewa,/maˈkʰú.mu.ɽa/
Chichewa,/ó.ɡaˈsi.ti/
Chichewa,/t͡ʃiˈto.ⁿdʷe/
Chichewa,/se.pi.téˈᵐba.ɽa/
Chichewa,/ˈkú.ɽu/
Chichewa,/t͡ʃi.t͡saˈmu.ⁿda/
Chichewa,/uˈɓʷa.ná/
Chichewa,/mˈt͡sé.ᵐpʰa/
Chichewa,/ˈó.ɽa/
Chichewa,/ˈfu.ⁿso/
Chichewa,/ˈɓú.ku/
Chichewa,/miˈtí.ma/
Chichewa,/t͡ʃiˈnu.ᵑɡú/
Chichewa,/uˈɽe.ⁿdó/
Chichewa,/kaˈɓú.ku/
Chichewa,/ᵑkʰa.ɽaˈma.ⁿd͡ʒa/
Chichewa,/ˈmá.jí wá.ḿˈŋó.no/
Chichewa,/mˈkó.no/
Chichewa,/ˈɲu.ⁿdo/
Chichewa,/ˈfi.si/
Chichewa,/aˈɓa.kʰa/
Chichewa,/ᵑkʰú.kúˈⁿdé.ᵐbo/
Chichewa,/a.káˈnu.ᵑɡu/
Chichewa,/mˈkú.ɽu/
Chichewa,/ⁿdíˈɽa.ⁿde/
Chichewa,/mˈká.ᵑɡo/
Chichewa,/ˈi.ⁿsá/
Chichewa,/ˈɗo.ko/
Chichewa,/haˈɽá.ɽe/
Chichewa,/ɽe.ᵐbe.ɽaˈna.ⁿso/
Chichewa,/ˈa.ná/
Chichewa,/ɲá.saˈɽa.ⁿde/
Chichewa,/kaˈkó.w⁽ᵝ⁾a/
Chichewa,/sa.tʰaˈma.ᵑɡa/
Chichewa,/ɲéˈɲe.zi/
Chichewa,/ˈⁿt͡ʃʰe.(w)ú/
Chichewa,/t͡ʃiˈmka.ŋa/
Chichewa,/kaˈú.ⁿda/
Chichewa,/ˈi.ᶬfá/
Chichewa,/ˈᶬfé.ᶬvu/
Chichewa,/maˈɽú.me/
Chichewa,/ma.tíˈma.ti/
Chichewa,/kaˈᵐbu.kú/
Chichewa,/maˈɽo.ɽe/
Chichewa,/t͡ʃiˈw⁽ᵝ⁾e.ᵐbá/
Chichewa,/ˈɓá.ⁿd͡ʒa/
Chichewa,/ˈᵑkʰú.ᵑɡu/
Chichewa,/ˈɽo.ta/
Chichewa,/t͡ʃíˈma.ᵑɡa/
Chichewa,/záˈᵐbi.a/
Chichewa,/u/
Chichewa,/i.ᵐbaˈi.ᵐba/
Chichewa,/ˈⁿd͡ʒu.ma/
Chichewa,/t͡sóˈpá.nó/
Chichewa,/ziˈú.no/
Chichewa,/ziˈto.ⁿdʷe/
Chichewa,/ziˈⁿzi.ɽí/
Chichewa,/w⁽ᵝ⁾e.ɽeˈᵑɡe.ɗʷa/
Chichewa,/aˈɡó.ⁿdʷa/
Chichewa,/ˈtu.ɽó/
Chichewa,/ˈɲa.ní/
Chichewa,/m.teˈⁿde.ɽe/
Chichewa,/ku.ɽeˈme.ka/
Chichewa,/waˈɲo.ɽe/
Chichewa,/ˈʃí.ɽe/
Chichewa,/ˈɓa.ɗʷa/
Chichewa,/iˈᵐbi.ɽa/
Chichewa,/tʰa.ma.ᵑɡiˈɽa.na/
Chichewa,/maˈsa.ᶬvu/
Chichewa,/ˈⁿdu.ná já.íˈkú.ɽu/
Chichewa,/ˈd͡zi.w⁽ᵝ⁾a/
Chichewa,/maˈɽe.mú/
Chichewa,/ˈpʰí.ᵑɡo/
Chichewa,/t͡ʃiˈⁿzi.ɽí/
Chichewa,/ziˈfú.(w)a/
Chichewa,/ˈma.ᵑɡa/
Chichewa,/ˈt͡se.ka/
Chichewa,/mˈkó.t͡ʃi/
Chichewa,/ˈwí.ⁿdo/
Chichewa,/ˈᶬfu.ti/
Chichewa,/ˈɓá.ta/
Chichewa,/a.dó.koˈta.ɽa/
Chichewa,/ˈtí.ji/
Chichewa,/ˈⁿsí.d͡ze/
Chichewa,/ˈmu.zu/
Chichewa,/ˈŋo.ma/
Chichewa,/ti.ᵑkʷʰaˈɽa.ᵑɡʷa/
Chichewa,/ɓaˈti.za/
Chichewa,/t͡ʃi.paˈɽa.ᵐba/
Chichewa,/ˈɲa.ma/
Chichewa,/ˈɓa.ᵑɡó/
Chichewa,/mˈt͡ʃó.ᵐbo/
Chichewa,/uˈɽá.ja/
Chichewa,/ˈmt͡ʃo.d͡zi/
Chichewa,/t͡ʃi.ɽiˈᵐpʰu.ⁿdi/
Chichewa,/ɓaˈti.zá/
Chichewa,/uˈt͡sí.ɽu/
Chichewa,/taˈᵐba.ɽa/
Chichewa,/ˈi.ne/
Chichewa,/ka.ɽáˈɽi.ki/
Chichewa,/miˈjo.jo/
Chichewa,/mɽe.ᵑɡaˈɽe.ᵑɡa/
Chichewa,/aˈt͡ʃe.w⁽ᵝ⁾á/
Chichewa,/t͡ʃiˈú.no/
Chichewa,/mˈpi.ɽa/
Chichewa,/ˈɓʷa.tó/
Chichewa,/t͡ʃiˈsú.tu/
Chichewa,/maˈpi.ɽa/
Chichewa,/ˈt͡ʃí.si/
Chichewa,/weˈne.ɽá/
Chichewa,/maˈᵑɡi.ɗʷa/
Chichewa,/ka.ɲéˈɲe.zí/
Chichewa,/iˈw⁽ᵝ⁾a.ɽa/
Chichewa,/ɲeˈᵑɡe.ɗʷa/
Chichewa,/t͡ʃiˈw⁽ᵝ⁾é.ᵑɡo/
Chichewa,/d͡zoˈo.ɽe/
Chichewa,/ˈd͡zí.no/
Chichewa,/ˈse.ka/
Chichewa,/kaˈmu.zu/
Chichewa,/saˈvi.na/
Chichewa,/ˈɗu.(w)a/
Chichewa,/t͡ʃiˈɓú.ku/
Chichewa,/ɡuˈɽi.t͡sa/
Chichewa,/ˈdi.ⁿda/
Chichewa,/ˈkʰó.tʰi/
Chichewa,/d͡za.ɽaˈɲa.ma/
Chichewa,/ˈɗe.d͡zá/
Chichewa,/ˈᵑkʰú.ju/
Chichewa,/ka.te.kíˈsi.ma/
Chichewa,/ˈt͡ʃa.ɽá t͡ʃiˈmó.d͡zi siˈt͡ʃi.sʷa ˈⁿsa.ɓʷe/
Chichewa,/m.pʰuˈⁿzi.t͡si/
Chichewa,/a.kaˈtú.ⁿdu/
Chichewa,/u.tiˈti.ɽí/
Chichewa,/mˈɡá.wi/
Chichewa,/ˈtʰá.ko/
Chichewa,/ziˈa.ná/
Chichewa,/ˈpʰa.zí/
Chichewa,/saˈɗʲe.ka/
Chichewa,/ziˈnu.ᵑɡú/
Chichewa,/ɽá.t͡ʃíˈná.ji/
Chichewa,/mka.t͡ʃeˈⁿd͡ʒe.ɗe/
Chichewa,/ˈɡa.w⁽ᵝ⁾o/
Chichewa,/t͡seˈke.ɽa/
Chichewa,/muˈtʰá.ɽi.ka/
Chichewa,/béˈse.ni/
Chichewa,/kaˈsí.tu/
Chichewa,/i.ᵐbiˈka.ⁿso/
Chichewa,/muˈhí.ja/
Chichewa,/ˈmí.ᵐba/
Chichewa,/vu.ᵐbuˈɽu.ka/
Chichewa,/ˈt͡ʃʰi.pa/
Chichewa,/wo.tʰaˈma.ᵑɡa/
Chichewa,/ˈtʰó.ɽe/
Chichewa,/t͡ʃiˈmʷa.ná/
Chichewa,/ˈmu.ɽi ˈɓʷá.ⁿd͡ʒi/
Chichewa,/a.taˈᵐba.ɽa/
Chichewa,/b͡vuˈᵐbu.ɽa/
Chichewa,/mˈt͡ʃi.ⁿd͡ʒí/
Chichewa,/vuˈᵐbu.ɽa/
Chichewa,/aˈmá.jí á.áˈŋó.no/
Chichewa,/ˈmʷá.se/
Chichewa,/ziˈkó.pe/
Chichewa,/a.ɲáˈma.ta/
Chichewa,/kaˈɽó.ⁿde/
Chichewa,/ˈu.t͡sí/
Chichewa,/ˈɓú.kʰu/
Chichewa,/ˈb͡vú.to/
Chichewa,/ˈᵐpʰu.mí/
Chichewa,/t͡ʃiˈká.to/
Chichewa,/ˈt͡so.ka/
Chichewa,/ˈᵐbú.ᵐba/
Chichewa,/ɲiˈɽé.ⁿda/
Chichewa,/ˈma.ⁿda/
Chichewa,/ˈt͡ʃu.ɽé/
Chichewa,/ˈmʷe.ɗʷa/
Chichewa,/t͡ʃiˈkʷá.wa/
Chichewa,/zi.paˈɽa.ᵐba/
Chichewa,/di.séˈᵐba.ɽa/
Chichewa,/t͡ʃi.tʰú.ⁿzíˈtʰu.ⁿzí/
Chichewa,/a.síˈŋa.ᵑɡa/
Chichewa,/muˈɽu.ᵑɡu/
Chichewa,/ˈwi.ᵐbe/
Chichewa,/ɽe.ᵐbe.ɽa.na.ɽe.ᵐbeˈɽa.na/
Chichewa,/ˈⁿd͡ʒó.ka/
Chichewa,/wá.iˈɽe.si já kaˈné.ma/
Chichewa,/tʰa.ma.ᵑɡiˈt͡sa.ⁿso/
Chichewa,/a.koˈme.ma/
Chichewa,/ˈmá.w⁽ᵝ⁾a/
Chichewa,/kaˈmᵑɡé.ɽo/
Chichewa,/ziˈpá.t͡so/
Chichewa,/t͡ʃiˈsa.ɽe/
Chichewa,/ˈso.t͡ʃí/
Chichewa,/wáˈkú.ɓá/
Chichewa,/kaˈɽú.(w)a/
Chichewa,/d͡ʒuˈɽá.je/
Chichewa,/t͡ʃiˈmká.ᵑɡo/
Chichewa,/zi.ɽiˈᵐpʰu.ⁿdi/
Chichewa,/uˈmu.ⁿtʰú/
Chichewa,/ˈɓa.kʰa/
Chichewa,/mˈzi.ⁿda/
Chichewa,/ˈɡó.ⁿdʷe/
Chichewa,/fóˈʃo.ɽo/
Chichewa,/ˈⁿsa.ɓʷe/
Chichewa,/ziˈmi.d͡zi/
Chichewa,/m.pi.ᵑɡaˈⁿd͡ʒi.ɽa/
Chichewa,/tʰa.maˈᵑɡi.ɽa/
Chichewa,/mˈtu.a/
Chichewa,/u.ɓaˈti.zo/
Chichewa,/ˈpʰi.ko/
Chichewa,/ziˈdi.ⁿdo/
Chichewa,/mˈzí.mu/
Chichewa,/mo.zaˈᵐbí.ki/
Chichewa,/ˈzú.ɽu/
Chichewa,/t͡sóˈpa.nó/
Chichewa,/zi.aˈᵑɡé.ɽo/
Chichewa,/ˈɗo.(w)a/
Chichewa,/ɽá.t͡ʃíˈw⁽ᵝ⁾í.ɽi/
Chichewa,/wa/
Chichewa,/mˈtʰú.ⁿzi/
Chichewa,/t͡ʃóˈᶬvé.ká/
Chichewa,/a.ziˈmá.ji/
Chichewa,/kaˈmʷe.ⁿdo/
Chichewa,/ˈe.ní/
Chichewa,/ˈⁿdó.(w)a/
Chichewa,/ˈmó.jo/
Chichewa,/ˈɽe.ᵑɡʷe/
Chichewa,/d͡ziˈw⁽ᵝ⁾i.ka/
Chichewa,/mˈte.ᵑɡo/
Chichewa,/ˈt͡ʃu.má/
Chichewa,/mˈsá.na/
Chichewa,/ˈɡa.w⁽ᵝ⁾a/
Chichewa,/ti.ᵑkʷʰaˈᵑɡa.ɽa/
Chichewa,/ˈɡo.ɡo/
Chichewa,/ⁿsáˈpa.to/
Chichewa,/ˈma.ᵐba/
Chichewa,/ˈⁿda.ní/
Chichewa,/miˈká.ᵑɡo/
Chichewa,/ˈzo.ᵐbá/
Chichewa,/buˈɽé.di/
Chichewa,/mˈhá.ᵑɡo/
Chichewa,/zi.ɲéˈɲe.zí/
Chichewa,/aˈfí.ti/
Chichewa,/tʰa.ma.ᵑɡa.tʰaˈma.ᵑɡa/
Chichewa,/ˈi.jé/
Chichewa,/aˈɡa.ɽú/
Chichewa,/ká.ḿˈpa.ni/
Chichewa,/ɲaˈsú.ɽu/
Chichewa,/aˈmʷe.ɲe/
Chichewa,/m.maˈɽá.w⁽ᵝ⁾i/
Chichewa,/miˈkó.no/
Chichewa,/b͡vu.ᵐbuˈɽu.t͡sa/
Chichewa,/a.pʰuˈⁿzi.t͡si/
Chichewa,/tʰa.ma.ᵑɡi.t͡siˈɗʷa.ⁿso/
Chichewa,/ˈza.ká/
Chichewa,/ˈⁿtʰo.t͡ʃí/
Chichewa,/mˈkú.ju/
Chichewa,/ˈᵑkʰo.sʷe/
Chichewa,/t͡ʃiˈsá.ɽe/
Chichewa,/mˈpʰi.ka/
Chichewa,/ɽiˈɽí.me/
Chichewa,/ˈmʷa.ⁿzá/
Chichewa,/ˈja.ᵑkʰo/
Chichewa,/t͡ʃi.tóˈko.si/
Chichewa,/saˈd͡zi.w⁽ᵝ⁾a/
Chichewa,/ka.ɽiˈá.ti/
Chichewa,/ˈté.ᵐbo/
Chichewa,/ˈt͡ʃí.ⁿd͡ʒi/
Chichewa,/aˈɓʷá.na/
Chichewa,/ma.ɽéˈwe.zi/
Chichewa,/t͡ʃiˈzú.ɽu/
Chichewa,/kaˈmá.ᵑɡa/
Chichewa,/mˈɽo.mo/
Chichewa,/ˈᵐpʰu.no/
Chichewa,/ˈd͡ze.ɽa/
Chichewa,/ˈⁿdu.ná/
Chichewa,/ˈmu.ⁿdá/
Chichewa,/t͡ʃiˈjá.ni/
Chichewa,/ˈᵑkʰó.pe/
Chichewa,/ˈko.ⁿda/
Chichewa,/ˈmó.to/
Chichewa,/ti.ɲéˈɲe.zí/
Chichewa,/ˈⁿsa.ⁿd͡ʒe/
Chichewa,/ka.mˈtʰú.ⁿzi/
Chichewa,/ziˈtá.ᵐba/
Chichewa,/w⁽ᵝ⁾eˈɽu.ka/
Chichewa,/ti/
Chichewa,/ˈka.ti/
Chichewa,/ˈtʰé.u/
Chichewa,/mˈɓo.ᵐbó/
Chichewa,/ˈɓá.ᵑɡo/
Chichewa,/u.tá.wáˈɽe.za/
Chichewa,/ɓaˈᵑɡú.ɽa/
Chichewa,/ˈmʷa.ji/
Chichewa,/mˈta.ᵐbo/
Chichewa,/ma.ɡʷa.ɽa.ɽaˈⁿd͡ʒo.vu/
Chichewa,/t͡ʃi.ᵑkʷʰaˈɽa.ᵑɡʷa/
Chichewa,/ɽeˈᵐbe.t͡sa/
Chichewa,/ˈᵐpʰa.ká/
Chichewa,/ˈkʷa.t͡ʃa/
Chichewa,/ˈɓu.ɽú/
Chichewa,/ˈpʰi.ɽi/
Chichewa,/ˈbá.fa/
Chichewa,/a.maˈɽá.w⁽ᵝ⁾i/
Chichewa,/ⁿdaˈɽá.ma/
Chichewa,/piˈti.t͡sa/
Chichewa,/pʰuˈⁿzi.ɽa/
Chichewa,/t͡ʃi.ɲéˈɲe.zi/
Chichewa,/w⁽ᵝ⁾e.ɽeˈᵑɡe.ka/
Chichewa,/ˈtʰa.w⁽ᵝ⁾a/
Chichewa,/ˈᵑkʰó.sa/
Chichewa,/ˈmu.tú/
Chichewa,/ˈᵐpʰe.ɽe/
Chichewa,/naˈtʰe.ⁿd͡ʒé/
Chichewa,/ɽuˈsá.ka/
Chichewa,/ɡuˈɽi.ɗʷa/
Chichewa,/ku/
Chichewa,/ˈzi.ⁿtʰu/
Chichewa,/aˈɓa.ᵐbo/
Chichewa,/ˈᵑkʰá.ᵑɡa/
Chichewa,/káˈⁿdu.ɽo/
Chichewa,/ziˈᵐbá.ɓʷe/
Chichewa,/t͡ʃiˈt͡ʃe.w⁽ᵝ⁾á/
Chichewa,/ˈhá.t͡ʃʰi/
Chichewa,/ˈɡa.ɽú/
Chichewa,/ˈé.d͡zi/
Chichewa,/ˈᵑkó.si/
Chichewa,/pʰaˈɽo.ᵐbé/
Chichewa,/mˈɲá.ᵑɡa/
Chichewa,/iˈᵐbi.ka/
Chichewa,/ɓeˈⁿtʰu.ká/
Chichewa,/i.ᵐbi.t͡sa.iˈᵐbi.t͡sa/
Chichewa,/seˈke.t͡sa/
Chichewa,/ˈɓi.ᵑɡu/
Chichewa,/bá.iˈbu.ɽo/
Chichewa,/ˈd͡ʒó.ᵐbo/
Chichewa,/a.káˈɽo.ti/
Chichewa,/ziˈɡá.ma/
Chichewa,/mt͡síˈka.na/
Chichewa,/ˈmá.jí wá.ḿˈkú.ɽu/
Chichewa,/mˈpa.ⁿdo/
Chichewa,/ˈbá.si/
Chichewa,/ᵑɡo/
Chichewa,/t͡ʃi.naˈsa.ɽa/
Chichewa,/ˈᶬvu.ú/
Chichewa,/ɲaˈᵑɡú.ɽu/
Chichewa,/mˈka.ka/
Chichewa,/mˈɽé.me/
Chichewa,/a.dóˈto.ɽo/
Chichewa,/mˈt͡sí.ⁿd͡ʒe/
Chichewa,/ka.ᵑkʷʰaˈᵑɡa.ɽa/
Chichewa,/ˈɓá.ⁿda/
Chichewa,/pi.tiˈɽa.na/
Chichewa,/ˈɗo.tʰi/
Chichewa,/ˈfu.ko/
Chichewa,/mˈɽu.ᵑɡu/
Chichewa,/ˈⁿtʰa.no/
Chichewa,/hóˈɽi.de/
Chichewa,/t͡ʃi.paˈta.ɽa/
Chichewa,/ˈd͡ʒé.ɽe/
Chichewa,/mˈfú.mu/
Chichewa,/maˈta.ja/
Chichewa,/haˈɽá.wa/
Chichewa,/a.kaˈɽu.ɽú/
Chichewa,/ˈka.mʷa/
Chichewa,/a.ziˈɓa.ᵐbo/
Chichewa,/pa.ɽíˈa.ni/
Chichewa,/w⁽ᵝ⁾e.ɽe.ᵑɡa.w⁽ᵝ⁾eˈɽe.ᵑɡa/
Chichewa,/ˈi.nu/
Chichewa,/kaˈmʷa.ná/
Chichewa,/ˈt͡ʃi.p͡fú/
Chichewa,/ˈᵑkʰó.ma/
Chichewa,/tiˈa.ná/
Chichewa,/t͡ʃi.ma.ᵑɡaˈfi.si/
Chichewa,/a.d͡zuˈku.ɽu/
Chichewa,/uˈfí.ti/
Chichewa,/vu.ᵐbuˈɽu.t͡sa/
Chichewa,/maˈí.na/
Chichewa,/aˈfi.si/
Chichewa,/ᵑɡuˈɽu.w⁽ᵝ⁾e/
Chichewa,/maˈɡe.t͡si/
Chichewa,/ˈté.te/
Chichewa,/ˈɓa.ⁿso/
Chichewa,/ɲiˈɽó.ᵑɡo/
Chichewa,/ˈmo.w⁽ᵝ⁾a/
Chichewa,/ˈmʷa.je/
Chichewa,/aˈmá.ji/
Chichewa,/t͡ʃiˈɽo.mʷé/
Chichewa,/wá.jiˈɽe.si já kaˈne.má/
Chichewa,/mˈkó.ⁿdo/
Chichewa,/aˈku.ɗʲa/
Chichewa,/ˈd͡zu.ɽo/
Chichewa,/t͡ʃíˈt͡se.ko/
Chichewa,/oˈne.ɗʷa/
Chichewa,/uˈɓú.sa/
Chichewa,/t͡ʃiˈt͡ʃí.ɽi/
Chichewa,/maˈí.ko/
Chichewa,/maˈɓú.ku/
Chichewa,/maˈᵑkʷʰá.ɽá á ⁿsáˈpa.to/
Chichewa,/ᵑɡaˈmí.ɽa/
Chichewa,/ˈa.ᵑɡa/
Chichewa,/peˈɽe.ka/
Chichewa,/máˈɽa.ʃa/
Chichewa,/ˈka.ⁿtʰu/
Chichewa,/ˈᵐba.ɽe/
Chichewa,/t͡ʃi.pʷi.tiˈkí.zi/
Chichewa,/oˈi.ᵐba/
Chichewa,/ˈɓe.ɗʷa/
Chichewa,/mˈko.d͡zo/
Chichewa,/ka.ᵑkʷʰaˈɽa.ᵑɡʷa/
Chichewa,/ˈsó.ᵑɡʷe/
Chichewa,/ˈⁿtʰá.ɽa/
Chichewa,/ˈpʰo.ja/
Chichewa,/t͡ʃiˈsé.na/
Chichewa,/aˈká.zi/
Chichewa,/kaˈt͡ʃa.ɽi/
Chichewa,/ˈfi.ka/
Chichewa,/ˈbá.ɽa/
Chichewa,/ˈt͡ʃa.ká/
Chichewa,/ˈᵐpʰé.ᶬvu/
Chichewa,/t͡ʃiˈᵑkʰó.ⁿde/
Chichewa,/t͡ʃiˈɽe.ᵐbʷe/
Chichewa,/t͡ʃi.pu.ɽa.uˈsi.ku/
Chichewa,/ˈⁿd͡ʒú.t͡ʃi/
Chichewa,/káˈpa.ᵐba/
Chichewa,/mˈmʷe.ɲe/
Chichewa,/ˈnu.ᵑɡú/
Chichewa,/sú.ᵐbúˈɽe.ɽe/
Chichewa,/ˈɡʷá.pe/
Chichewa,/ˈɓo.(w)a/
Chichewa,/ˈᵑkʷʰá.ᵑɡʷa/
Chichewa,/ˈɡa.má/
Chichewa,/oˈna.ⁿso/
Chichewa,/ˈmʷa.w⁽ᵝ⁾i/
Chichewa,/ɽeˈᵐbe.ɗʷa/
Chichewa,/ˈkʰo.si/
Chichewa,/mˈdí.di/
Chichewa,/wo.i.ᵐbaˈi.ᵐba/
Chichewa,/ɓʷeˈɽe.ká/
Chichewa,/ˈⁿsa.ⁿza/
Chichewa,/ko.ᵑɡoˈɽe.t͡sa/
Chichewa,/pʰuˈⁿzi.t͡sá/
Chichewa,/t͡ʃiˈɽé.ka/
