Faroese,/ˈtɛiːvʊɹ/
Faroese,/ˈnʊiːta/
Faroese,[ˈflɔuːtʃɪ]
Faroese,[ˈtʰiːjʊn]
Faroese,/ˈkrɔɑːʰtʊɹ/
Faroese,/ˈskɔuːˌsmiːjʊɹ/
Faroese,/ˈsam̥t͡ʃɪntʊɹ/
Faroese,/lɔiʰtˈnan̥tʊɹ/
Faroese,/ˈʃɔuːtʊɹ/
Faroese,/ˈkvœɹ̥kˌvɛtʃːa/
Faroese,[ˈɔkːʊʃt]
Faroese,/plɔsː/
Faroese,[ˈœtn]
Faroese,/ˈkʰoːʰkʊsˌnøːʰt/
Faroese,/pʰaʰpː/
Faroese,[ˈfɔstʊɹˌtʰøːʰka]
Faroese,/uː/
Faroese,[apoˈtʰeːʰk]
Faroese,/ˈtʃɛɹvɪ/
Faroese,/ˈfɔŋ̊ksʊl/
Faroese,/ˈal̥.taɹ/
Faroese,[ɔaːɹ]
Faroese,[kɔʃˈteːr]
Faroese,/ˈʊʰp.lʊiːjsiŋk/
Faroese,/ˈɹɛaːna/
Faroese,[ˈrœstˌsʉupan]
Faroese,[vaɻ̊ʈ]
Faroese,[ˈtʰœɹvʊɹ]
Faroese,/pʰɛaːɹ/
Faroese,[ˈɔunstɛaːʊɹ]
Faroese,/øːva/
Faroese,[ˈheːrɪŋɡ]
Faroese,/ˈfjɛaːɹaɹ/
Faroese,/kvœnː/
Faroese,/ˈpɔɹkaɹˌʃɔuːwɹɪ/
Faroese,[ˈhʉuːsɪ]
Faroese,/ˈlʊntɪ/
Faroese,[ˈɛɻ̊ʈʊɹ]
Faroese,[ˈoːman]
Faroese,[ˈrɪɡːa]
Faroese,/ɹʊiːn/
Faroese,/ˈfloːʰtɪ/
Faroese,/ˈlœktɪŋɡsˌmɛaːvʊɹ/
Faroese,/ˈnʊiːˌsɪlvʊɹ/
Faroese,/ɹœtː/
Faroese,/ˈpʰiːpaɹˌnøːʰt/
Faroese,/ˈsuːkʊɹ/
Faroese,[ˈpʰʊiːjna]
Faroese,/ˈkʰ(v)ʊsːʊ/
Faroese,/sɔaːɹ/
Faroese,/ˈhʊksan/
Faroese,/ˈɔljʊˌpeɛːɹ/
Faroese,[ɔɡn]
Faroese,/ˈɛn̥skʊɹ/
Faroese,[ˈmɛaːʰt͡ʃɪ]
Faroese,/ˈvʊiːtʃɪŋkaˌœlt/
Faroese,[ˈtʃaldˌstɛavʊr]
Faroese,[kvɔnː]
Faroese,[ˈsoːˌstatː]
Faroese,/ˈkfœlt/
Faroese,/ˈapːɪ/
Faroese,/ˈpɛaːɹa/
Faroese,/ˈmɔmːa/
Faroese,/ˈtɪŋɡmanːs/
Faroese,[ˈsʊinʊn]
Faroese,[ˈʃɛrja]
Faroese,/ˈɹʊiːtʃɪ/
Faroese,/ˈtʊiːɹʊɹ/
Faroese,/ˈhaʰtːʊɹ/
Faroese,/ˈsvɪmjɪˌpʉuːnɪ/
Faroese,[ˈvɪʃtʃɪn]
Faroese,/ˈlɪɸta/
Faroese,/ʊiˈdʒɔar/
Faroese,/ˈtait͡ʃː/
Faroese,/ˈnɛkvʊɹ/
Faroese,/ˈɔtˌpjœtn/
Faroese,/ˈheːʰt͡ʃa/
Faroese,/sʉuː/
Faroese,[sɛpˈtɛmbʊr]
Faroese,/ˈpeːal/
Faroese,/ˈt͡ʃɪlvɪ/
Faroese,[bøːn]
Faroese,/ˈtʰɔɑːm/
Faroese,/ˈstɛaˌfɛsta/
Faroese,/ˈɛɹmɪna/
Faroese,/spiːn/
Faroese,/ˈɹʊiːkʊɹ/
Faroese,/oˈɹaŋkʊtaŋk/
Faroese,/ˈspiːnɪ/
Faroese,[ɔuːn]
Faroese,/ˈkɛaːɹaɹ/
Faroese,/ˈt͡ʃʰɪɻ̊ʂʊˌpeːɹ/
Faroese,/ˈɪnta/
Faroese,/ˈkɔl̥fɪɹɪŋkʊɹ/
Faroese,/ˈbrɔtsˌmɛaːvʊɹ/
Faroese,/lɔɑː/
Faroese,/kʰʉuːn/
Faroese,/ˈmɔska/
Faroese,/spɛaːl/
Faroese,/ˈkuːlʊɹ/
Faroese,[hɛijɪ]
Faroese,/ˈsmiːɹɪl/
Faroese,/ˈtɹʉuːʋʊˌsuːkʊɹ/
Faroese,/tʰɔɹ̥pʊɹ/
Faroese,/ˈklœkː/
Faroese,/ˈaʰtlɪ/
Faroese,/kuː/
Faroese,[paˈsal̥t]
Faroese,/huːɹ/
Faroese,/ˈtɾʉuːva/
Faroese,/ˈsʏl̥tʊ.tʰɔiː/
Faroese,/ˈkʰɔl̥tʊɹ/
Faroese,/ˈfœl̥katɪŋɡsmɛnː/
Faroese,/ˈkʰvœɹva/
Faroese,/ˈkʰɔlva/
Faroese,/ˈfɪska/
Faroese,/ˈpʰasta/
Faroese,[naun]
Faroese,/ɔŋk/
Faroese,/smøːɹ/
Faroese,[ˈsɛakɪn]
Faroese,[rɔkt flɛsk]
Faroese,[vʊiːjk]
Faroese,[ɔː]
Faroese,[ˈɔafatː]
Faroese,/ˈlœktɪŋɡsmɛnː/
Faroese,/ˈnɔɑːpɪkvɪ/
Faroese,/ˈnaunaˌʃɪftɪ/
Faroese,/ʊiˈmɔrdʒɪn/
Faroese,/ˌpɛaːʰkaˈɹʊi/
Faroese,/ˈtʰʊnːɪl/
Faroese,/fjøːɹ/
Faroese,/ˈɛaːsa/
Faroese,/ˈsvœʰpːʊɹ/
Faroese,[ˈlʊitɪˌlɔatɪn]
Faroese,/ˈɛaːʰpʊˌpʰɔkʊɹ/
Faroese,[ˈheːrɪ]
Faroese,/jɛaː/
Faroese,[ɔˈjʉu]
Faroese,/ˈɹiːta/
Faroese,/hoːl/
Faroese,/ˈpɛn.ja.ˌmin/
Faroese,[ˈtɛrjɪ]
Faroese,/ˈtʰvɔːa/
Faroese,/ˈlɪʰkːa/
Faroese,/ˈsleːva/
Faroese,/ˈstɔuːɹʊɹ/
Faroese,[ˈkʰalsɪŋkʊr]
Faroese,/ˈsœl̥fɪɹɪŋkʊɹ/
Faroese,[kɛaːmal]
Faroese,/ˈjeːa/
Faroese,/ˈheːrˌpʉunɪ/
Faroese,[vɛal ˈɡaɡnɪst]
Faroese,[ˈtairːa]
Faroese,/ˈljɔuː/
Faroese,[anːakvœʂt]
Faroese,/ˈke̞ːal/
Faroese,/mɛaːɹ/
Faroese,[ˈtʃɪtla]
Faroese,/knɛaː/
Faroese,/ˈɹɔkna/
Faroese,/skalv/
Faroese,[ˈtakˌplɛaː]
Faroese,/ˈfɾɛmːantaˌfœl̥k/
Faroese,/ˈmœkːʊɹ/
Faroese,/ˈnʊtla/
Faroese,[ˈvaʰksa]
Faroese,[ˈhaimaˌmɔal]
Faroese,[ˈʊiːjˌpʉuːw]
Faroese,[ˈaiːtʊɹ̥ˌkʰɔʰpːʊɹ]
Faroese,[ˈhʊɡmɪndaˌfrøːjɪ]
Faroese,/tʰɹɔmˈpʰeːt/
Faroese,/pʉuːw/
Faroese,/tœkː/
Faroese,/ˈlɛŋkˌɛaːvɪ/
Faroese,[ˈfralsɪr]
Faroese,/ˈlaiʰtːʊɹ/
Faroese,[ˈpʰɔstʊɹ]
Faroese,[ˈbɔukˌmɛn̥tɪɹ]
Faroese,/bɹʉuːsa/
Faroese,/ˈslaʰtːʊɹ/
Faroese,/ˈsvalpɛaːɹ/
Faroese,/ˈpʰɔʃtʃɪɹ/
Faroese,/ˈʊiːla/
Faroese,/ˈtʰɪŋd͡ʒɪŋk/
Faroese,[ˈsambaʃt]
Faroese,[krʏsː]
Faroese,/ˈhʉuːnɪ/
Faroese,/ˈsɛaːʰkaɹɪs/
Faroese,[ˈskriːvˌstoːva]
Faroese,[ˈpɹɪlːʊɹ]
Faroese,[ˈpoːsˌhɔʰtːʊɹ]
Faroese,/ˈkʰnœʰtːʊɹ/
Faroese,/ˈklɪmja/
Faroese,[kʰaˈjaʰkː]
Faroese,/ˈmɔʰtːa/
Faroese,/ˈlʊiːˌvɛltɪ/
Faroese,/ˈsɪkna/
Faroese,[ˈpɹɔuːwɪɹ]
Faroese,/ˈtʰaiːstɪ/
Faroese,/viːk/
Faroese,/ˈpʉuːwɪ/
Faroese,/ˈfløːʰt͡ʃa/
Faroese,/ˈspɪɹja/
Faroese,/ˈviːnaˌlɛa/
Faroese,/slɛaː/
Faroese,[kvɛar eːr]
Faroese,[ˈɔavʊɹ]
Faroese,/ˈpʰeːɹa/
Faroese,[kʊsːu ˈɡɔŋɡʊr]
Faroese,/ˈplɪn(t)ˌlaiːt͡ʃɪ/
Faroese,/ˈjɛːsʊˌpʰɔɑːʰpɪ/
Faroese,[ˈdʒɪltʊɹ]
Faroese,/aʰpːɪlˈsiːn/
Faroese,[ˈfrʊirikʊr]
Faroese,[pɛnˈsiːnˌstøː]
Faroese,[ˈmaʰkːʊɹ]
Faroese,/keː/
Faroese,[ˈdrʊipa]
Faroese,[ʊʃt]
Faroese,/feːn/
Faroese,/ˈhɪkva/
Faroese,/ˈviːjʊɹ/
Faroese,/ˈstaiːt͡ʃa/
Faroese,[ˈveːtrɪ]
Faroese,/ˈtʰaʰtːʊɹ/
Faroese,/ˈjɔl̥pɪ/
Faroese,/ˈføːa/
Faroese,/ˈkʰlɛaːmɪnsˌmɛsːa/
Faroese,/ˈtɛiːvˌlaiːʰt͡ʃɪ/
Faroese,/ˈtʃʰaftˌkvʊiːjtʊɹ/
Faroese,/ˈmœʰtːʊl/
Faroese,[ˈfɔsːʊɹ]
Faroese,/spʊɻ̊ʈ/
Faroese,/mʊiːl/
Faroese,/kʰaˈhʏʰtː/
Faroese,/ˈaltʊɹ/
Faroese,/ˈvɪnˌstʏɻ̥ʈ͡ʂɪ/
Faroese,/ˈtʰɪŋkˌfʊntʊɹ/
Faroese,/ˈpœʰkˌstɛaːvʊɹ/
Faroese,[ˈdʒɛitɪ]
Faroese,/sʉuːn/
Faroese,[ˈbriːmɪl]
Faroese,/ˈhɛaːɹa/
Faroese,[ˈɔɑpɪɻʈ]
Faroese,[t͡ʃʰɛʰtːa]
Faroese,[tʰɔːsa]
Faroese,[ˈliːmʊr]
Faroese,[ʃeːr]
Faroese,/kɔŋ(k)t/
Faroese,/aiːk/
Faroese,/ˈmɛlta/
Faroese,[ˈkvalˌvɪʃɪnɡʊr]
Faroese,[ˈlaikhʉus]
Faroese,[ˈtɔiːpa]
Faroese,/ˈneːʰpal/
Faroese,/spaɹ̥k/
Faroese,[ˈlaitɪŋk]
Faroese,/ˈsvœvnˌlɔisɪ/
Faroese,/ˈsøːlʊˌmɛaːvʊɹ/
Faroese,/ˈhaiːlavʊɹ/
Faroese,[ˈsoːˌlaijɪs]
Faroese,/ˈhɛaː.ma.ɹa/
Faroese,[ˈɡrɛanɪ]
Faroese,[ˈlɔmja]
Faroese,/ˈhoːɹa/
Faroese,/t͡ʃiːl/
Faroese,/ˈʃɔuːnˌlaikaɹɪ/
Faroese,/ˈsapːaʰtʊɹ/
Faroese,[ɪˈnɛɡra]
Faroese,/kaiːt/
Faroese,/ˈkɛaːɹʊɹ/
Faroese,/ˈfʊklaˌsʉuːpan/
Faroese,[ˈteːkʊr]
Faroese,[ˈjøːʰtʊn]
Faroese,/ˈpʰʉuːta/
Faroese,/ˈpøːɹa/
Faroese,[ˈjaɻ̊ʈa]
Faroese,/ˈkʰɔl̥kˌsœʰtː/
Faroese,[ˈmɛnːɪnɪr]
Faroese,/ˈfiːtɪ/
Faroese,[ˈtʰʊimɪ]
Faroese,/ˈmøːɹʊɹ/
Faroese,[ˈsijaˌʃɪftɪ]
Faroese,[ˈɡɛalɪ]
Faroese,[ˈpʰɔl̥st]
Faroese,[fɔl̥k]
Faroese,[ˈfɪstɪ]
Faroese,/ˈt͡ʃɛlta/
Faroese,[ˈɛtʃɛnːa]
Faroese,[ˈtʃʰaɻ̊ʈan]
Faroese,[ˈsøːtʃɪn]
Faroese,/ˈhøːʰt͡ʃa/
Faroese,/ˈtaksˌ(l)jœuːs/
Faroese,/ˈɛiːjmjʉuːkʊɹ/
Faroese,/kɹaft/
Faroese,/ˈɛaːlɪsˌfɾøːjɪ/
Faroese,/aˈlaska/
Faroese,/tʰɛaːɹ/
Faroese,/ˈnoːrʊrˌlɛnts.kʊɹ/
Faroese,/ˈpruːwʊɹ/
Faroese,/ˈpɪntɪŋk/
Faroese,/pɔɹk/
Faroese,/tɾʊiː/
Faroese,[ˈtʃɛndɪst]
Faroese,[ˈlɔrˌvɪʃɪnɡʊr]
Faroese,[ˈtrɛdːvʊ]
Faroese,[ˈmjœɹ̥kaˌtɹœtl]
Faroese,[ˈhaimɪld]
Faroese,[ˈjaɹ̥ʈaˌlahknɪ]
Faroese,/skɛaːɹ/
Faroese,[tʰanː]
Faroese,/ˈfɪskʊɹ/
Faroese,/ˈhaim̥ta/
Faroese,/ˈkʰɔɻ̊ʈɪnɪ/
Faroese,[ˈfrɔaˌsœɡn]
Faroese,[ˈnʊit͡ʃan]
Faroese,/ˈkʰal̥.tʃʰiːn/
Faroese,[til lʊkːʊ vi ˈdeːnʊn]
Faroese,/ˈt͡ʃɛn̥ta/
Faroese,[ˈhœlmʊɹ]
Faroese,[ˈiːvɪɹbɔukaˌvøːɹʊɹ]
Faroese,[ˈɔuˌtʃɛipɪs]
Faroese,/ʃaˈmanʊɹ/
Faroese,[oːo̞]
Faroese,/ˈt͡ʃɔuːarˌtɪŋɡ/
Faroese,/ʃeːl/
Faroese,/ˈpʊiːjʊɹ/
Faroese,/fɔaːɹ/
Faroese,/ˈaɻɳaɹ/
Faroese,[ˈtuːjɪ]
Faroese,/ˈsɔɑːʰpa/
Faroese,/ˈʊiːja/
Faroese,[ˈɛdlɪvʊ]
Faroese,/ˈtɹeːʰt͡ʃɪ/
Faroese,/ˈkrɔɑːˌspʊɹvʊɹ/
Faroese,/kasː/
Faroese,/ˈfɛaːʰta/
Faroese,/ˈjouːnaˌtʰanː/
Faroese,[mjœl̥k]
Faroese,/ˈt͡ʃɪŋkʊ/
Faroese,/ˈfɾɔstˌmʊiːjɹɪ/
Faroese,[mʊin]
Faroese,/hʊiːt/
Faroese,[ˈstɛɹ̥kʊɹ]
Faroese,[ˈnɔtːˌʊɹɪ]
Faroese,/ˈtɾɪkvʊɹ/
Faroese,[ˈmɔuwʊrˌmɔal]
Faroese,[ˈɔrknɪŋkʊɹ]
Faroese,/ˈɹʊʰkːa/
Faroese,[ˈhɔlaikˌstøːva]
Faroese,[ˈdʒœrdɪ]
Faroese,/ˈjaɹˌnœʰt/
Faroese,/ˈɔɻ̥kʊˌfɹan.lɔiʃla/
Faroese,[ˈtaimʊn]
Faroese,/ˈt͡ʃʰatlʊɹ/
Faroese,/kɔɑːs/
Faroese,/ˈjaksla/
Faroese,[ˈmaɡnɪ]
Faroese,/ˈplɔɑːvʊɹ/
Faroese,/ˈstɔɹ̥kʊɹ/
Faroese,/ˈtɾʊiːʃta/
Faroese,/ˈkrɪm̥t/
Faroese,[ɹoː]
Faroese,/ˈvɛkɹaˌtʃʰøːʰt/
Faroese,/ˈprɛav/
Faroese,[pjœtn]
Faroese,/ˈʃɛʰpːa/
Faroese,/ˈhɪltʊɹ/
Faroese,[tʰɔaːɹ]
Faroese,/tʰoː/
Faroese,/ˈsɛtnɪŋkʊɹ/
Faroese,[ˈbɔukaˌsaun]
Faroese,/lʉuːs/
Faroese,[viːˌkvœʃt]
Faroese,/ˈfɪʎtʃɪˌsvaiːjnʊɹ/
Faroese,[mʊiːl]
Faroese,/ˈɛltʊˌvʊiʃɪŋkʊɹ/
Faroese,[ˈarbainʊn]
Faroese,/ˈmɪsːantɪ/
Faroese,[ˈblɛaˌtɛɡnarɪ]
Faroese,/ˈfɹʊtʃːaˌtɛaːvʊɹ/
Faroese,/ˈɹøːɹa/
Faroese,/ˈkʰampʊɹ/
Faroese,/t͡ʃɔɑː/
Faroese,/ˈspeːʰt͡ʃɪ/
Faroese,/ˈfliːkra/
Faroese,/ˈjaʰt͡ʃːɪ/
Faroese,/ˈsɔɑːɹa/
Faroese,/ˈkʰølɪˌskɔɑːʰp/
Faroese,[kvør ˈvait]
Faroese,[ˈmɛsːa]
Faroese,/ˈɡɹœnlɛnts.kʊɹ/
Faroese,[ɛŋ̊kst]
Faroese,/ˈkɾœnˌlɛiːkʊɹ/
Faroese,/ˈfaɹmaˌʃiːp/
Faroese,[pʰɔɑː]
Faroese,[ˈsɔuwʊ]
Faroese,/ˈtʃʰɪntɪlsˌmɛsːa/
Faroese,[ˈnœlsɔi]
Faroese,[pʰoˈlɪʰtːɪʰkarɪ]
Faroese,/fɔsfoɹ/
Faroese,[ˈɹɛfsɪˌlɔuːw]
Faroese,[ˈpadlɪn]
Faroese,/ˌki.ɹiˈpɑː.ti/
Faroese,[ˈʊŋɡar]
Faroese,/fljɔuː/
Faroese,/ˈsɛʰt͡ʃːɪn/
Faroese,/-ˌlaiːtʃɪ/
Faroese,/ˈhɛɹ.pɛɹt͡ʃɪ/
Faroese,/ˈskɔʂ.ˌstaiːnʊɹ/
Faroese,[ˈrœtʃa]
Faroese,/ˈkleːjɪ/
Faroese,/ɹɔɑːjɪ/
Faroese,[ˈɔrnaˌlaknɪ]
Faroese,/ˈtʉuːkʊɹ/
Faroese,[ˈlɛararɪ]
Faroese,[ˈmɛatˌseːjɪl]
Faroese,[ˈnɔaˌkvɛalʊr]
Faroese,/toː/
Faroese,/ˈmiːjɪ/
Faroese,[ˈɹasla]
Faroese,[ˈpɪʎt͡ʃa]
Faroese,/slɪʰps/
Faroese,/ˈʊntɪɹˌhɔuːpʊɹ/
Faroese,/jatn/
Faroese,/ˈt͡ʃɛiːpa/
Faroese,/nʊt͡ʃːʊɹ/
Faroese,[ˈnœlsɪŋkʊɹ]
Faroese,/ˈljɔuːtʊɹ/
Faroese,/ˈsvœlt͡ʃa/
Faroese,/-frøːjɪ/
Faroese,/tʰɔɑːtʰʊiː/
Faroese,[ˈsnarljɔuːs]
Faroese,[ˈfjadlˌbɪɡdʊr]
Faroese,/ˈkɔkːʊˌʃeːl/
Faroese,/ˈɛʰt͡ʃːa/
Faroese,/ˈɛlvʊɹ/
Faroese,/ɔt͡ʃː/
Faroese,/ʃɔuːl/
Faroese,/ˈɛiːjʊɹ/
Faroese,[lɔind]
Faroese,/ˈtɹuːpʊl/
Faroese,/feːɹ/
Faroese,[nɔʃt]
Faroese,[ˈtʰɛa(ː)]
Faroese,[ˈʊidnavʊr]
Faroese,[ˈɔŋklɛtnɪŋkʊɹ]
Faroese,/ˈkʰʊn̥ta/
Faroese,/ˈfʊiːlʊn/
Faroese,/ˈtʰɹɛaːlʊɹ/
Faroese,/sanːa/
Faroese,/plʊiː/
Faroese,/ˈsøːlʊˌmanːs/
Faroese,/ˈkʰɾɛkv/
Faroese,[ˈvɔknʊɹ]
Faroese,/pɾɛkv/
Faroese,[ˈeːvaʃka]
Faroese,[ˈaut͡ʃalt]
Faroese,[ˈɔŋɡanˌtʊiː]
Faroese,/ˈtʰʊmːasˌmɛsːa/
Faroese,/t͡ʃɛʰkn/
Faroese,/ˈpʰʊiːn̥slaɺˌvɔʰtːʊɹ/
Faroese,/ˈkʰrɛaːjɪ/
Faroese,/ˈaɹbaiːsˌlɔisɪ/
Faroese,[mɛnː]
Faroese,/ˈtʰʊɹːɪˌklɛaːjɪ/
Faroese,/ˈtʰvɪtnʊɹ/
Faroese,/ˈkøːʰtuˌtaŋ̊skt/
Faroese,/ˈɔɹmʊn/
Faroese,[ˈnoːrʊrˌlɛŋsk]
Faroese,/apɹiˈkoːsa/
Faroese,/ˈpɹɛnːɪˌteːʰpɪl/
Faroese,/ˈvaʰkna/
Faroese,/ɡɛas/
Faroese,/ˈfɪsta/
Faroese,/ˈlanslɛaː/
Faroese,/ˈʊʰpːhatː/
Faroese,/ɹiːvna/
Faroese,[vœɹː]
Faroese,[ˈkasːaˌmaistarɪ]
Faroese,[ɔaː]
Faroese,[ˈɛatˌkoːmandɪ]
Faroese,[pjaɻ̊ʈ]
Faroese,/ˈstøːva/
Faroese,/meˈlɔoːn/
Faroese,[ˈlʊija]
Faroese,/ˈprøːv/
Faroese,/ˈhɛaːvˌœɻɳ/
Faroese,[ˈɹaiːjʊɹ]
Faroese,/ˈt͡ʃʰøːɹa/
Faroese,/ˈseːsamˌfɾɛaː/
Faroese,[ˈstrɛimɔi]
Faroese,/ˈlɔŋka/
Faroese,[ˈflaksa]
Faroese,/ˈkʰʊɻɭa/
Faroese,/ˈaʰtː/
Faroese,/ˈvantɪ/
Faroese,/ˈpʉuːkʊɹ/
Faroese,/ˈtøːma/
Faroese,/ˈvøːɹʊɹ/
Faroese,/ˈɔɑːsʊɹ/
Faroese,/ˈlʊiːɹɪ/
Faroese,[ˈjɔuan]
Faroese,[meːn]
Faroese,[ˈmɪnda]
Faroese,/ˈsʊiːnɪŋk/
Faroese,[ˈhʊndra]
Faroese,[ˈɔukvasːʊr]
Faroese,/ɹoˈsiːna/
Faroese,/ˈsʉuːla/
Faroese,/ˈkøːʰta/
Faroese,/ˈtʃʰɛʰpːˌmɛaːvʊɹ/
Faroese,/ˈkʊfːɾøːjɪ/
Faroese,[ˈfɪskaˌkøːʰka]
Faroese,/ɛnː/
Faroese,/ˈtʰvaʰtl/
Faroese,/ˈtʰɛltʊˌpɹɛaːv/
Faroese,/ˈheː.vʊɹ/
Faroese,/ˈpɪspʊɹ/
Faroese,[støk]
Faroese,[ˈɪlɡruːna]
Faroese,/faks/
Faroese,[ˈarbaismannaˌfeːlɛa]
Faroese,[ˈnʊitʃ.ɔɑːɹ]
Faroese,/ˈtʰɔsta/
Faroese,/ˈvanta/
Faroese,/ˈstɔuːɹa/
Faroese,/ˈpɪnta/
Faroese,[ˈplɔa.stʊɹ]
Faroese,[ˈlʊʃta]
Faroese,[ˈføːrɪsk]
Faroese,/ˈklɛaːvʊɹ/
Faroese,/ˈtʰʊnːa/
Faroese,/ˈfʊiːla/
Faroese,[ˈhœklɪːjʊɹ]
Faroese,[aijarɪ]
Faroese,[ˈsairːɪ]
Faroese,/ˈmʉuːsaˌpɾɔuːwɪɹ/
Faroese,/ˈlʊmːʊɹ/
Faroese,/ˈskʉuːvɪ/
Faroese,/ˈtʰœɹva/
Faroese,/ˈɛː.al/
Faroese,/ˈhɔɑːvʊɹ/
Faroese,/ˈveːʰtɹaɹˌpɾɛiːt/
Faroese,/nɔɑːl/
Faroese,/tʰiːn/
Faroese,/plɔɑː/
Faroese,/ˈkʰɛaːvɪ/
Faroese,[tʰʊiː]
Faroese,/fleːs/
Faroese,/ˈmʊiːɹɪˌsnʊiːpa/
Faroese,/ˈfeːɹaˌseːjɪl/
Faroese,[ˈnɛatʊr]
Faroese,/ˈsʊiːɹija/
Faroese,/vɔʰpn/
Faroese,/ˈspɛɹmʊɹ/
Faroese,/ˈfɛaːɹa/
Faroese,/ˈʊitɹœtː/
Faroese,/ˈhaiːjaˌɹʊiːpa/
Faroese,[ˈvœdlɪn]
Faroese,/ˈviːjɪŋkʊɹ/
Faroese,[ˈatːʊ.svɛar]
Faroese,[ˈmɪnːɪ]
Faroese,[ˈt͡ʃʰɔuːl]
Faroese,/ˈtʰɔɹpɛɹkʊɹ/
Faroese,[ˈtriːjɪ]
Faroese,/ˈmanːˌpjœtn/
Faroese,/ˈʃɪftɪɹ/
Faroese,/øː/
Faroese,/ˈhaʰtːɪʃɪŋkʊɹ/
Faroese,/ˈœsːʊɹ/
Faroese,/ˈøːvʊˌʃeːl/
Faroese,[ˈpatn]
Faroese,[ˈfɛŋɡaˌvøːɹʊɹ]
Faroese,[ˈnʊijɹa]
Faroese,[ˈviːtbjaʃtʊr]
Faroese,[ˈskɛapa]
Faroese,/ˈlɔstɪ/
Faroese,/pɹʊiːjɹ/
Faroese,/pjœtn/
Faroese,[lɔkn]
Faroese,/stœɻ̊ʈ/
Faroese,/tʰɔnː/
Faroese,[ˈtrɪɡvɪ]
Faroese,/tʰœiː/
Faroese,/ˈsɛʰkːʊɹ/
Faroese,/tʰɹɪkv/
Faroese,/ˈkʰɔʰpːʊɹ/
Faroese,/ˈmjʉuːkʊɹ/
Faroese,/ˈstaɪnʊɹ/
Faroese,/ˈsɪkva/
Faroese,[ˈtʃʰɪntɪl]
Faroese,/ˈhɛntɪ/
Faroese,/ˈkoːʰtɪ/
Faroese,/ˈtʰoːʰka/
Faroese,/ˈnʊiːjˌsɛaːlant/
Faroese,[ˈfjøːrʊtɪ]
Faroese,/ˈtʰɔunaskalt/
Faroese,[ˈɡranːaˌɔd͡ʒː]
Faroese,/ˈfɾʊiːjʊɹ/
Faroese,/tvaiːɹ/
Faroese,[ˈtʰɪʰkːun]
Faroese,/ˈbjadnɪ/
Faroese,/ˈkɹʊntˌøːʰtʃɪ/
Faroese,/tʰɹœtl/
Faroese,/ˈskɔɑːʰk/
Faroese,/ˈfœɹ.jaˌskøː.ɹa/
Faroese,/k/
Faroese,[ˈandast]
Faroese,/ˈmɛaːʰkʊɹ/
Faroese,/ˈt͡ʃʰiːkaɹɪ/
Faroese,[ˈkʊt͡ʃːa]
Faroese,[ˈlansliːsˌvɛnjaɹɪ]
Faroese,/ˈkʰvʊiːja/
Faroese,[ˈʉutlɛndɪŋɡʊr]
Faroese,/ˈlɛʰtː.lant/
Faroese,[ˈveːjɪn]
Faroese,[ˈmɔnːʊn]
Faroese,/sɛaː/
Faroese,[ˈleːjɪ]
Faroese,[ˈʊpːɪ]
Faroese,/ˈhɛkɹɪ/
Faroese,/ˈtʰɛaːmaɹˌhalt/
Faroese,/ˈhœɡːmɪnd/
Faroese,/ˈpaŋ̊ka/
Faroese,[ˈnoːrʊrˌlandaˌhʉusɪ]
Faroese,/ˈlʉuːka/
Faroese,/ˈlʊiːkʊɹ/
Faroese,/sikaˈɹɛʰtː/
Faroese,/ˈkʰaɹ̥kʊɹ/
Faroese,[ˈfɔnˌføːrɪskʊr]
Faroese,[ˈɹʉuːnaˌstaiːnʊɹ]
Faroese,/ˈaʰtːa/
Faroese,/ˈplaiːjkʊɹ/
Faroese,/mjœtn/
Faroese,/seˈkʊnt/
Faroese,/ˈvœtlʊɹ/
Faroese,/ˈklœkːʊɹ/
Faroese,[ˈlʊmːɪ]
Faroese,[ˈvɪljaˌstɛʃkʊr]
Faroese,/stɔɑː/
Faroese,/ˈe̞ːalˌhaiːjʊɹ/
Faroese,[aftan]
Faroese,[ˈmjœɹ̥tʃɪ]
Faroese,[liːt]
Faroese,[ˈmɔata]
Faroese,/ˈtʰɔɹlaiːt͡ʃɪ/
Faroese,/ˈtʃʰatnɪ/
Faroese,[ˈtɹɔŋkʊɹ]
Faroese,/ˈpɹʊnːʊɹ/
Faroese,[ˈharːɪn]
Faroese,/fatl/
Faroese,/ˈsantʊɹ/
Faroese,/ˈsoːnaɹˌtœʰtːɪɹ/
Faroese,/ˈtʰɔŋka/
Faroese,[ˈt͡ʃalta]
Faroese,[ˈfœrːja]
Faroese,/plɔuːw/
Faroese,/ˈmɪl̥tɪ/
Faroese,[ˈɔŋɡar]
Faroese,[ˈtʰɹœntʊɹ]
Faroese,[haː]
Faroese,[ˈɹɪtːaɹɪ]
Faroese,/ˈhɪʰtːɪʰtɪskʊɹ/
Faroese,[stɔuː]
Faroese,[ˈbrʉukarɪ]
Faroese,[ˈlɔatɪn]
Faroese,/ˈkɾɪs.kʊɹ/
Faroese,[dɔavɪ]
Faroese,/ˈpiːja/
Faroese,/tʰɔuːm/
Faroese,/ˈɔɑːʰt͡ʃɪ/
Faroese,[eːʰt]
Faroese,[ˈɹɪkːˌsɛʰkːʊɹ]
Faroese,[ˈhɔlaikʊr]
Faroese,[ˈhʊksˌhɔtːʊr]
Faroese,[ɹɔɑːs]
Faroese,[plakː]
Faroese,/ˈvɛaːɹɪɲt͡ʃɪ/
Faroese,[t͡ʃeːʋa]
Faroese,/ˈsʊt͡ʃːa/
Faroese,[staik]
Faroese,/spɛtl/
Faroese,/ˈhaiːmsˌsøːva/
Faroese,/ˈjaːpanskʊɹ/
Faroese,/tʃʰʉuːn/
Faroese,[ˈhaunarˌlɛa]
Faroese,/ˈpɛaːvʊɹ/
Faroese,[ˈɹɔiːjʊɹ]
Faroese,/ˈkʰʏtna/
Faroese,/ˈknʊit͡ʃːa/
Faroese,[ˈɹɛaːʰtʃa]
Faroese,[ˈtaptʊ]
Faroese,/ˈpal.tʊɹ/
Faroese,/pʰʊnt/
Faroese,/ˈkrɪntaˌkʰvɛaːlʊɹ/
Faroese,[ˈboːrɔi]
Faroese,[ˈkvœrjʊn]
Faroese,/ˈaʰkːʊlɛiːja/
Faroese,/ˈmɛʰk.sɪˌkoː/
Faroese,/nɛiːt/
Faroese,/ˈɪkstʊɹ/
Faroese,[ˈtvaimʊn]
Faroese,/ˈsɔɑːʰtan/
Faroese,/ˈtuːwa/
Faroese,[ˈjɔmsvɪnɪŋɡʊr]
Faroese,/stɛaː/
Faroese,/støː/
Faroese,/kiˈɹafːʊɹ/
Faroese,[ˈfralsɪ]
Faroese,/mɔɑːl/
Faroese,[liːnʊɹ]
Faroese,/ˈstiːj/
Faroese,/tvɪst/
Faroese,[ˈmɪdlʊn]
Faroese,/ˈfiːka/
Faroese,[ˈlaisla]
Faroese,/ˈkafːɪl/
Faroese,/ˈplan̥tʊɹ/
Faroese,/ˈsɔlmʊr/
Faroese,[ˈfløːva]
Faroese,/ˈtʰɔuːnˌlaiːjkʊɹ/
Faroese,/ˈʊmboːsˌmɛaːvʊɹ/
Faroese,/ˈkɾøːʰta/
Faroese,/kʰoˈɹeː.a/
Faroese,/skɔmː/
Faroese,/spanː/
Faroese,/ˈøːvʊnˌʃʉuːkʊɹ/
Faroese,/ˈvɪntˌɛiːja/
Faroese,/ˈtʰœʰknɪˌfrøːjɪ/
Faroese,/ˈaiːjnɪɹ/
Faroese,[ˈpɔd͡ʒ̥ːɪ]
Faroese,/ˈspɛkvɪ/
Faroese,[ˈløːva]
Faroese,[ˈhoːnʊn]
Faroese,/patːaˈɹʊiːj/
Faroese,/ˈnʲɔɑːlʊɹ/
Faroese,/ˈmɔɹkʊnˌmɛaːʰtʊɹ/
Faroese,[ˈʊmˌseːtarɪ]
Faroese,/ˈfʊntʊɹ/
Faroese,/lɔɑːn/
Faroese,/pɹoːs/
Faroese,[tʃʰiːn]
Faroese,/ˈpiːlʊɹ/
Faroese,/ˈtʰʊiːjɪntaˌplɛaː/
Faroese,/ʃiːp/
Faroese,/ˈviːka/
Faroese,/ˈfjʏɻ̊ʈantɪ/
Faroese,/kʰʊiːjr/
Faroese,[ˈnʊdʒ.iːrɪ]
Faroese,/ˈɛɻ̊(t)ɳaˌsʉuːpan/
Faroese,[tʰɛnː]
Faroese,/ˈhoːɹva/
Faroese,/ˈfʊiːɹɪkʊɹ/
Faroese,/ˈtʰɛanaɹɪ/
Faroese,[ˈaiːɹɪkʊɹ]
Faroese,[ˈainsɔ]
Faroese,/ˈviːnʊɹ/
Faroese,/ˈseːjɪl/
Faroese,[ˈʃɔunvaɹ̥p]
Faroese,[ɹaˈpaɹpa]
Faroese,/ˈʃiːɹ/
Faroese,/ˈstanta/
Faroese,/ˈvɔʰtːʊɹ/
Faroese,/ˈkʰɔɹ̥tʃɪ/
Faroese,[ˈleːʰtɪ]
Faroese,/ˈɔuːlʊva/
Faroese,/ˈpløːa/
Faroese,[ˈlʊisɪŋɡarˌoːr]
Faroese,/ˈmɔɑːnɪ/
Faroese,[ˈviːˌmɛɹ̥tʃɪŋɡ]
Faroese,/ˈbɪrdʒɪr/
Faroese,/ˈɔlvʊɹ/
Faroese,/mɛnː/
Faroese,/ˈfatlʊɹ/
Faroese,/ˈstiːˌpɛntɪŋk/
Faroese,[ˈhɔʰtːʊɹ]
Faroese,/ˈtatla/
Faroese,[ˈɔɑːtam]
Faroese,/meːʰt/
Faroese,/ˈpɛaːʰkaɹɪ/
Faroese,/ˈɔaːʰt͡ʃan/
Faroese,/ɛaːɹ/
Faroese,/ˈfiːkʊˌtɹɛaː/
Faroese,/ˈtʰvɪn̥t/
Faroese,[ˈjɔsva]
Faroese,[ˈhɔaːɹˌfɹʊikaɹɪ]
Faroese,/ˈvɪŋkʊl/
Faroese,/ˈnɛu̯na/
Faroese,[vɔurʊ]
Faroese,/ˈkʰɹɔsːʊɹ/
Faroese,/ˈtʰøːʰka/
Faroese,/kʰoːʰt/
Faroese,/ˈtʃʰɔuːwˌhɔɑːˌtʰʊiːj/
Faroese,/ˈœɹmʊn/
Faroese,/ˈʃʉuːkʊɹ/
Faroese,/ˈɪɲt͡ʃɪˌmʊntʊɹ/
Faroese,/ˈtʰɛaːlˌoːɹ/
Faroese,/tiːt/
Faroese,[ˈtʰʊiʃˌlant]
Faroese,/tʰɪkn/
Faroese,/ˈsvɔɑːva/
Faroese,/ˈsʉuːrʊn/
Faroese,/ˈpaɹmʊɹ/
Faroese,[tɛʰkː]
Faroese,[tʰɔuːk]
Faroese,[ˈplan̥tɪ]
Faroese,[ɡɔuvan ˈmɔrɡʊn]
Faroese,/ˈflʉuːɹ/
Faroese,[ˈpad͡ʒ̥ːɪ]
Faroese,/ˈveːɹʊɹ/
Faroese,[ɛf ɛs ɛf]
Faroese,/ˈmɛiːɹa/
Faroese,/ˈveːtɹaɹˌtʰʊiːj/
Faroese,/ˈtʰɛɲ̊tʃɪ/
Faroese,[ˈsamlaikaˌprɛɡv]
Faroese,[ˈfʊit͡ʃaɹˌsvɪːk]
Faroese,/ɛa/
Faroese,[ˈpɛɹkˌhoːl]
Faroese,/fɔsː/
Faroese,[ˈsʊijan]
Faroese,/ˈsmiːja/
Faroese,/kʊsːʊ ˈaitʊr tʉu/
Faroese,[ˈskʉutʊn]
Faroese,/ˈʊmboːsmanːaˌtɪŋɡ/
Faroese,/ˈlɔɲtʃɪ/
Faroese,/ˈtʃɛltɪŋkʊɹ/
Faroese,/ˈplan̥tʊˌaʰtː/
Faroese,/ɹɔɑː/
Faroese,/ˈfɹɛaːvʊɹ/
Faroese,/nʉuː/
Faroese,/ʃeː/
Faroese,/ˈaʰksal/
Faroese,/ˈpʰiːpaˌɹœuːt/
Faroese,/alv/
Faroese,/ˈmeːɹ/
Faroese,/ˈkɛŋkantɪ/
Faroese,[ˈiːvɪɹ]
Faroese,/ˈmɪstʊɹ/
Faroese,[ˈɔɲ̊tʃɪ]
Faroese,[pɹɛiː]
Faroese,[mɔaːʰt]
Faroese,[ˈbʊksʊr]
Faroese,/ˈhœkːˌɔɹmʊɹ/
Faroese,/ˈtʰɛltʊˌpʰɔstʊɹ/
Faroese,/ˈfrøːʰkʊn/
Faroese,[ˈʏrtøːka]
Faroese,[ˈplan̥tʊ]
Faroese,[ˈɔijɪˌmœʃk]
Faroese,[ˈiːja]
Faroese,/ɹɛkn/
Faroese,[ˈhɔaːˌtʰʊiːj]
Faroese,[ˈpʰaɻ̊ʈʊɹ]
Faroese,/ˈfaɹmʊɹ/
Faroese,/ˈɪŋkɾɪ/
Faroese,[aˈɹɔɑːʰpɪ]
Faroese,[ˈhuːʃɔun]
Faroese,/neːs/
Faroese,[ˈplan̥ta]
Faroese,[ˈsantɪŋkʊɹ]
Faroese,[ˈplʊiːjan̥tʊɹ]
Faroese,[ˈsʊiːjɹ]
Faroese,[ʃœtː]
Faroese,/ˈstjɔuːɹɪ/
Faroese,[ˈmɛʃtʃɪ]
Faroese,/skaiːj/
Faroese,[ˈsʊimʊn]
Faroese,/ˈsɔːa/
Faroese,[ʃɔltˈʊmː]
Faroese,/ˈjɔuːl/
Faroese,/ˈt͡ʃiːja/
Faroese,/ˈspɛaːʰkʊɹ/
Faroese,/ˈhɪmːal/
Faroese,/ˈhœɹkʊɹ/
Faroese,[ˈʃɛalaˌvøːɹʊɹ]
Faroese,/kɾanːɪ/
Faroese,/ˈpʊŋktʊm/
Faroese,[ˈrɛstʊr]
Faroese,/ˈɹʊsː.lant/
Faroese,/ˈtœklɪŋk/
Faroese,[ˈlʊmaˌlɪkt]
Faroese,/lɔuːw/
Faroese,/ˈfɔstʊɹ/
Faroese,/ˈmɔaːnaˌtɛaːvʊɹ/
Faroese,[ˈpɔst.hʉuːs]
Faroese,/ˈɛaːʰpaltʊɹ/
Faroese,/ˈapːaˌpatn/
Faroese,[ˈhʊmːaɹɪ]
Faroese,[ˈsɔŋɡʊr]
Faroese,[ˈsarːɪ]
Faroese,/ˈʊmˌseːtɪŋk/
Faroese,[pɛnˈsiːn]
Faroese,/ˈtʰoːɹa/
Faroese,[ɡrʊin]
Faroese,/ˈkɔkːa/
Faroese,[ˈʃɔun.oːp]
Faroese,[ɔˈjeː]
Faroese,/ˈtɾɛiːmʊɹ/
Faroese,[ˈmuːnʊr]
Faroese,/ˈaiːʃta/
Faroese,/ˈtʊiːna/
Faroese,/ˈkvɛaːjɪ/
Faroese,[ˈarbasˌkoːna]
Faroese,[ˈhɛaːvˌhɛstʊɹ]
Faroese,/ˈt͡ʃɪtna/
Faroese,/ˈfjatlaˌfʊiːpʰa/
Faroese,[ˈɡuːlaˌrɔut]
Faroese,[ˈɪlbøːn]
Faroese,/ˈkʰʏnːa/
Faroese,[ˈtøːvʊɹɪ]
Faroese,/œɻɳ/
Faroese,[ˈpɹɛstʊɹ]
Faroese,[ˈmaʃknaˌvøːɹʊɹ]
Faroese,/ɡøː/
Faroese,/vamːal/
Faroese,[ˈrœktɪ]
Faroese,[ˈsvʊijɪ]
Faroese,/ˈstɔuːɹʊ/
Faroese,/ˈkʰɛaːɹɪn/
Faroese,/ˈkʰʊʰkːa/
Faroese,[ɔɲdʒɪn ˈɔʃøːk]
Faroese,/sniːj/
Faroese,[ˈføːnɪʰks]
Faroese,[ˈpʊiːjˌlɛt͡ʃːɪŋk]
Faroese,[ˈvœɹ̥ʈa]
Faroese,[tœl]
Faroese,/ˈsvɛɹːɪ/
Faroese,/ˈʊnːʊɹ/
Faroese,/ˈpɛɹjaˌlɪŋkʊɹ/
Faroese,[ˈsɔŋkoːna]
Faroese,/ɔst/
Faroese,[ˈhøːvʊˌstɛavʊr]
Faroese,/ˈfliːsa/
Faroese,/ˈmjœlnɪɹ/
Faroese,/ˈtʰɛaːʰka/
Faroese,[ˈstrɔɲdʒɪr]
Faroese,/ˈskaɹv/
Faroese,/ˈstɹʊsːʊɹ/
Faroese,/ˈvifːøːɹɪ/
Faroese,/ˈmɛaːɹɪta/
Faroese,/ˈkraiːvɪ/
Faroese,[ˈal̥tʊi]
Faroese,[ˈpɪkva]
Faroese,/jʏst/
Faroese,[kvøːrdʒɪn]
Faroese,/ˈvɛaːlʊɹ/
Faroese,/ˈkøːʰtʊˌʃɛt͡ʃːɪ/
Faroese,[ˈt͡ʃɪtlɪn]
Faroese,/ˈpɾʊntʊɹ/
Faroese,/ʊiˈdɛaː/
Faroese,/ˈmɪtːɛaːvʊɹ/
Faroese,[ˈatːʊr.svɛar]
Faroese,/ˈflɔksˌskɹiːvaɹɪ/
Faroese,/ˈsʉuːpa/
Faroese,/ˈmɔkːa/
Faroese,[aiʰtː]
Faroese,/koːjɪ/
Faroese,/ˈfɛaːvʊɹ/
Faroese,[t͡ʃɔuːr]
Faroese,/ˈhøːʰka/
Faroese,/ˈʊiːjɹ/
Faroese,[ˈʉutɪˌseːta]
Faroese,/ˈhɛaːnɪ/
Faroese,/ˈɹeːjɪn/
Faroese,/ˈlɔisɪ/
Faroese,/ˈfœl̥katɪŋɡsmanːs/
Faroese,/ˈpɾɔsma/
Faroese,/ˈstœtːˌfɹøːjɪ/
Faroese,/ˈaiːjɪ/
Faroese,/ˈlœkˌɹɛkla/
Faroese,/n/
Faroese,/ˈʊkla/
Faroese,/ˈkɔɑːvʊɹ/
Faroese,[ˈɹʊtlʊˌpʰɪl̥sa]
Faroese,[ˈvɛɡrɪ]
Faroese,/ˈpʰɛaːtʊʂˌmɛsːa/
Faroese,/ˈkʰuːsa/
Faroese,/ˈlɛŋkˌapːɪ/
Faroese,/ˈfrɪkv/
Faroese,/ˈvaiːt/
Faroese,/ˈveːʰtʊr/
Faroese,[ˈbɔukˌmɛntaˌfrøːjɪ]
Faroese,/ˈtʰɛaːɹɪ/
Faroese,/ˈpiːɹʊɹ/
Faroese,/kʰlɛkf/
Faroese,[ˈɔijɪˌmaʃkaɹ]
Faroese,/ˈpʰɔɑːʰpa/
Faroese,/naˈmiːpia/
Faroese,[ˈvɛalkoːmɪn]
Faroese,/ˈvanliːʊɹ ˈfɹɔskʊɹ/
Faroese,/ˈmuːwʊɹ/
Faroese,/ˈkvasːʊɹ/
Faroese,/ˈtaksˌ(l)jɔuːs/
Faroese,/tɔuːs/
Faroese,[ˈsamˌtʃɛnsla]
Faroese,[vɔːf]
Faroese,/ˈʊŋkaʂkʊɹ/
Faroese,[ˈmɔuːwʊɹ.mɔlsˌoːɹapɔuːk]
Faroese,/ˈtɪŋːˌkɹɔaːwʊɹ/
Faroese,/ˈpʰuŋkʊɹ/
Faroese,/ˈsampant/
Faroese,[ˈljɔusˌfrøːjɪ]
Faroese,/ˈpɾɔɑːvʊɹ/
Faroese,[nɛɡv]
Faroese,/nɔɻɳ/
Faroese,/ˈkɔŋkʊɹ/
Faroese,/pɹɪkvaɹ/
Faroese,/ˈleːvʊɹˌpløːʰka/
Faroese,/ˈʊitɹœʰtːʊɹ/
Faroese,/ˈt͡ʃʉuːpʊɹ/
Faroese,/ˈɔl.ka/
Faroese,[ˈpɛaːjɪˌɹʉum]
Faroese,/ˈmɪsˌʃɪlja/
Faroese,[ˈsʊila]
Faroese,/ˈaʰtːɪɹ/
Faroese,[ˈviːnɪɹ]
Faroese,[ˈɛdlʊ]
Faroese,/ˈpʉuːnɪ/
Faroese,/hɔɑː/
Faroese,[tɛa ɡɔŋɡʊr ˈvɛal]
Faroese,/ˈʃʉuːkɹaˌhʉuːs/
Faroese,/heːɹ/
Faroese,/ˈpʰʊɹːa/
Faroese,[ˈstrɛimi]
Faroese,/ˈfʊklaˌfɾøːjɪ/
Faroese,/ˈkʰøːʰka/
Faroese,/ˈsantɪ/
Faroese,/ˈkɔːʰt.lant/
Faroese,[ˈɛtla]
Faroese,[ˈtrɪɡvʊr]
Faroese,/ˈle̞ːa/
Faroese,/ˈleːa/
Faroese,/ˈɹɛkva/
Faroese,[ˈsainast]
Faroese,[ˈsanˌvɪʃɪnɡʊr]
Faroese,/ˈpjɔuːwa/
Faroese,/ˈɛaːʰkaɻɳ/
Faroese,/blɛaː/
Faroese,/ˈɛaːvɪ/
Faroese,/ˈtɔɑːˌtʊiːɹ/
Faroese,/ˈpɾiːnɪlt/
Faroese,/ˈløːjɪn/
Faroese,/ˈɔira/
Faroese,[ˈpʰaʰpːaˌt͡ʃɛiːkʊɹ]
Faroese,/ˈsnjɔuːˌsœlja/
Faroese,/ˈfɪskaˌœɻɳ/
Faroese,[ˈsvɪːk]
Faroese,[ˈɹɛstɛaːʰpɪ]
Faroese,[ˈlʊidːʊr]
Faroese,[ˈsɔutʊ]
Faroese,[ˈhʊkʃɔun]
Faroese,[hɔiɻʈɛ]
Faroese,/vɔɑː/
Faroese,/ˈiːtu/
Faroese,/ˈskɪkvʊɹ/
Faroese,/ˈeːʊɹ/
Faroese,/ˈɛknaˌvit͡ʃːeːɹ/
Faroese,[ˈsʉupan]
Faroese,[ˈmɛltʊrˌœtn]
Faroese,/ˈsɪst͡ʃʰɪn/
Faroese,[aʰtːan]
Faroese,/ˈɔd͡ʒːaˌflɔʰkːʊɹ/
Faroese,/klɛaːma/
Faroese,/ˈvɛaːɹɪ/
Faroese,/ˈsmiːjʊɹ/
Faroese,[ˈbœndɪ]
Faroese,[ˈseːjɪ]
Faroese,/ˈɹɔɑːɹʊɹ/
Faroese,/ˈpɔaːɹʊɹ/
Faroese,[ˈtʊd͡ʒːʊ]
Faroese,/ˈʃɔuːɹɪ/
Faroese,/ˈmuːnʊnʊn/
Faroese,[ˈtʃɛndʊr]
Faroese,/t/
Faroese,[ˈlɛaːɹa]
Faroese,[ˈhɛana]
Faroese,[toːsa tiːjʊn ˈɛnkst]
Faroese,/ˈʊmboːsˌmanːs/
Faroese,[sɪnd]
Faroese,/ˈsaiːjɪ/
Faroese,/hœvn/
Faroese,/ˈstɔuːɹʊn/
Faroese,/strɔnt/
Faroese,[ˈarbaisˌfœl̥k]
Faroese,[erʊ]
Faroese,[ˈføːrɪska]
Faroese,[ˈbʊijarˌfœlk]
Faroese,[ˈʃɛt͡ʃːɪ]
Faroese,/ˈhuːwa/
Faroese,/kvøːva/
Faroese,[ˈdʒɪfta]
Faroese,[ˈsamˌfeːlɛa]
Faroese,/ˈnɛaːʰt͡ʃɪn/
Faroese,/ˈhɛaːjɪ/
Faroese,/ˈpɹʊiːjɪ/
Faroese,[fɹeː(ʰ)kʊɹ]
Faroese,/ˈsakn.oːɹ/
Faroese,[ˈdʒɪsta]
Faroese,/j/
Faroese,/ˈʃɔu.kɔɻ̊ʈ/
Faroese,[ˈɛstɹɪŋkʊɹ]
Faroese,/ˈtɾɛiːjʊɹ/
Faroese,[ˈʃɛkvʊɹ]
Faroese,[ˈlʊivˌfrøːjɪ]
Faroese,/ˈmɔrdʒɪn/
Faroese,/ˈklɔɑːɹa/
Faroese,[ˈflɪkva]
Faroese,/ˈsvʊiːnɪ/
Faroese,[ˈpøːvʊɹ]
Faroese,[ˈɪnːɡɔŋd]
Faroese,[ˈfloːˌʃiːp]
Faroese,/ˈsɔʰpːʊɹ/
Faroese,/ˈɛʰtːɪɹˌliːt/
Faroese,/pjɔuːɹ/
Faroese,[sʊit]
Faroese,/ˈɔiɲ̊t͡ʃːʊˌmɛaːvʊɹ/
Faroese,[hɛi]
Faroese,/tʰɛaːl/
Faroese,[ˈʃɔuvɛʃsˌkʊikʊr]
Faroese,/ˈpʰɪʰktɪ/
Faroese,[hɛava tiːjʊn]
Faroese,[mɛaː]
Faroese,/jɔnː/
Faroese,/ˈsmɔɑːˌɔʰkn/
Faroese,[ʊi ˈlɛajɪ]
Faroese,/ˈpʰɪlsnaɹɪ/
Faroese,/ˈɔʂːˌtʰʊiːj/
Faroese,[ˈsʊmrɪ]
Faroese,[ˈarbasˌmɛavʊr]
Faroese,[ˈɔisrɛɡn]
Faroese,/ˈaiːj/
Faroese,/ˈtøœːmˌfluːa/
Faroese,/ˈɹɔuːkʊɹ/
Faroese,[ˈlʊivˌevnaˌfrøːjɪ]
Faroese,[ˈafˌslɔtːʊr]
Faroese,/vɔʰkn/
Faroese,[ˈɔijɪˌmɛʃkʊɹ]
Faroese,/ˈpʰɔɑːvɪ/
Faroese,/ˈkɔuːan ˈtɛaː/
Faroese,/ˈsʊiːɹa/
Faroese,[ˈmøːvʊlaitʃɪ]
Faroese,[ˈfiːrɪˌmuːnʊr]
Faroese,/ˈɹʊnːʊɹ/
Faroese,/ˈfɾɛknaɹˌtʰɛaːnasta/
Faroese,/ˈɹeːvʊɹ/
Faroese,/lɔɑːs/
Faroese,/ˈʊntɪɹˌfɪl̥t͡ʃɪ/
Faroese,/ˈtʰaiː.van/
Faroese,/ˈpɔɑːɹa/
Faroese,/skaʂː/
Faroese,[ˈɹaiːsa]
Faroese,/ˈlan̥.sɪ/
Faroese,[ˈlɔmvija]
Faroese,[ˈɛvnaˌfrøːjɪ]
Faroese,/ˈaɻɳɪ/
Faroese,[kʏlv]
Faroese,[ˈsɛksˌarɪŋɡʊr]
Faroese,[ˈhɛnːara]
Faroese,/ˈkɾɛiːpˌfɾʊʰkt/
Faroese,[ˈhɔarˌfrʊikan]
Faroese,/ˈskɔuːtɪ/
Faroese,[ˈfrʊdʒa]
Faroese,[ˈʊmframt]
Faroese,/veː/
Faroese,/ˈʊntʊɹ/
Faroese,[ˈɔŋ̊kʊɹ]
Faroese,[ˈhuːskoːt]
Faroese,[ˈtɛaka viː]
Faroese,[jʏst]
Faroese,/ˈtʰanːˌlaʰknɪ/
Faroese,/ˈsamˌleːva/
Faroese,/tʰeː/
Faroese,/ˈɛiːja/
Faroese,/ˈstɹɔŋkʊɹ/
Faroese,/ˈhɔuːwpʊɹ/
Faroese,[ˈbɔukaˌvøːɹʊɹ]
Faroese,/ˈkʰe̞ːaɹɪ/
Faroese,[ˈfɔutbœltˌsamband]
Faroese,/ˈkleːjɪliː jɔuːl/
Faroese,/ˈstɛkːʊɹ/
Faroese,/ˈlaʰk.nɪ/
Faroese,[ˈsnɪɡva]
Faroese,[ˈtɔɑːvɪt]
Faroese,/ˈspɹɔɑːʰkaɹɪ/
Faroese,/ˈtɾɔŋk/
Faroese,[kʰɪkf]
Faroese,[ˈnakranˌtʊiː]
Faroese,/ˈkɛaːɻɭaiːʰksˌsøːva/
Faroese,[ˈnakrɪr]
Faroese,[ˈɔarˌtʊdʒːʊ]
Faroese,/ɹasːʊɹ/
Faroese,[ˈfɛskˌsʉupan]
Faroese,[ˈaknˌkɔkːa]
Faroese,/ˈkʰøːɹ/
Faroese,/lʊit͡ʃːɪ/
Faroese,/ˈoːʰtʊɹ/
Faroese,/ˈljɔuˌsːtɪɻ̊.t͡ʃɪ/
Faroese,/ˈʃɛl̥tɪ/
Faroese,[ˈbœlt.feːlɛa]
Faroese,[ˈatlan]
Faroese,/ɹouːm/
Faroese,/ˈlɔtla/
Faroese,[nœkt]
Faroese,[ˈpʰɪlsa]
Faroese,[ˈtiːtʃɪ]
Faroese,[ˈnɛaːkar]
Faroese,/ˈɛːa/
Faroese,[ˈnʊd͡ʒːʊ]
Faroese,/ˈhɔɑːˌkatlʊɹ/
Faroese,[naˈtʉuɹ]
Faroese,[ˈheːsʊn]
Faroese,/ˈpuːɹʊɹ/
Faroese,[ˈmɪɹ̥kʊr]
Faroese,/ˈføːɹɪŋkʊɹ/
Faroese,[tʰʊiːjn]
Faroese,[ˈkanːan]
Faroese,/ˈsɔaːlaɹˌmɛsːa/
Faroese,/ˈtɔiːja/
Faroese,/ˈliːnʊɹ/
Faroese,[ˈfɪstaˌjɔl̥p]
Faroese,/ˈøːʰtʃa/
Faroese,/t͡ʃɛʰkː/
Faroese,[lɛdʒːa ɔaranar ɪnː]
Faroese,[ˈtʃʰatlaɹɪ]
Faroese,[akɹ]
Faroese,[ɡɔua]
Faroese,[ˈbɔdlɪ]
Faroese,[ˈɔaɹˌføːɹɪ]
Faroese,/ˈfiːɹɪ/
Faroese,/ˈtɔuʂˌhau̯n/
Faroese,[ˈskʉulaˌbøːkʊr]
Faroese,/ˈskaltˌskɛapaɹˌfɹøːjɪ/
Faroese,[ˈʉutɔd͡ʒː]
Faroese,/ˈfɪɹːaˌpʰaɻ̊ʈʊɹ/
Faroese,[ˈsɛijaˌhʊndʊr]
Faroese,[ˈpʰeːnɪŋkʊɹ]
Faroese,[boː]
Faroese,/ˌvoːlaˈpʰʏʰkː/
Faroese,/nʊlː/
Faroese,/ˈkʰaʰtlʊɹ/
Faroese,[ˈmiː.stiː]
Faroese,[ˈljɔusmɪnd]
Faroese,/vɔɑːvʊɹ/
Faroese,/ˈɪŋːka/
Faroese,/ˈpʰanːʊˌkʰøːʰka/
Faroese,[ˈlʊiːsɪŋkaɹˌhɔʰtːʊɹ]
Faroese,/ˈʊŋkʊɹ/
Faroese,[ˈbiːtɪl]
Faroese,/skeː/
Faroese,/ˈvisʊntʊɹ/
Faroese,/ˈsʊiːja/
Faroese,[mɔlt]
Faroese,[ˈɹɛʰkɔtlʊɹ]
Faroese,[ˈɔavʊrˌnɛmdʊr]
Faroese,[tɛa haldɪ e ˈɪtʃ]
Faroese,/ˈtʰøːma/
Faroese,/ˈpʰuːma/
Faroese,/ˈɔʰtːʊ/
Faroese,[ˈnɛivan]
Faroese,/tʰaiːɹ/
Faroese,[ˈhœska]
Faroese,/ɛɹt tʰʉuː/
Faroese,/ˈhoːɹʊɹ/
Faroese,/tiːɹ/
Faroese,[kœlv]
Faroese,[ˈhaijʊsˌløːn]
Faroese,/ˈfɔɑːtʰɛaːʰkʊɹ/
Faroese,/ˈtʰɔʰtːʊɹ/
Faroese,[eˈvaitʃ]
Faroese,[ˈɹɛst]
Faroese,[ˈɛɻ̊ʈʉuː]
Faroese,/ˈskal.vʊɹ/
Faroese,/ˈtʰɔtlʊɹ/
Faroese,/tʰɔɹk/
Faroese,[ˈsankta]
Faroese,[ˈstøːvʊˌfastʊr]
Faroese,/ˈtɔlːaɹɪ/
Faroese,[aˈtrɛat]
Faroese,/ˈfrantɪ/
Faroese,[ˈklɔkːʊˌtʊimɪ]
Faroese,/ˈkʰnʉuːtʊɹ/
Faroese,/ˈsiːt͡ʃa/
Faroese,[ˈmeːnɪ]
Faroese,[ˈfloːmʉus]
Faroese,/ˈveːɹa/
Faroese,[ˈfɔnˌføːɹɪst]
Faroese,/ˈɹɛiːjˌkʰɔtlʊɹ/
Faroese,[ˈhɛndʊr]
Faroese,[lʊiːv]
Faroese,/sloˈveː.ni.a/
Faroese,/ˈɹʊʰkːʊˌlaʰt͡ʃːɪ/
Faroese,[ˈalˌtʊiː]
Faroese,/fɔʰtː/
Faroese,/ˈstɔŋk/
Faroese,/ˈtʰɹɪt͡ʃːɪŋkaɹˌfeːla/
Faroese,/vaskaˈɹʊiːj/
Faroese,[ˈsʉurˌɛplɪ]
Faroese,/ˈkɾɪʰkːaˌlant/
Faroese,/ˈtʰɔɹ.laiːvʊɹ/
Faroese,[ˈɹanːsœʰkn]
Faroese,[ˈʃɔldan]
Faroese,/ɹʉuːn/
Faroese,[ˈɛdnajɪst]
Faroese,[ˈlaʰtːʊɹ]
Faroese,/ˈstantˌmɪnt/
Faroese,/ˈmɔɻ̊.ʈan/
Faroese,[al̥t]
Faroese,/ˈɹɛfˌtʊiːjk/
Faroese,/ˈtʊntʊɹ/
Faroese,[ˈlœktɪŋɡ]
Faroese,/ˈtaknʊiː/
Faroese,/ˈfʊl̥fɪˌɹɪŋkʊɹ/
Faroese,/ˈsɔaːlaɹˌfɹøːjɪ/
Faroese,/ˈpʊɲ̊t͡ʃɪ/
Faroese,/ˈflɔuːta/
Faroese,/ˈkʰɾɔuːkʊɹ/
Faroese,[ˈheːjɪn]
Faroese,/kɹʊiːjm/
Faroese,/ˈtɹʊnːˌkvʊiːtɪ/
Faroese,/tʰɔuːl/
Faroese,/ˈkʰɹʉuːpa/
Faroese,/ʊmː/
Faroese,[vɪtː]
Faroese,/ˈmɛaːvʊɹ/
Faroese,/ˈvɔŋkʊɹ/
Faroese,/ˈɛʰtːɪɹ/
Faroese,[ˈoːɹa.pɔːuk]
Faroese,[ˈklaks.vʊik]
Faroese,/ˌvɪtˈlʊit͡ʃɪ/
Faroese,/ˈsalva/
Faroese,[ʃɛiː]
Faroese,/ˈɡoːsˌɔit͡ʃː/
Faroese,[ˈtɔʂtɛaːʊɹ]
Faroese,/ɔlˈiːʋɪnˌɔlja/
Faroese,/ˈfɾam̥ˌtʰʊiːj/
Faroese,[ˈaʰtːʊrˌsœkn]
Faroese,/ˈtʲʰøːɹa/
Faroese,[ˈɔʰkːun]
Faroese,/nɛst/
Faroese,/ˈøːʰtʃɪsˌmɛnːɪŋk/
Faroese,/ˈnɔɑːlaˌtɹɛaː/
Faroese,[bøːkʊr]
Faroese,[tʰatʰoˈveːɹɪŋk]
Faroese,/ˈspɪɹjɪ/
Faroese,[pɹɪkf]
Faroese,[ˈrʉunɪ]
Faroese,[nɛmd]
Faroese,[ˈɔd͡ʒːar]
Faroese,[jɔl̥p]
Faroese,/ˈkɔtn/
Faroese,/ˈhɛtlant/
Faroese,[ˈfɪskaˌbɔlːɪ]
Faroese,[ˈvɔurʊ]
Faroese,/svøːɹ/
Faroese,[sast]
Faroese,[ˈkrʉunprɪnˌsɛsːa]
Faroese,/ˈsvœvnʊɹ/
Faroese,/stuˈtɛn̥tʊɹ/
Faroese,/kʰlɪʰpː/
Faroese,/ˈlɪʰta/
Faroese,/ˈtʰʊiʂːˌtɛaːvʊɹ/
Faroese,[ˈrɛstɪ]
Faroese,[ˈdʒœɡnʊn]
Faroese,/akn/
Faroese,/ˈhiːtɪ/
Faroese,/ˈɔuːwɪn/
Faroese,/tɔɹk/
Faroese,/svɛaːɹ/
Faroese,/ˈtɛknʊn/
Faroese,[ˈhœdːʊ]
Faroese,/sɔŋk/
Faroese,/ˈjeːsʊs/
Faroese,/ˈmɔɹːɛiːjʊɹ/
Faroese,[ˈmɛnːɪŋk]
Faroese,[ˈaɹmʊɹ]
Faroese,[ˈmʊiːɹɪ]
Faroese,/ˈkɔŋka/
Faroese,/ˈtɪkfa/
Faroese,/ˈskøːʰta/
Faroese,/ˈeːtɪʰkːʊɹ/
Faroese,/ˈɹɛnːa/
Faroese,/ˈskɹɔɑːʰpʊɹ/
Faroese,/ˈskɔaːl/
Faroese,/kɹɛaːs/
Faroese,/fɔnː/
Faroese,/ˈtʰɛaːmʊɹ/
Faroese,/ˈskɛaːjɪ/
Faroese,[ˈhiːnɪr]
Faroese,/ˈɔn̥fɪˌɹɪŋɡʊɹ/
Faroese,/ˈpapːa/
Faroese,/ˈkʰøːʰkʊɹ/
Faroese,/ˈpɾɛnːa/
Faroese,[ˈpaɻʈɛːaˌɔaɹ]
Faroese,[ˈbrɔdlija]
Faroese,/ˈmiːjan/
Faroese,/ˈkʊiʃlɪ/
Faroese,[ˈbɔlːɪ]
Faroese,[ˈkvœʃtʃɪ]
Faroese,/kʰɔɻ̊ʈ/
Faroese,/ˈkɹœnlant/
Faroese,[ˈhɛstaˌkɹaft]
Faroese,/ˈjʏskʊɹ/
Faroese,/ˈfluːʊˌsɔʰpːʊɹ/
Faroese,/ˈsoːvɪˌpʰoːsɪ/
Faroese,[ˈɛtna]
Faroese,/ˈɹoːmɪ/
Faroese,[ˈɔuˌʃɔlsøːtʃɪn]
Faroese,/tʰʉuːn/
Faroese,[tvɛi]
Faroese,/ˈkaŋka/
Faroese,[ˈhɛiːkʊɹ]
Faroese,/ˈsɔɑːmɪ/
Faroese,/ˈtʃʰɛlta/
Faroese,/fjatl/
Faroese,[ɹʊsk]
Faroese,/poːɹ/
Faroese,[ˈsiːˌmɛnːɪŋɡ]
Faroese,/ˈtʃaltˌɔiːɹa/
Faroese,/ˈvaitari/
Faroese,[ˈniːkʊɹ]
Faroese,/ˈɹɔinˌdʊiːɹ/
Faroese,/ˈɔɑːsɪɲa/
Faroese,/ˈskaltˌsøːva/
Faroese,/ˈjakslɪ/
Faroese,/ˈtɔɑːʰta/
Faroese,[lʉuːwʊɹ]
Faroese,[pjœɹ̥k]
Faroese,[rɔind]
Faroese,/ˈmɔɑːɹʊɹ/
Faroese,[ˈsøːla]
Faroese,/ˈfɛaːnɪ/
Faroese,[e ˈlaitɪ ɛtːɪr]
Faroese,/maʂː/
Faroese,/ˈjœɻ̥ʈʊɹ/
Faroese,/ˈvaɬmiːt͡ʃɪl/
Faroese,/ˈt͡ʃʰɛkvɪ/
Faroese,/løː/
Faroese,/kvøːa/
Faroese,/ˈɹɔuːpa/
Faroese,/ˈtʰeːˌskaiːj/
Faroese,/jʉuːw/
Faroese,[ˈnɔaːʰtɪ]
Faroese,[ˈɹɔuwɪ]
Faroese,/ˈʊm.ʃeːɹa/
Faroese,/ˈkʰnɛʰtːaˌsʉuːwpan/
Faroese,[ˈbrɔtsˌvɛɹ̥k]
Faroese,/ˈhaijʊr/
Faroese,[ˈhauˌfrøːjɪ]
Faroese,[ʊiˈmɪdlʊn]
Faroese,[ˈfʊɡlɪ]
Faroese,/ˈliːklaɹ/
Faroese,[takː ˈfiːrɪ]
Faroese,[alt tɛa ˈbɛsta]
Faroese,/ˈaiːjʊɹ/
Faroese,[sɪnː]
Faroese,/ˈlaʰktʊɹ/
Faroese,/-ɪskʊɹ/
Faroese,/ˈʊiːsa/
Faroese,/ˈtʃʰœtnuˌvɪʃɪnkʊɹ/
Faroese,[mɔɹkʊn]
Faroese,[ˈhœsˌvɪʃɪnɡʊr]
Faroese,[ˈpɹʊiːjɪsˌʊiːja]
Faroese,[ˈrɛrːɔut]
Faroese,[ˈviːjʊɹˌʃɪftɪ]
Faroese,/ˈkɹʉuːna/
Faroese,[ˈskɛkvʊɹ]
Faroese,[ˈpʰɔlskʊɹ]
Faroese,[lɛat me ˈfɔaː]
Faroese,/ˈɹɛfsɪŋkaɹˌaltʊɹ/
Faroese,[ɹɔuːw]
Faroese,/ˈtʃʰɛnːɪˌoːɹ/
Faroese,[ˈɔtːɪ]
Faroese,[ˈtʊiːjpɪ]
Faroese,/ˈføːɹɪskʊɹ/
Faroese,/ˈsvɛŋkʊɹ/
Faroese,[ˈtʉusɪn]
Faroese,[mʉuːs]
Faroese,[atːʊˈfiːrɪ]
Faroese,/ˈpʰiːpaˌɹɔuːt/
Faroese,/ˈføːnaɹɪ/
Faroese,[ˈt͡ʃeːɹ]
Faroese,/ˈvit͡ʃːeːɹ/
Faroese,/ˈvɛkɹʊɹ/
Faroese,/ˈpeː/
Faroese,/ˈval.pɔɹkaɹˌmɛsːa/
Faroese,/ˈtʰɛlva/
Faroese,/ˈfɾɪsta/
Faroese,[ˈkvʊiˌvɪʃɪnɡʊr]
Faroese,/ˈsiːlas/
Faroese,/ˈʊɲt͡ʃɪ/
Faroese,/lɛaː/
Faroese,/ˈbanːa/
Faroese,[ˈframˌfœrsla]
Faroese,/ˈfɛʂka/
Faroese,/ʊt͡ʃː/
Faroese,/ˈɪtlʊɹ/
Faroese,/ˈtʰaska/
Faroese,[ˈfrʊijɪ]
Faroese,/pʰ/
Faroese,/ˈkʰʏnːɪ/
Faroese,[ˈhɔtː]
Faroese,/ˈstɹʊtsʊɹ/
Faroese,/neːv/
Faroese,/ˈspɛaːʰt͡ʃɪ/
Faroese,/ˈtʰɔskʊɹ/
Faroese,/ˈiːjʊl-/
Faroese,/ˈkʰɛaːva/
Faroese,/ˌanoˈɹaʰkːʊɹ/
Faroese,/ˈmamːa/
Faroese,/ˈpɛːɹʊɹ/
Faroese,/aŋˈkoːla/
Faroese,/ˈlɛiːjaˌtɛaːvʊɹ/
Faroese,/ˈfʊiːlʊɹ/
Faroese,[ˈjɔsvɪnɪŋɡʊr]
Faroese,/ˈɛaːʰpa/
Faroese,[ˈmɪsnʊita]
Faroese,/ˈjatlʊɹ/
Faroese,/ˈsɪstɪɹ/
Faroese,/ˈt͡ʃʰaʰtsɪ/
Faroese,[kvœʃ]
Faroese,[ˈɔʰkːaɹa]
Faroese,/ˈjʉuːwʊɹ/
Faroese,/ˈlɛntɪ/
Faroese,/ˈt͡ʃɛiːkʊɹ/
Faroese,/ˈt͡ʃʰʏʰkːʊɹ/
Faroese,/ˈvɪn̥stʊɹ/
Faroese,[ɔiːj]
Faroese,[ˈhœstɛaːvʊɹ]
Faroese,/ˈlansliːj/
Faroese,[moˈtoːrʊr]
Faroese,/lɔɻʈ/
Faroese,/ˈseːsam/
Faroese,[kvɛat ˈaitʊr tɛa ɔa ˈɛnskʊn]
Faroese,[ˈskaivʊr]
Faroese,[ˈfɪrːɪn]
Faroese,[ˈrɛɡvɪ]
Faroese,/skalt/
Faroese,[ˈkfœɹ̥fatl]
Faroese,[ˈmʊina]
Faroese,[ˈtɛɡna]
Faroese,/ˈtʰɪŋkˌhʉuːs/
Faroese,/ˈfɪskarɪ/
Faroese,/ˈʏl̥pa/
Faroese,/ˈkʰʊnːɪŋk/
Faroese,/ˈeːʰta/
Faroese,/ˈskʉuːvɪŋkʊɹ/
Faroese,[ˈbɔukˌʊija]
Faroese,[ˈsainrɪ]
Faroese,/ˈtvœʂːœkn/
Faroese,/ˈmɔuːvʊɹ/
Faroese,/pɪkv/
Faroese,/ˈɛʰkːa/
Faroese,[ˈfordɔumʊr]
Faroese,[ˈɹiːtd͡ʒeəɹ]
Faroese,[ˈfjatlˌʊiːja]
Faroese,[ˈtɛkn]
Faroese,/vɔuːn/
Faroese,/ˈɲøːɹʊɹ/
Faroese,/ˈbʉuˌskɛapʊɹ/
Faroese,/ˈskuːrmɪnt/
Faroese,[ˈɔulasøːka]
Faroese,/ˈhɛaːvɪ/
Faroese,/ˈmoːsɪ/
Faroese,[ˈfiːrɪˌsœɡn]
Faroese,[ˈʊiʃland]
Faroese,/ˈkʰɔːʰpaɹ/
Faroese,/ˈfɪnːlant/
Faroese,/tʰʲeː/
Faroese,/tvɛaːɹ/
Faroese,/ˈtɪŋɡmɛnː/
Faroese,/ˈtʊiːɹa.ˌaʰtː/
Faroese,[ˈsaidnɪ]
Faroese,/ˈɪnːpɪkf/
Faroese,[ˈmaiːnɪŋk]
Faroese,/ɛaːʰt/
Faroese,/ˈtʰalsˌmɛaːvʊɹ/
Faroese,/ˈmɪːsa/
Faroese,/vaʰtn̥/
Faroese,/ˈjal̥tɪ/
Faroese,/ˈnoːɹʊɹ/
Faroese,/ˈliːtʊɹ/
Faroese,/ˈvɪɹ̥t͡ʃɪ/
Faroese,[ˈfliːta]
Faroese,/ˈsʏnːɪ/
Faroese,[ˈanˌsœkn]
Faroese,/ˈiːvɪɹˌliːt/
Faroese,[ˈtʰɪʰkːaɹa]
Faroese,/ˈɹoːʰpa/
Faroese,/ˈɪʰtʃːɪ/
Faroese,/meːɹ/
Faroese,[ˈnʊmːaɹ]
Faroese,[ˈfjaɡrar]
Faroese,[ˈɡɔuvʊ]
Faroese,[ˈmɪʃkaˌɹɛiːjʊɹ]
Faroese,[ˈskʉuta]
Faroese,/ˈmɛaːʰtʊɹ/
Faroese,/ˈalka/
Faroese,/ˈpʰeɛːɹʊˌtɹɛaː/
Faroese,/ˈvʊt͡ʃː/
Faroese,[ˈlaikʊr]
Faroese,[ˈlɔmvijɪ]
Faroese,/ʉuː/
Faroese,[amɛriˈkaːnarɪ]
Faroese,/lʊiːjk/
Faroese,/ˈkʰɔita/
Faroese,/ˈiːnɪs moːn/
Faroese,[ˈfjɔuɹʊ]
Faroese,[ˈsvaɻ̥ʈʊɹ]
Faroese,[røːr]
Faroese,/ˈpʊija/
Faroese,/ˈfjøːvʊɹ/
Faroese,/ˈfløːvɪ/
Faroese,/ˈskoːla/
Faroese,/ˈflɔiːjta/
Faroese,[sfɪŋksʊɹ]
Faroese,/ˈpɛaːʰka/
Faroese,[ˈɔʃøːk]
Faroese,[ˈʊpˌɡɔava]
Faroese,/ˈmøːna/
Faroese,/tʰɾoːm/
Faroese,[ˈsøːvuˌfrøːjɪ]
Faroese,/ˈjɪtːɪskʊɹ/
Faroese,/kʰvɔlv/
Faroese,/ˈfɔuːtpœl̥(t)sˌvœtlʊɹ/
Faroese,[ˈbølaˌmɪʃkʊr]
Faroese,[ˈtʊijarˌhœskandɪ]
Faroese,[ˈbrɛskʊr]
Faroese,/fɛaːɹ/
Faroese,[klɔʃt]
Faroese,[ˈɹɪkva]
Faroese,/ˈkʰvɛaːlʊɹ/
Faroese,[ˈjɛarar]
Faroese,/ˈtʰɛmpʊl/
Faroese,/tʊiːs/
Faroese,/ˈnœrvasʊnt/
Faroese,/ˈʃœtnʊˌfrøːjɪ/
Faroese,/ˈfiːtɪˌsʊiːɹa/
Faroese,/haira/
Faroese,/vɛɹ̥k/
Faroese,/ˈvʊiːjʊɹ/
Faroese,/ˈɛiːjɔlvʊɹ/
Faroese,/oː/
Faroese,/alɛkˈsantʊɹ/
Faroese,[ˈveːɹa]
Faroese,/ˈpʰʊiːka/
Faroese,[ˈbrɪŋɡa]
Faroese,/ʃɛm̥t/
Faroese,[ˈtrɪdʒa]
Faroese,[ˈfɔːa]
Faroese,/ˈtʰɪŋktaɹˌkɹaft/
Faroese,/ˈmoːnɪka/
Faroese,/ˈkʊiːjkʊɹ/
Faroese,/ʊtl/
Faroese,[ˈljɔuˌfrøːjɪ]
Faroese,[mɛːvʊɹ]
Faroese,[ˈmɔuwɪr]
Faroese,/ˈpœlna/
Faroese,/ˈpiːva/
Faroese,/ˈfuːɹa/
Faroese,/fɔɹˈɛltʊɹ/
Faroese,[tɹʊdʒar]
Faroese,[ˈɔt͡ʃːaˌʃɛt͡ʃːɪ]
Faroese,[sal̥t]
Faroese,/ˈt͡ʃʰɪʰkna/
Faroese,/ʊiː/
Faroese,/ˈkɔaːva/
Faroese,[ˈɪnːanˌhʊisɪs]
Faroese,/ˈɛaːʰkʊɹ/
Faroese,[ˈmɪnstʊr]
Faroese,/ˈɪtla/
Faroese,/ˈskɔuːˌmɛaːʰkaɹɪ/
Faroese,/ˈkvɪɹːa/
Faroese,/ˈkɾœn.lɛŋ̊kst/
Faroese,/ˈʃɔu.ɹɛaːnaɹɪ/
Faroese,/ˈoːʰk/
Faroese,[ˈdaŋ̊kst]
Faroese,/ˈhœkːˌslɔʰkːʊɹ/
Faroese,/ˈtɛaːvʊɹ/
Faroese,/ˈpʰɛɻ̥ʂɪlːa/
Faroese,/ˈneːma/
Faroese,/hɛl̥t/
Faroese,/ˈhan.ɹiːt/
Faroese,[ˈkran̥ˌʃɪŋk]
Faroese,/avokaːto/
Faroese,/tɛaː/
Faroese,/aʰpːɪlˈsiːnˌtʰɹɛaː/
Faroese,/ˈfɛaːjɪɹ/
Faroese,/ˈkʰɾɪstʊs/
Faroese,/ˈlʊiːna/
Faroese,/ˈstatːʊɹ/
Faroese,/ˈkɹaiːpa/
Faroese,/ˈɔdnɪ/
Faroese,[ˈnoːrʊrˌlɛŋskar]
Faroese,[mjʏl̥k]
Faroese,/ˈfɔɹhʉuː/
Faroese,/kʰaˈneːl/
Faroese,/ˈkɹam.pʉuːwa(ɹ)ˌmɔaːl/
Faroese,/ˈjakslʊɹ/
Faroese,/ain/
Faroese,/ˈfɹiːjʊɹ/
Faroese,[ˈlɔmjɪ]
Faroese,/ˈlɛk.vɪ/
Faroese,[mɛar ˈtœrvar]
Faroese,/ˈɔiɲtʃɪlsˌmɛaːvʊɹ/
Faroese,/ˈapɛaːʰtɪ/
Faroese,[ˈpʰaɻ̊ʈaˌfeːla]
Faroese,/nøːʰt/
Faroese,/ˈfɪm̥tɪ/
Faroese,/ˈlʊɪt͡ʃːa/
Faroese,/ˈhœsnaˌhɛiːkʊɹ/
Faroese,/haun/
Faroese,[skrʊkː]
Faroese,[tɹɛaː]
Faroese,/muːwʊ/
Faroese,/ˈfɛstaɹˌmɛaːvʊɹ/
Faroese,[ɛkː]
Faroese,/ranː/
Faroese,/ˈɛɹmɪ/
Faroese,/ˈspɛaːjɪ/
Faroese,/spiːk/
Faroese,/ˈmiːja/
Faroese,[ˈnœlsɪ]
Faroese,/ˈjuːto/
Faroese,/hiːjaɹ/
Faroese,/ˈʊl̥ka/
Faroese,[ˈɪtla]
Faroese,[ˈstjœtna]
Faroese,/ˈlantaˌfɹøːjɪ/
Faroese,/ˈtʰaɹmʊɹ/
Faroese,[ˈvaldɪ]
Faroese,[ˈfʊit͡ʃaɹˌaʰtlan]
Faroese,[ˈfɔrˌmɛavʊr]
Faroese,/ˈøːɹʊn/
Faroese,/ljɔuːs/
Faroese,[ˈsaŋkʊɹ]
Faroese,[ˈhɛklɪŋksˌɛaːl]
Faroese,/ˈplan̥tʊˌɔlja/
Faroese,[ˈɹɔuːwʊɹ]
Faroese,[ˈheːɹʊɹ]
Faroese,/ˈʊiːkɔtnɪ/
Faroese,[eː ˈɛlʃɪ teː]
Faroese,[ɹɛiːv]
Faroese,/ˈmeːjɪn/
Faroese,[ˈɡɛalɪn]
Faroese,/ˈskɔs.kʊɹ/
Faroese,/ˈtɹɔŋkʊɹ/
Faroese,/ˈiːvɪɹˌmanːs/
Faroese,/ˈpeːɹa/
Faroese,/ˈhɛslɪˌnøːʰt/
Faroese,[ˈtɹɛʰtːan]
Faroese,[ɔa ˈɛnskʊn]
Faroese,[mɛʃt]
Faroese,[ˈkoːmɪ]
Faroese,/sɪlt/
Faroese,/ˈtʰœːjɪn/
Faroese,/ˈhɛstʊɹ/
Faroese,/lʊiː/
Faroese,/ˈt͡ʃʰʉuːpa/
Faroese,[saun]
Faroese,/ˈapɛlˌlœuːna/
Faroese,/ˈɡɹœnlɛndɪŋɡʊɹ/
Faroese,/haiːm/
Faroese,/sɪŋ̊k/
Faroese,[ˈmɔrɡʊnˌɡlɛama]
Faroese,[kʰvɪnːa]
Faroese,[ˈlaitan]
Faroese,[ˈsɑu̯nɑ]
Faroese,[ɪkst]
Faroese,/ˈfrɔskmansˌpʉuːnɪ/
Faroese,/ˈtʰɔɹ̥tʃɪl/
Faroese,/ˈfɾʊiʃkʊɹ/
Faroese,[mʊit]
Faroese,/-skʊɹ/
Faroese,/oːɹ/
Faroese,/ˈɛlv/
Faroese,/ˈliːtʃɪl/
Faroese,[nɛund]
Faroese,/nɛarɪndɪs/
Faroese,[ˈɹaknaɹ]
Faroese,/ˈpaɹ̥t͡ʃɪ/
Faroese,[ˈakfɛar]
Faroese,/ˈpeːvʊɹ/
Faroese,[ˈvɔavʊr]
Faroese,[ˈpreːʰtɪ]
Faroese,[noˈbɛlˌhaijʊsˌløːn]
Faroese,[ˈhɔl̥sʊɹ]
Faroese,[ˈfralsʊr]
Faroese,/t͡ʃɛkv/
Faroese,[ˈʃɪftɪ]
Faroese,/ˈoːɹɪ/
Faroese,/ˈɔlvˌhaiːjʊɹ/
Faroese,/ˈsantˌɔiː/
Faroese,/ˈɔɑːsa/
Faroese,/lɪst/
Faroese,[œksl]
Faroese,/ˈpɛɲːaɹˌtœkː/
Faroese,[ɹɔuːt]
Faroese,/vɛaːɹ/
Faroese,/ˈmɛaːɹʊɹ/
Faroese,/stɪɻ̊.t͡ʃɪ/
Faroese,/ˈveːvʊɹˌvɔɑːnɪɹ/
Faroese,/maŋˈkan/
Faroese,/ˈɛiːj/
Faroese,/ˈføːɹɪskʊn/
Faroese,[ˈkuːnɪ]
Faroese,/ˈt͡ʃɛstʊɹ/
Faroese,[ˈɔulɪ]
Faroese,[ˈhiːmɪn]
Faroese,/ˈpɪtnːa/
Faroese,[ˈførɪŋɡar]
Faroese,/ˈɪntia/
Faroese,[ˈtʰaʰkːa]
Faroese,[tʰa]
Faroese,[ˈɛavˌslɔtːʊr]
Faroese,[ˈnaunˌoːɹ]
Faroese,/ˈapːaˌtɪsːa/
Faroese,[ʊmboː]
Faroese,/ˈtʃʰɛʰpmanːaˌhavn/
Faroese,[ˈsant.ɔijɪˌmɛʃkʊɹ]
Faroese,/ˈnɔɑːʰtan/
Faroese,/ˈtɪŋɡˌmɛaːvʊɹ/
Faroese,/ˈpɹʉuːwʊɹ/
Faroese,/ɛlː/
Faroese,[ˈɔʰpna]
Faroese,/tʰʊɹ̥kˈmeːnɪstan/
Faroese,/ˈvɛɹ̥pa/
Faroese,/ˈvœtːɪ/
Faroese,/kʰɛŋˈkuːɹa/
Faroese,[ˈblɔuma]
Faroese,/hɔ(i)tʃ/
Faroese,/ˈtɹɔɑːvʊɹ/
Faroese,/soː/
Faroese,/ˈtansʊɹ/
Faroese,/ˈɔːaɹˌfɔsːʊɹ/
Faroese,[ˈliːtava]
Faroese,[ˈuːnɪ]
Faroese,[ˈɛʃː(tʃ)a]
Faroese,/ˈtʰɛtna/
Faroese,/(l)jɔuːsʊɹ/
Faroese,/ˈvɛnjaɹɪ/
Faroese,/ˈjɛʰpːʊɹ/
Faroese,/slɔuː/
Faroese,/ˈvœkstʊɹ/
Faroese,/ˈkʰvœl̥pʊɹ/
Faroese,/ˈjɔɑːʰkʊp/
Faroese,/ˈtʃʰɛtlɪŋk/
Faroese,/faˈkɔʰtː/
Faroese,/ˈtœʰtːɪɹ/
Faroese,/ɹ/
Faroese,/ˈmeːan/
Faroese,[ˈœdlʊn]
Faroese,/ˈɔtːʊɹ/
Faroese,[ˈdʒœnːɪ]
Faroese,/ˈskaɻɭak/
Faroese,[ˈɛavʊˌvɪʃɪnɡʊr]
Faroese,/ˈmɪɹːa/
Faroese,/ˈʃɔuːn/
Faroese,[ˈpaʰtʃːɪ]
Faroese,[ˈʃɔlvʊr]
Faroese,[lʊft]
Faroese,/ˈtʊiʰtlɪŋkʊɹ/
Faroese,[ˈfeːraˌatlan]
Faroese,[ˈrandˌkvʊitʊr]
Faroese,[prʉun]
Faroese,[ˈføːjɪ]
Faroese,/ˈkɹɪŋk.vaɹ̥p/
Faroese,[ˈkɹʊn.stiː]
Faroese,[ˈjanˌdøːvʊr]
Faroese,[ˈsuːri]
Faroese,/ˈsuːɹɪŋkʊɹ/
Faroese,/ˈnɛʂta/
Faroese,/ˈt͡ʃɔuːsa/
Faroese,/ˈmɪstɪlˌtʰaiːnʊɹ/
Faroese,[ˈhɛʎt͡ʃɪ]
Faroese,[ˈɹɔiːjkʊɹ]
Faroese,[ˈhɔltrʊʃ]
Faroese,/ˈaiːjtɪl/
Faroese,/pɾaʰt͡ʃː/
Faroese,/ˈpʰaʰtʃːɪ/
Faroese,/ˈtɹɪkva/
Faroese,[farˈvɛal]
Faroese,/e ˈaitɪ/
Faroese,/ˈtœklɪŋkʊɹ/
Faroese,/ˈvɛɹjɪ/
Faroese,/ˈhakˌfɹøːjɪ/
Faroese,/ˈaiːnʊn/
Faroese,/ˈt͡ʃɔuːˌtɪŋɡ/
Faroese,[spjɔut]
Faroese,/uːɹ/
Faroese,/ˈɹʊkːa/
Faroese,/ˈlɛaːmɪɲt͡ʃɪ/
Faroese,[ˈvʊndɪ]
Faroese,/laiːj/
Faroese,/ˈvɔaːɹa/
Faroese,/ˈsaiːjʊɹ/
Faroese,[ˈjɛarˌevnaˌfrøːjɪ]
Faroese,/tʰɹaʰkː/
Faroese,[ˈskrɪfˌstoːva]
Faroese,/ˈvɪtːøːka/
Faroese,/l/
Faroese,/paiːj/
Faroese,[t͡ʃasːʊɹ]
Faroese,/ˈkɛɲt͡ʃɪ/
Faroese,/tʰɔɹv/
Faroese,[ˈkɔmst]
Faroese,[pɔl]
Faroese,/ˈɛʰkːˌvɛaːmɪ/
Faroese,/ˈsvaisarɪ/
Faroese,/ˈjaɹ̥.ʃɔl̥tɪ/
Faroese,/ˈnʉuːˌtʰʊiː/
Faroese,/ˈhɛaːlɪ/
Faroese,/ˈsnakːa/
Faroese,/sʊmː/
Faroese,/ˈɹav.nʊɹ/
Faroese,/ˈʃœltʊɹ/
Faroese,/ˈɪɲt͡ʃɪpjœrk/
Faroese,/ˈhaɹ̥pa/
Faroese,/ˈtʰɔtlaksˌmɛsːa/
Faroese,[ˈfeːla]
Faroese,/ˈvaikʊr/
Faroese,/ˈaltɪnˌpoːɹɪ/
Faroese,[ˈriːtʊˌvɪʃɪnɡʊr]
Faroese,[ˈhɔɑːˌskʉuːlɪ]
Faroese,[pɔuːk]
Faroese,/lɔɻʈs/
Faroese,/ˈtʰʊiːjɪntɪ/
Faroese,[ˈhɔlvʊr]
Faroese,/ˈvɪntʊɹ/
Faroese,[ˈlʊita]
Faroese,/kʊiʰtː/
Faroese,/ˈhɛaː.van.tɪ/
Faroese,[ˈsaidnaˌpaʃtʊr]
Faroese,[ˈføːrɪskan]
Faroese,/ˈtʃʰɔuːwˌvɛɹjɪ/
Faroese,[ˈfiːrɪˌdøːmɪ]
Faroese,[ˈbœltʊr]
Faroese,[ˈlanstʊirɪ]
Faroese,/ˈstɹiːa/
Faroese,/hɛaːl/
Faroese,/ˈɔiɲ̊t͡ʃːa/
Faroese,/spʊɹniŋkʊɹ/
Faroese,/ˈfʊklɪŋkʊɹ/
Faroese,/ˈpʰɔskʊn/
Faroese,/hœtl/
Faroese,[ˈfɪstʊ]
Faroese,/ˈoːʰkʊɹ/
Faroese,/vuvuˈseːla/
Faroese,[ˈkɔlva]
Faroese,/ˈjɔuːlaˌmɛaːvʊɹ/
Faroese,[ˈʉutˌvaɹ̥p]
Faroese,[ˈkapːˌrɔuwʊr]
Faroese,/ˈstɔuːɹ/
Faroese,/ˈpɛːʰtaˌkaiʃlɪŋk/
Faroese,/mɪst/
Faroese,/ˈmɔaːvʊɹ/
Faroese,/ˈtʰɹœtlˌɔn̥t/
Faroese,/ˈkɾiːpɪl/
Faroese,/ˈhɛaːvʊɹ/
Faroese,[ˈʃɔlˌvandɪ]
Faroese,[tɔl̥ka]
Faroese,/ˈfʊiːɹa/
Faroese,/ˈɛstʊɹ/
Faroese,[ˈhailsan]
Faroese,/ˈɛʰt͡ʃːɪ/
Faroese,/ˈʊiːsʊɹ/
Faroese,[ˈdʒɪdlɪr]
Faroese,[vaist]
Faroese,/paˈsʉuːn/
Faroese,[tʰɛi]
Faroese,[ˈɪlːa]
Faroese,[t͡ʃʰɔɑː]
Faroese,[ˈsɛamanˌbeːr]
Faroese,[ɪst]
Faroese,/ˈtʃʰɪmɹʊ/
Faroese,[ˈbʉuˌskɛapaˌfrøːjɪ]
Faroese,/ˈheːɹaˌplaɛː/
Faroese,/tʊiːjɹ/
Faroese,[mjauː]
Faroese,/ˈjaʰkːa/
Faroese,/kʰvɛaːɹ/
Faroese,/ɔuː/
Faroese,[ˈmɛntanin]
Faroese,[ˈkrɪɲdʒɪn]
Faroese,/ˈpɹʉuːka/
Faroese,[ˈhɪnˌveːjɪn]
Faroese,[tɛa]
Faroese,/ˈkʰoːna/
Faroese,[ˈbɛndɪŋɡaˌmɪnstʊr]
Faroese,[sœkn]
Faroese,[kɔnˈsɛʃtɪr]
Faroese,[joˈhan]
Faroese,/ˈaskʊɹ/
Faroese,/poˈlɔɲːa/
Faroese,[ɔl̥ka]
Faroese,[ˈstaiːnaˌfrøːjɪ]
Faroese,[ˈmanːˌfrøːjɪ]
Faroese,/ˈstʊiːjɹɪˌmɛaːvʊɹ/
Faroese,[faiʰtː]
Faroese,[ˈlʊmːaˌbɔːuk]
Faroese,/ˈkʰviːj/
Faroese,[ˈskʉulabɔukaˌvøːɹʊɹ]
Faroese,/ˈt͡ʃɪɲt͡ʃɪ/
Faroese,/kʰaiː/
Faroese,/ˈasma/
Faroese,[ˈfjɔu̯ːɹɪ]
Faroese,/ˈtɛiːja/
Faroese,[ˈlɔndʊn]
Faroese,/ˈlɪfta/
Faroese,/ˈʃɛɹ̥pɪ.tʃʰøːʰt/
Faroese,[pɛɻ̥ʈ]
Faroese,/ˈfɾøːjɪ/
Faroese,[e ˈʃɪljɪ ˈɪtʃ]
Faroese,/ˈt͡ʃɪt.lɪ/
Faroese,/ˈnaiːjlɔn/
Faroese,/ˈsøːlʊˌmɛnː/
Faroese,[ˈampoː]
Faroese,[ˈhɛnːɪ]
Faroese,/eː/
Faroese,/ˈjɔʰtːa/
Faroese,[viː]
Faroese,[ˈɔarɪnɪ]
Faroese,/ˈɛaːla/
Faroese,/ˈskrʊim̥slɪ/
Faroese,[ˈbɔukvʊituˌkvɛalʊr]
Faroese,[ˈviːɡaŋɡa]
Faroese,[ˈknaplija]
Faroese,[hvɛat ˈkɔstar tɛa]
Faroese,[ˈauˌraija]
Faroese,/ˈniːjʊɹˌlɔnd̥ /
Faroese,/ˈʏlvʊɹ/
Faroese,[ˈspɪʰkːa]
Faroese,/ˈspeːjɪl/
Faroese,/ˈfiːɹɪsetɪŋkaɹˌoːɹ/
Faroese,[ˈsuːwʊrɔi]
Faroese,/tʰ/
Faroese,/ˈiːva/
Faroese,/ˈprʉuːwkaɹaˌnaun/
Faroese,/ˈpʰʊiːlaˌtʰɾɛaː/
Faroese,/ˈfʊit͡ʃaɹ/
Faroese,/ˈkʰɔl̥ˌsʊiːɹa/
Faroese,/ˈmʊnːʊn/
Faroese,/ˈsøːɹɪn/
Faroese,/ˈʊntɪɹ.slɛaː/
Faroese,/haiːmʊɹ/
Faroese,/ˈɹɪŋk.vœtːɪ/
Faroese,/ˈvɛnjɪŋkaɹˈtɪstʊɹ/
Faroese,/pɔɑː/
Faroese,/fɹøːjɪnkʊɹ/
Faroese,/ˈjalmaɹ/
Faroese,[ˈfœrdʊ]
Faroese,/ˈfɔɑː/
Faroese,[ˈɪlkɹuːnɪ]
Faroese,[kɔʰtː ˈkvœld]
Faroese,/ˈsvʊiːma/
Faroese,[lɛɡv]
Faroese,[tʰʉuː(w)]
Faroese,/ˈfɪʰtna/
Faroese,/ˈtɔt͡ʃːa/
Faroese,[ˈhoːsa]
Faroese,/ˈnʊiːɹaˌstaiːnʊɹ/
Faroese,/ˈtʰɪmpʊɹ/
Faroese,/ˈjaɹnˌpɹɛiːt/
Faroese,/ˈstʊiɹɪ.vɔl̥t/
Faroese,[ˈfrɛaːʰta]
Faroese,/ˈfɔsːaɹ/
Faroese,/rɛaː/
Faroese,[ˈadlaˌstɛanɪ]
Faroese,[ˈʏtnɪrɪnɡʊr]
Faroese,/kvakː/
Faroese,/spøːʰk/
Faroese,/ˈɔɲt͡ʃɪlskʊɹ/
Faroese,/ˈsɛiːjʊɹ/
Faroese,[ˈmɔuwʊr.mɔlsˌlɛararɪ]
Faroese,[ˈatːanɔa]
Faroese,/ˈlankɔɻ̊ʈ/
Faroese,/ˈfoːɹ̥sœkn/
Faroese,[ˈʊʰtːanˌrʊiːjtʃɪsˌrɔɑː]
Faroese,[kvøːr]
Faroese,/ˈjaːpan/
Faroese,[ˈhɔiɹɪtʰɔul]
Faroese,/ˈpɔʰpːa/
Faroese,/ˈfɔɹviːtɪn/
Faroese,[ˈviːvʊitʃa]
Faroese,/ˈlaiːta/
Faroese,[ˈstʊivʊr]
Faroese,/ˈɔtnaˌfjøːɹʊɹ/
Faroese,/ˈɛiːjʊn/
Faroese,/ˈjɛnːʊɹ/
Faroese,[ˈtɛaːlʊɹ]
Faroese,[ˈkvœnːfatl]
Faroese,/ˈt͡ʃʰɛʰtliŋkʊɹ/
Faroese,[uːɹʊn]
Faroese,[ˈhœskandɪ]
Faroese,/ˈplan̥tʊˌslɛaː/
Faroese,[fɪmː]
Faroese,[ˈjɛkvan]
Faroese,/ˈtrɛːa/
Faroese,[ˈhœsnarˌʊɲtʃɪ]
Faroese,/ˈkʰɔlvʊɹ/
Faroese,/ˈt͡ʃɔuːɹaˌfɹøːjɪ/
Faroese,/ˈhopːɪ/
Faroese,/ˈainˌhɛntʊr/
Faroese,/ˈvɛaːɹˌʏlvʊɹ/
Faroese,[ˈɹanːsɛaːʰkan]
Faroese,/ˈvɔɑːʰtʊɹ/
Faroese,[ˈmɪntatʰɔul]
Faroese,/ˈpɪʎt͡ʃa/
Faroese,[ˈstʊtːlɪt]
Faroese,/ˈlɛiːsʊɹ/
Faroese,/haʰpː/
Faroese,/ˈhʊntʊɹ/
Faroese,[ˈarbaijarɪ]
Faroese,[ˈskʉulaˌbɔuːk]
Faroese,[kvɛar ˈfɔajɪ eː]
Faroese,/ˈuːɹa/
Faroese,[ˈhuːwɪ]
Faroese,[ˈhʉustʃɪ]
Faroese,/ˈʊmstøːvʊɹ/
Faroese,[ˈt͡ʃʏʰpt]
Faroese,[ˈpɾɔpeːɹ]
Faroese,[mœɹ̥k]
Faroese,/ˈstɔːva/
Faroese,/ˈfjaɹ̥.stʊiːjɹa/
Faroese,[ˈhansara]
Faroese,[ˈbarsɪl]
Faroese,/ʃiːpa/
Faroese,[ˈɔijɪˌɔd͡ʒː]
Faroese,/ˈpʰɪsːa/
Faroese,/ˈɛlkʊɹ/
Faroese,/piːl/
Faroese,[ˈapːuːɹʊɹ]
Faroese,/ˈpʰlʊmpa/
Faroese,[ˈhaukɔaːs]
Faroese,[ˈmɔtːˌlɔisɪ]
Faroese,/ˈiːɹan/
Faroese,[ˈʊntanˌkɔŋka]
Faroese,[ˈɡamla]
Faroese,/ˈsvaiːnʊɹ/
Faroese,[brœst]
Faroese,[ˈfɪstɔˌfrɛmst]
Faroese,/ˈt͡ʃʰœtn/
Faroese,/sʊiːl/
Faroese,/seː/
Faroese,[ˈnɔajɪ]
Faroese,[duːra]
Faroese,[ˈatla]
Faroese,[ˈlɛiva]
Faroese,/ˈnoːrʊrˌlant/
Faroese,/sɔɹk/
Faroese,[ˈsɪɡ.mʊndʊr]
Faroese,/ˈɔuːlavʊɹ/
Faroese,/tʰɛʰkː/
Faroese,/ˈtʰoːk/
Faroese,/ˈtʰʊiːjɪŋk/
Faroese,/ˈjɔl̥pa/
Faroese,/lɛiːv/
Faroese,/ˈfɹʊiːjʊɹ/
Faroese,/ˈɛpl/
Faroese,[ˈmanːɪn]
Faroese,/ˈtʰɔuːmʊɹ/
Faroese,/kɾanː/
Faroese,[ˈt͡ʃʰʉuːwʊ]
Faroese,/ask/
Faroese,/ˈlɛkːʊɹ/
Faroese,/ˈsʏʰkːla/
Faroese,/ˈɛtlɪ/
Faroese,/ˈtʃʰɔlmaɹ/
Faroese,[ˈʊisna]
Faroese,/ˈt͡ʃʰɛʰtːʊ/
Faroese,[ˈflɛstʊ]
Faroese,[ˈveːrandɪ]
Faroese,/sɹiː laʰŋ̊ka/
Faroese,/ˈɹuːku/
Faroese,/sœʰtː/
Faroese,/ˈfɛstɪ/
Faroese,[ˈhɔa.stiː]
Faroese,/kʰɔuːɹ/
Faroese,/ˈsɔuːs/
Faroese,/ˈtɪmːˌpɹʉuːnʊr/
Faroese,/jeː/
Faroese,[fʊʂː]
Faroese,[ˈhailat]
Faroese,/ˈt͡ʃʰɛnːa/
Faroese,/ˈsɔʰtːmɔɑlɪ/
Faroese,/vɔaːɹ/
Faroese,/ˈkfɛn̥ː.tʃʰiːn/
Faroese,[ˈɹɔaːˌstɛvna]
Faroese,/kʰɔnˈsɛɻ̊ʈ/
Faroese,/ˈɹʊiːja/
Faroese,/kvɛaːʰt/
Faroese,/ˈskɹiːvaɹɪ/
Faroese,/ˈnʲɔɑːl/
Faroese,[ˈkvʊijtaˌnʊijɹa]
Faroese,/ˈpaʰkstʊɹˌvøːɹa/
Faroese,/tʊiɹt/
Faroese,/ˈsɛʰtː/
Faroese,/ˈskɔɑːla/
Faroese,/ˈaɻɳˌpjœtn/
Faroese,/ˈɔnːʊɹ/
Faroese,/mɪl̥t/
Faroese,/ˈɛt͡ʃːa/
Faroese,/van.uˈɑː.tu/
Faroese,[t͡ʃʰɔuːw]
Faroese,/ˈɹakstʊɹ/
Faroese,/kɹaʰkːʊɹ/
Faroese,[sɛar]
Faroese,/m/
Faroese,/ˈʃɛm̥tɪˌtʰɛknaɹɪ/
Faroese,/ˈeːʰplɪ/
Faroese,/ˈɪɹ̥tʃɪŋk/
Faroese,/ˈhœskʊltʊɹ/
Faroese,[ˈaiːjɪ]
Faroese,/ˈʃaiːkʊɹ/
Faroese,[ˈmɛn̥tɪɹ]
Faroese,/ˈlœktɪŋɡsmanːs/
Faroese,[ˈtɪstʊɹ]
Faroese,/ˈtʰɛltʊˌspɛaːl/
Faroese,[ˈsaktans]
Faroese,[ˈstʊndʊn]
Faroese,/løːn/
Faroese,/ˈaiːmʊɹ/
Faroese,[ˈstøːa]
Faroese,[ˈfjœdlʊn]
Faroese,/ˈʊiːlaˌtoː/
Faroese,/fluːs/
Faroese,/f/
Faroese,[pœtn]
Faroese,/ˈɛɹmaɹˌsʊnt/
Faroese,/ˈnastaˌkɛaːɻɭaiːʰt͡ʃɪ/
Faroese,[ˈhatlaɹ]
Faroese,/ˈhantɪl/
Faroese,[ˈpoːɹɪˌpʰatlʊɹ]
Faroese,/ɔʰkn/
Faroese,/kfœnː/
Faroese,/ˈpaŋ̊kaɹnɪɹ/
Faroese,/ˈhøːvʊɹ/
Faroese,/ˈlʊiːɹa/
Faroese,[ˈtarna]
Faroese,/tʰɔuːn/
Faroese,/tʰomaːʰt/
Faroese,/ɛaː/
Faroese,[ˈtɛapa]
Faroese,/ˈkʰɹɔaː(ʰ)ka/
Faroese,/ʊiˈnɔtː/
Faroese,[eː mɔa ˈfɛara]
Faroese,[ˌfloːˈfeːlɛa]
Faroese,/ˈtʰɔuːɹʊɹ/
Faroese,/ˈkʰviːjʊɹ/
Faroese,[ˈsamvɪska]
Faroese,/ˈɔuːˌsiːjʊɹ/
Faroese,[ˈaiːnaɹ]
Faroese,/ˈtʰɛɹnɪŋkʊɹ/
Faroese,/naiː/
Faroese,[ˈtʰʊɹ̥kʊɹ]
Faroese,/ˈt͡ʃʰaltʊɹ/
Faroese,[ʊˈpʊɪ]
Faroese,[ˈlaiːvʊɹ]
Faroese,/ˈjɔuːlaˌtʰɹɛaː/
Faroese,[ˈhɛstʊr]
Faroese,[fɪst]
Faroese,/stœtː/
Faroese,/œuːtɔlmavʊɹ̥/
Faroese,/ˈkɾɪʰt͡ʃːɪ/
Faroese,[ˈpɔɑːʰtʊɹ]
Faroese,[ˈpœɹ̥kʊɹ]
Faroese,/ˈʃɪʰtʊɹ/
Faroese,/ˈmɔtnaɹ/
Faroese,[sʊin]
Faroese,/ˈasnɪ/
Faroese,[ˈvɪdʒeːra]
Faroese,[ˈkvʊitaˌbjœdn]
Faroese,[svɛŋkst]
Faroese,[lɪkt]
Faroese,[ˈɹɔʰtːa]
Faroese,/ˈnait͡ʃː/
Faroese,/ˈhʏsˌpœntɪ/
Faroese,[ˈɹɪsːa]
Faroese,[ˈmɛaːlan]
Faroese,[ˈfraŋkst]
Faroese,[trɪkt]
Faroese,[sɛaːʰk]
Faroese,/ˈlœk/
Faroese,/ˈɛaːjɪr/
Faroese,/hʊiːj/
Faroese,/ˈliːvʊɹ/
Faroese,[ˈhøːʰpɪ]
Faroese,[tʰɛlta]
Faroese,/ˈnœɻʈʊɹ/
Faroese,/ˈeːva/
Faroese,/jɔtː/
Faroese,/ˈɔiɲtʃɪl/
Faroese,/siːl/
Faroese,[aʰtːʊrˌkɔŋkd]
Faroese,/ˈkaɹɭijʊɹ/
Faroese,[ˈɔʰtːa]
Faroese,[ˈsʊd͡ʒːast]
Faroese,/ˈjɛaːɹaɹˌkʰatnɪ/
Faroese,/ˈvɔuːnˌkɔuːwʊɹ/
Faroese,[viːt]
Faroese,/ˈfloːˌvœtlʊɹ/
Faroese,[ˈʊʃlɛŋst]
Faroese,[ˈɔŋ̊kʊnˌtʊiː]
Faroese,/ˈskuːrˌlaʰknɪ/
Faroese,/ˈt͡ʃʰɪr̥t͡ʃa/
Faroese,/ˈvaɬ.ˌtʃɪɹ.ja/
Faroese,/ˈɛknaˌlahknɪ/
Faroese,/ˈvɛkːʊɹ/
Faroese,/ˈoːɹa.pøːʰkʊɹ/
Faroese,/ˈnaunaˌʃɛl̥tɪ/
Faroese,/ˈfɔɑːm/
Faroese,[ˈɔŋkuˌstɛanɪ]
Faroese,/ɔn̥t/
Faroese,[ˈmjœlka]
Faroese,/ˈpøːvʊɹ/
Faroese,/ˈlʊlːa/
Faroese,/tʰɔuː/
Faroese,/ˈt͡ʃʰøːlʊɹ/
Faroese,/ˈmeːa/
Faroese,/tɾʊit͡ʃː/
Faroese,[plɛaː]
Faroese,[ˈɛstʊˌrʊikarɪ]
Faroese,[ˈstɹɛaːtɪ]
Faroese,/ˈt͡ʃʰɔuːsa/
Faroese,/muˈskaʰtːˌnøːʰt/
Faroese,/ˈanːʊ/
Faroese,/ˈnaunaˌˈʃɪftɪɹ/
Faroese,[kɔuːa ˈnɔʰtː]
Faroese,[hɛmd]
Faroese,/ˈpɾɛʰkːa/
Faroese,[ˈaftanˌsaŋkʊɹ]
Faroese,[lakt]
Faroese,/ˈskʊlːa/
Faroese,/ˈvɛnjɪŋk/
Faroese,[ˈsɛijaˌhœtː]
Faroese,[ˈkoːm]
Faroese,/kakn/
Faroese,[ˈkɔuːwɪ]
Faroese,[ˈaldɹɪ]
Faroese,/ˈɛɻɭa/
Faroese,/ˈveːvʊɹ/
Faroese,[ˈʊndanɡɔŋɡʊˌmɛavʊr]
Faroese,/ˈɹaknˌhaiːjʊɹ/
Faroese,[ˈʊndan]
Faroese,[ʃɛal]
Faroese,/hʉuːs/
Faroese,/ˈɪstʊɹ/
Faroese,/ˈt͡ʃɔuːɹa/
Faroese,/s/
Faroese,[ˈsʉuːlʊˌpʰɪl̥sa]
Faroese,/ˈt͡ʃɔuːɹaˌlahknɪ/
Faroese,/ˈhuːnɛŋkʊɹ/
Faroese,/ˈkʰaʰtːaɹ/
Faroese,/ˈhøːɹʊɹ/
Faroese,/kiːɹ/
Faroese,[eˈtʃɪʰptalant]
Faroese,/ˈfɪl̥tʃɪ/
Faroese,/ˈspiːna/
Faroese,[ˈlɔajɪr]
Faroese,/hɛaːlʊɹ/
Faroese,[ˈroːjɪ]
Faroese,/ˈʃoːʰkʊˌlɔɑːʰta/
Faroese,[ˈnoːɹɪŋkʊɹ]
Faroese,/ˈjaɹ̥ˌfɹøːjɪ/
Faroese,[oː]
Faroese,/ˈkʊlːaʃ/
Faroese,[ˈmɪtʃal]
Faroese,/ˈʃʉuːɹʊɹ/
Faroese,/liːjɪn/
Faroese,[sɛks]
Faroese,/ɹɔsː/
Faroese,/ˈtʰaʰkːˌsɛaːmʊɹ/
Faroese,/tʉuːtʊɹ/
Faroese,[kʰɹɪtː]
Faroese,/jɪkf/
Faroese,/ˈkɔuːwʊɹ/
Faroese,/ʊiˈfjør/
Faroese,/ˈhɛɹ̥.tʰɔjɪ/
Faroese,/mɪnt/
Faroese,[ˈstʊtliːjʊr]
Faroese,[ˈprʊijɪsˌluːtʊr]
Faroese,[fɪrː]
Faroese,[ˈteːʰpɪl]
Faroese,[ˈpʰeːʰtʊɹ]
Faroese,[ˈnoːrˌlɔnd]
Faroese,/ˈʊŋkaɹɪ/
Faroese,/ˈɹɛkvɪ/
Faroese,/ˈpɛɹ.kʊɹ/
Faroese,/havn/
Faroese,/ˈkɔʎt͡ʃɪ/
Faroese,/ˈkʊnːaɹ/
Faroese,/ˈsvœl̥ta/
Faroese,[ˈɔfːʊr]
Faroese,[latː]
Faroese,/ˈmɛŋkʊɹ/
Faroese,[pʰɪʰpː]
Faroese,/kʰvøːl/
Faroese,/tʰeleˈfoːn/
Faroese,/ˈlaiːjʊɹ/
Faroese,/ˈɛaːʰta/
Faroese,[ˈhailɪˌvɔavʊr]
Faroese,/ˈʊɹlant/
Faroese,/ˈtʊiːɹaˌslɛaː/
Faroese,/ˈsuːnɪ/
Faroese,/hɔtn/
Faroese,/ˈhaiːjɪ/
Faroese,/ˈʃiːpaɹɪ/
Faroese,/ˈsɔlva/
Faroese,[ˈbrɪdlɛip]
Faroese,/ˈøːɹuvʊɹ/
Faroese,[maˈkɹeːlʊɹ]
Faroese,[ˈlœdːʊ]
Faroese,/ˈt͡ʃeːɹa/
Faroese,[ˈsʊmːaɹ]
Faroese,[ˈfœɹːjʊn]
Faroese,/ˈkleːjɪliːaɹ ˈpʰɔʃ.tʃɪɹ/
Faroese,[ˈmɪʃkaˌblɔɑːvʊɹ]
Faroese,/ˈtɪŋːˌkɹøœːnʊɹ/
Faroese,/ˈtʰɪɻɭa/
Faroese,[ˈmɪʃkrɪ]
Faroese,/hœsn/
Faroese,/ˈtøːvʊn/
Faroese,[ˈfrɔuvɪ]
Faroese,/hɛst/
Faroese,/ˈstɛaːvʊɹ/
Faroese,[ˈfjakɹaɹ]
Faroese,/ˈkvɛaːl/
Faroese,[tʰʊpːak]
Faroese,/ˈtʰʊiːjɪntaˌmɛaːvʊɹ/
Faroese,/ˈveːɹˌœlt/
Faroese,/ˈsɔaːmal/
Faroese,/ˈjʉuːtɪ/
Faroese,/ˈlɛːaʂ/
Faroese,[ˈtɪknɪr]
Faroese,/ˈlam̥pa/
Faroese,/ˈʊiːɹɪ/
Faroese,/ˈstɹɛiːjmʊɹ/
Faroese,/ˈmʏn̥ʃɛn/
Faroese,[ˈsmɔajɪr]
Faroese,/ˈsɔɑːʰta/
Faroese,/ˈtɪmːˌɹɛiːjʊɹ/
Faroese,/ˈɔʰksɪ/
Faroese,[ˈsanta]
Faroese,/ˈkʰɛaːɻɭaiːʰt͡ʃɪ/
Faroese,[ˈlɔivɪ]
Faroese,[ˈʃɔlt.ʊm]
Faroese,/ˈɹaknaˌɹøːʰk/
Faroese,/ˈfluːa/
Faroese,/ˈiːvɪ/
Faroese,[poliˈtʰɪʰkːʊɹ]
Faroese,[fiːnar ɡraijɪr]
Faroese,/ˈpaɲ̊t͡ʃɪ/
Faroese,[ˈtʃʰɔuːlɪ]
Faroese,/(l)jœuːsʊɹ/
Faroese,/ˈʃɛm̥ta/
Faroese,[ˈstjœdnˌmɔalaˌfrøːjɪ]
Faroese,/ˈsɛlma/
Faroese,/sɔʰtː/
Faroese,[ˈmaŋɡa takː]
Faroese,[ˈʃœtna]
Faroese,/ˈtʃɪldɪ/
Faroese,/ˈmɔɹ̥ˌtʰʊitlɪŋkʊɹ/
Faroese,/mɛaːt/
Faroese,/ˈhɔl̥ka/
Faroese,/ˈkʰɔsːʊɹ/
Faroese,/ˈspʊɹvʊɹ/
Faroese,/ˈvaʰtnaˌɔʰknaˌkrɛaːs/
Faroese,[ˈtan̥skʊɹ]
Faroese,[ˈkvʊiːjtˌlɛiːkʊɹ]
Faroese,/kʰasta/
Faroese,/ˈheːɹaɹ/
Faroese,/ɪ/
Faroese,/ˈvaita/
Faroese,/ˈvjɛʰtˌnam/
Faroese,[ˈtʃɔuˌmɪnːɪ]
Faroese,/ˈkʰɹɔuːnʊɹ/
Faroese,/kʰvʊiː/
Faroese,/ˈkʊiːjɪŋkʊɹ/
Faroese,[ˈbɔuɡfɔnː]
Faroese,/tʰeːɹ/
Faroese,/ˈveːsɪ/
Faroese,[t͡ʃeiːpa]
Faroese,[ˈfiːrɪbɪls]
Faroese,/ˈskɔl̥kʊɹ/
Faroese,/ˈfɔuːtʊɹ/
Faroese,/ʊiːm/
Faroese,/ˈsʉuːpanaɹˌskaiːj/
Faroese,/ˈpɾɔtːʏɹ/
Faroese,[hoːn]
Faroese,/ˈtʰøːva/
Faroese,/ˈmanla/
Faroese,[ˈt͡ʃʰɔʎ̥t͡ʃɪ]
Faroese,/peˈniːn/
Faroese,[ˈɔnstɛaːʊɹ]
Faroese,/ˈɹœlvʊɹ/
Faroese,/ˈkfiːjʊɹ/
Faroese,/ˈtʰʊiːjɹʊɹ/
Faroese,/ˈlɛaːʰt͡ʃɪ/
Faroese,/ˈfœɹ.jaˌkʰɔɻ̊ʈ/
Faroese,/vaiːʃla/
Faroese,/ˈfuːɹʊˌtɾɛaː/
Faroese,/faˈmɪlja/
Faroese,/ˈbjaɻ̊.ʈɪ/
Faroese,[ˈhɔiˌvɪʃɪnɡʊr]
Faroese,[ˈlɔŋɡʊr]
Faroese,/ˈkviːt͡ʃɪl/
Faroese,/ˈkʰrapːaˌmaiːn/
Faroese,/ˈtʰɔuːɹa/
Faroese,/kʰɔaːl/
Faroese,/ˈsɪl̥t͡ʃɪ/
Faroese,/ɹɔɲ̊t͡ʃɪl̥sɪ/
Faroese,[ˈtʃʰɛnsla]
Faroese,/plɛaːk/
Faroese,/starv/
Faroese,[ˈhɔlɔd͡ʒː]
Faroese,[ˈkvʊiːjtʊɹ]
Faroese,/ˈføːɹɪ/
Faroese,/ˈval.ˌtʃʰɪr.ja/
Faroese,[ˈsɪlbeːrɪ]
Faroese,/ˈtɔtna/
Faroese,/ˈanˌlɔɑːʰt/
Faroese,/ˈkuːɹʊn/
Faroese,/ʃɛkː/
Faroese,[ˈbrɔitɪŋɡ]
Faroese,/tʰalv/
Faroese,[ˈfjɛarar]
Faroese,/ˈkɾɛaːvʊɹ/
Faroese,/ˈmɔaːsɪ/
Faroese,/ɪŋkt/
Faroese,[ˈkɔltʊr]
Faroese,[œdl]
Faroese,[ˈhɔuwʊr]
Faroese,/ˈtʰʊiːjaɹɪ/
Faroese,/ɛɹt/
Faroese,[ˈɹɔʰkːˌpœl̥kʊɹ]
Faroese,/ˈɹɪkːʊɹ/
Faroese,[lɛat me fɔa ˈhɛtːa]
Faroese,[ˈdʒeʃo vɛal]
Faroese,/ˈt͡ʃʰɪsːa/
Faroese,[nøːs]
Faroese,[ˈnoːrʊrˌlɛŋst]
Faroese,[veːra ˈveːrandɪ]
Faroese,[ˈhɪltʃɪ]
Faroese,[ˈkliːmʊr]
Faroese,/ˈfɾouːwʊɹ/
Faroese,/ˈat.lʊɹ/
Faroese,[ˈainˌseːmɪ]
Faroese,/ˈpoːaɹa/
Faroese,[vafː]
Faroese,[ˈbrandʊr]
Faroese,[ˈɔrnaˌlɔkːʊɹ]
Faroese,/ˈʃɪn̥ˌfluːa/
Faroese,/ɛtː/
Faroese,/ˈjaɹma/
Faroese,[ˈmiːtʃɪ]
Faroese,[ˈmiːjalˌvaʃpɪŋ]
Faroese,[ˈʊimɪnda]
Faroese,[ˈkvʊitʊˌsʊnːa]
Faroese,[ˈhɔɡarsˌrɪsːa]
Faroese,/ˈviːkʊˌʃɪftɪ/
Faroese,/vaʰkt/
Faroese,[ˈɔuˌbʊndɪ]
Faroese,/ˈɹɔʰkːʊɹ/
Faroese,/ˈtʰɪtna/
Faroese,/ˈkœska/
Faroese,/ɛɻɳst/
Faroese,/ˈtʰaiːtʊɹ/
Faroese,/ˈʊŋkaɻɳ/
Faroese,/ˈiːvɪɹˌmɛnː/
Faroese,[flʊtːɪ]
Faroese,[ˈt͡ʃʰɛːmʊɹ]
Faroese,[ˈt͡ʃɪɲt͡ʃɪn]
Faroese,/ˈjœɻʈɪs/
Faroese,/veːɹ/
Faroese,/ˈpeːʰta/
Faroese,/ˈkʰɹɔsː/
Faroese,[ˈskʊdʒːɪ]
Faroese,/pɪkː/
Faroese,/klɛaːs/
Faroese,/hiːn/
Faroese,[ˈœldɪr]
Faroese,[ˈbʉuˌstɛavʊr]
Faroese,/ˈstɪʰkːaɹɪ/
Faroese,/ˈʊntɪɹˌslɛʰktˌpœl̥kʊɹ/
Faroese,/ˈflœska/
Faroese,[ˈpartɛaːjɪ]
Faroese,/ˈlɛŋkʊɹ/
Faroese,/ˈjɛn̥ta/
Faroese,/ˈlɛiːkʊɹ/
Faroese,/ˈpɪnt͡ʃa/
Faroese,/ˈtʰɛaːla/
Faroese,/ˈvɛɹ̥kˌstɛaːvʊɹ/
Faroese,[taiːlt]
Faroese,/ˈtʰɔstɪ/
Faroese,/pioˈkɹaːfʊɹ/
Faroese,/ˈneːʃʊn/
Faroese,/ʊɻ̊ʈ/
Faroese,[ɹeˈbɛʰkːa]
Faroese,/ˈteːnʊn/
Faroese,[ˈhɪldɪ]
Faroese,[ˈtɹaʰpːa]
Faroese,/ˈhɛaːʰtʊɹ/
Faroese,[ˈtɛiːjɪ]
Faroese,[ˈjɔkvan]
Faroese,/vɛaːl/
Faroese,[ˈtɔuʂtɛaːʊɹ]
Faroese,/ˈfɔtnˌsøːva/
Faroese,[ˈbœlkʊr]
Faroese,[ˈɔarɪn]
Faroese,[ˈhiːɹɪ]
Faroese,[ˈsamstarv]
Faroese,[ˈbɔukmɛn̥taˌsøːva]
Faroese,/ˈak.slaˌtɾɛaː/
Faroese,/ˈstɔʰk.hœlmʊɹ/
Faroese,[ˈvœlva]
Faroese,/ˈstʊpːɪ/
Faroese,[ˈhaimɪn]
Faroese,/ˈvɔlka/
Faroese,/lakt/
Faroese,/vʊiːv/
Faroese,/ˈtansa/
Faroese,/ˈʊntɪɹ.aʰtː/
Faroese,/ˈrɔuːwɪ/
Faroese,[ˈɔajɛa]
Faroese,/ˈpal̥.ta.saɹ/
Faroese,[ˈʃɔlˌsøːtʃɪn]
Faroese,[ˈfɪɲdʒɪn]
Faroese,/ˈɔʰknaˌkrɛaːs/
Faroese,[ˈtʃʉunaˌlɛa]
Faroese,[ˈsant.ɔijɪˌmaʃkaɹ]
Faroese,/ˈlɔaːta/
Faroese,/ˈsʊnːʊˌtɛaːvʊɹ/
Faroese,/ˈkɛŋka/
Faroese,/ˈsɛʰkː/
Faroese,/vɔl̥t/
Faroese,[ˈhœɡnɪ]
Faroese,/t͡ʃʰiːlɪ/
Faroese,[ˈkvʊitaˌrʊsland]
Faroese,/h/
Faroese,/ˈfjɛaːɹa/
Faroese,/ˈfɛʂla/
Faroese,[ˈʊtːanˌhʊisɪs]
Faroese,/ˈsvimjɪˌpʊksʊɹ/
Faroese,[vit ˈsʊdʒast]
Faroese,[tatː]
Faroese,/ˈnaʰt͡ʃːɪ/
Faroese,[ɔa]
Faroese,/ˈsvɛaːnʊɹ/
Faroese,[kʰɔaː]
Faroese,/kɔnˈsɛɻ̊ʈˌfeːɹ/
Faroese,[ˈɔinfɪrɪŋkʊɹ]
Faroese,/ˈtʰɪnːa/
Faroese,/ˈtaiːjʊɹ/
Faroese,/ˈtʰɔɻɳ/
Faroese,/ˈpʰɛʰtːɪ/
Faroese,/ˈtʰɔuːnˌlaikaɹɪ/
Faroese,[ivɪrˈhøːvʊr]
Faroese,/tʰɛaːʰk/
Faroese,/ˈtɪtːa/
Faroese,/hɛaːv/
Faroese,/ˈtʰal.fœl̥k/
Faroese,[ˈbʊndɪ]
Faroese,/ˈhaitɪ/
Faroese,/ˈsɛiːjɪɹ/
Faroese,[ˈlɔipa]
Faroese,/sɔɑː/
Faroese,/ˈfɪskˌsʉupan/
Faroese,/p/
Faroese,/hatː/
Faroese,[hœtː]
Faroese,[pʰaˈpʰʊiːɹ]
Faroese,/pɾoˈtʰeːsa/
Faroese,/aʰpːɪlˈsiːnˌt͡ʃʉuːs/
Faroese,/ˈmɛaːjɪ/
Faroese,[ˈsaint]
Faroese,[ˌaɹpaisˈt͡ʃeːvaɹɪ]
Faroese,/ˈfʊtlʊɹ/
Faroese,[ˈhɔlfjɛʃ]
Faroese,/ˈɛaːlɪ/
Faroese,/ˈpɛŋ̊ka/
Faroese,/kʰɛʰks/
Faroese,[ˈskʊira]
Faroese,[sɔuːl]
Faroese,[oːʰp]
Faroese,/last/
Faroese,[ˈtʊiʃkaɹɪ]
Faroese,[ˈmjɔaːʊɹ]
Faroese,/moːɹ/
Faroese,/ˈmɛʰtːʊɹ/
Faroese,/ˈjaksʊl/
Faroese,/ˈljɔuːma/
Faroese,/ˈfeːɹaˌtʃalt/
Faroese,[ˈhaijʊsˌliːmʊr]
Faroese,[ˈmɔrɡʊnˌsɔuːl]
Faroese,/ˈfʊnːɪŋkʊɹ/
Faroese,/ˈiːvɪɹˌhɔuːpʊɹ/
Faroese,/ˈskɹiːva/
Faroese,[smɔtː]
Faroese,[ˈframːanɪfrɔa]
Faroese,/ˈkɹɛaːklɪŋkʊɹ/
Faroese,[ˈfɔajɪr]
Faroese,/ˈslaiːt͡ʃa/
Faroese,/fœl̥k/
Faroese,[ˈdʒœdla]
Faroese,[ˈmɔalˌfrøːjɪ]
Faroese,/ˈfɹøːjɪnks/
Faroese,[ˈhafːɹøːjɪ]
Faroese,[ˈtʃɔaː.ljɔuː]
Faroese,[ˈmɛn̥tan]
Faroese,[ˈumfɛatandɪ]
Faroese,[ˈpʰar.lɛaː]
Faroese,/ˈmuːnʊn/
Faroese,[ɹaiːjaˈɹʊiːj]
Faroese,/ˈknʊiːvʊɹ/
Faroese,[ˈsɛamanˌbeːra]
Faroese,[œlt]
Faroese,[ˈbrʏˌkɔumʊr]
Faroese,/ˈkʰʉuːnʊn/
Faroese,/kɹʊ(i)tʃ/
Faroese,[sɪkf]
Faroese,/ˈjal̥tlant/
Faroese,/ˈflɔʰkːʊɹ/
Faroese,/ˈsɛiːjɪ/
Faroese,/tʰʊiː/
Faroese,/ˈpɹaijʊɹ/
Faroese,[ˈsɪɡla]
Faroese,/ˈɛstʊɹʊiːt͡ʃɪˌʊŋkaɻɳ/
Faroese,[ˈhainɪ]
Faroese,[ˈaʰt͡ʃːɪɹ]
Faroese,/ˈmjœl̥kaɹˌsuːkʊɹ/
Faroese,[ˈljɔun]
Faroese,/ˈklɛaːsa/
Faroese,[spaŋkst]
Faroese,/ˈkɾøːv/
Faroese,/ˈɛstʊrˌɔiː/
Faroese,/ˈviːtʊɹ/
Faroese,[ˈmaiʃtaɹɪ]
Faroese,/t͡ʃɪn̥s/
Faroese,/ˈsiːv/
Faroese,[ˈaiːja]
Faroese,[sɔali]
Faroese,[ˈpʰɛaːʰtʊɹ]
Faroese,/tʰoːl/
Faroese,[jeːsusɪ]
Faroese,/siːja/
Faroese,/ˈkʰuːnɪŋkʊɹ/
Faroese,/ˈnɛiːvˌlaiːʰt͡ʃɪ/
Faroese,/saʰtː/
Faroese,/ˈliːklɪ/
Faroese,/ˈiːvɪɹ.aʰtː/
Faroese,[ˈhaiːta]
Faroese,/ˈcʰœtn/
Faroese,/ˈham̥pʊɹ/
Faroese,/ˈhɔʂɔɑːʰpa/
Faroese,[vɛst]
Faroese,/ˈfjøːɹʊɹ/
Faroese,/ˈœska/
Faroese,[meː]
Faroese,/ˈɪɹ̥tʃaɹɪ/
Faroese,[ˈʃɔuːnʊn]
Faroese,[ˈlɔinɪˌoːr]
Faroese,/hɪnt/
Faroese,/ˈmɛiːɹʊˌsʊiːɹa/
Faroese,/ˈkʰɔɑːɹɪ/
Faroese,/tʃʰalt/
Faroese,[pʰasː]
Faroese,/ˈstuːwʊl/
Faroese,[slʊpː]
Faroese,[ɡ̊ɛas]
Faroese,/svʊin/
Faroese,/ˈvalˌnøːʰt/
Faroese,/ˈpɹœstˌmøːjɪ/
Faroese,/ˈeːliː/
Faroese,[ˈaɹva.pɹɛaːv]
Faroese,/ˈfɪʎtʃa/
Faroese,/ˈkɔɑːta/
Faroese,/ˈtʃɛstaˌplʊitnɪ/
Faroese,/ˈʊipɪkvɪ/
Faroese,/fɛaː/
Faroese,/ˈaʰtːʊn/
Faroese,/ˈtʰiːja/
Faroese,[ˈrœrsla]
Faroese,/kaiːl/
Faroese,/ˈlɔɻʈʊɹ/
Faroese,[ˈɛat.sœkn]
Faroese,[ˈboːɹɪ]
Faroese,[ˈɔabal]
Faroese,/ˈkfœɹ̥tʃɪ.tʃʰiːn/
Faroese,[ˈʃɪfta]
Faroese,[ˈpʰɔst.kʰɔɻ̊ʈ]
Faroese,[ˈsam̥.tʃʰɪnt]
Faroese,[ˈiːvɪɹˌmɛaːvʊɹ]
Faroese,/ˈhʊiːjsa/
Faroese,/ˈtʰʊmːɪ/
Faroese,/ˈhɪʰplɪŋkʊɹ/
Faroese,[ˈlœktɪŋksˌliːmʊr]
Faroese,[ˈstjœdnaˌmɔalaˌfrøːjɪ]
Faroese,/ˈsiːt͡ʃɪlˌɔiːj/
Faroese,[fɪltʊr lʊndɪ]
Faroese,/ˈfœl̥kalʊiːfsˌfrøːjɪ/
Faroese,[ˈtiːna]
Faroese,/ˈmɪsːa/
Faroese,[ˈtʃʰɔuːwʊɹ]
Faroese,/vavː/
Faroese,/ˈkʰœlna/
Faroese,/ˈtʰɛɻɳa/
Faroese,/pjaɹt/
Faroese,/ˈal̥tarɪ/
Faroese,/ˈtʰaiːlant/
Faroese,[ˈɛatkɔŋkʊˌmɛɹ̥tʃɪ]
Faroese,[ˈkalsɔi]
Faroese,[ˈskɔlˌvɪʃɪnɡʊr]
Faroese,/ˈsɛʰt͡ʃːɪ/
Faroese,/ˈɹʊsːɪskʊɹ/
Faroese,[pliː]
Faroese,[miˈɹɛaːkʊl]
Faroese,/ˈmiːtʃɪˌneːs/
Faroese,/skɹɔaː/
Faroese,/miˈnʊtːʊɹ/
Faroese,/ˈt͡ʃʰatnaˌsʊiːɹa/
Faroese,[ˈskʉulɪ]
Faroese,/ˈtʰɔuːnʊn/
Faroese,/ˈɔlvaraˌtʰoːs/
Faroese,/ˈpoːaɹɪ/
Faroese,[ˈfløːa]
Faroese,[ɛal]
Faroese,[pɹɪnˈsɛsːa]
Faroese,/tʊipt/
Faroese,/ˈhɛʰtːa/
Faroese,[ˈlɛipˌɔar]
Faroese,/ˈlɛk.fɪ/
Faroese,/ˈkʰanːɪŋk/
Faroese,/ˈkʰoːnʊˌfœl̥k/
Faroese,[ˈmɔutˌsœɡn]
Faroese,/ˈvɛstfatl/
Faroese,[ˈsɛit͡ʃan]
Faroese,/ˈstɛaːɹɪ/
Faroese,[ˈmjøːvʊɹ]
Faroese,/ˈknʉuːtʊɹ/
Faroese,/ˈɔsˌmʊntʊɹ/
Faroese,[ˈstantɪŋk]
Faroese,[ˈkʰɔllˌvɛl̥tɪŋk]
Faroese,[ˈatːʊrˌfeːɹ]
Faroese,[ˈɹeːkaˌviːjʊɹ]
Faroese,/ˈkɹɔsːˌfɪskʊɹ/
Faroese,/iː/
Faroese,/ˈʃʉuːkˌlɪŋkʊɹ/
Faroese,[liː]
Faroese,/ˈpʰɔlsˌmɛsːa/
Faroese,/ˈtɹœstʊɹ/
Faroese,/ˈpoːjɪ/
Faroese,[ˈmanːfœlk]
Faroese,/ˈkʰlɛːʰtʊɹ/
Faroese,/ˈtʃʰɔuːwˌpʉuːnɪ/
Faroese,[pʊlˈkaːri.a]
Faroese,[ɔiar]
Faroese,/ˈtiːl̥ˌtʱɛaːʰk/
Faroese,[ˈdɔɑnjal]
Faroese,/pɔɑːl/
Faroese,/øːʰtʃɪ/
Faroese,/ˈpaʰkːʊs/
Faroese,/ˈɔɑːɹɪ/
Faroese,/ʊiːj/
Faroese,/ˈɔnːʊ/
Faroese,/ˈt͡ʃʰɔlmʊɹ/
Faroese,/ˈkʰlɛaːjɪ/
Faroese,/ˈbɪɡvi/
Faroese,/ˈhʉuːsˌfrʉuː/
Faroese,/vʊiːn/
Faroese,/ɔɑː/
Faroese,/ˈjaɹˌpeɛːɹ/
Faroese,/vɔʰkː/
Faroese,/ˈvøːʰka/
Faroese,/ˈkɹœnmeːʰtɪ/
Faroese,/ˈkʰʊfːɛɹ̥ʈ/
Faroese,/ˈfʊl̥kɔpːɪ/
Faroese,[vit ˈhɔirast]
Faroese,/ˈtʰʊitnɪŋkaɹˌmiːt͡ʃɪl/
Faroese,/ˈvɪtlʊɹ/
Faroese,/ˈmɛltʊɹ/
Faroese,/hɔnt/
Faroese,[ˈpaulɪ]
Faroese,[ˈbrɪdlʊp]
Faroese,[ˈfiːrɪˌtøːka]
Faroese,/ˈahɔɻɳ/
Faroese,/ˈstœstʊɹ/
Faroese,/mʉuːɹ/
Faroese,/øːa/
Faroese,/ˈkfiːj/
Faroese,/ˈɛɹma/
Faroese,/ˈveːvʊrˌfrøːjɪ/
Faroese,/skʉuːm/
Faroese,[ˈrɛkːɔaːl]
Faroese,/pʰɔtl/
Faroese,/ˈhœɹ̥pa/
Faroese,[ˈanliːt]
Faroese,[ˈɛdnast]
Faroese,[ˈsøːva]
Faroese,[ˈt͡ʃʰɛmpa]
Faroese,/ˈɛː.alˌfʊntʊɹ/
Faroese,[ˈhɔlfɛms]
Faroese,[ˈkrɔiʃta]
Faroese,/ˈføːɹɪst/
Faroese,/ˈpɹo(ː)tsˌt͡ʃeːɹ/
Faroese,[tɛa haldɪ e]
Faroese,[ˈfʊikʊr]
Faroese,[t͡ʃɛak]
Faroese,[ˈsanˌdøːvʊr]
Faroese,[aiˈsɪndʊr]
Faroese,[ˈvʊiːt͡ʃɪŋkʊɹ]
Faroese,/ˈnɪʰkːa/
Faroese,[ˈfɛkːaɹ]
Faroese,/ˈmiːˌœlt/
Faroese,/ˈɛː.alˌspʊɹniŋkʊɹ/
Faroese,[ˈaltʃɔuwa]
Faroese,/ˈhɔɑːɹ.sɔɑːʰpa/
Faroese,/ˈfʉuːtɪ/
Faroese,/ˈœʰtːɪ/
Faroese,/ˈtɪkva/
Faroese,/ˈsɪkˌfɾʊiːjʊɹ/
Faroese,[ʊmˈlaiː]
Faroese,/flɛsk/
Faroese,[ˈtɪmːa]
Faroese,[ˈɛaʰtˌkɔŋkt]
Faroese,/ˈkɹɔuːna/
Faroese,[hɛund]
Faroese,/ˈkvɛaːla/
Faroese,/eːɹ/
Faroese,[ˈaɹpaiːjɪ]
Faroese,/tʰʊiːjk/
Faroese,/ˈlaiːkˌføːɹɪ/
Faroese,/fjɔus/
Faroese,/vɛɹ̥kʊɹ/
Faroese,/ˈfɛdla/
Faroese,/ˈɛaːɹɪ/
Faroese,/ˈɔspjœtn/
Faroese,[ˈhʏsˌvɪʃɪnɡʊr]
Faroese,/kʰœʰtːʊɹ/
Faroese,[ˈkvœrjʊnfadl]
Faroese,[ˈkakːʊˌlɔaraˈkɔu]
Faroese,/ˈɹøːɹaɹ/
Faroese,/ˈeːsɪl/
Faroese,[ˈɛiːja]
Faroese,[ˈɡamlɪ]
Faroese,[ˈpʰɔulːant]
Faroese,/ˈɛlɹɪ/
Faroese,/ˈkʰnaʰpːaˌpoːɹ/
Faroese,/ˈcʰaʰtsɪ/
Faroese,/ˈsɛaːmʊɹ/
Faroese,/ˈkʊnːlɛiːjʊɹ/
Faroese,/ˈaɻɳˌhaiːjʊɹ/
Faroese,[ˈlaʰknaˌfɹøːjɪ]
Faroese,[ai]
Faroese,/lant/
Faroese,[kriː]
Faroese,/ˈstaiːnˌpʊiːtʊɹ/
Faroese,/ˈʃɛntɪ/
Faroese,/ˈtʰɹɪt͡ʃːɪŋk/
Faroese,/ˈmʊnːʊɹ/
Faroese,[ˈlɔina]
Faroese,/ˈlœkˌfɾøːjɪ/
Faroese,/t͡ʃøːɹ/
Faroese,[tairːɪ]
Faroese,/ˈnɔsːa/
Faroese,/ˈfɔtnʊɹ/
Faroese,/ˈklʉuːmʊɹ/
Faroese,/ˈkʰɔuːpʊɹ/
Faroese,[ˈɔŋɡaˌstɛanɪ]
Faroese,/ˈkɹɪmpa/
Faroese,/ˈtʊiːsa/
Faroese,/haʃː/
Faroese,[ˈmɔtːɪ]
Faroese,/ɔaːɹaɹnaɹ/
Faroese,[ˈmɔaˌlɛara]
Faroese,/ˌkʰɔˈˌmuːna/
Faroese,[nɔʰtː]
Faroese,/ˈhatlʊɹ/
Faroese,/tʰiːl/
Faroese,[ˈɔŋɡan]
Faroese,[ˈtʃʰɔɑːˌoːɹ]
Faroese,/tʰɔft/
Faroese,/ˈfjʏɻ̊ʈan/
Faroese,/ˈtʰɹʊtʃːɪr/
Faroese,[ˈfɔaːˌtʰaʰkt]
Faroese,/ˈtʰɛknaɹɪ/
Faroese,/ˈtɔuːmʊɹ/
Faroese,/kn̥ɛaː/
Faroese,/plʊt͡ʃː/
Faroese,/vɔmp/
Faroese,[ˈtʃɛakast]
Faroese,/nɛaːɹ/
Faroese,/ˈmɔɑː.na.vʊɹ/
Faroese,/t͡ʃiˈɹafːʊɹ/
Faroese,[ˈsvaɻ̊ʈ]
Faroese,[møː]
Faroese,[ˈsnɔuːt]
Faroese,/kʰ/
Faroese,[ˈpʰaʰpːʊiːɹ]
Faroese,/ˈfɔuːtˌpœl̥tʊɹ/
Faroese,/ˈtʰɹʉuːwˌpɔuːt/
Faroese,/ˈslɛʰktˌpœl̥kʊɹ/
Faroese,/ˈnɛvna/
Faroese,/ˈvɛɹ̥kˌaʰtlan/
Faroese,[fɛːɹ]
Faroese,/ˈmɛŋkan/
Faroese,[ˈhøːna]
Faroese,/ˈmʉuːɹʊɹ/
Faroese,[ˈal̥t͡ʃɔuːwaˌt͡ʃeːɹ]
Faroese,[ˈʊiːja]
Faroese,/ˈtʰɛanasta/
Faroese,/ˈkʰʉuːw.paiːjn/
Faroese,[ˈfɪɲdʒɪ]
Faroese,/tʰœʰkː/
Faroese,/fɹɛaː/
Faroese,/tʃɛkf/
Faroese,/ˈlɪŋkʊɹ/
Faroese,/ˈfœ.ɾjaɾ/
Faroese,/t͡ʃʰøːʰt/
Faroese,[ˈfjɔuɹa]
Faroese,/aʰpː/
Faroese,/ˈpʰaʰkistan/
Faroese,[ˈtɔaːvʊɹ]
Faroese,/ˈɹɔuːaɹ/
Faroese,/ˈsvʊinɪŋkʊɹ/
Faroese,/svɔɑː/
Faroese,/ˈtʰʊŋka/
Faroese,/ˈɛaːɹɪnˌpjœtn/
Faroese,[ˈviːˌtɛaka]
Faroese,[ˈvɛstʊɹ]
Faroese,/ˈkasːɪ/
Faroese,/ˈɹʉuːsˌtɹɛʰkːa/
Faroese,/siˈkaːɹ/
Faroese,[ˈɔɲdʒɪn]
Faroese,[ˈatːanɪfrɔa]
Faroese,/ˈspɛnːantɪ/
Faroese,/ˈfjatlaˌtʰɪntʊɹ/
Faroese,/lɔɻʈɪ/
Faroese,/ˈfɔsːɪ/
Faroese,/ˈtɪmːˌplɔaːwʊɹ/
Faroese,/ˈsal̥tˌsʊiːɹa/
Faroese,[ˈfɔtnˌfɹøːjɪ]
Faroese,/ɹiːv/
Faroese,/ˈhɛaːva/
Faroese,/nɪkf/
Faroese,[ˈpʰoːsɪ]
Faroese,/ˈiːmɪs/
Faroese,[ˈɔŋɡa]
Faroese,/ˈɛaːʰka/
Faroese,/føːniks/
Faroese,/ˈpapːɪ/
Faroese,/ˈbøːnaɹˌmɛaːvʊɹ/
Faroese,/ˈkɾɔuːtˌpɾɛaːjɪŋk/
Faroese,/hɔaːɹ/
Faroese,/ˈhɛkvʊɹ/
Faroese,[ˈɹɛmpɪŋk]
Faroese,[ɹʉuːm]
Faroese,/ˈslʊiːkʊɹ/
Faroese,/ˈvʊinˌpeɛːɹ/
Faroese,/v/
Faroese,[ˈmɔalarɪ]
Faroese,[ˈfloːˌʃiːpˈfeːlɛa]
Faroese,/ˈaɹt͡ʃɪ/
Faroese,/ˈveːɹʊˌlaiːtʃɪ/
Faroese,[tɹʊʃ]
Faroese,[ˈvɔːar]
Faroese,/ˈɪsta/
Faroese,/past/
Faroese,[ˈvaknʊɹ]
Faroese,/ˈpɛntɪŋk/
Faroese,/ˈtʰɔuna/
Faroese,/ˈʊiʃlɛntɪŋkʊɹ/
Faroese,[ˈviːvʊitʃandɪ]
Faroese,/ˈjɛaːɹaɹˌʂkɔɻ̥pa/
Faroese,/ˈtʰeːma/
Faroese,/ˈɔuːˌlʊʰkːa/
Faroese,[ɹɛkv]
Faroese,/ˈfʊʰkːa/
Faroese,[ˈviːjɔi]
Faroese,/ˈtiːtʃɪn/
Faroese,/ˈvɛtlɪŋkʊɹ/
Faroese,[skʊt͡ʃː]
Faroese,[ɔˈveː]
Faroese,/tʰɔiː/
Faroese,/ˈfʊl̥kʊpːɪ/
Faroese,[tʊkst]
Faroese,/ˈlɛŋkˌʃiːp/
Faroese,/ˈpœkstɛaːvaˌrɛaː/
Faroese,[ˈnɔusɪ]
Faroese,/ˈfɹaʰt͡ʃɪ/
Faroese,/tʰɔɑː/
Faroese,[ˈɛaraˌstɛanɪ]
Faroese,/ˈhɔɑt͡ʃʰɛtlɪŋk/
Faroese,/ˈalta/
Faroese,/t͡ʃɪɻɳʈ/
Faroese,/ˈhuːvʊɹ/
Faroese,[ˈpʰatlʊɹ]
Faroese,/ˈʃɔuːta/
Faroese,/skaiːn/
Faroese,/ˈspɛaːʰta/
Faroese,/ˈiːmɪsˌlaiːt͡ʃɪ/
Faroese,/ˈneːɔn/
Faroese,[ˈɹiːsɪ]
Faroese,[ˈhɔstɛaːvuɹ]
Faroese,[ˈpɹʊiːsʊɹ]
Faroese,/kɹɔaː/
Faroese,[ʊiˈmɔrɡʊn]
Faroese,/kʊtl/
Faroese,[ˈmɪndaˌsøːva]
Faroese,/ˈkʰɔʂɪka/
Faroese,/ˈfœl̥katɪŋɡsˌmɛaːvʊɹ/
Faroese,/ˈhaʰtːʃɪŋkʊɹ/
Faroese,[ˈklaksˌvɪʃɪnɡʊr]
Faroese,[ʃiːpan]
Faroese,[nɔɡv]
Faroese,/ˈpʰatːa/
Faroese,/ˈʊmsœʰkn/
Faroese,[føːr]
Faroese,[ˈdʒarna]
Faroese,/ˈkʰlɔʰkːa/
Faroese,/ˈlan̥.sa/
Faroese,/ˈvɛɹ̥ʈʊɹ/
Faroese,/ˈkvœʂ.fatl/
Faroese,/ɹasː/
Faroese,/ˈlɔtna/
Faroese,/smɪɻ̊ʂɭ/
Faroese,/ˈpɹɛnːɪvʊiːjn/
Faroese,/naˈpʰoː.lɪ.ɔn/
Faroese,[ˈfloːhaun]
Faroese,[ˈfɔutpœl̥(t)sˌtɪstʊɹ]
Faroese,/ˈkʰaiːsaɹɪ/
Faroese,/ˈʊntɪɹˌtʰøːʰka/
Faroese,[ˈfɛsta]
Faroese,[ˈhuːʃɔunaˌmɛavʊr]
Faroese,[øːl]
Faroese,/ˈpɛl̥tɪ/
Faroese,[ʊi ˈɔrdan]
Faroese,/kʰaɹˈnɪfːɪl/
Faroese,/ˈɔɻ̥kʊˌfɹan.laiʃla/
Faroese,[tœlv]
Faroese,[ˈmɪndaˌbɔːuk]
Faroese,/ˈt͡ʃɔuːaɹˌbʉuˌskɛapʊɹ/
Faroese,[ˈlʊivˌsʊitʃɪ]
Faroese,/t͡ʃɛʰkst/
Faroese,[ˈtɾɔʰtnɪŋk]
Faroese,[trøː]
Faroese,[ˈvʊi̯ː.sʊˌpɔu̯ˑk]
Faroese,/ˈflœʰtːʊɹ/
Faroese,/spʊɹniŋk/
Faroese,/ˈmiːkʊˌtɛaːvʊɹ/
Faroese,/ˈhan̥ː.ʃɪ/
Faroese,/ˈtɾɛʰkːa/
Faroese,/ˈkʰaltʊɹ/
Faroese,[ˈpat.mɪn.tʰɔn]
Faroese,/ˈtʃʰaltʊɹsˌɛkː/
Faroese,[ˈkʰɛavaˌfɔnː]
Faroese,/ˈlak.na/
Faroese,/ˈpɹɪt͡ʃːa/
Faroese,[ɛɻ̊ʈ]
Faroese,/ˈnoːɹʊɹˌʊɹlant/
Faroese,/ˈkɹɛaːʰkaɹɪsˌmɛsːa/
Faroese,[ˈfaunʊr]
Faroese,/ˈfɪ(st)ʃɪˌœɻɳ/
Faroese,[bain]
Faroese,/ˈveːtɹaɹˌplɔuːma/
Faroese,/ˈkʰaːnata/
Faroese,[ˈprʊmpa]
Faroese,/ˈmɛstʊɹ/
Faroese,/lɛaːta/
Faroese,/ˈpʰʊiːpa/
Faroese,/tʃʰatː/
Faroese,/jøːɹ/
Faroese,/salmiˈaʰkː/
Faroese,[ˈhøːvʊsˌɪnːɡɔŋd]
Faroese,[ˈdʊirikʊr]
Faroese,/sɔɹɡaɹ.poː/
Faroese,/ˈsɛaːˌpjœtn/
Faroese,/ˈvɪntɪl/
Faroese,/ˈtʰɛʰpːɪ/
Faroese,/ˈfɪnːʊr/
Faroese,/ˈʊmboːsˌmɛnː/
Faroese,/ˈpʰɔɑːʰpɪ/
Faroese,/ˈnʊkːa/
Faroese,/ˈvɪfːɛŋk/
Faroese,/ˈveːtɹaɹˌnɔʰtː/
Faroese,[ʊiˈdʒœɡnʊn]
Faroese,/ɔiːjɪn/
Faroese,[jɔun]
Faroese,/ˈjɔuːlaˌkʰɔɹ̥ʈ/
Faroese,/ˈøːɹʊɹ/
Faroese,/ˈpʰiːpaɹ/
Faroese,/ˈsʊnːɪva/
Faroese,/kʰal̥ˈkʰuːn/
Faroese,[ˈstɛndʊr]
Faroese,/ˈkʰɔlvɪ/
Faroese,/ˈkʰʊnːa/
Faroese,/ˈɹeːna/
Faroese,[ˈjɔuhan]
Faroese,[ˈsœlja]
Faroese,[ˈɹʉuːtʊɹ]
Faroese,/ˈt͡ʃʰɔuːˌvɛltɪ/
Faroese,/ˈjɛn̥sɛnː/
Faroese,[t͡ʃɪʰkt]
Faroese,/ˈsøːʰtʊn/
Faroese,[freɛː(ʰ)kʊɹ]
Faroese,/ʃɛiːt/
Faroese,[ˈkʰɛt͡ʃʊp]
Faroese,/ˈɔːa/
Faroese,[ˈveːrɪ]
Faroese,/ˈkʊs.tav/
Faroese,/ˈkʰɔmpɪʰk/
