Gothic,[ˈfiluðiːsiːn]
Gothic,/ˈbrin.nan/
Gothic,/disˈwilwan/
Gothic,/ˈuswaɡidɛː/
Gothic,/ɡaˈhɛːlida/
Gothic,[ɡaˈsiŋ.kʷan]
Gothic,[fraˈkʷistiðɛː]
Gothic,/ˈtan.diːθ/
Gothic,/aɣliθa/
Gothic,/ˈkriu̯s.tan/
Gothic,/ɡaˈhaftnandan/
Gothic,/ˈθɔr.nus/
Gothic,/ˈbarniski/
Gothic,/ˈtax.jan/
Gothic,[ˈa.leː.waˌbaɣm]
Gothic,/ˈsankʷ/
Gothic,/ɡaˈdiɡan/
Gothic,/ɡaˈhnɛːwjan/
Gothic,/ɡaˈwal.dan/
Gothic,/ˈθaruh/
Gothic,/fɔraˈweːnjan/
Gothic,/siːns/
Gothic,/ˈtriu̯/
Gothic,/ˈwi.toː.ða.ˌlɛː.saː.riːs/
Gothic,/ˈand.ja/
Gothic,/ˈunswikunθoːziː/
Gothic,/ˈɛːwiskoːn/
Gothic,/ˈlɔːshandjan/
Gothic,[ɡaˈdriŋ.kan]
Gothic,[ˈniβa]
Gothic,/fɔraˈist/
Gothic,[ˈɡreːðaxs]
Gothic,/ˈtɛh.swɛː/
Gothic,/fraˈitan/
Gothic,/ˈtɛh.swoː/
Gothic,/ɡaˈboːtiːθ/
Gothic,/ˈwɔrt/
Gothic,/ˈmiθθan/
Gothic,/fɛrˈɡriːpan/
Gothic,/ɡaˈɛːnaːn/
Gothic,/ˈiku/
Gothic,/ɡaˈfrisahtjan/
Gothic,/ˈwɔr.tim/
Gothic,/ˈah.tɔː.teː.hund jah ˈfid.woːr/
Gothic,[ˈfriːðjan]
Gothic,/ˈhun.dans/
Gothic,/ˈbuɣ.jan/
Gothic,/ˈbliɡɡʷandam/
Gothic,[ˈahtɔːteːhund jah ˈfiðwoːr]
Gothic,[biˈspiːwaða]
Gothic,/ˈtwa.libˌwin.trus/
Gothic,/ˈθukiː/
Gothic,/ˈlɔːf/
Gothic,/ˈniu̯n/
Gothic,/fullaˈfahida/
Gothic,/ˈhɛrd.jans/
Gothic,/ˈbɔːida/
Gothic,/ˈɡramjɛːθ/
Gothic,/ufarˈmitoːn/
Gothic,/ˈjuθan/
Gothic,/ˈhniːwan/
Gothic,/fɔraˈkʷimiθ/
Gothic,/biˈʍɛrband/
Gothic,/miθɡaˈliːkoːn/
Gothic,/disˈtɔrnand/
Gothic,/inˈfiːnan/
Gothic,/ˈan.θa.ra.nu/
Gothic,/ɡaˈhulidamma/
Gothic,/ˌɣaˈka.roːn/
Gothic,/ˈpiː.kaˌbaɡms/
Gothic,/ˈskɔrp.joː.noː/
Gothic,/biˈuːxts/
Gothic,/ˈdɔːpjand/
Gothic,/ˈbidjɛːθ/
Gothic,/aˈsi.ɛː/
Gothic,/ˈufarmɔːdiː/
Gothic,/ˈswɛrban/
Gothic,/fɔraˈwisan/
Gothic,[fɔrˈsiɣljands]
Gothic,/ˈɡas.tiˌɡoː.diː/
Gothic,[inˈwaɣjan]
Gothic,/ˈniu̯.ji.θa/
Gothic,/ˈjiu̯.liːs/
Gothic,/ˈwi.ɡaˌdiː.noːm/
Gothic,/ˈθandeː/
Gothic,/ˈanakʷissiːs/
Gothic,[fɔraɣaˈhuɣjan]
Gothic,/ˈfu.la/
Gothic,/θɔr.niː.na/
Gothic,/ˈnu.nu/
Gothic,[biˈɡɛrðan]
Gothic,/ɡaˈrɛːθ/
Gothic,/ɡaˈhnɛːwiθs/
Gothic,/ˈwiː.naˌtri.wa/
Gothic,/ˈɡlaɡɡʷoː/
Gothic,/ˈfɔrhaːh/
Gothic,/ˈusbiːsns/
Gothic,/biˈwɛːbidana/
Gothic,/θiːns/
Gothic,/ɣaˈdɛːljan/
Gothic,/ɡaˈbrak/
Gothic,/ˈfru.mi.stin/
Gothic,/ˈwitaːndans/
Gothic,/ˈhlasiː/
Gothic,/ˈakran/
Gothic,[ɡaˈsaŋkʷ]
Gothic,[ɡaˈθwastiðɛː]
Gothic,/ˈaɣloː/
Gothic,/ˈfiŋɡraˌɡulθ/
Gothic,/ˈriː.kiːs/
Gothic,[ɡaˈhuliðamma]
Gothic,/ˈsmak.ka/
Gothic,/ɡaˈsnɔː/
Gothic,[biˈswɛrβan]
Gothic,/ˈan.θa.rɛː.zoː/
Gothic,/ˈma.nɔː.li/
Gothic,/inˈɡardjans/
Gothic,[ˈɛːnˌfal.θa.βa]
Gothic,/duˈrinnandans/
Gothic,/ˈbloː.mans/
Gothic,/ˈswiɣloːn/
Gothic,/ˈfimf.taˌtɛ.hun.da/
Gothic,/ɡaˈbliːθja/
Gothic,/miθɡaˈliːkoːndans/
Gothic,/ˈwiː.naˌɡar.dis/
Gothic,[ɡaˈbɛːðiðeːðuθ]
Gothic,[ɡaˈdroːβnan]
Gothic,/ˈɡɛːts/
Gothic,/ˈfɛr.ʍɔːs/
Gothic,/ˈtwa ˈhun.da/
Gothic,/fɔraˈmanwjands/
Gothic,/ɡaˈbliːθjan/
Gothic,/fɔraɡaˈmanwjan/
Gothic,/ˈan.θa.ruh/
Gothic,/ˈa.tisk/
Gothic,/biˈwandjandans/
Gothic,/ˈfɔrθiziː/
Gothic,/ˈsmak.kaˌbaɡms/
Gothic,/ˈunˌfɔːrs/
Gothic,/ˈɛːn.li.bim/
Gothic,/ɡaˈmatjis/
Gothic,[inˈɡramjaða]
Gothic,/ˈfid.woː.rim/
Gothic,/ˈha.na/
Gothic,/atˈhabɛːdeːdun/
Gothic,/duθˈθeː/
Gothic,/disˈtahjan/
Gothic,/fɔrˈwɛːpjan/
Gothic,/ˈweːp.nam/
Gothic,/ɡaˈskoːhɛː/
Gothic,/ˈtɛ.hun.teː.hundˌfalθ/
Gothic,/ɡaˈbɔrɡjans/
Gothic,/ɡaˈstɔːida/
Gothic,/ˈfɛːan/
Gothic,/fraˈnima/
Gothic,/nɔ.βɛm.bɛr/
Gothic,/ˈwitɛːdeːdun/
Gothic,/ˈθiswaduh ˈθadiː/
Gothic,[ˈdriu̯ɣɛːs]
Gothic,/ɡaˈθarbaːn/
Gothic,/ˈma.naˌseːθ/
Gothic,/biˈspiwun/
Gothic,/ˈa.san/
Gothic,/ˈjuːziː/
Gothic,[ˈsmak.kaˌbaɣ.ma]
Gothic,/ˈfoːdr/
Gothic,/ˈfi.jaːn/
Gothic,/θis.ˈʍa.ðuh/
Gothic,/ˈtwɛːm/
Gothic,/ˈunswikunθoːza/
Gothic,/ˈwitaːn/
Gothic,/inˈswinθjandin/
Gothic,/ɡaˈbrukans/
Gothic,[ˈɡabiɣjan]
Gothic,/ˈinwitoːθs/
Gothic,/afˈwalwjan/
Gothic,/fɔrˈwalwjan/
Gothic,[fɔraɣaˈrɛːroːθ]
Gothic,/juːs/
Gothic,/fraˈhinθandans/
Gothic,/ˈdɔːpjandins/
Gothic,/ˈsɛːnjɔː/
Gothic,/fraˈlust/
Gothic,/ɡaˈdriu̯.san/
Gothic,/ˈax.tɔː/
Gothic,/ˈwin.truns/
Gothic,/ɡaˈwɔrtɛː/
Gothic,/ɡlaŋɡʷoː/
Gothic,/inˈbranː.ja.da/
Gothic,/ˈanaminds/
Gothic,/inˈliuhtjan/
Gothic,/fraˈkʷiman/
Gothic,/fraˈkʷistidɛː/
Gothic,/ˈdɔːpjands/
Gothic,/ˈfɛrinoː/
Gothic,/ˈluf.tu/
Gothic,/disˈdɛːljan/
Gothic,/ˈlɔːh.mun.jɛː/
Gothic,/miθɡaˈtiu̯.han/
Gothic,/ɡaˈbrukanoː/
Gothic,/ɡaˈstrɔːjan/
Gothic,/ɡaˈbɔroːs/
Gothic,[ˈti.ɣum]
Gothic,/fɔrˈkʷiθans/
Gothic,/ɡaˈstɔrkniθ/
Gothic,/usˈwaɡjan/
Gothic,/fɔraˈmeːljan/
Gothic,[ˈfi.ðurˌdoːxs]
Gothic,/inˈsɛːans/
Gothic,[iðˈwiːtjanda]
Gothic,/ˈbrikan/
Gothic,/ˈdiu̯s/
Gothic,/ˈan.θaɾ.liːks/
Gothic,/ˈwis/
Gothic,/ˈtwɛː ˈtiɡ.jus ˈθuː.sund.joː/
Gothic,/disˈtahida/
Gothic,[fɔrˈsiɣljan]
Gothic,/ˈsankʷ.jan/
Gothic,/ˈatwitɛːnɛː/
Gothic,/ˈθriːs/
Gothic,/wɛ.ˈwoː.un/
Gothic,/ˈinɡaˌliːkoːn/
Gothic,/ˈɡabiɡnan/
Gothic,/anaˈpraŋɡanɛː/
Gothic,/fɔraˈmeːliθs/
Gothic,[ˈfið.woː.rim]
Gothic,/ˈhindumists/
Gothic,[ɡaˈstɔːiða]
Gothic,/ˈal.θiːs/
Gothic,/ˈkɔrn/
Gothic,/atɡaˈrɛhtjan/
Gothic,/fɔrˈwɛːpjɛːs/
Gothic,[biˈʍɛrβan]
Gothic,/ɡaˈrahnideːdun/
Gothic,/ɡaˈbɔran/
Gothic,/i.aˈiːrus/
Gothic,/ɡaˈnasidɛː/
Gothic,[disˈskɛːðandiːn]
Gothic,/ˈdiɡana/
Gothic,[ɡaˈdɔːβjan]
Gothic,/ɡaˈmɛːtanoːn/
Gothic,/fɔraˈrahnjands/
Gothic,[ˈfiluɣalɔːfs]
Gothic,[ɡaˈraɣinoːða]
Gothic,/ɡaˈslawan/
Gothic,/ˈfis.keː/
Gothic,/biˈsunjaneː/
Gothic,[ˈtuŋɡl]
Gothic,/ɡaˈmat/
Gothic,/fraˈwulwans/
Gothic,/miθˈroːdideːdun/
Gothic,/ɡaˈaŋɡwidɛː/
Gothic,/ˈkalds/
Gothic,/ˈsitls/
Gothic,/ˈhruːk.jɛː/
Gothic,/ˈkal.dis/
Gothic,/ˈkunːan/
Gothic,[ɡaˈɡuðaβa]
Gothic,/ˈwɛː.an.din/
Gothic,/ˈmilh.mam/
Gothic,/ˈitan/
Gothic,/disˈskɛːdan/
Gothic,/usˈwandjan/
Gothic,/ˈbarniskiːns/
Gothic,/ˈskamaːn/
Gothic,/fɛhuˈɡiːɡɛːs/
Gothic,/fɔrbiˈɡaŋɡands/
Gothic,[ɡaˈbiːðiθ]
Gothic,/ˈfɔrθis/
Gothic,/ˈwiljan/
Gothic,/disˈnimands/
Gothic,[ˈθrið.jin]
Gothic,/ˈizwar/
Gothic,[fɛhuˈɡiːɣɛːs]
Gothic,/ˈbeːrusjoːs/
Gothic,/ɡaˈbundun/
Gothic,[ˈniu̯jasatiðana]
Gothic,/ˈti.ɡum/
Gothic,/ˈtri.wam/
Gothic,/ˈfiluɡalɔːbis/
Gothic,/ˈhun.dam/
Gothic,/ɡaˈmikiljan/
Gothic,/atˈhaːhiθ/
Gothic,/θan/
Gothic,/anaˈnanθideːdun/
Gothic,/biˈwandiː/
Gothic,/ˈskɛːdɛː/
Gothic,/ɡaˈbɛːdjan/
Gothic,/ˈdulθjan/
Gothic,/ˈɸimɸ/
Gothic,/ˈʍa.nuh/
Gothic,/ɡaˈbidjan/
Gothic,/ˈi.nuhˌsan.di.deː.dun/
Gothic,[fɔraɣaˈmeːljan]
Gothic,/ɡoːθs/
Gothic,/anˈdɔːɣi/
Gothic,/ˈbliŋɡʷan/
Gothic,[atˈneːʍiða]
Gothic,/ɡaˈmoːtiːma/
Gothic,/ˈfɛr.ʍus/
Gothic,[ˈbiðjɛːθ]
Gothic,/ˈlisan/
Gothic,/ˈtalzjan/
Gothic,/ˈlɔːsawɔrds/
Gothic,/disˈnimandans/
Gothic,[atˈfariðeːðun]
Gothic,/ˈhal.bɛː/
Gothic,[duˈɣinniθ]
Gothic,/aɸ/
Gothic,/ˈsaʍazuh/
Gothic,[ˈɔː.θi.ða]
Gothic,[ˈa.βiː.leː.ni]
Gothic,/ˈan.di/
Gothic,/ɡaˈmaɡan/
Gothic,/missaˈtɔːjandan/
Gothic,[ɡaˈbuɣans]
Gothic,/ˈul.ban.dɔː/
Gothic,[ˈmið.junˌɡar.dis]
Gothic,/ɡaˈɛːstaːnd/
Gothic,/ˈbɛ.raˌbaɡms/
Gothic,/ɡaˈbandwjandoːna/
Gothic,/disˈskritnan/
Gothic,/biˈwɛːbiθs/
Gothic,/ɡaˈsunjoːda/
Gothic,[ufˈsaŋkʷ.jan]
Gothic,/θis.ˈʍa.noːh/
Gothic,/disˈhnupnan/
Gothic,/ˈniu̯n.doːn/
Gothic,/ˈwul.fi.la/
Gothic,/ɡaˈtan.diθs/
Gothic,/ɡaˈrɛːθs/
Gothic,/atˈfarideːdun/
Gothic,/fraˈkʷistiθs/
Gothic,/andˈθaŋkjan/
Gothic,/ˈarkaŋɡilus/
Gothic,[ɡaˈtarhiðana]
Gothic,/ˈfɔ.hoː/
Gothic,/bɔːθs/
Gothic,/ˈasts/
Gothic,/jɛːns/
Gothic,/ˈneːθ.loːs/
Gothic,[ˈfið.woːr ˈtiɣ.jus]
Gothic,/ˈbalθiː/
Gothic,/ˈtunɡl/
Gothic,/ˈwin.da/
Gothic,/ˈθɔrn.jus/
Gothic,/ˈdɔːθubliːs/
Gothic,/miθurˈrisuθ/
Gothic,[biˈskaβanoːn]
Gothic,/ɡaˈfrɛhnands/
Gothic,/ˈbalθiːn/
Gothic,/ˈbalθiːns/
Gothic,[ˈbeː.θlɛ.hɛːm]
Gothic,/ˈskulan/
Gothic,/ˈfarjan/
Gothic,/ɡaˈhamoːθ/
Gothic,[fɔrˈsiɣljandans]
Gothic,/ˈunˌbi.ar.ja/
Gothic,/ˈinɡaˌliːkoːnda/
Gothic,[ɡaˈkroːtoːða]
Gothic,/ˈwiz.di.la/
Gothic,/ˈbiːs.ta/
Gothic,/ˈhruː.kiːθ/
Gothic,/ˈθataʍah/
Gothic,[ˈɔːɣoː]
Gothic,[ˈfastuβnja]
Gothic,/ˈfɛ.huˌsku.la/
Gothic,/fɛrˈrinnandans/
Gothic,/ˈθɔr.stiː/
Gothic,/ˈsun.kʷun/
Gothic,/ˈfriaθwamildjɛː/
Gothic,/ˈwiːt.woːθs/
Gothic,/ˈhal.ba.ta/
Gothic,/ˈfriu̯s/
Gothic,/ˈswiː.na/
Gothic,[ˈdiɣands]
Gothic,[biðjandansuθ]
Gothic,/ˈwaŋɡs/
Gothic,/ɡaˈbliːθjands/
Gothic,/biˈʍɛrban/
Gothic,/ˈa.si.lu/
Gothic,/miθɡaˈkʷiwida/
Gothic,/ɡaˈθɔrfs/
Gothic,/spɔːrds/
Gothic,/ˈwi.θrus/
Gothic,[ufarˈlaɣiθs]
Gothic,/duˈwakan/
Gothic,[ɡaˈunleːðjan]
Gothic,/ˈwɛː.ands/
Gothic,/biˈdoːmjan/
Gothic,/idˈwiːtjandaneː/
Gothic,/ɡaˈhɛːlana/
Gothic,/ˈhuŋɡridɛː/
Gothic,/ˈfɛːands/
Gothic,/ˈa.sans/
Gothic,/fɔraɡaˈmeːliθs/
Gothic,/ˈriˌkan/
Gothic,[ˈθrið.ja]
Gothic,/ˈɔːðaˌhaɸts/
Gothic,/fraˈwrikan/
Gothic,[ˈiβɛː]
Gothic,[ˈnað.reː]
Gothic,/ˈfi.jaθ.wa/
Gothic,/ˈa.weːθ.jis/
Gothic,/inˈniman/
Gothic,/ˈpɛː.da/
Gothic,/fimf.ta/
Gothic,/ˈbliŋɡʷandans/
Gothic,/ˈsmak.kans/
Gothic,/meːr.jan/
Gothic,[ˈhuŋɡriðɛː]
Gothic,/ɡaˈstoːjan/
Gothic,/ˈwisan/
Gothic,/ˈwul.la/
Gothic,/ˈli.θus/
Gothic,/inˈliu̯htida/
Gothic,/ˈbɔːɛːma/
Gothic,/ɡaˈmatideːdun/
Gothic,/ˈkuk.jan/
Gothic,/ɡaˈtarniθ/
Gothic,/ɡaˈmarkoːθ/
Gothic,/ˈfru.miː/
Gothic,/ɡaˈsniu̯mjan/
Gothic,/ˈah.tɔː.teː.hund/
Gothic,/ˈɛːβr/
Gothic,/ˈbliɡɡʷan/
Gothic,/ˈdiɣriːn/
Gothic,/fraˈhinθan/
Gothic,/ˈwroːhjan/
Gothic,/ˈwitandans/
Gothic,/ˈlɔːsawɔrdja/
Gothic,/ˈtɛ.hun.teː.hundˌfalθs/
Gothic,/ɡaˈhnipnan/
Gothic,/fraˈkʷistida/
Gothic,/ˈuŋkar/
Gothic,/wiːhs/
Gothic,/ˈwri.θus/
Gothic,/fɛrˈrinnan/
Gothic,/andˈstɔrran/
Gothic,/usˈhaːhan/
Gothic,/ˈfru.min/
Gothic,/ˈwiː.hi.θa/
Gothic,[ˈɡaβiɣaβa]
Gothic,/ˈar.ʍaz.na/
Gothic,/ˈbɔːa/
Gothic,/ˈtand.jan/
Gothic,/ˌɸra.ˈbɛ.ran/
Gothic,/ˈfraθjɛːdɔː/
Gothic,/biˈroːdiːθ/
Gothic,[ɡaˈnaɣl.jands]
Gothic,[fɔraɣaˈmeːliða]
Gothic,/usˈdɔːdiː/
Gothic,/ˈa.weːθi/
Gothic,/ˈfarɛːθ/
Gothic,/fɔraɡaˈhuɡjan/
Gothic,/θɔr.niː.nan/
Gothic,/ɡaˈnɛːtiθs/
Gothic,/ˈlɔ.hat.jands/
Gothic,/ˈniθθan/
Gothic,/ˈframaθjan/
Gothic,/inˈfiːnoːda/
Gothic,/ˈman.na/
Gothic,[ɡaˈnawistroːðɛː]
Gothic,/ɡaˈmalw.jan/
Gothic,/ˈbarniskja/
Gothic,/ˈhlɛːfs/
Gothic,/ˈboːtida/
Gothic,/ˈfaianda/
Gothic,/ˌusˈɣil.dan/
Gothic,[ˈuβiltoːjis]
Gothic,/ˈhruːk/
Gothic,/ˈbalθjan/
Gothic,/ɡaˈbɛrhtiːθ/
Gothic,/ˌdoːɡs/
Gothic,/fɔrˈlaɡjan/
Gothic,/ɡaˈtan.di.da/
Gothic,/ɡaˈbiːdiθ/
Gothic,/ˈθɔr.ni.weː/
Gothic,/ˈdriːβan/
Gothic,[ˈfrumaðiːn]
Gothic,/ˈbɔrθiː/
Gothic,/ˈtund.nan/
Gothic,[duˈstoːðiða]
Gothic,/ɡaˈθwastjɛːθ/
Gothic,/ɡaˈskamɛː/
Gothic,[ˈsi.βun]
Gothic,/ˈstandan/
Gothic,/fɔraɡaˈliːkɛːda/
Gothic,/ɡaˈbɛrɡada/
Gothic,/ɡaˈstoːjans/
Gothic,[ˈɡraβan]
Gothic,/duˈwakandans/
Gothic,/fɔrˈkʷiθanana/
Gothic,/ˈwandiː/
Gothic,/ɡaˈkɔːsideːdum/
Gothic,/ɡaˈmikilida/
Gothic,/ˈfru.mi.sta/
Gothic,/ˈna.mins/
Gothic,/ˈɡra.seː/
Gothic,/ˈtwans/
Gothic,/ˈweːp.na/
Gothic,/ˈbɛːm/
Gothic,/ˈhnaskʷjɛːm/
Gothic,[ˈsmak.kaˌbaɣms]
Gothic,/miθˈwɛːt/
Gothic,/in ˈfrumistjam/
Gothic,/fɛrˈwɔrkjand/
Gothic,/ˈmeː.na/
Gothic,/ɡaˈnanθida/
Gothic,/ɡaˈbiɡnands/
Gothic,/inˈɡramjada/
Gothic,/inˈɡramjan/
Gothic,/ˈanasiu̯ns/
Gothic,/biˈrunnun/
Gothic,/ˈɸullnan/
Gothic,/ˈneːʍjan/
Gothic,/ˈθwahan/
Gothic,[ˈfi.ðurˌfalθs]
Gothic,/ˈsun.nin/
Gothic,/ˈinahs/
Gothic,/ɡaˈblindida/
Gothic,/ˈhindana/
Gothic,/ˈbliːθjands/
Gothic,/ˈta.ɡri.da/
Gothic,[ˈdiɣan]
Gothic,/ˈwitaːndiː/
Gothic,/ˈwin.trus/
Gothic,/fɔrˈsiɡljan/
Gothic,/ɡaˈnawistroːdɛː/
Gothic,/atˈsnarpjɛːs/
Gothic,/ˈinahɛː/
Gothic,/miθˈwisan/
Gothic,/biˈriːkiːm/
Gothic,/biˈwɛːbjan/
Gothic,/ˈa.ha.kim/
Gothic,/ɡaˈhamoːdɛː/
Gothic,/mɛːs/
Gothic,/duˈstoːdjan/
Gothic,[ˈniβɛː]
Gothic,/ˈrɔː.sa/
Gothic,[ˈfiluðiːsiː]
Gothic,/ˈθaθroːh/
Gothic,/ˈsniwan/
Gothic,/ˈhɛrd.jam/
Gothic,/miθanaˈkumbjandans/
Gothic,[ɡaˈdriŋ.kɛːs]
Gothic,/ˈfimfˌtɛ.hu.nim/
Gothic,[ˈhɔːβiθwunds]
Gothic,/ˈanamindiːs/
Gothic,/ɡaˈɛːnɛːdɛː/
Gothic,/ˈfitan/
Gothic,/ˈɡraban/
Gothic,/disˈskritnoːða/
Gothic,/ˈdistahiːns/
Gothic,/ˈma.θa/
Gothic,/biˈweːsjɔː/
Gothic,/ˈtaɡr.jan/
Gothic,/fɔrˈɡaŋɡandans/
Gothic,/miθˈfaɡinoːθ/
Gothic,/ɡaˈtiu̯.han/
Gothic,[ˈframwiɣis]
Gothic,/ˈfru.mi.stam/
Gothic,/ˈlasiwoːsts/
Gothic,/ˈaθalaˌfuns/
Gothic,[ˈtwɛː ˈtiɣ.jus]
Gothic,/ˈwroːhiθs/
Gothic,/ˈbliːθiː/
Gothic,[ˈfuɣ.lam]
Gothic,/ˈfi.durˌdoːɡs/
Gothic,/ˈθrid.jin/
Gothic,/inˈwaɡjan/
Gothic,/ˈtiu̯.han/
Gothic,/ˈblɔːθjandans/
Gothic,/ˈazymus/
Gothic,/fɔraɡaˈsatjiθ/
Gothic,/ˈsumɛːθθan/
Gothic,/ˈθwoːhi/
Gothic,/uns/
Gothic,[ˈa.leː.waˌbaɣ.meː]
Gothic,/ˈwitɛːda/
Gothic,/xun/
Gothic,/ˈanasiu̯n/
Gothic,/ˈja.βɛː/
Gothic,[ɡaˈrɛːðiða]
Gothic,[disˈtahiðeːði]
Gothic,/inˈrɔhtjan/
Gothic,/ˈa.sa.nɛːs/
Gothic,/ˈswikunθaba/
Gothic,[disˈtahjaða]
Gothic,/ˈwiː.naˌba.si/
Gothic,/andˈθaŋkjandins/
Gothic,/ɡaˈmɛːtan/
Gothic,[ɡaˈunleːðiða]
Gothic,/ˈiŋkʷar/
Gothic,/ˈfru.mist.jam/
Gothic,/ɡaˈrɛːdoːn/
Gothic,/biˈɡɔrdans/
Gothic,/ˈmid.junˌɡar.dis/
Gothic,[disˈskɛːðan]
Gothic,/ˈɸoːn/
Gothic,[ˈtwɛː ˈtiɣ.jus ˈθuː.sund.joː]
Gothic,/ˈfɛ.hu/
Gothic,/ˈbalθiːθ/
Gothic,/sy.mɛː.oːn/
Gothic,/atˈwitɛːns/
Gothic,[ɡaˈbiːðan]
Gothic,/ɸi.li.pːus/
Gothic,/ˈal.luh/
Gothic,/ˈhabaːn/
Gothic,/ɡaˈboːtjan/
Gothic,/ˈand.jam/
Gothic,/ˈfid.woːrˌtɛ.hun/
Gothic,/usˈbliŋɡʷan/
Gothic,/biˈwɛːbjand/
Gothic,[ˈweː.ɣa]
Gothic,/ˈsun.jis/
Gothic,/fraˈhinθands/
Gothic,[ˈfoːðr]
Gothic,/ˈlɔː.boːs/
Gothic,/ˈwitɛːθ/
Gothic,[ˈfi.ður.falθ]
Gothic,[inˈaɣjan]
Gothic,/ˈa.bu/
Gothic,[fɔraɣaˈhuɣiða]
Gothic,/ˈsɛhs ˈtiɡ.jus/
Gothic,[ɡaˈwaliðaneː]
Gothic,/ˈtwɛː ˈtiɡ.jus/
Gothic,/ˈtaɡ.ri.da/
Gothic,[ɡaˈhamoːðɛː]
Gothic,/biˈɔːkands/
Gothic,/biˈsɔːlnan/
Gothic,/ɡaˈraθans/
Gothic,/ˈbarniskɛː/
Gothic,/biˈɔːkan/
Gothic,/ˈplinsjan/
Gothic,/ˈfuɡ.lam/
Gothic,[biˈwɛːβiθs]
Gothic,[ˈdiɣans]
Gothic,/ˈfilufɛːhoː/
Gothic,/hilms/
Gothic,/ˈsun.noː/
Gothic,/ufˈbrin.nan/
Gothic,/ɡaˈθɔrsnan/
Gothic,/ˈsi.naː.pis/
Gothic,/ˈsɛːnjan/
Gothic,/ˈdiɡan/
Gothic,/fɔrbiˈɡaŋɡiθ/
Gothic,/ˈfeːtjandiːns/
Gothic,/bruːθs/
Gothic,[fɔrˈlaɣiθs]
Gothic,/ˈhatjan/
Gothic,/fɛrˈwɔrkjan/
Gothic,/ˈfɛrinoːndans/
Gothic,/ɡaˈkɔːsjan/
Gothic,/usˈdɔːθs/
Gothic,/ˈhɛr.da/
Gothic,/ɡaˈkiu̯sandans/
Gothic,/ˈfɛr.ʍɔː/
Gothic,/usˈalθanɛːzoː/
Gothic,/ɡaˈbɔrjaba/
Gothic,/ˈɔh.sa/
Gothic,/ɡaˈhɛːliθs/
Gothic,/fraˈwreːkun/
Gothic,/ˈhɛ.rum/
Gothic,/ˈniu̯n ˈhun.da/
Gothic,/ˈwi.θra/
Gothic,/ˈtɛ.hun.teː.hund/
Gothic,/ˈahs/
Gothic,/inˈbranː.jan/
Gothic,/ˈwɔr.meː/
Gothic,/ˈtɛ.hun/
Gothic,/ˈnar.dɔːs/
Gothic,/ˈunswikunθs/
Gothic,[ˈta.ɣri.ða]
Gothic,/ɡaˈstoːθaːn/
Gothic,/ˈkʷɛː.noːn/
Gothic,/ɡaˈarbjans/
Gothic,/disˈwilwɛː/
Gothic,[ˈmɔːðjan]
Gothic,/ˈfɛr.ʍu/
Gothic,/ˈwandjands/
Gothic,/ˈʍa.noːh/
Gothic,/fɔrbiˈsniwands/
Gothic,[ˈɡɛrða]
Gothic,/fɛrˈɡriːpands/
Gothic,/ˈizwiziː/
Gothic,/inˈsaxts/
Gothic,/fraˈniman/
Gothic,[ɡaˈdroːβnoːða]
Gothic,/usˈbliɡɡʷan/
Gothic,/ˈskɔrp.joː/
Gothic,[ɡaˈmɔrɡiðeːði]
Gothic,/ˈθrid.jan/
Gothic,/disˈskriːtan/
Gothic,/ˈha.wi/
Gothic,[atˈhaβaːn]
Gothic,/ˈɡar.dan/
Gothic,/atˈwalwida/
Gothic,/biˈθwahan/
Gothic,/duˈθeː/
Gothic,/ˈriɡ.ni.da/
Gothic,/ˈfɛrinoːθ/
Gothic,/ˈmitan/
Gothic,/ˈas.tans/
Gothic,[ˈboːtiða]
Gothic,[ˈfaðar]
Gothic,/ˈɔː.raː.li/
Gothic,/fɔrˈsniwands/
Gothic,/ɡaˈaŋɡwjan/
Gothic,[ɡaˈbɛrɣan]
Gothic,/ˈunˌfɔːrjoːs/
Gothic,/ˈwitaːnds/
Gothic,/ˈduɣan/
Gothic,/ˈba.joː.θum/
Gothic,/ˈfu.nis.koːs/
Gothic,/ˈfastubnjam/
Gothic,/ˈwin.doːs/
Gothic,/ɡaˈfrɛhnan/
Gothic,[ˈma.naˌseː.ðɛːs]
Gothic,[biˈskaβans]
Gothic,/biˈʍeː/
Gothic,[ɡroːβoːs]
Gothic,/ˈmannanhun/
Gothic,/inˈwandjan/
Gothic,[ɡaˈɡuðiːns]
Gothic,/θar/
Gothic,/ˈfru.mist/
Gothic,/ɡaˈhɛːlidɛː/
Gothic,[inˈfiːnoːða]
Gothic,[biˈɡɔrðans]
Gothic,/ˈfulliθs/
Gothic,/ɡaˈblindjan/
Gothic,/miθusˈhramidans/
Gothic,/ˈwitɛː/
Gothic,/fɔrˈsniwiθ/
Gothic,/ɡaˈdrin.kan/
Gothic,/ˈɔh.snuns/
Gothic,/ɡaˈfraθjiː/
Gothic,/ɡaˈwalidaneː/
Gothic,[daxs]
Gothic,/ˈfru.miːn/
Gothic,/ˈkalk.joː/
Gothic,/ɡaˈstoːjanɛːm/
Gothic,/ˈlɔ(ː)h.mu.ni/
Gothic,/biˈsniwan/
Gothic,/biˈsmɛːt/
Gothic,/ˈfita/
Gothic,/biˈswaran/
Gothic,/ɡaˈsmɛːt/
Gothic,/ɡaˈbuɡanɛːm/
Gothic,[usˈaɣjan]
Gothic,[ˈdroːβjandans]
Gothic,/ˈbrin.noː/
Gothic,/ˈwin.tru/
Gothic,/disˈtɛran/
Gothic,[duˈstoːðiːθ]
Gothic,/ˈtɔːjan/
Gothic,/ˈdroːbjan/
Gothic,/ˈswiltan/
Gothic,/ˈθuː.sund.joːm/
Gothic,/ɡlaŋ.ɡʷa.ba/
Gothic,/us.ˈɡɛːs.jan/
Gothic,/bidjandansuθ/
Gothic,/ˈɡrindafraθjans/
Gothic,/ˈbruː.kjan/
Gothic,/ˈinnakundans/
Gothic,/ˈlɔːsawɔrdiːn/
Gothic,/mins/
Gothic,/miθanaˈkumbjandaneː/
Gothic,/ˈnibɛː/
Gothic,/ˈθwax/
Gothic,/ɡaˈtalzjan/
Gothic,/ˈtwa/
Gothic,/θuk/
Gothic,/fɔrbiˈsniwan/
Gothic,/ˈbliŋɡʷand/
Gothic,/ˈrɔːs/
Gothic,/usˈdriːβan/
Gothic,/ɡaˈθɔrsnoːda/
Gothic,/ɡaˈkʷiu̯jiθ/
Gothic,/ˈɸrɛxnan/
Gothic,/ˈspiːwan/
Gothic,/inˈtandjan/
Gothic,/ˈflɔːtiːθ/
Gothic,/fraˈatjɔː/
Gothic,/ˈma.naˌseː.dɛː/
Gothic,[ɡaˈbandwiðeːðun]
Gothic,/fɔrˈkʷiθa/
Gothic,/miθˈsatjan/
Gothic,/biˈsniwam/
Gothic,/ˈdiswiss/
Gothic,[ɡaˈkɔːsiðeːðum]
Gothic,[ˈdiɣana]
Gothic,[ˈiŋʷ.kʷis]
Gothic,/haz.jan/
Gothic,[ɡaˈbiu̯ɣan]
Gothic,[ɡaˈdiu̯piða]
Gothic,/ˈastaθs/
Gothic,/ˈbɔːan/
Gothic,/ɡaˈrɛːdida/
Gothic,[ˈdɔːθuβljans]
Gothic,/ˈskɛːdan/
Gothic,/ˈhrɛː.waˌduː.boː.noː/
Gothic,/ɡaˈarbja/
Gothic,/ˈu.βi.zwa/
Gothic,/ˈtɛ.hunˌteː.wiːs/
Gothic,[ɡaˈnatiða]
Gothic,/ɡaˈfɔːrjoːs/
Gothic,/ɡaˈdiɡis/
Gothic,/ˈfullawitan/
Gothic,[ˈfuɣls]
Gothic,/us/
Gothic,/ˈinahiːns/
Gothic,/ˈlam.bam/
Gothic,/miθˈfaɡinoːn/
Gothic,/biˈskɛːn/
Gothic,/ˈsmak.kaˌbaɡm/
Gothic,/ˈniu̯jasatiθs/
Gothic,/miθɡaˈsatjan/
Gothic,/ˈwul.feː/
Gothic,/biˈuːxti/
Gothic,/ˈθɔr.niːns/
Gothic,/ˈɛ.ʍaˌtun.di/
Gothic,/ˈhɔːbiθwunds/
Gothic,/biˈspiːwan/
Gothic,/ˈkald/
Gothic,[fullaˈfahiða]
Gothic,[miθˈfaɣinoːn]
Gothic,[ɡaˈhɛːliða]
Gothic,[ɡaˈhoːrinoːða]
Gothic,/ˈbliɡɡwands/
Gothic,/ˈniu̯n.teː.hun.dis/
Gothic,/ɡaˈmal.wiθs/
Gothic,/ˈinnakunds/
Gothic,/ɡaˈwɔrts/
Gothic,/ˈbal.joːn/
Gothic,/ˈan.θa.rans/
Gothic,/ˈfileːɡrja/
Gothic,/ˈɛːnˌfalθ/
Gothic,/miθanaˈkumbjandam/
Gothic,/ˈan.ti.ɔ.ki.a/
Gothic,/ˈniu̯jasatidana/
Gothic,/ˈɔːrahjoːm/
Gothic,/ˈstrɔː.jan/
Gothic,/ˈmeːljan/
Gothic,/fraˈkunnandans/
Gothic,/ufˈbrikan/
Gothic,/duhˈθeː/
Gothic,[ɡaˈdiɣis]
Gothic,/ɡaˈhardiːθ/
Gothic,/duˈrinnands/
Gothic,/ˈwakɛːma/
Gothic,/ˈnadrs/
Gothic,/ˈha.nins/
Gothic,/ɡaˈnasiθs/
Gothic,/ɡaˈbiɡjands/
Gothic,/ɡaˈmitan/
Gothic,/ˈfarideːdun/
Gothic,[ɡaˈtarhiða]
Gothic,/miθɡaˈswiltan/
Gothic,/miθanaˈkumbjan/
Gothic,[ˈθaðiː]
Gothic,/ˈah.tu.da/
Gothic,/ˈusbalθiːns/
Gothic,/ˈlɛ.wa.neː/
Gothic,/ˈskiːriːns/
Gothic,/duˈwakands/
Gothic,/ufarˈhuɡjan/
Gothic,/andˈθaŋkjands/
Gothic,[ˈufarmɔːðiː]
Gothic,/ˈsankʷ.jand/
Gothic,/ˈθrid.ja/
Gothic,[ˈɸið.woːr]
Gothic,/disˈhuljiθ/
Gothic,/ɡaˈbandwjands/
Gothic,/ɡaˈaŋɡwiθs/
Gothic,[ɡaˈhɛːliðɛː]
Gothic,/ufˈbranː/
Gothic,/ɡaˈbɛrɡan/
Gothic,/ˈfis.koːs/
Gothic,/ɡaˈbɔːan/
Gothic,/biˈswarf/
Gothic,[fɔraɣaˈreːðanɛː]
Gothic,[ˈhuɣjan]
Gothic,/ˈsin.kʷan/
Gothic,/ˈfarjands/
Gothic,[tɛ.xun]
Gothic,/disˈtɔrnan/
Gothic,/laŋɡs/
Gothic,/ˈhlasana/
Gothic,/ˈframaθidans/
Gothic,[ɡahˈmeːliða]
Gothic,/ˈfis.kam/
Gothic,/ˈsin.tiːns/
Gothic,/fɔraɡaˈmeːlida/
Gothic,[ˈufarmɔːðiːn]
Gothic,/ˈhindarwiːs/
Gothic,/ˈfimf ˈθuː.sund.joːs/
Gothic,/ˈmið.jis/
Gothic,/ˈhuŋɡrijan/
Gothic,/ˈfɔ.hoːns/
Gothic,/biˈswɛrban/
Gothic,/ˈθri.ja ˈhun.da/
Gothic,[ˈrɛːðjan]
Gothic,[ˈweː.ɣoːs]
Gothic,/ˈniba/
Gothic,/ɡaˈhɔːsiθs/
Gothic,/usˈdriu̯.san/
Gothic,/ˈdriu̯.san/
Gothic,[disˈtahiða]
Gothic,[saŋɡʷs]
Gothic,/ˈfɔradɔrja/
Gothic,/ˈbɛ.ra/
Gothic,/biˈwandjan/
Gothic,/ˈin.kʷa.ra/
Gothic,/ˈlɔːshandja/
Gothic,[fɔraɣaˈmeːliθ]
Gothic,[ˈbɔːiða]
Gothic,[ɡaˈhuliða]
Gothic,/hɛː.θi/
Gothic,/ˈɛːnˌfal.θa.ba/
Gothic,/ˈtɛran/
Gothic,/ɡaˈθwastidɛː/
Gothic,/ˈfiludiːsiː/
Gothic,/hɛː.ti/
Gothic,[ɡaˈɡuðiːn]
Gothic,[inˈliu̯htiða]
Gothic,/ˈba.joːθs/
Gothic,/ˈbans/
Gothic,/ˈθannu/
Gothic,/ɡaˈbɛːdideːduθ/
Gothic,/ˈwin.dis/
Gothic,/swah/
Gothic,/ˈɔː.θi.da/
Gothic,/fɔrˈlaɡiθs/
Gothic,/ɡaˈfeːhaba/
Gothic,/disˈdɛːliθs/
Gothic,[ɡaˈɛːnɛːðɛː]
Gothic,/ˈubiltoːjis/
Gothic,/ˈsku.la/
Gothic,/ˈmi.liθ/
Gothic,/ˈhlasoːza/
Gothic,[biˈroːðiːθ]
Gothic,/ˈhɛrd.joːs/
Gothic,/ˈa.kʷi.zi/
Gothic,/ˈfri.(j)aθ.waˌmil.diːs/
Gothic,[duɣaˈwindan]
Gothic,/atˈwandida/
Gothic,/ˈfra.muh/
Gothic,/ˈbliŋɡʷandam/
Gothic,/ˈmilh.ma/
Gothic,/ˈiziː/
Gothic,/ˈoːɣan/
Gothic,[fɔrˈlaɣiðoː]
Gothic,[biˈwɛːβjan]
Gothic,[inˈriːrɛːða]
Gothic,[miθˈfaɣinoːθ]
Gothic,/ˈɡroːba/
Gothic,/ˈdɛːx/
Gothic,/ˈunsis/
Gothic,/ˈiŋkʷis/
Gothic,/ˈfrɔː.ja/
Gothic,/ˈdrɛːviːs/
Gothic,[ɡaˈbiɣnandans]
Gothic,/ˈhoːloːn/
Gothic,/ɡaˈbuɡans/
Gothic,/ˈinrɔhtida/
Gothic,/ɡaˈbiɡnandans/
Gothic,/ˈbal.joːnds/
Gothic,/fɔrˈmuːljan/
Gothic,[ˈhrɛː.waˌduː.βoː.noː]
Gothic,/fraˈrinnan/
Gothic,/ˌɣaˈtɔːjan/
Gothic,[ˈhliː.ðu.ma]
Gothic,/ˈmid.junˌɡard/
Gothic,/ˈsɛhs/
Gothic,/in/
Gothic,/ˈsmak.ka.neː/
Gothic,[ˈθrið.joː]
Gothic,[usˈbiːðan]
Gothic,[ˈah.tu.ða]
Gothic,/ˈa.fa.ruh/
Gothic,/aljaθ/
Gothic,/ˈwilwandans/
Gothic,/ˈtwoːs ˈθuː.sund.joːs/
Gothic,/ˈθaθroː.iː/
Gothic,[duˈɣinnan]
Gothic,/biˈroːdjan/
Gothic,[ɡaˈsiŋ.kʷɛː]
Gothic,/ˈhruː.ki.da/
Gothic,/ˈsan.kʷa/
Gothic,/ˈbaɡ.meː/
Gothic,/ˈwar.miːθ/
Gothic,/miθusˈhramjan/
Gothic,/ˈhlasiːn/
Gothic,/ˈkɔr.noː/
Gothic,/ˈma.nːisks/
Gothic,/ˈfeːtjan/
Gothic,[ˈsaŋkʷ.jand]
Gothic,/ju/
Gothic,/ˈlɔːh.mun.ja/
Gothic,/ɡaˈbiːstjan/
Gothic,[ˈfið.woːrˌtɛ.hun]
Gothic,[ˈwitɛːðeːðun]
Gothic,/inˈfiːnands/
Gothic,/woːθs/
Gothic,/anaˈpraŋɡan/
Gothic,/fɔraɡaˈmanwida/
Gothic,/ˈikiː/
Gothic,/inˈtund.nan/
Gothic,/biˈruːnɛːns/
Gothic,[ˈbaɣ.mans]
Gothic,/ˈniu̯.neː/
Gothic,/ˈwakan/
Gothic,/ˈwiː.naˌɡar.da/
Gothic,/ˈna.min/
Gothic,/ɡaˈθwastjan/
Gothic,/ˈfimfˌtɛ.hun/
Gothic,[ˈhliː.ðu.miː]
Gothic,[ɡaˈnɛːtiðana]
Gothic,[ɡaˈθarvaːn]
Gothic,/ˈskiː.ma/
Gothic,/disˈwinθjan/
Gothic,/miθɡaˈtɔːhans/
Gothic,/ˈsɛh.stin/
Gothic,/duˈstoːdida/
Gothic,/usˈbliɡɡʷands/
Gothic,[ˈfiluɣalɔːβis]
Gothic,/ˈdiswissɛːs/
Gothic,/ɡaˈsneːwum/
Gothic,/ˈhliː.du.miːn/
Gothic,[ˈbaɣ.mam]
Gothic,/miθɡaˈsatida/
Gothic,/wiːn/
Gothic,/fɔraˈkʷiman/
Gothic,/biˈrinnands/
Gothic,/ˈskaθjan/
Gothic,[ˈhliː.ðu.miːn]
Gothic,/ˈspar.wam/
Gothic,/ˈɡis.traˌda.ɣis/
Gothic,/ˈfullawiːs/
Gothic,/ˈwɔrk.jan/
Gothic,/ˈtɛ.hun.doːn/
Gothic,/ˈbyssɔn/
Gothic,/ˈriɡn.jan/
Gothic,/ˈlatɛː/
Gothic,/ˈlɔ.hat.jan.diː/
Gothic,/framˈaldra/
Gothic,/ɡaˈmatjan/
Gothic,[ˈdraŋkjan]
Gothic,/ɡaˈθɔrsniθ/
Gothic,/ˈwasjan/
Gothic,/miθurˈrɛːsjan/
Gothic,/sɔː/
Gothic,/ɡaˈɡudiː/
Gothic,[ɡaˈbiðjɛːθ]
Gothic,/ɡaˈnaɡl.jan/
Gothic,/ufˈsan.kʷiθs/
Gothic,/ɡaˈbranː.jɛː.dɔː/
Gothic,/ˈʍɛː.tiːs/
Gothic,/undɡriːpan/
Gothic,/ˈinkunjam/
Gothic,/ˈan.θa.rɛːm/
Gothic,/ɡaˈmɔrɡiθs/
Gothic,[saŋ.kʷa]
Gothic,/inˈwaɡida/
Gothic,/aŋɡwiθa/
Gothic,/aˈroːmata/
Gothic,/biˈkʷiman/
Gothic,/ɡaˈtand.jan/
Gothic,/miθanaˈkumbjands/
Gothic,[ˈskɛːðiθ]
Gothic,/andˈwasjan/
Gothic,/ˈnɔhθan/
Gothic,/fɔrˈɡaŋɡandiːn/
Gothic,/ɡaˈhulida/
Gothic,[disˈsiŋ.kʷan]
Gothic,/ˈɔːkan/
Gothic,[ˈfriːðjɛː]
Gothic,/ˈwɔr.tins/
Gothic,/biˈsatjan/
Gothic,/ˈa.si.lus/
Gothic,/ˈweːpn/
Gothic,/fraˈitiθ/
Gothic,/fɛrˈrinnands/
Gothic,/ʍas/
Gothic,/ɡaˈnɛːtidana/
Gothic,/idˈwiːtjanda/
Gothic,/ˈfuɡls/
Gothic,/inˈsandjɛːθ/
Gothic,/ˈtriɡɡʷa/
Gothic,/inˈɡardjam/
Gothic,/ˈfɔːramaθljoːs/
Gothic,/framˈaldrs/
Gothic,/fɛrˈrinnand/
Gothic,[ɡaˈnasiðɛː]
Gothic,[ˈsiŋ.kʷan]
Gothic,/ˈjut/
Gothic,/ˈmilh.min/
Gothic,[ˈdɔr]
Gothic,/ɡaˈnatida/
Gothic,/ˈkɛːsar/
Gothic,/fraˈwroːhjan/
Gothic,/hamfs/
Gothic,[ɡaˈbranː.jɛː.ðɔː]
Gothic,[ɡaˈsniu̯miðeːðum]
Gothic,/ˈθiː.ʍoːns/
Gothic,/ˈniman/
Gothic,/ˈfu.nin/
Gothic,/ɡaˈnɔhan/
Gothic,/ɡaˈblɔːθjands/
Gothic,/disˈskɛːdands/
Gothic,/ˈframis/
Gothic,/ˈluf.tɔːs/
Gothic,/biˈriːkiː/
Gothic,/ˈweːɡs/
Gothic,/ˈsi.bun/
Gothic,/ˈswiːn/
Gothic,/ˈlɛ.wa/
Gothic,/ˈar.jands/
Gothic,/ɡaˈnatjan/
Gothic,/ˈah.tu.din/
Gothic,/fraˈkunnands/
Gothic,/duˈrinnan/
Gothic,/ˈwakɛːθ/
Gothic,[ˈlɔː.βoːs]
Gothic,/ɡaˈmɔrɡjands/
Gothic,/atˈhabaːn/
Gothic,/usˈbliŋɡʷands/
Gothic,/ˈka.tils/
Gothic,/ˈfrumadiː/
Gothic,/ˈfriːdida/
Gothic,/ˈba.ri.ziː.nans/
Gothic,/ˈa.leː.waˌbaɡm/
Gothic,/ˌɸra.ˈɣiɸts/
Gothic,[ˈs̠i.mɛː.oːn]
Gothic,/anaˈkʷiman/
Gothic,/ˈka.roːn/
Gothic,/ˈdiɡandin/
Gothic,/ˈfiluɡalɔːfs/
Gothic,/ˈti.ɡus/
Gothic,[ˈbaɣ.meː]
Gothic,/afˈdɔːbnan/
Gothic,/ˈtwa.lif/
Gothic,/ˈbliɡɡʷand/
Gothic,/sis/
Gothic,/ˈʍɛrbandans/
Gothic,/ˈdɔːθubljans/
Gothic,/ɡaˈnaɡl.jands/
Gothic,/ˈθrins/
Gothic,/ˈtriɡɡʷs/
Gothic,/usˈbliŋɡʷandans/
Gothic,/fraˈatjan/
Gothic,/ɡaˈstrawiθ/
Gothic,/ɡaˈwasjan/
Gothic,[biˈwɛːβjand]
Gothic,/ˈdrɛːvjan/
Gothic,/ˈhun.doːs/
Gothic,[usˈwaɣjan]
Gothic,/ɡaˈskoːhi/
Gothic,/disˈhniu̯pan/
Gothic,/afˈdɛːljan/
Gothic,/miθˈskalkinoːda/
Gothic,/ɡaˈsniwan/
Gothic,/fɔrˈsiɡljands/
Gothic,/ɡaˈhoːrinoːn/
Gothic,/fɔraɡaˈrɛːroːθ/
Gothic,/ˈfru.mists/
Gothic,/ˈwarm.jands/
Gothic,/ɡaˈɡudiːn/
Gothic,/ˈa.leː.waˌbaɡ.meː/
Gothic,/ˈfis.kans/
Gothic,/ˈbɛr.ɡa.hiː/
Gothic,/disˈtɛriθ/
Gothic,/inˈɡardjoːn/
Gothic,/ʍadreː/
Gothic,/inˈsɛːanoː/
Gothic,[ˈsi.βun.teː.hund]
Gothic,/ˈsɔː.il/
Gothic,/ˈa.ra/
Gothic,[fraˈkʷistiða]
Gothic,/ˈfriːdjan/
Gothic,/ˈɛːn.lif/
Gothic,/ˈbruːθ.ˌɸaθs/
Gothic,[ɡaˈmaɣan]
Gothic,[ˈθiu̯ða]
Gothic,[ˈskɛːðɛː]
Gothic,/ˈlam.beː/
Gothic,/ˈframaθiθs/
Gothic,/ˈfiŋɡrs/
Gothic,/ˈhliː.du.moː.na/
Gothic,/biˈroːdjands/
Gothic,/ɡaˈbiːstiːθ/
Gothic,/anaˈsilaːn/
Gothic,/miθˈroːdjan/
Gothic,/ˈfi.lu/
Gothic,/ɡaˈdrin.kɛːs/
Gothic,/ɡaˈhuljɛː/
Gothic,/biˈkuk.jan/
Gothic,[ˈriɣn.jan]
Gothic,/atˈwalwjan/
Gothic,/ˈbɔːiθ/
Gothic,/ɡaˈbɔrɡja/
Gothic,/ˈhɔːbiθwundan/
Gothic,/ˈɡɛrnjan/
Gothic,/miθˈsoːkjan/
Gothic,/ˈsit.lans/
Gothic,/ˌbiˈliːβan/
Gothic,/ˈmeː.noː.θum/
Gothic,/ˈwinds/
Gothic,/ˈdriu̯ɡan/
Gothic,[atˈɔːɣjan]
Gothic,/ɡahˈmeːlida/
Gothic,/riːks/
Gothic,[biˈroːðjandiːn]
Gothic,/ˈa.haks/
Gothic,/ˈfiliɡrja/
Gothic,/hɔːs.jan/
Gothic,[ɡaˈθarvɛːθ]
Gothic,/ˈmaɣan/
Gothic,/ˈmeː.noːθs/
Gothic,/ˈinkunja/
Gothic,/biˈlɛːf/
Gothic,/ɡaˈnɛːtjan/
Gothic,[biˈroːðiðeːðun]
Gothic,/ˈflɔːtɛː/
Gothic,/ˈazɡoː/
Gothic,/ˈiftuma/
Gothic,/ˈwɔr.mans/
Gothic,/fraˈhinθandoː/
Gothic,/ˈbiːtan/
Gothic,/ɡaˈdraŋkjɛː/
Gothic,/ˈwilwands/
Gothic,/ˈhɔ.ri/
Gothic,/inˈaɡjan/
Gothic,/ˈfrumadiːn/
Gothic,/anaˈpraŋɡans/
Gothic,[ɡaˈrahniðeːðun]
Gothic,[ɡaˈtan.di.ða]
Gothic,/ˈmeːkiːs/
Gothic,/miθˈkwiθɛːna/
Gothic,[ˈfiliɣrja]
Gothic,[ˈʍɛrβands]
Gothic,/ɡaˈtarhida/
Gothic,/ˈan.θa.ra/
Gothic,[ˈθrið.jan]
Gothic,/biˈwisan/
Gothic,/biˈsɔːliθs/
Gothic,/ˈɛ.ʍaˌtund.jai/
Gothic,/biˈskabans/
Gothic,[ufarˈhuɣjɔː]
Gothic,/ˈibɛː/
Gothic,/ˈdɔːpjan/
Gothic,/ɡaˈtiman/
Gothic,/duˈɡinniθ/
Gothic,/ˈfɔrahaːh/
Gothic,[biˈskaβan]
Gothic,/ˈsmak.kaˌbaɡ.ma/
Gothic,/ˈθiu̯disks/
Gothic,/ˈhɔr.ja/
Gothic,[ˈɛːn.li.βim]
Gothic,/ˈa.hak/
Gothic,/ɡaˈbran.ni.dɛː.zoːs/
Gothic,/ˈhlaθan/
Gothic,/ɡaˈmɔrɡideːdi/
Gothic,/miθurˈrɛːsida/
Gothic,/ˈfu.lan/
Gothic,/ɡaˈhɛːls/
Gothic,/ˈɡabiɡjan/
Gothic,/inˈaɡida/
Gothic,[ɡaˈbiɣjandans]
Gothic,/ˈan.diːs/
Gothic,[ˈti.ɣuns]
Gothic,/ˈinrɔhtiθs/
Gothic,/ˈstiu̯r/
Gothic,[sexs]
Gothic,/ˈθram.stiː/
Gothic,/inˈwisandins/
Gothic,/ˈna.moː/
Gothic,[ˈdroːβjands]
Gothic,[ˈθiswaðuh ˈθaðiː]
Gothic,/ˈɔh.sɔː/
Gothic,/ˈɸastaːn/
Gothic,/ˈa.rans/
Gothic,/ˈdriu̯ɡɛːs/
Gothic,/disˈniman/
Gothic,/fraˈwroːhiθs/
Gothic,/ˈun.tals/
Gothic,/andˈθaːhta/
Gothic,/dɔːfs/
Gothic,/ˈfru.moː/
Gothic,/ˈɡulθ/
Gothic,/ˈfru.ma/
Gothic,/ɡaˈbiːdan/
Gothic,/ˈbloː.ma/
Gothic,/ɡaˈaŋɡwiːn/
Gothic,/ɡaˈkʷiu̯jandin/
Gothic,/ɡaˈrɛhtiθɛː/
Gothic,/biˈrinnan/
Gothic,/ˈɛː.θiː/
Gothic,/ɡaˈkiu̯sands/
Gothic,/duˈstoːdiːθ/
Gothic,/fɔrˈsniwan/
Gothic,/ˈurˌruns/
Gothic,/biˈkʷimiθ/
Gothic,/ɡaˈwaknands/
Gothic,/afˈhlaθan/
Gothic,/ˈah.sa/
Gothic,/ˈunhindarwiːs/
Gothic,/fullaˈfraθjam/
Gothic,[ˈti.ɣus]
Gothic,/disˈskriːtands/
Gothic,/wiːs/
Gothic,/miθˈwitan/
Gothic,/ˈɣil.dan/
Gothic,/ɡaˈdɔːkans/
Gothic,/ˈhruːk.jan/
Gothic,/ˈwiθ.rus/
Gothic,/ˈwɛːbjan/
Gothic,/ufarˈhliːθrjɛː/
Gothic,[biˈsɔːliðɛːm]
Gothic,/ˈθuː.sund.joː/
Gothic,/ˈnam.nam/
Gothic,/ˈθiː.ʍoːn/
Gothic,/fɔraɡaˈreːdanɛː/
Gothic,/ˈfi.dur.falθ/
Gothic,[ˈfimf ˈtiɣ.jus]
Gothic,/ˈboːtjan/
Gothic,[ɡaˈbiðjan]
Gothic,/ˈmunan/
Gothic,/ɡaˈhuljan/
Gothic,/ˈdɛː.moːˌnaː.riːs/
Gothic,/ˈwɔr.tɛː/
Gothic,/usˈbiːdan/
Gothic,/ɡaˈteːwjan/
Gothic,/ɡaˈraɡinoːn/
Gothic,/ˈhnaskʷus/
Gothic,/ˈfisks/
Gothic,/ˈmɔr.θri.jan/
Gothic,[ɡaˈaŋɡwiðɛː]
Gothic,/ɡaˈbran.niθs/
Gothic,/ˈwul.foːs/
Gothic,/ˈɡu.ta/
Gothic,/ˈɡas.tiˌɡoːθs/
Gothic,[duɣaˈwindiθ]
Gothic,/ˈluf.tɔː/
Gothic,/fɔraˈrahnjandans/
Gothic,/ˈfriːdjɛː/
Gothic,/ˈhlɛːw/
Gothic,/ɡaˈɡudiːns/
Gothic,/ufarˈlaɡjan/
Gothic,/ˈklis.moː/
Gothic,/ˈskil.dus/
Gothic,/ˈbɔːandiː/
Gothic,/ɡaˈnɔha/
Gothic,/ˈtand.jands/
Gothic,/ˈwil.θiːs/
Gothic,/ɡaˈfraθjiːn/
Gothic,[disˈskɛːðands]
Gothic,/biˈdoːmjɛː/
Gothic,/fɔraɡaˈmeːljan/
Gothic,/ˈaŋɡilus/
Gothic,/ʍan/
Gothic,/anaˈnanθiːθ/
Gothic,/biˈabrideːdun/
Gothic,/fɔrˈlaɡjɛːdɔː/
Gothic,/ɡaˈsunjoːn/
Gothic,/ˈwitandiː/
Gothic,/fɔraˈweːnjandans/
Gothic,/ˈunwɔrstwoːns/
Gothic,/miθˈkwiθan/
Gothic,/biˈsɔːlnoːdeːdiːna/
Gothic,/ˈnɔhθanuh/
Gothic,/ɡaˈskoːhs/
Gothic,/ˈhabɛːdeːdun/
Gothic,/disˈtahjada/
Gothic,/ik/
Gothic,/ˈba.ri.ziːns/
Gothic,[miθurˈrɛːsiða]
Gothic,[ˈnaðrs]
Gothic,/biˈruːnɛːn/
Gothic,/beːθ.lɛ.hɛːm/
Gothic,[ˈswɛrβan]
Gothic,/ˈfɛrinoːn/
Gothic,[fɔrˈlaɣjan]
Gothic,/ˈʍɛrbands/
Gothic,/ˈhund/
Gothic,/ɡaˈsmiːtan/
Gothic,/ˈna.kʷa.ðiː/
Gothic,/biˈroːdjandiːn/
Gothic,/ˈsynaɡoːɡeː/
Gothic,/ɡaˈbɔrans/
Gothic,[ɡaˈhnɛːwjaða]
Gothic,[ˈpiː.kaˌbaɣms]
Gothic,[inˈwaɣiða]
Gothic,/ˈwɛː.an/
Gothic,/inˈfiːnandiːn/
Gothic,/ˈusbiːsnɛː/
Gothic,[ˈfriːðjabds]
Gothic,[disˈhnupnoːðeːðun]
Gothic,/duatˈsneːwun/
Gothic,[fɔraɣaˈmeːliθs]
Gothic,/atˈneːʍida/
Gothic,/ˈwarm.jan.dan/
Gothic,/ˈnam.neː/
Gothic,/ɡaˈθwastjands/
Gothic,[ɡaˈθɔrsnoːða]
Gothic,[ˈfileːɣri]
Gothic,/ɡaˈɔːkan/
Gothic,/ˈskil.liŋɡs/
Gothic,/ˈbliːθjandans/
Gothic,/ˈɡɛː.tiːn/
Gothic,/ˈniːwan/
Gothic,/ˈhal.ba/
Gothic,/ˈtɛ.hun ˈθuː.sund.joːs/
Gothic,/ˈlamb/
Gothic,[ufarˈlaɣiða]
Gothic,/ˈdɛːljan/
Gothic,[ˈtiɣ.jus]
Gothic,/θɛrhɡaˈliːkoːda/
Gothic,/ɡaˈbɔr/
Gothic,/ɡaˈɛːstaːn/
Gothic,/ˈkal.boː/
Gothic,/ˈwar.mi.deː.dun/
Gothic,[ˈswikunθaβa]
Gothic,/inˈsɛːan/
Gothic,/afˈʍap.nan/
Gothic,/ufarˈhuɡjɔː/
Gothic,/ˈfru.mi.sti/
Gothic,/ˈfilufɛːhs/
Gothic,/ˈma.naˌseː.dɛːs/
Gothic,/ˈhliː.du.ma/
Gothic,/ˈʍɛrban/
Gothic,/ˈθuː.sun.di/
Gothic,[atˈwalwiða]
Gothic,/inˈwaɡideːdun/
Gothic,/ˈsa.u/
Gothic,/ˈfru.mans/
Gothic,/ˈbɛran/
Gothic,[ˈsaŋkʷ.jan]
Gothic,[ɡaˈmikiliða]
Gothic,/ˈfriːdjands/
Gothic,/ˈfu.nisks/
Gothic,/ˈma.loː/
Gothic,/ˈtɛh.swa/
Gothic,/ˈan.θa.ris/
Gothic,/fɔraˈmanwjandiː/
Gothic,/ˈfru.mi.stoːn/
Gothic,/ˈtɛː.neː/
Gothic,/hlas/
Gothic,/ˈdrankjan/
Gothic,/ɡaˈsin.kʷan/
Gothic,/ɡaˈnanθjan/
Gothic,/ɡaˈkroːtoːn/
Gothic,[ɡaˈrɛːðjan]
Gothic,/ˈkʷiman/
Gothic,/ˈnist/
Gothic,/ˈunwɔrstws/
Gothic,/framˈaldroːziː/
Gothic,/ˈflɔːtjan/
Gothic,/ˈwin.dam/
Gothic,[ˈʍɛrβan]
Gothic,/aˈsi.a/
Gothic,/ˈfɛhuθrɛːhna/
Gothic,/ˈwin.trɔː/
Gothic,/ɡaˈhaftnan/
Gothic,/ˈdalaθ/
Gothic,[fɔraɣaˈreːdan]
Gothic,/ˈmunaːn/
Gothic,/ɡaˈhnɛːwjada/
Gothic,/hun.da/
Gothic,/ɡaˈraθana/
Gothic,/usˈstaŋɡan/
Gothic,[iðˈwiːtjandaneː]
Gothic,/ˈθaːhta/
Gothic,[doːxs]
Gothic,/ˈar.jan/
Gothic,/ˈa.wis.tris/
Gothic,[fɔraɣaˈsatjan]
Gothic,/ˈbnɔːands/
Gothic,/ˈtwiːhnɛːm/
Gothic,/ɡaˈhaftnands/
Gothic,/fɔraɡaˈliːkaːn/
Gothic,/biˈriːkiːs/
Gothic,/fɔrˈsnɔː/
Gothic,/ˈfɔradɔri/
Gothic,/ˈlam.ba/
Gothic,[ˈinrɔhtiða]
Gothic,[ˈa.leː.waˌbaɣms]
Gothic,/hɔːh.jan/
Gothic,/ˈwulf/
Gothic,[inˈaɣiða]
Gothic,[ɡaˈwaðjoːða]
Gothic,/fɛrˈrinnandiːn/
Gothic,/ɡaˈaŋɡwiː/
Gothic,[biˈaβriðeːðun]
Gothic,/disˈtahjiθ/
Gothic,/mik/
Gothic,/ˈkal.boːns/
Gothic,/ˈfimf ˈhun.da/
Gothic,/fɔraɡaˈreːdans/
Gothic,/ˈmitadjoː/
Gothic,/ˈsmiːtan/
Gothic,/disˈhuljan/
Gothic,/biˈɔːk/
Gothic,/ɡaˈkʷiu̯jands/
Gothic,/atˈdriu̯.san/
Gothic,/ɡaˈθlahsnan/
Gothic,[ˈdriu̯ɣan]
Gothic,/biˈswara/
Gothic,/ˈfru.mi.stans/
Gothic,/triŋɡʷs/
Gothic,/ˈdulθjam/
Gothic,/ˈlustusama/
Gothic,/biˈwundans/
Gothic,/ˈfɔrafillja/
Gothic,/ˈfɔrafilli/
Gothic,[biˈsɔːlnoːðeːðiːna]
Gothic,/miθˈlitideːdun/
Gothic,/ˈmanshun/
Gothic,[ˈfileːɣrja]
Gothic,/sa/
Gothic,/ˈɡroː.boːs/
Gothic,/ˈah.tɔː.doːɡs/
Gothic,/ˈfriu̯.sa/
Gothic,[ɡaˈbiɣjands]
Gothic,/ɡaˈspɛːw/
Gothic,/ˈniu̯n.teː.hund jah ˈniu̯n/
Gothic,/θatˈɛːn/
Gothic,/ˈwin.tri.weː/
Gothic,/ˈun.kis/
Gothic,[z̠a.kaˈri.as̠]
Gothic,/ɡaˈhnipnands/
Gothic,/ˈhramjan/
Gothic,/ˈskɛːdiθ/
Gothic,/anaˈnanθjands/
Gothic,/ɛ.li.sa.bɛθ/
Gothic,[s̠y.mɛˈoːn]
Gothic,/duɡaˈwindiθ/
Gothic,/ʍaθ/
Gothic,/ˈsla.hals/
Gothic,/ˈsnɛːws/
Gothic,/ˈanasiu̯njoː/
Gothic,[fɔraɣaˈmanwiða]
Gothic,/ˈniu̯n.da/
Gothic,/ˈiftumin/
Gothic,/ˈfɔːramaθljeː/
Gothic,/ˈflɔːts/
Gothic,/ˈɸid.woːr/
Gothic,/ˈdroːbjandans/
Gothic,/ˈframwiɡis/
Gothic,/ɡaˈwadjoːn/
Gothic,/ɡaˈsin.kʷɛː/
Gothic,[ɡaˈmatiðeːðun]
Gothic,/ɡaˈfrɛhnandam/
Gothic,/ˈand.bah.ti.jan/
Gothic,/biˈθwahands/
Gothic,/ni θeː ˈhaldis/
Gothic,[ɡaˈhɔːniða]
Gothic,/ɡaˈmɔrɡiθ/
Gothic,/fɔraˈrahnjan/
Gothic,/ˈfru.mi.stam.ma/
Gothic,/ˈliː.θan/
Gothic,/ˈnid.wa/
Gothic,/inˈriːrɛːda/
Gothic,/ˈbandwiduh/
Gothic,[ˈahtɔːdoːxs]
Gothic,/ɸram/
Gothic,/ˈbliɡɡʷandans/
Gothic,/ɡaˈmarkoːn/
Gothic,/ˈtund.nɔː/
Gothic,/ˈwiː.naˌɡards/
Gothic,/fraˈhunθans/
Gothic,/ɡaˈfrisahtiθs/
Gothic,/biˈsmiːtan/
Gothic,[ˈframaθiðans]
Gothic,/ˈazymeː/
Gothic,/ˈbruːks/
Gothic,[biˈsɔːliða]
Gothic,/ɡaˈhɛːtandiːm/
Gothic,/ˈtɛh.swoːn/
Gothic,/atˈwandjan/
Gothic,/ˈa.wistr/
Gothic,/ɡaˈkroːtoːda/
Gothic,/framˈaldroːza/
Gothic,/ˈfru.mist.ja/
Gothic,/ˈfra.huh/
Gothic,/ˈrinːan/
Gothic,[miθˈroːðjan]
Gothic,[ˈti.ɣi.weː]
Gothic,/ˈɡabiɡaba/
Gothic,/ˈhalbs/
Gothic,/ˈsiniːxs/
Gothic,/kʷamt/
Gothic,/ɡaˈhɔːnida/
Gothic,[duˈstoːðjan]
Gothic,[ɡaˈbran.ni.ðɛː]
Gothic,/ˈɡɔːrjan/
Gothic,/fullaˈfahjan/
Gothic,[ufˈsaŋ.kʷiθs]
Gothic,/ɡaˈfeːtiːns/
Gothic,/ˈmeː.ki/
Gothic,/fullaˈfahjɛːs/
Gothic,/ˈlasiws/
Gothic,/aˈsi.ɛːs/
Gothic,/ɡaˈbiu̯ɡan/
Gothic,/biˈskabanoːn/
Gothic,/ɡaˈθlahsnoːda/
Gothic,[ˈaβu]
Gothic,[ˈfɛrinoːðeːði]
Gothic,[ɡaˈwizniːxs]
Gothic,/fɔrˈrinnan/
Gothic,/biˈsɔːljan/
Gothic,[ˈfɔraðɔrja]
Gothic,/inˈliuhtiθs/
Gothic,[ˈbaɣms]
Gothic,/ˈhataːn/
Gothic,[miθˈlitiðeːðun]
Gothic,/miθˈθaniː/
Gothic,/ˈfitands/
Gothic,/ˈma.naˌseːθs/
Gothic,/ˈtwiːhnoːs/
Gothic,/ˈsunjoːn/
Gothic,/staθs/
Gothic,/ˈmeː.ri.la/
Gothic,/ˈtɛ.hun.da/
Gothic,/ˈfri.jaθ.wa/
Gothic,/duˈθiː/
Gothic,/ˈθɛr.koː/
Gothic,[ɡaˈhnɛːwiðans]
Gothic,/fraˈlusts/
Gothic,[biˈsatiða]
Gothic,[θɛrhɡaˈliːkoːða]
Gothic,/ˈdiu̯.zam/
Gothic,/biˈspiːwada/
Gothic,[iðˈwiːtjands]
Gothic,/ˈθliuhan/
Gothic,/ˈwiː.naˌtriu̯/
Gothic,/ˈswiː.neː/
Gothic,/ˈwandjan/
Gothic,[ˈfriːðja]
Gothic,/ˈfɔrafilljis/
Gothic,/ˈθriːs ˈtiɡ.jus/
Gothic,/ɡaˈdroːbnoːda/
Gothic,/ˈsɛh.sta/
Gothic,[ɡaˈblindiða]
Gothic,[ˈuswaɣiðɛː]
Gothic,/ˈwilwan/
Gothic,/miθɡaˈliːkoːnds/
Gothic,/ˈriɡ.niːθ/
Gothic,[ˈhliː.ðu.moː.na]
Gothic,[ˈfastuβni]
Gothic,[ˈbɛrɣan]
Gothic,/ˈbliːθiːns/
Gothic,/ɡaˈnawistroːθs/
Gothic,/ɡaˈdɔːbjan/
Gothic,/fɔrbiˈsniwandiːns/
Gothic,/ˈlɛː.saː.riːs/
Gothic,/ˈbaɡ.mans/
Gothic,[anaˈniwiðin]
Gothic,/duˈɡinnan/
Gothic,/inˈtandiːθ/
Gothic,[fɔraɣaˈmanwjan]
Gothic,[ɡaˈdɔːβiða]
Gothic,/miθˈstandands/
Gothic,/ˈfeːtjands/
Gothic,/fɛhuˈɡiːɡan/
Gothic,/ufarˈhliːθrjan/
Gothic,/ˈleːkinoːn/
Gothic,/ufarˈlaɡiθs/
Gothic,/biˈɔːkada/
Gothic,/biˈsɔːlidɛːm/
Gothic,/fɔraɡaˈsatjan/
Gothic,/ˈɛːnˌfalθs/
Gothic,/alɛksandrus/
Gothic,/ˈbal.joːn.da.neː/
Gothic,/ˈɡras/
Gothic,/fraˈwulwanana/
Gothic,/ˌfalθs/
Gothic,/wɛːps/
Gothic,/ˈweː.ɡoːs/
Gothic,/ˈwi.toːθ/
Gothic,/ˈhindarwiːsiː/
Gothic,/ˈna.kʷaθs/
Gothic,[ˈmið.junˌɡards]
Gothic,/usˈmɛːtan/
Gothic,[ˈfuɣ.loːs]
Gothic,/ˈbiːst/
Gothic,[ˈθiu̯βi]
Gothic,/ˈusbalθiː/
Gothic,[ˈweː.ɣim]
Gothic,[ˈɔːɣjan]
Gothic,/ˈfɛrinoːs/
Gothic,/θɛrhɡaˈliːkoːn/
Gothic,/fɔrˈɡaŋɡands/
Gothic,/biˈwindan/
Gothic,[ˈhaβɛːðeːðun]
Gothic,/ˈbroːθrahans/
Gothic,/ˈʍɛrbandaneː/
Gothic,[ˈwɛːβjan]
Gothic,/ˈfitandiː/
Gothic,/ɡaˈɛːnɛːθs/
Gothic,/biˈwandjands/
Gothic,[ˈdɔːθuβliːs]
Gothic,/ˈinahiːn/
Gothic,[ˈdiɣandin]
Gothic,[ˈmið.junˌɡard]
Gothic,/hɔːn.jan/
Gothic,/ˈstɛr.noːns/
Gothic,/disˈhniu̯pands/
Gothic,/ˈhɛ.rus/
Gothic,/ˈɡaŋɡan/
Gothic,[ˈʍɛrβandans]
Gothic,/disˈskɛːdandiːn/
Gothic,/jɔː/
Gothic,/usˈhɔːh.jan/
Gothic,/ˈfɔːramaθlja/
Gothic,[ɡaˈmal.wi.ðans]
Gothic,/ˈwarm.jan/
Gothic,/ˈθɔr.βan/
Gothic,/ufˈsankʷ.jan/
Gothic,[ˈθriːs ˈtiɣ.jus]
Gothic,/ˈwiː.naˌtɛː.noːs/
Gothic,/ˈba/
Gothic,/ɡaˈbandwjan/
Gothic,/miθɡaˈkʷiwiða/
Gothic,[afˈdɔːβnan]
Gothic,/ˈmeː.noː.θis/
Gothic,/ˈan.θa.ram.ma/
Gothic,/ɡaˈhardjan/
Gothic,/friːs/
Gothic,/biˈsɔːlida/
Gothic,/ˈstiˌlan/
Gothic,/disˈhnupnoːdeːdun/
Gothic,/ˈfiliɡri/
Gothic,[ɡaˈdiɣan]
Gothic,[biˈʍɛrβand]
Gothic,/ˈskiː.nan/
Gothic,/disˈdriu̯san/
Gothic,/ɡaˈfreːhun/
Gothic,/ɡaˈdraŋkjan/
Gothic,[ɡaˈɡuðiː]
Gothic,[ˈah.tu.ðin]
Gothic,/wɔrd/
Gothic,/anaˈnanθjan/
Gothic,/ɡaˈbran.ni.dɛː/
Gothic,/ɡaˈdɔːbida/
Gothic,/idˈwiːtjands/
Gothic,/fɛrˈɡrɛːp/
Gothic,/anaˈniwiθs/
Gothic,/fɔrˈsniwandam/
Gothic,/ˈfu.lin/
Gothic,/ɡaˈraθjan/
Gothic,/usˈkʷiθan/
Gothic,[fɔraɣaˈreːðans]
Gothic,[ˈfi.ðurˌra.ɣin.ja]
Gothic,/ɡaˈhuliθs/
Gothic,[miθusˈhramiðans]
Gothic,/fɔrˈkʷiθan/
Gothic,/ˈdalaθa/
Gothic,/fraˈwardiθs/
Gothic,/anaˈsilɛːða/
Gothic,[ɡaˈsunjoːða]
Gothic,[miθɡaˈsatiða]
Gothic,/za.ka.ri.as/
Gothic,/biˈskaban/
Gothic,/fullaˈfraθjan/
Gothic,/ˈblindana/
Gothic,[ˈɔːɣaˌðɔroː]
Gothic,/θuː/
Gothic,[ˈnið.wa]
Gothic,/miθˈstandandans/
Gothic,/ˈfuɡ.loːs/
Gothic,/ˈbɔːɛː/
Gothic,/ˈblɔːθjands/
Gothic,/disˈsin.kʷɛː/
Gothic,[ˈtwa.liβˌwin.trus]
Gothic,/ˈmid.junˌɡards/
Gothic,/ˈas.teː/
Gothic,/ˈrɛːdjan/
Gothic,/ˈan.θa.rɛː.zeː/
Gothic,/θeː/
Gothic,/ˈtwaɟ.ɟeː/
Gothic,[ˈfiliɣri]
Gothic,/fɔrˈsiɡljandans/
Gothic,/ˈɔː.zan.dil/
Gothic,/ˈleː.tan/
Gothic,/ˈɸloːkan/
Gothic,/ɡaˈtarhidana/
Gothic,/ˈbliːθiːnoː/
Gothic,/atˈsnarpjan/
Gothic,/ˈbrin.nan.doː/
Gothic,/fɔrˈwalwjands/
Gothic,/ˈas.toːs/
Gothic,/ˈlustusamans/
Gothic,/ˈa.si.lɔːs/
Gothic,/ˈɔh.sneː/
Gothic,/miθˈkɔːrjan/
Gothic,/ˈʍaθar/
Gothic,/biˈsatida/
Gothic,[biˈroːðjands]
Gothic,/ˈdroːbjands/
Gothic,[ɡaˈθlahsnoːða]
Gothic,/ˈwɔrms/
Gothic,/ˈfu.nins/
Gothic,/ɡaˈθiːhan/
Gothic,/fraˈwardidɛːzeː/
Gothic,/ɡaˈunleːdjan/
Gothic,/ˈan.θa.rɛː/
Gothic,/ˈnam.na/
Gothic,/ɡaˈliːkaːn/
Gothic,/ˈθuː.sund.joːs/
Gothic,/biˈroːdideːdun/
Gothic,/ɸroːθs/
Gothic,/ˈhɛː.laxs/
Gothic,/ˈbɛː/
Gothic,/ˈhunds/
Gothic,/disˈdɛːljand/
Gothic,/miθˈstandan/
Gothic,/θus/
Gothic,/usˈhinθan/
Gothic,/disˈwinθiːθ/
Gothic,/ˈlata/
Gothic,/ˈframwɛrθis/
Gothic,/fɔrˈrinnandin/
Gothic,/miθˈsatjɔː/
Gothic,/ɡaˈmal.wi.dans/
Gothic,/miθˈkɔːriθs/
Gothic,/ɡaˈdiu̯pjan/
Gothic,/ɡaˈhɔːnjɛː/
Gothic,/ˈθrijeː/
Gothic,/ˈbarniskiː/
Gothic,[ˈbandwiðuh]
Gothic,/freːt/
Gothic,/ɡaˈwɛrθiːs/
Gothic,/biˈθeːh/
Gothic,[miθˈroːðiðeːðun]
Gothic,[ˈriɣ.ni.ða]
Gothic,/miθˈwas/
Gothic,/ˈtwiːhnɛː/
Gothic,/ˈufarmɔːdiːn/
Gothic,/ˈbaɡms/
Gothic,/ˈskuː.ra/
Gothic,/sik/
Gothic,/θa.niː/
Gothic,/usˈɸullnan/
Gothic,[ɡaˈbɛrɣaða]
Gothic,[ɡaˈbran.ni.ðɛː.zoːs]
Gothic,[ɡaˈbɛːðjan]
Gothic,[biˈwɛːβiðana]
Gothic,/biˈwundan/
Gothic,/ɡaˈtarniθs/
Gothic,/ɡaˈteːwiθs/
Gothic,/ˈwindan/
Gothic,/fɔrbiˈɡaŋɡan/
Gothic,/ˈbrin.nands/
Gothic,/ˈlɔːsawɔrdiː/
Gothic,/ˈsun.noːn/
Gothic,/atˈhaːhans/
Gothic,/ˈdiɣriː/
Gothic,/ˈtɛh.swoːns/
Gothic,/ˈluf.tus/
Gothic,/ˈtɛh.swoː.na/
Gothic,/ˈstaθa/
Gothic,[fɔraɣaˈliːkɛːða]
Gothic,[ˈfariðeːðun]
Gothic,[ˈdroːβjan]
Gothic,/ˈinnakundɛː/
Gothic,/ɡaˈdiɡans/
Gothic,[ˈɡroːβa]
Gothic,/ˈlɛː.soː/
Gothic,/ˈmɛːtan/
Gothic,[ˈhaβaːn]
Gothic,/ˈa.leː.waˌbaɡ.mis/
Gothic,/ˈɛːn.zu/
Gothic,/ˈiːsarn/
Gothic,/usˈθwahan/
Gothic,[ɡaˈnaɣl.jan]
Gothic,/ˈfid.woːr ˈtiɡ.jus/
Gothic,/fraˈhunθanɛːm/
Gothic,/atˈhaːhan/
Gothic,/biˈabrjan/
Gothic,[disˈdɛːliða]
Gothic,/ˈfɛrinoːdeːdi/
Gothic,/ˈar.jan.dan/
Gothic,/ɡaˈbiɡjandans/
Gothic,/ˈfru.man/
Gothic,/ˈspar.wans/
Gothic,/ˈsitan/
Gothic,/ˈɡabixs/
Gothic,/ˈɡreːdaɡs/
Gothic,/a.biː.leː.ni/
Gothic,/ˈtwɛː/
Gothic,/ˈhoːloːθ/
Gothic,/ˈwulfs/
Gothic,[ˈfriːðiða]
Gothic,/fɔraɡaˈmanwjɛːna/
Gothic,/ɡaˈblɔːθjan/
Gothic,[ɡaˈbiɣnands]
Gothic,/ˈwoː.θiːs/
Gothic,/ˈfimf.taˌtɛ.hun.din/
Gothic,/ˈsit.loːs/
Gothic,/ˈanakʷiss/
Gothic,/ɡaˈhnɛːwidans/
Gothic,[ˈbɛ.raˌbaɣms]
Gothic,/ɡaˈsiɡljan/
Gothic,/fɔrˈɡaŋɡan/
Gothic,[ɡaˈhoːβɛːns]
Gothic,/inˈɡardja/
Gothic,/ˈanakʷal/
Gothic,[ɡaˈdiɣans]
Gothic,/ˈbɔːands/
Gothic,/ˈbnɔːandans/
Gothic,/ˈhɛ.ru/
Gothic,/ˈdɔːpjandin/
Gothic,/biˈɡɛrdan/
Gothic,/ɣaˈtɛran/
Gothic,/ˈa.ha.keː/
Gothic,/ˈwul.θus/
Gothic,/disˈtahideːdi/
Gothic,/missaˈtɔːjands/
Gothic,/ɡaˈskamaːn/
Gothic,/biˈθeː/
Gothic,/atɡaˈrɛhtjɛːs/
Gothic,/ˈfastubni/
Gothic,/pa.ras.kɛ.weː/
Gothic,/ˈastaθ/
Gothic,/ɡaˈdroːbnan/
Gothic,[fɔrˈlaɣjɛːðɔː]
Gothic,/ˈiːkɔ.ni.oː/
Gothic,/ɡaˈreːdan/
Gothic,[ˈi.nuhˌsan.di.ðeː.ðun]
Gothic,/ˈθri.ja/
Gothic,[ˈwar.mi.ðeː.ðun]
Gothic,[biˈɔːkaða]
Gothic,/ˈbaɡ.mam/
Gothic,/ˈɛːɣan/
Gothic,/ɡaˈdiu̯pida/
Gothic,/disˈsin.kʷan/
Gothic,/ˈθrim/
Gothic,[ˈwitɛːða]
Gothic,/usˈhɔːh.nan/
Gothic,/ˈba.ri.ziː.nam/
Gothic,/ˈɡriːpan/
Gothic,/ɡaˈfɔːrs/
Gothic,/ɡaˈmɛːtans/
Gothic,[ufarˈlaɣjan]
Gothic,/anaˈniwidin/
Gothic,/fɔraɡaˈhuɡida/
Gothic,/ˈfid.woːr ˈθuː.sund.joːs/
Gothic,/ˈjaθθeː/
Gothic,/disˈdɛːlida/
Gothic,/ɡaˈbrikands/
Gothic,/ɡaˈwadjoːda/
Gothic,/fraˈkʷistnam/
Gothic,[fɔraɣaˈmanwjɛːna]
Gothic,/ˈbiːðan/
Gothic,/ɡaˈwizniːɡs/
Gothic,/kʷiss/
Gothic,/anaˈkʷam/
Gothic,/ˈur.run.sa/
Gothic,[ɡaˈrɛːðoːn]
Gothic,/ˈsɛh.stoː/
Gothic,/ˈθram.stiːns/
Gothic,/usˈbliɡɡʷandans/
Gothic,/ˈfɛhuˌskulaneː/
Gothic,/ɡaˈbidjɛːθ/
Gothic,/ˈul.ban.dus/
Gothic,[fraˈwardiðɛːzeː]
Gothic,/uɸˈstrɔː.jan/
Gothic,/miθurˈriːsan/
Gothic,/ˈlɔːsawɔrdeː/
Gothic,/ˈan.dins/
Gothic,[ˈtaɣr.jan]
Gothic,[ˈdroːβjandam]
Gothic,/ɡaˈfrisahtiθ/
Gothic,/ˈhliˌɸan/
Gothic,/ˈsɛh.stoːn/
Gothic,/ˈbarnisks/
Gothic,[ˈmitaðjoːn]
Gothic,/fɔraˈweːnjands/
Gothic,/slɛxts/
Gothic,/fɔrˈmuːljɛːs/
Gothic,[fɛhuˈɡiːɣan]
Gothic,/ɡaˈhoːbɛːns/
Gothic,/fraˈwisan/
Gothic,/ˈθwahand/
Gothic,/ˈhindumistoː/
Gothic,/ɡaˈθarbɛːθ/
Gothic,/ˈweː.ɡa/
Gothic,/ɡaˈbandwideːdun/
Gothic,/ˈapɔstɔlus/
Gothic,/ˈneːθ.la/
Gothic,/ˈbiːs.tis/
Gothic,/ɡaˈɡudaba/
Gothic,/ˈθeː.iː/
Gothic,/ɡaˈnawistroːn/
Gothic,/ˈwiː.naˌbas.ja/
Gothic,/ˈfimf ˈtiɡ.jus/
Gothic,/ˈtiɡ.jus/
Gothic,[ˈfɔraðɔri]
Gothic,/tri.wiː.na/
Gothic,/fɔrˈlaɡidoː/
Gothic,[usˈdɔːðiː]
Gothic,/ˈθiː.ʍoː/
Gothic,/andˈhɔːs.jan/
Gothic,/ˈdriu̯sandan/
Gothic,/ˈdiɡans/
Gothic,/ˈtɛːns/
Gothic,/aθːan/
Gothic,/ˈfulliθ/
Gothic,/ufarˈlaɡida/
Gothic,/ˈmeː.noːθ/
Gothic,/ˈtri.wiːns/
Gothic,/ˈkɔr.nis/
Gothic,/ˈhamfamma/
Gothic,/fɔraɡaˈreːdan/
Gothic,[ufarˈhuɣjan]
Gothic,/ˈhɛr.dɛː/
Gothic,[ɡaˈbɔrjaβa]
Gothic,/ˈriɡn/
Gothic,/ˈunˌbi.a.ri/
Gothic,/ɡaˈbrikan/
Gothic,/ˈɡɛrnjɛːs/
Gothic,[ˈa.leː.waˌbaɣ.mis]
Gothic,[ˈweːxs]
Gothic,/ˈwitan/
Gothic,[ɡaˈfeːhaβa]
Gothic,/fraˈkant/
Gothic,/usˈaɡjan/
Gothic,/ɡaˈhuliθ/
Gothic,/ˈθɔr.nuns/
Gothic,/disˈtɛrɛː/
Gothic,/ˈfaran/
Gothic,[ˈfrumaðiː]
Gothic,/ˈsatjan/
Gothic,[ˈriɣ.niːθ]
Gothic,/ɡaˈraɡinoːda/
Gothic,/ˈunsar/
Gothic,[ɡaˈwaðjoːn]
Gothic,/ˈlɔːsawɔrdi/
Gothic,/hɛː.tan/
Gothic,/fraˈlustɛː/
Gothic,/inˈdroːbnan/
Gothic,/ˈfɔrstassjans/
Gothic,/ˈmitadjoːn/
Gothic,/disˈdrau̯s/
Gothic,/mis/
Gothic,/ɡaˈsankʷ/
Gothic,[ˈma.naˌseː.ðɛː]
Gothic,/ˈwɛrθan/
Gothic,/ˈθaθroːθθan/
Gothic,/miθˈlitjan/
Gothic,/ˈhuŋɡriθs/
Gothic,/ˈlɔ.hat.jan/
Gothic,/ˈfi.durˌfalθs/
Gothic,/nɔh/
Gothic,/ˈwiː.naˌtɛːns/
Gothic,/ˈmannhun/
Gothic,/ˈizwis/
Gothic,/usˈalθans/
Gothic,/ˈɡramjan/
Gothic,[ˈɡlaɡ.ɡʷa.βa]
Gothic,/ˈliːkaːn/
Gothic,/ˈmɔːdjan/
Gothic,[fi.ður]
Gothic,[ˈsmak.kaˌbaɣm]
Gothic,/ˈdɔː.θus/
Gothic,/ˈniu̯n.teː.hund/
Gothic,/ˈlasiwoːstɛː/
Gothic,/biˈuːxtja/
Gothic,/ˈfi.durˌra.ɡin.ja/
Gothic,/ˈfileːɡri/
Gothic,/ˈblɔːθjan/
Gothic,[ˈuŋ.kis]
Gothic,/ˈstɛr.noː/
Gothic,/ɡaˈbɔram/
Gothic,/inˈswinθjands/
Gothic,/ˈboːtiːθ/
Gothic,/usˈstaŋɡ/
Gothic,/ɡaˈunleːdida/
Gothic,/fɔraɡaˈmeːliθ/
Gothic,[atˈwandiða]
Gothic,/ˈfarjandans/
Gothic,/ˈwiː.naˌɡard/
Gothic,/ˈman.liː.ka/
Gothic,/ˈfullawitans/
Gothic,/ˈwit/
Gothic,/ʍeː/
Gothic,/triŋɡʷa/
Gothic,/atˈfarjan/
Gothic,[ˈɡas.tiˌɣoː.ðiː]
Gothic,/ˈdroːbjandam/
Gothic,[ˈtaɣ.ri.ða]
Gothic,/ɡaˈhamoːθs/
Gothic,/ˈinahiː/
Gothic,/ˈdiɡands/
Gothic,[ˈmitaðjoː]
Gothic,/ˈdrɛːviθs/
Gothic,/urˈrant/
Gothic,/ɡaˈdraŋkiːθ/
Gothic,/ˈbɔrθiːn/
Gothic,[ˈʍɛrβandaneː]
Gothic,/ˈar.ʍaz.noːs/
Gothic,/ʍiːts/
Gothic,/ɛːns/
Gothic,/biˈrinnandans/
Gothic,/ˈɡlaɡ.ɡʷa.ba/
Gothic,/ˈɡar.da/
Gothic,[ˈhɔːβiθwundan]
Gothic,/ˌɸra.ˈɣil.dan/
Gothic,/ˈlaŋɡamoːðiː/
Gothic,/ɡaˈrɛːdjan/
Gothic,/inˈriːraːn/
Gothic,/ˈsi.bun.teː.hund/
Gothic,/ˈɡrindafraθjis/
Gothic,/ɡaˈɔːkɛːθ/
Gothic,/ɡaˈθwastiθs/
Gothic,/ˈti.ɡi.weː/
Gothic,/ˈtiːws/
Gothic,/ˈfraθjan/
Gothic,/ˈwɛːnahs/
Gothic,/ˈθrid.joː/
Gothic,/ɡaˈnɔhin/
Gothic,/ˈwitands/
Gothic,/ˈfullatoːjis/
Gothic,/ˈfullawits/
Gothic,/ˈɡu.ma/
Gothic,/duatˈsniwan/
Gothic,/ɡaˈhɔːnjan/
Gothic,[ˈfið.woːr ˈθuː.sund.joːs]
Gothic,/ˈθɔr.num/
Gothic,/ˈwal.dan/
Gothic,/ɡaˈslawɛː/
Gothic,/biˈskiːnan/
Gothic,/fɔraˈmanwjan/
Gothic,[ˈɡaβixs]
Gothic,/ˈwɔrts/
Gothic,/du/
Gothic,/inˈwisands/
Gothic,/ˈfullatoːjɛː/
Gothic,[ˈskɛːðan]
Gothic,/fraˈhunθana/
Gothic,/ˈfullawiːsɛː/
Gothic,[biˈroːðjan]
Gothic,[ˈsuŋ.kʷun]
Gothic,[atˈhaβɛːðeːðun]
Gothic,[ˈwi.ɣaˌdiː.noːm]
Gothic,/bɛrxts/
Gothic,/biˈwand/
Gothic,/ɡaˈɡuθs/
Gothic,/ˈul.ban.dɔːs/
Gothic,/ɡaˈmɔrɡjan/
Gothic,/ˈθiu̯bi/
Gothic,/ˈfɛrinoːnds/
Gothic,/missaˈtɔːjan/
Gothic,/ˈweː.ɡim/
Gothic,/ˈriː.ki/
Gothic,/ˈa.leː.waˌbaɡms/
Gothic,/ˈdaleː/
Gothic,/ˈan.θar/
Gothic,/ˈfastubnja/
Gothic,/ˈbɛrɡan/
Gothic,[ˈsaŋkʷ]
Gothic,/fɔrˈrinnands/
Gothic,/ɡaˈsniu̯mideːdum/
Gothic,/ɡaˈstrawiθs/
Gothic,/ɡaˈkʷiu̯jan/
Gothic,/ˈdistahiːn/
Gothic,[inˈwaɣiðeːðun]
Gothic,[fɔraɣaˈliːkaːn]
Gothic,/ˈfri.joːn/
Gothic,/ɡaˈwaknan/
Gothic,[disˈsiŋ.kʷɛː]
Gothic,/inˈniu̯.ji.θa/
Gothic,/ˈiːθan/
Gothic,[ˈsɛhs ˈtiɣ.jus]
Gothic,/ˈθiːhan/
Gothic,/ˈnad.reː/
Gothic,[beːθ.lɛˈhɛm]
Gothic,/miθɡaˈkʷiu̯jan/
Gothic,[ɡaˈbuɣanɛːm]
Gothic,/fraˈlustɛːs/
Gothic,/fraˈwilwan/
Gothic,/ˈθadiː/
Gothic,/miθˈskalkinoːn/
Gothic,/ˈnar.dus/
Gothic,/ɡaˈstɔrknan/
Gothic,[miθˈskalkinoːða]
Gothic,/ˈθuziː/
Gothic,/ˈti.ɡuns/
Gothic,[fɔraɣaˈsatjiθ]
Gothic,/ˈhuɡjan/
Gothic,[ˈfastuβnjam]
Gothic,/ˈlɔːfs/
Gothic,/ˈfɔrstassiːs/
Gothic,/ɡaˈhoːrinoːda/
Gothic,/ˈfɛ.hɔː/
Gothic,/ɡaˈspiːwan/
Gothic,/ˈfiludiːsiːn/
Gothic,[atˈɔːɣiθs]
Gothic,[ɡaˈraɣinoːn]
Gothic,/biˈriːkjɛː/
Gothic,/ˈʍarjis/
Gothic,/ˈhɛr.diːs/
Gothic,/mɛmbrana/
Gothic,/ɡaˈrahnjan/
Gothic,[ˈɡabiɣnan]
Gothic,/ɡaˈwaknandans/
Gothic,/ˈdam.ja.nus/
Gothic,/ˈhɔː.ja/
Gothic,/atˈneːʍjan/
Gothic,/ˈtwoːs/
Gothic,/ˈfidur/
Gothic,[ˈiŋ.kʷa.ra]
Gothic,/ˈhliːθra/
Gothic,/duɡaˈwindan/
Gothic,/ˈbnɔːan/
Gothic,/ˈfreːtun/
Gothic,/ɡaˈbranː.jan/
Gothic,/ˈsa.iː/
Gothic,/ˈhliː.du.miː/
Gothic,/ˈθwastiθa/
Gothic,/ˈfulliθeː/
Gothic,/ˈan.θa.roːs/
Gothic,/ˈfɛː.huˌɣiː.roː/
Gothic,[ˈs̠a.ka.ri.as̠]
Gothic,/ʍar/
Gothic,/ˈfriːdja/
Gothic,/miːns/
Gothic,[inˈbranː.ja.ða]
