Gujarati,/ˈɾə.mət̪/
Gujarati,/ˈnə.ɳənd̪/
Gujarati,/ˈt̪iɾ.pɑi/
Gujarati,/ˈt̪ə.mɑm/
Gujarati,/ˈɾi.t͡ʃɑɾɖ/
Gujarati,/ˈmi.ʈʰɑi/
Gujarati,/ˈkuk.ɽo/
Gujarati,/ˈd͡ʒu.nũ/
Gujarati,/ˈʋə.sənt̪/
Gujarati,/ˈni.bənd̪ʱ/
Gujarati,/ˈɡuʃ.t̪ɑsp/
Gujarati,/ˈə.d̪ʱu.ɾũ/
Gujarati,/ˈsəɽ.səʈʰ/
Gujarati,[ˈd͡ʒə̤nəm]
Gujarati,[sɑ.ɽɑ]
Gujarati,/ˈɖɑ.jə.ɾi/
Gujarati,/ˈsəɲ.d͡ʒɑɳ/
Gujarati,/ˈət͡ʃ.t͡ʃʰũ/
Gujarati,/ˈin.ɖi.jɑ/
Gujarati,/ˈsɑ.ɭo/
Gujarati,/ˈpʰɾɑ̃s/
Gujarati,/ˈsət̪.t̪ɑ.ʋən/
Gujarati,/ˈeː.ɽi/
Gujarati,/ˈnə.ɦɑ.ʋɑ.ni‿ˈoɾ.ɖi/
Gujarati,[ˈə̤ns]
Gujarati,/ˈt͡ʃʰɛ/
Gujarati,/ˈə.ɾəd͡ʒ.d̪ɑɾ/
Gujarati,/ˈis.t̪ɾi/
Gujarati,/ə̃ː/
Gujarati,/ˈd͡ʒɑn/
Gujarati,/ˈjɑs.min/
Gujarati,/ˈəɾ.d͡ʒɑsp/
Gujarati,/ˈd̪u.mɑs/
Gujarati,/ˈkon.li/
Gujarati,/ˈɖʱoɾ/
Gujarati,/ˈkʰɑɳɖ/
Gujarati,/ˈmə.siʱ/
Gujarati,/ˈpʰiɾ.d̪os/
Gujarati,/ˈd͡ʒo.keː/
Gujarati,/ˈɡʱoɖ.lo/
Gujarati,/ˈt͡ʃɑ/
Gujarati,/ˈʋjə.ʋəs.t̪ʰit̪/
Gujarati,/ˈməl.bɑɾ/
Gujarati,/ˈʃeːkʰ/
Gujarati,/ˈmo.ʈəɾ.sɑ.jə.kəl/
Gujarati,/ˈni.kəɭ.ʋũ/
Gujarati,/ˈmu.lɑ.kɑt̪/
Gujarati,/ˈʃi.ɾo/
Gujarati,/ˈɖʱɑ̃.kəɳ/
Gujarati,/ˈĩ.d̪ʱəɳ/
Gujarati,/ˈsɑ.t̪ʰi/
Gujarati,/ˈʋi.d̪ʱuɾ/
Gujarati,/ˈbə.ɦu.d͡ʒən/
Gujarati,/ˈoɖʱ.ʋũ/
Gujarati,/ˈd̪ɑ.kʰəl/
Gujarati,/ˈpeːŋ.ɡɽũ/
Gujarati,/ˈʃik.ʂəɳ/
Gujarati,/ˈd͡ʒɑ.sus/
Gujarati,/ˈd̪ɑ.beː.li/
Gujarati,/ˈt͡ʃid͡ʒ/
Gujarati,/ˈnɑ.ɡũ/
Gujarati,/ˈbeː.ɡəm/
Gujarati,/ˈsəi.nik/
Gujarati,/ˈku.lo/
Gujarati,/ˈni.t͡ʃũ/
Gujarati,/ˈd͡ʒɑ.pɑn/
Gujarati,/ˈlə.ʋiŋɡ/
Gujarati,/ˈɡəŋ.ɡɑs.nɑn/
Gujarati,/ˈɡɔr/ ~ /ˈɡor/
Gujarati,/ˈʋɛ.pɑɾ/
Gujarati,/ˈpʰɑ.lu.d̪o/
Gujarati,/ˈbəs/
Gujarati,/ˈəŋ.ɡuɾ/
Gujarati,/ˈmu.ɦəɾ.ɾəm/
Gujarati,/ˈʋɑn/
Gujarati,/ˈpʰo.ʈo/
Gujarati,/ˈt͡ʃin/
Gujarati,/ˈɾə.ʋi.ʋɑɾ/
Gujarati,/ˈɦuɳ.ɖi/
Gujarati,/ˈkʰuɾ.si/
Gujarati,/ˈd͡ʒəɡ.jɑ/
Gujarati,/ˈd͡ʒə.ʃən/
Gujarati,/ˈbʱə.jəŋ.kəɾ/
Gujarati,/ˈɑ.po/
Gujarati,/ˈt͡ʃɑn.d̪ə.ni/
Gujarati,/ˈɸə/
Gujarati,/ˈuɾ.d̪u/
Gujarati,/ˈt̪ʰə/
Gujarati,/ˈbeːl.d͡ʒi.jəm/
Gujarati,/ˈkʰɑ.nũ/
Gujarati,/ˈbə.po.ɾi.jũ/
Gujarati,/ˈnə.ʋɑ.puɾ/
Gujarati,/ˈt͡ʃɑ.ku/
Gujarati,/ˈbə.t̪ək/
Gujarati,/ˈt͡ʃəm.t͡ʃo/
Gujarati,/ˈʋəŋɡ/
Gujarati,[ˈkəĩ̤]
Gujarati,/ˈməʈ.ʋũ/
Gujarati,/ˈkɑɽ/
Gujarati,/ˈʈi.fin/
Gujarati,/ˈpʰə.ɾɑ.nək/
Gujarati,/ˈsə.ʋɑɾ/
Gujarati,/ˈsə.ɾəs.ʋə.t̪i.t͡ʃən.d̪ɾə/
Gujarati,/ˈəɾ.d̪i.beː.ɦəʃt̪/
Gujarati,/ˈɡo.ɾũ/
Gujarati,/ˈnəʋ.d͡ʒot̪/
Gujarati,/ˈɡu.d͡ʒəɾ.ʋũ/
Gujarati,/ˈt͡ʃɑ.t͡ʃo/
Gujarati,/ˈnəʋ.sɑ.ɾi/
Gujarati,/ˈpɑ̃d͡ʒ.ɾũ/
Gujarati,/ˈkɾuʃɳə/
Gujarati,/ˈt̪ə.ɾəŋ.ɡɾup/
Gujarati,/ˈkʰɑ.d̪ʱũ/
Gujarati,/ˈpə.ɾɑt̪/
Gujarati,/ˈkeːn.d̪ɾə/
Gujarati,/ˈbʱəɾ.ʋũ/
Gujarati,/ˈbə.ɦu/
Gujarati,/ˈneːk.ʈɑi/
Gujarati,/ˈʃuk.ɾə/
Gujarati,/ˈbɛu/
Gujarati,/ˈsə.mo.sũ/
Gujarati,/ˈɛɾu/
Gujarati,/ˈkɑ.in/
Gujarati,/ˈpə.ɦɔ̃t͡ʃ.ʋũ/
Gujarati,/ˈput̪.ɾə/
Gujarati,/ˈmi.d͡ʒɑ.ɡə.ɾũ/
Gujarati,/ˈəɾ.d̪ʱʋəɾ.t̪uɭ/
Gujarati,/ˈpə.t̪ʰik/
Gujarati,/ˈbɑl.d̪i/
Gujarati,/ˈə.fi.ɳi/
Gujarati,/ˈpis.t̪ɑ.ɭis/
Gujarati,/ˈpʰul/
Gujarati,/ˈɦəs.ʋũ/
Gujarati,/ˈʋu.d͡ʒu/
Gujarati,/ˈkuɾ.d̪is.t̪ɑn/
Gujarati,/ʋikʃən(ə)ˈɾi/
Gujarati,/ˈnə.mɑz/
Gujarati,/ˈkə.t̪ʰo.lik/
Gujarati,/ˈkʰɑ̃ɖ.ɳi.jo/
Gujarati,/ˈəɡʱ.ɾũ/
Gujarati,/ˈt͡ʃu.bɑn/
Gujarati,/ˈnɑ.d͡ʒuk/
Gujarati,/ˈd̪ɑ.bis.t̪ɑn/
Gujarati,/ˈɾə.d͡ʒɑ/
Gujarati,/ˈeːk.t̪ɾis/
Gujarati,/ˈɦu.mət̪/
Gujarati,/ˈsun.nət̪/
Gujarati,/ˈə.ʋɑd͡ʒ/
Gujarati,/ˈit̪.ɾɑd͡ʒ/
Gujarati,/ˈd̪eːkʰ.ɾeːkʰ/
Gujarati,/ˈt̪əi.muɾ/
Gujarati,/ˈt͡ʃək.mɑ/
Gujarati,/ˈseː.t̪ɑn/
Gujarati,/ˈɑ̃.t̪əɾ.ɽũ/ ~ /ˈɑ̃.t̪əɾ.ɖũ/
Gujarati,/ˈbud̪.d̪ʱi/
Gujarati,[ˈfə.ɾi.jɑd̪]
Gujarati,/ˈsi.ɖi/
Gujarati,/ˈsu.d̪ʱɑɾ.ʋũ/
Gujarati,/ˈd̪ʋɑɾ.kɑ/
Gujarati,/ˈɾɑkʰ/
Gujarati,/ˈkɑt͡ʃʰ/
Gujarati,/ˈkɑ.ɾeː.lũ/
Gujarati,/ˈpɑj.d͡ʒɑ.mo/
Gujarati,/ˈɑʃ.ɾəm/
Gujarati,/ˈkəɾ.ɳɑ.ʋə.t̪i/
Gujarati,/ˈəɳ.ɖkoʂ/
Gujarati,/ˈsɑ.ɾɑ‿ˈkɑm.mɑ̃‿ˈso‿ˈʋiɡʱ.no/
Gujarati,/ˈlu.ɡət̪/
Gujarati,/ˈə.ɾə.mɑn/
Gujarati,[ˈmɛ̤.mɑn.kʰɑ.nũ]
Gujarati,/ˈə.t͡ʃʰəb.ɖɑ/
Gujarati,/ˈsəŋ.ɡi.t̪ɑ/
Gujarati,[ˈpə.ɾɛ̤d͡ʒ]
Gujarati,/ˈɡlɑs/
Gujarati,/ˈɦə.d͡ʒu.ɾi.jo/
Gujarati,/ˈt͡ʃəm.t͡ʃi/
Gujarati,/ˈmɑik/
Gujarati,/ˈsĩ.ɦəɳ/
Gujarati,/ˈɡə.ɭũ/
Gujarati,/ˈu.t̪ɑɾ.ʋũ/
Gujarati,/ˈʈʰɑm/
Gujarati,/ˈniɾ.ɡə.mən/
Gujarati,/ˈsɑʋ.kũ/
Gujarati,/ˈbɑ.po/
Gujarati,[ˈpa̤ɽ]
Gujarati,/ˈjo.ɡi/
Gujarati,/ˈud͡ʒ.ɭũ/
Gujarati,/ˈɡɾiʃ.mə/
Gujarati,/ˈis.lɑ.mɑ.bɑd̪/
Gujarati,/ˈbɑi.si.kəl/
Gujarati,/ˈlɑɡ.ʋũ/
Gujarati,/ˈbɛ.ʈʰũ/
Gujarati,/ˈbʱɑŋɡ/
Gujarati,/ˈsuɾ.jə.nə.məs.kɑɾ/
Gujarati,/ˈkə/
Gujarati,/ˈd̪uʃ.mən/
Gujarati,/ˈpɔ.ɳũ/
Gujarati,/ˈsɑ.ɽi/
Gujarati,/ˈko.bid͡ʒ/
Gujarati,/ˈpo.t̪ũ/
Gujarati,/ˈbʱu.məd̪ʱ.jə‿ˈsə.mud̪.ɾə/
Gujarati,/ˈli.lũ/
Gujarati,/ˈis.pəɲd͡ʒ/
Gujarati,/ˈpəut̪.ɾə/
Gujarati,/ˈd̪ʱəɾ.t̪i/
Gujarati,/ˈspeːn/
Gujarati,/ˈt͡ʃəm.beː.li/
Gujarati,/ˈpə.ɽo.ʃi/
Gujarati,/ˈʋɑn.d̪əɾ/
Gujarati,/ˈɾu.pɑ.ɭũ/
Gujarati,/ˈbə.d̪ʱũ/
Gujarati,/ˈo.t͡ʃʰũ/
Gujarati,/ˈd͡ʒiʋ.ʋũ/
Gujarati,/ˈmɑŋ.ɡʋũ/
Gujarati,[ˈɑu.d͡ʒo]
Gujarati,/ˈd͡ʒu.lɑi/
Gujarati,/ˈʃə.ʃi/
Gujarati,/ˈɑʋ.d͡ʒo/
Gujarati,/ˈməɾ.t͡ʃənʈ/
Gujarati,/ˈɦə.ʋɑ.ɾũ/
Gujarati,/ˈnɑ.nɑ/
Gujarati,/ˈt͡ʃi.ʋəɾ/
Gujarati,/ˈɦɑ.beːl/
Gujarati,/ˈd͡ʒʱɑ.ɽu/
Gujarati,/ˈə.t̪ʰɑʱ/
Gujarati,/ˈmɑ.ʈe/
Gujarati,/ˈsoɭ/
Gujarati,/ˈʋɑ.ɾɑ.ɳə.si/
Gujarati,/ˈɑ.ʋɑ.ɾɑ/
Gujarati,/ˈt͡ʃi.ɾɑɡ/
Gujarati,/ˈɖo.kũ/
Gujarati,/ˈpu.nə.t̪ɑ.d͡ʒũ‿ˈkəɾ.ʋũ/
Gujarati,/ˈbʱəɳ.sɑ.li/
Gujarati,/ˈmɑɳɖ.mɑɳɖ/
Gujarati,/ˈfə.d͡ʒəɾ/
Gujarati,/ˈpɾeːm/
Gujarati,/ˈɡə.d͡ʒʱəl/
Gujarati,/ˈkə.pɑs/
Gujarati,/ˈd̪əm/
Gujarati,/ˈlɑm.bũ/
Gujarati,/ˈkɑɖʱ.ʋũ/
Gujarati,/ˈɡjɑn/
Gujarati,/ˈlə/
Gujarati,/ˈəɾ.d̪i.beː.ɦəst̪/
Gujarati,/ˈeː.ɖən/
Gujarati,/ˈʋəɖ.ʋɑ.ɡə.ɭũ/
Gujarati,/ˈd͡ʒɑn.juɑ.ɾi/
Gujarati,/ˈəɽ.ʋũ/
Gujarati,/ˈt̪ə.məɲ.t͡ʃo/
Gujarati,/ˈəm.ɾɑ.i.ʋɑ.ɖi/
Gujarati,/ˈbeːʋ.ɽo/
Gujarati,/ˈɑi/
Gujarati,/ˈo.ɡəɳ.t̪ɾis/
Gujarati,/ˈsən.njɑ.si/
Gujarati,/ˈis.mɑi.li/
Gujarati,/ˈd̪ɑm/
Gujarati,/ˈbʱɑɾ.jɑ/
Gujarati,/ˈə.nu.bʱəʋ/
Gujarati,[ˈfiɾ.d̪os]
Gujarati,/ˈbʱɔ.d͡ʒɑi/
Gujarati,/mən/
Gujarati,/ˈsə.ɾɑs.ɾi/
Gujarati,/ˈkə.ɾət͡ʃ.lo/
Gujarati,/ˈkəɽ.t͡ʃʰo/
Gujarati,/ˈd̪ud͡ʒʱ.ʋũ/
Gujarati,/ˈsəŋ.ɡit̪/
Gujarati,/ˈɾeːʋ.ɾəɳɖ/
Gujarati,/ˈt̪ək.lipʰ/
Gujarati,/ˈd̪u.ʰkʰə/
Gujarati,/ˈnju.joɾk/
Gujarati,[ˈə.ɡi.jɑ.ɾiː]
Gujarati,/ˈɦə.d͡ʒi/
Gujarati,/o̤ɭi/
Gujarati,/ˈpɑɡ.ɾəɳ/
Gujarati,/ˈt͡ʃən.d̪ɾə/
Gujarati,/ˈpʰuʈ.bol/
Gujarati,/ˈɦəɡ.ʋũ/
Gujarati,/ˈsɑ.bɑt̪ʰ/
Gujarati,/ˈɑ.ɖũ/
Gujarati,/ˈʃɑn.t̪i/
Gujarati,/ˈməŋ.ɡəɭ.ʋɑɾ/
Gujarati,/ˈnəi.ɾo.bi/
Gujarati,/ˈkut̪.ɾo/
Gujarati,/ˈbə.ɾɑk/
Gujarati,/ˈmə.ɦɛ.sul/
Gujarati,/ˈt͡ʃɑ̃.d̪i/
Gujarati,/ˈnjɑ.jɑ.ləj/
Gujarati,/ˈu.d̪əj.puɾ/
Gujarati,/ˈnəʋ.ɾod͡ʒ/
Gujarati,/ˈsɑ.ɦeːb/
Gujarati,/ˈɑ.kʰɑ.ɽo/
Gujarati,/ˈt̪ʰɑk.ʋũ/
Gujarati,/ˈpeːɳ.ɖo/
Gujarati,/ˈɑl.beː.ni.jɑ/
Gujarati,/ˈi.mɑ.ɾət̪/
Gujarati,/ˈmɑɾt͡ʃ/
Gujarati,/ˈsɑt͡ʃ/
Gujarati,/ˈd͡ʒʱɑɖ/
Gujarati,/ˈbə.ɾo.ɖɑ/
Gujarati,/ˈəl.lɑ.ɦu‿ˈə.kə.bəɾ/
Gujarati,/ˈɑ.bʱɑɾ/
Gujarati,/ˈɾəɖ.ʋũ/
Gujarati,/ˈi.bɑ.d̪ət̪.ɡɑʱ/
Gujarati,/ˈd͡ʒɑ̃ɡʱ/
Gujarati,/ˈot͡ʃ.t͡ʃʰəʋ/
Gujarati,/ˈd͡ʒəj.puɾ/
Gujarati,/ˈɑ.ʃɑ/
Gujarati,/ˈpɾə.ɡəʈ.ʋũ/
Gujarati,/ˈu.d̪ɑs/
Gujarati,/ˈneː.ʋu/
Gujarati,/ˈpʰə.t̪eːʱ/
Gujarati,[ˈʋə̤u]
Gujarati,/ˈpə.ʃu.d̪ʱən/
Gujarati,/ˈəʃ.ɾɑpʰ/
Gujarati,/ˈɾɑd͡ʒ.put̪/
Gujarati,/ˈpɾə.ʋɑs/
Gujarati,/ˈd͡ʒəɭ.ʋũ/
Gujarati,/ˈbʱɑ.ʃɑ/
Gujarati,/ʔ/
Gujarati,/ˈɦɑɲd͡ʒ/
Gujarati,/ˈpɾə.mukʰ/
Gujarati,/ˈkə.ɾɑ.t͡ʃi/
Gujarati,/ˈʃubʱ.kɑm.nɑ/
Gujarati,/ˈəŋ.ɡʱoɭ/
Gujarati,/ˈt̪ɑ.miɭ/
Gujarati,/ˈsʋəp.nə/
Gujarati,/ˈmə.sit̪/
Gujarati,/ˈu.ɡʱɑɽ.ʋũ/
Gujarati,/ˈã.ʃu/
Gujarati,/ˈki.ʃo.ɾi/
Gujarati,/ˈɾə.mək.ɽũ/
Gujarati,[ˈt̪ək.lif]
Gujarati,/ˈsim.lɑ/
Gujarati,/ˈnɔt̪ɾũ/
Gujarati,[ˈd̪ɔɖʱ.ɖɑj.jũ]
Gujarati,/ˈpəʃ.mi.nɑ/
Gujarati,/ˈmoʱ.bət̪/
Gujarati,/ˈo.ɭəm.bʱo/
Gujarati,/ˈfɪɾ.d̪o.sɪ/
Gujarati,/ˈpɾə.mɑɳ/
Gujarati,/ˈə.t̪i.t̪ʰi/
Gujarati,/ˈseːn.ʈ‿ˈpi.ʈəɾ.sbəɾɡ/
Gujarati,/ˈɾuʃəbʱ/
Gujarati,/ˈəd͡ʒ.ʋɑ.ɭũ/
Gujarati,/ˈkəs.t̪u.ɾi/
Gujarati,/ˈʈʰok.ʋũ/
Gujarati,/ˈmɛɦ.mɑn/
Gujarati,/ˈʃi.ʃu.mɑɾ/
Gujarati,/ˈɖo.si/
Gujarati,/ˈəʈ.ʈʰɑ.ʋən/
Gujarati,/ˈnəkʰ/
Gujarati,/ˈu.ʋɑʈ/
Gujarati,/ˈsə.mɑ.d̪ʱɑn/
Gujarati,/ˈʋɑɳ.ɖʱo/
Gujarati,/ˈbʱə.d͡ʒən/
Gujarati,/ˈə./
Gujarati,/ˈlɑk.ɽi/
Gujarati,/ˈɭ/
Gujarati,/ˈmeːʱ/
Gujarati,/ˈʋɑɾ/
Gujarati,/ˈɡʱo.ɽũ/
Gujarati,/ˈsu.pʰi/
Gujarati,/ˈɾo.ʋũ/
Gujarati,[ˈbə̤u]
Gujarati,/ˈd̪o.lət̪/
Gujarati,/ˈpeːʃ.ʋɑ/
Gujarati,/ˈlə.ʈək.ʋũ/
Gujarati,/ˈɛ̃.si/
Gujarati,/ˈkuʃ/
Gujarati,/ˈsən.skɾu.t̪i/
Gujarati,/ˈt͡ʃʰə.ɾi/
Gujarati,/ˈʋɑk/
Gujarati,/ˈt͡ʃʰɑp.ʋũ/
Gujarati,/ˈĩʈ/
Gujarati,/ˈɦu.kəm/
Gujarati,/ˈu.d̪ə.d͡ʒən/
Gujarati,/ˈəm.ɾut̪səɾ/
Gujarati,/ˈt̪ən.d̪u.ɾəst̪/
Gujarati,/ˈməi.t̪ʰi.li/
Gujarati,/ˈpɾə.kɑʃ/
Gujarati,/ˈt̪ʰəɾ.mo.mi.ʈəɾ/
Gujarati,/ˈmeːk.ʋɑn/
Gujarati,/ˈd̪i.pi.kɑ/
Gujarati,/ˈseːd͡ʒ/
Gujarati,/ˈd̪ɑb.ʋũ/
Gujarati,/ˈnɑt̪ʰ/
Gujarati,/ˈnjɑ.ɾũ/
Gujarati,/ˈʋə.nəʃ.ɾi/
Gujarati,/ˈkli.nəɾ/
Gujarati,[ˈpɛ̤ɾ.ʋũ]
Gujarati,/ˈt̪͡ʃɔp.ɖo/
Gujarati,/ˈpʰɔn/
Gujarati,/ˈjə.mu.nɑ/
Gujarati,/ˈnə.ɖi.jɑd̪/
Gujarati,/ˈʋə.ɾəs.ɡɑ̃ʈʰ/
Gujarati,/ˈbo.so/
Gujarati,/ˈʋi.d̪eːʃ/
Gujarati,/ˈbis.mil.lɑ/
Gujarati,/ˈɳə/
Gujarati,/ˈɡʱə.ɳũ/
Gujarati,/ˈʃɑʱ/
Gujarati,/ˈim.pʰɑl/
Gujarati,/ˈbɑɾ/
Gujarati,/ˈkɑk.ɽi/
Gujarati,/ˈnɑ.ʈʰũ/
Gujarati,/ˈpoɭ/
Gujarati,/ˈlikʰ/
Gujarati,/ˈnɔkʰũ/
Gujarati,/ˈnəɾ.ɡis/
Gujarati,/ˈpəʃ.t̪o/
Gujarati,/ˈpɑ.ʈʰəʋ.ʋũ/
Gujarati,/ˈi.ɾəd͡ʒ/
Gujarati,/ˈɑs.t̪eː/
Gujarati,/ˈt̪ɾeː.ʋis/
Gujarati,/ˈbɑi.ɽi/
Gujarati,/ˈʋə.kʰət̪/
Gujarati,/ˈsɑp/
Gujarati,/ɦɑt/
Gujarati,/ˈbɑɡ/
Gujarati,/ˈɦɑk/
Gujarati,/ˈpəŋ.kʰo/
Gujarati,/ˈkɑ.bul/
Gujarati,/ˈt̪iɾ.t̪ʰəŋ.kəɾ/
Gujarati,/ˈd͡ʒu.ʋɑn/
Gujarati,/ˈd̪eːkʰ.ʋũ/
Gujarati,/ˈpit̪.ɾu.d̪eːʃ/
Gujarati,/ˈpũ.d͡ʒi/
Gujarati,/ˈt͡ʃəit̪.ɾə/
Gujarati,/ˈkum.bʱkɑɾ/
Gujarati,/ˈd̪əkʰ.t̪əɾ/
Gujarati,/ˈnə.d̪i/
Gujarati,/ˈʋə.ɾɑt̪/
Gujarati,/ˈbət̪.t̪i/
Gujarati,/ˈkə.d̪ɑt͡ʃ/
Gujarati,/ˈə.nɑ.ɽi/
Gujarati,/ˈbəɾ.ɳi/
Gujarati,/ˈpɑk.ʋũ/
Gujarati,/ˈkʃə.mɑ/
Gujarati,/ˈɔ/
Gujarati,/ˈbun.d̪eːl.kʰəɳɖ/
Gujarati,/ˈu.t̪ɑ.ʋəɭ/
Gujarati,/ˈɾə.so/
Gujarati,/ˈkəp.t̪ɑn/
Gujarati,/ˈsɑ̃t͡ʃ.ʋũ/
Gujarati,/ˈkʰop.ɾi/
Gujarati,/ˈko.ʋiɖ‿ˈnəin.ʈin/
Gujarati,/ˈpə.ɾi.kəɾ/
Gujarati,/ˈt̪əm.bo.ɭi/
Gujarati,/ˈɖʱoɭ.ʋũ/
Gujarati,/ˈt̪i.d͡ʒo.ɾi/
Gujarati,/ˈpɑ̃t̪.ɾis/
Gujarati,/ˈbɑ.ɭək/
Gujarati,/ˈʃɾɑ.ʋəɳ/
Gujarati,/ˈbʱikʰ/
Gujarati,/ˈbʱɑʋ.ʋũ/
Gujarati,/ˈeː/
Gujarati,/ˈbʱəɾ.ɔ̃.so/
Gujarati,/ˈleː.ʋũ/
Gujarati,/ˈə.məl.t̪ɑs/
Gujarati,[ˈmɛ̤.mɑn]
Gujarati,/ˈʋi.ɦo.ɳũ/
Gujarati,/ˈbʱɑ.ʂəɳ/
Gujarati,/ˈjɑt̪.ɾɑ/
Gujarati,/ˈət̪.t̪əɾ/
Gujarati,/ˈpəɖ.ʋũ/
Gujarati,/ˈɑd͡ʒ/
Gujarati,/ˈd͡ʒʱəɖ.ʋə.d͡ʒʱəɖ/
Gujarati,/ˈd̪ɑ.si/
Gujarati,/ˈd̪ɑi/
Gujarati,/ˈkəʱ.ʋɑ/
Gujarati,/ˈsɑ.ɾũ/
Gujarati,/ˈməm.məm/
Gujarati,/ˈsin.d̪uɾ/
Gujarati,/ˈeːʈ.leː/
Gujarati,/ə.t̪ən.t̪ɾə.t̪ɑ/
Gujarati,/ˈd͡ʒə.kɑt̪/
Gujarati,/ˈɑ.mu.d̪ə.ɾi.jɑ/
Gujarati,/ˈnək.li/
Gujarati,/ˈkʰə.d͡ʒuɾ/
Gujarati,/ˈmɑɡ/
Gujarati,/ˈən.jə/
Gujarati,/ˈup.ʋɑs/
Gujarati,/ˈko.ɳi/
Gujarati,/ˈku.ʈumb/
Gujarati,[ˈi̤k]
Gujarati,/ˈə.mɑ.ɾũ/
Gujarati,/ˈɾɑ.kʰəs/
Gujarati,/ˈməɡ.ɾu.ɾi/
Gujarati,/ˈpo.liʃ/
Gujarati,/ˈniɾ.ɳə.jə/
Gujarati,/ˈt̪ɑd͡ʒ/
Gujarati,/ˈɡəɾ.mi/
Gujarati,/ˈu.ɖi.sɑ/
Gujarati,/ˈɡeː/
Gujarati,/ˈmə.lɑ.jɑ/
Gujarati,[ˈbʱɑu.nə.ɡəɾ]
Gujarati,/ˈt͡ʃə.koɾ/
Gujarati,/ˈt̪uʈ.ʋũ/
Gujarati,/ˈmɛ.t̪eː/
Gujarati,/ˈɦə.ʃiʃ/
Gujarati,/ˈpə.ɾɑ.ɳi/
Gujarati,/ˈsɑf/
Gujarati,[ˈʋɛ̤.lũ]
Gujarati,/ˈt̪ɑp/
Gujarati,/ˈmə.ɦɑ.bʱɑ.ɾət̪/
Gujarati,/ˈkəʃ.miɾ/
Gujarati,/ˈmɑ.ɾɑ/
Gujarati,/ˈmi.nɑ.ɾo/
Gujarati,/ˈɡo.lən.d̪ɑd͡ʒ/
Gujarati,/ˈəpʰ.ɡʱɑn/
Gujarati,/ˈbi.ʃəp/
Gujarati,/ˈpʰəɾd͡ʒ/
Gujarati,/ˈɾəŋɡ/
Gujarati,/ˈd̪okʰ.mũ/
Gujarati,/ˈnɑkʰ.ʋũ/
Gujarati,[ˈə̤ĩ]
Gujarati,/ˈd͡ʒə.ʈɑ.mɑ̃.si/
Gujarati,/ˈbəm.bəi/
Gujarati,/ˈli.fɑ.fo/
Gujarati,/ˈə.d͡ʒɑ.jəb/
Gujarati,[ˈfi.ɾəs.t̪o]
Gujarati,/ˈbʱil/
Gujarati,/ˈd̪ɑ.ɾɑb/
Gujarati,/ˈɾɑ.ɦul/
Gujarati,/ˈəŋ.ɡsəŋɡ/
Gujarati,/ˈkud̪.ʋũ/
Gujarati,/ˈt̪ə.k(i).jo/
Gujarati,/ˈkukʰ/
Gujarati,/ˈjən.t̪ɾə/
Gujarati,/ˈkʰəs.ʋũ/
Gujarati,/ˈpəl.lo/
Gujarati,/ˈʋɑʋ/
Gujarati,/ˈlupt̪/
Gujarati,/zu(ː)/
Gujarati,/ˈɡo.ʋɑɭ/
Gujarati,/ˈpeːj/
Gujarati,/ˈd͡ʒʱəm.d͡ʒʱəm/
Gujarati,/ˈɡʱũʈ/
Gujarati,/ˈd͡ʒəm.ɾud̪/
Gujarati,/ˈmə.ɦɛk/
Gujarati,/ˈkɑl/
Gujarati,/ˈpəɡ.lut͡ʃʰ.ɳi.jũ/
Gujarati,/ˈni.lũ/
Gujarati,/ˈɾus/
Gujarati,/ˈɾɑd͡ʒ.jə/
Gujarati,/ˈə.zɑn/
Gujarati,/ˈt̪ʰəɖ/
Gujarati,/ˈkʰuɾ.ʃi/
Gujarati,/ˈɾə.soi/
Gujarati,/ˈəɲ.d͡ʒiɾ/
Gujarati,/ˈɡʱɑm/
Gujarati,/ˈbə.ɾɑm.d̪ɑ/
Gujarati,/ˈbeː.t͡ʃeːn/
Gujarati,/ˈɾəŋ.ɡlo/
Gujarati,/ˈpʰɑ.nəs/
Gujarati,/ˈnuɾ/
Gujarati,/ˈt͡ʃo.ɾi/
Gujarati,/ˈmo.kəl.ʋũ/
Gujarati,/ˈput͡ʃʰ.ʋũ/
Gujarati,/ˈpəŋ.kʰeː.ɾũ/
Gujarati,/ˈbɑj.lo/
Gujarati,/ˈt̪eːt̪.ɾis/
Gujarati,/ˈpip.ɭo/
Gujarati,/ˈsəp.t̪ɑʱ/
Gujarati,/ˈt͡ʃi.t̪ɑ/
Gujarati,/ˈə.miɾ/
Gujarati,/ˈɦi.mɑ.t͡ʃəl‿ˈpɾə.d̪eːʃ/
Gujarati,/ˈok.ʈo.bəɾ/
Gujarati,/ˈəʈ.kəɭ/
Gujarati,/ˈlɑɖ.li/
Gujarati,/ˈt͡ʃɑ.ɭis/
Gujarati,/ˈt̪ũ/
Gujarati,/ˈt̪əɾ.but͡ʃ/
Gujarati,/ˈməɡ/
Gujarati,/ˈu.nɑ.ɭo/
Gujarati,/ˈkʰu.d̪ɑ‿ˈɦɑ.pʰid͡ʒʱ/
Gujarati,/ˈu.ʈʰəm.ɳũ/
Gujarati,/ˈpeːt͡ʃ/
Gujarati,/ˈjoɡ/
Gujarati,/ˈd͡ʒə.noi/
Gujarati,/ˈbʱə.ʋɑi/
Gujarati,/ˈkɔj.əl/
Gujarati,/ˈʈɑ̃.ki/
Gujarati,/ˈst̪ɾi.liŋɡ/
Gujarati,/ˈt̪ə.mɛɳ/
Gujarati,/ˈəŋ.kə.ɡə.ɳit̪/
Gujarati,/ˈd̪uɾ/
Gujarati,/ˈbo.t̪ʰəɽ/
Gujarati,/ˈpəɾ.ɦeːd͡ʒ/
Gujarati,/ˈɾu.mɑl/
Gujarati,/ˈə.nu.məd̪ʱ.jə.məs.t̪iʃk/
Gujarati,/ˈku.mu.d̪i.ni/
Gujarati,/ˈɑp/
Gujarati,/ˈd͡ʒə.məɳ.ʋɑɾ/
Gujarati,/ˈɡə.d̪ʱeː.ɽo/
Gujarati,/ˈʋə.ɦi/
Gujarati,/ˈmə.ɾɑ.ʈʰi/
Gujarati,/ˈpə.ɾeːd͡ʒ/
Gujarati,/ˈɦəd͡ʒ/
Gujarati,/ˈd͡ʒəm.ɾukʰ/
Gujarati,/ˈʋi.li.jəm/
Gujarati,/ˈəpʰ.sɑ.nɑ/
Gujarati,/ˈd̪i.ʋɑ.nũ/
Gujarati,/ˈnɑʋ/
Gujarati,/ˈɡu.lɑb/
Gujarati,/ˈə.ɳə.ɡəm.t̪ũ/
Gujarati,/ˈpɑn.kʰəɾ/
Gujarati,/ˈkə.sɑi/
Gujarati,/ˈɾəd͡ʒ.ni.ɡən.d̪ʱɑ/
Gujarati,/ˈnəʋ.ɾũ/
Gujarati,/ˈət̪.ləs/
Gujarati,/ˈli.pi/
Gujarati,/ˈd̪ʱuɭ/
Gujarati,/ˈʃeːɾ.ɽi/
Gujarati,/ˈən.t̪ɾikʂ/
Gujarati,[ˈma̤.bʱɑ.ɾət̪]
Gujarati,/ˈsind̪ʱ/
Gujarati,/ˈbɑl.kən/
Gujarati,/ˈeː.ɾəŋɡ/
Gujarati,/ˈd͡ʒəu.ɦəɾ/
Gujarati,/ˈʋə.ɦɑ.lũ/
Gujarati,/ˈbɑŋɡ/
Gujarati,/ˈlɑ.mɑ/
Gujarati,/ˈpɾə.d͡ʒɑ.pə.t̪i/
Gujarati,/ˈd̪ʱjɑn/
Gujarati,/ˈʈɑ.ɡoɾ/
Gujarati,/ˈsi.kʰəɳɖ/
Gujarati,[ˈfɛk.ʈə.ɾi]
Gujarati,/ˈɾɑ.jə/
Gujarati,/ˈnɑ.ʈək/
Gujarati,/ˈpə.ɾik.ʃɑ/
Gujarati,/ˈə/
Gujarati,/ˈmɑ̃.t͡ʃi/
Gujarati,/ˈpjɑd͡ʒ/
Gujarati,/ˈɖok.ʋũ/
Gujarati,/ˈpi.səɾ/
Gujarati,/ˈd͡ʒʱeːɾ/
Gujarati,/ˈt͡ʃʰi/
Gujarati,/ˈpʰɛnd̪.ʋũ/
Gujarati,/ˈʃi.jɑɭ/
Gujarati,/ˈt̪uɾk.meː.nis.t̪ɑn/
Gujarati,/ˈɡə.jənd̪/
Gujarati,/ˈnət̪ʰ/
Gujarati,/ˈt͡ʃɔt̪.ɾis/
Gujarati,/ˈɡud͡ʒ.ɾɑt̪/
Gujarati,/ˈt͡ʃuɡ.t̪ɑi/
Gujarati,/ˈsu.t̪ɑ.ɾəɳ/
Gujarati,/ˈmɑ.t̪ʰɑ.kuʈ/
Gujarati,/ˈpɾə.sɑd̪/
Gujarati,/ˈɔɳ/
Gujarati,/ˈkɑm.bɭi/
Gujarati,/ˈɡi.ɡi/
Gujarati,/ˈsu.t̪əɾ.pʰɛ.ɳi/
Gujarati,/ˈbut͡ʃ/
Gujarati,/ˈɾɑ.mɑ.jəɳ/
Gujarati,/ˈɑ.kʰũ/
Gujarati,/ʋəst̪u/
Gujarati,/ˈbɑt̪.mi/
Gujarati,/ˈeːs.t̪eːɾ/
Gujarati,/ˈu/
Gujarati,/ˈɦə.ʋɑi‿ˈd͡ʒə.ɦɑd͡ʒ/
Gujarati,/ˈɖo.ɭo/
Gujarati,/ˈɑ.min/
Gujarati,/ˈbud̪d̪ʱ/
Gujarati,/ˈbə.ɦɛ.nɑ̃/
Gujarati,/ˈt̪ɛ.ɳeː/
Gujarati,/ˈd̪əkʰ.ɳi/
Gujarati,/ˈt͡ʃod̪.ʋũ/
Gujarati,/ˈpeːʈ.ɾol/
Gujarati,/ˈd͡ʒɑ.kiʈ/
Gujarati,/ˈkiɾ/
Gujarati,/ˈælkə.ɦɔl/
Gujarati,/ˈu.t͡ʃit̪/
Gujarati,/ˈt͡ʃəm.pəl/
Gujarati,/ˈʈʰũ.ɖi/
Gujarati,/ˈpʰeːɳ/
Gujarati,/ˈɡʱũ.ʈəɳ/
Gujarati,/ˈkʰɑ̃s.ʋũ/
Gujarati,/ˈɡʱəɾ/
Gujarati,[ˈd̪əf.t̪əɾ]
Gujarati,/ˈkʰɑɳ/
Gujarati,/ˈko.pʰi.kʰɑ.nũ/
Gujarati,/ˈt̪ʰi/
Gujarati,/ˈʋɑ.ɳi.jo/
Gujarati,/ˈɑ.so/
Gujarati,/ˈsɔ.ɡən/
Gujarati,/ˈkus.t̪i/
Gujarati,/ˈbʱə.ʋũ/
Gujarati,/ˈt̪ə.ɭɑʋ/
Gujarati,/ˈkʰə.ɾət͡ʃ.ʋũ/
Gujarati,/ˈɡən.d̪ʱək/
Gujarati,/ˈjeːn/
Gujarati,[ˈfə.lɑ.ɳũ]
Gujarati,/ˈus.mɑ.ni/
Gujarati,/ˈkɑʃ.miɾ/
Gujarati,/ˈt͡ʃit̪.t̪o/
Gujarati,/ˈkod̪.ɾɑ/
Gujarati,/ˈt͡ʃɑʋ.ʋũ/
Gujarati,/ˈkɑ.nun/
Gujarati,/ˈkiŋ.ɡɑʃ/
Gujarati,/ˈkiʈ.li/
Gujarati,/ˈbʱo.d͡ʒən/
Gujarati,/ˈʃit̪.jud̪d̪ʱ/
Gujarati,/ˈt̪ɔj/
Gujarati,/ˈɦoʈʰ/
Gujarati,/ˈju.ɡos.lɑ.ʋi.jɑ/
Gujarati,/ˈbɑ̃.ɖi.jo/
Gujarati,/ˈəɽ.t̪ɑ.ɭis/
Gujarati,/ˈʃəŋkʰ/
Gujarati,/ˈpit̪.t̪əɭ/
Gujarati,/ˈbə.lut̪/
Gujarati,/ˈʋəiʃ.jə/
Gujarati,/ˈt͡ʃi.kit̪.sək/
Gujarati,/ˈuɾ.d̪un/
Gujarati,/ˈbɑ.bət̪/
Gujarati,/ˈsi.ʈi/
Gujarati,/ˈnə.ʋeːm.bəɾ/
Gujarati,/ˈkə.si.d̪o/
Gujarati,/ˈko.ɦi.nuɾ/
Gujarati,/ˈneː.ʋɑɾ/
Gujarati,[ˈfeː.mi.li]
Gujarati,/ˈeː.ki/
Gujarati,/ˈd͡ʒəj‿ˈʃɾi‿ˈkɾiʃ.ɳə/
Gujarati,/ˈʃə.ɾəd̪/
Gujarati,/ˈoɖʱ.ʋɑ.nũ/
Gujarati,/ˈɾə.t̪ən‿ˈpoɭ/
Gujarati,/ˈt͡ʃɔp.ɽi/
Gujarati,[ˈə̤d͡ʒi]
Gujarati,/ˈʈʰəɳ.ɖũ/
Gujarati,/ˈɡid̪ʱ/
Gujarati,/ˈbə/
Gujarati,/ˈd͡ʒʱiŋ.ɡɑ/
Gujarati,/ˈməɾ.ʋũ/
Gujarati,/ˈd̪əɾ.ɡɑʱ/
Gujarati,/ˈsəm.jə/
Gujarati,/ˈkʰɑ.lik/
Gujarati,/ˈmɑ̃.ɖo/
Gujarati,/ˈpʰə.kiɾ/
Gujarati,/ˈd͡ʒə.bəl.puɾ/
Gujarati,/ˈɑs.pɑs/
Gujarati,/ˈpə.t͡ʃɑs/
Gujarati,/ˈd͡ʒəɾ.ɾɑʱ/
Gujarati,/ˈsul.t̪ɑn/
Gujarati,/ˈəŋ.ɡə.ɳũ/
Gujarati,/ˈkʰɑn.ɡi/
Gujarati,/ˈlə.ɦɛɾ/
Gujarati,/ˈpɑ̃t͡ʃ/
Gujarati,/ˈpɑ̃.ɡəɾ.ʋũ/
Gujarati,/ˈə.ɡən.ɡo.ɭo/
Gujarati,/ˈnə.ɾəm/
Gujarati,/ˈʋ(ə.)ɦɛ.lũ/
Gujarati,/ˈsɑ.ɡəɾ/
Gujarati,/ˈsɔ̃p.ʋũ/
Gujarati,/ˈɡə.ɾib/
Gujarati,/ˈun.d̪ʱũ/
Gujarati,/ˈt̪əl.ʋɑɾ/
Gujarati,/ˈbʱɑ.ɾət̪/
Gujarati,/ˈɑpʰ.ɾin.ɡɑn/
Gujarati,/ˈkɔ.pʰi/
Gujarati,/ˈkəɾ.ʋũ/
Gujarati,/ˈt͡ʃʰɑʃ/
Gujarati,/ˈnə.mɑɾ/
Gujarati,[ˈɖɑj.jũ]
Gujarati,[ˈsə̤i.sə.lɑ.mət̪]
Gujarati,/ˈkə.ɖʱɑi/
Gujarati,/ˈəŋ.ɡu.t͡ʃo/
Gujarati,/ˈkə.lɑk/
Gujarati,/ˈuʃ.ɳək.ʈi.bən.d̪ʱi.jə/
Gujarati,/ˈkeːl.ʈik/
Gujarati,/ˈt͡ʃɔk.ɽi/
Gujarati,/ˈʋəl.sɑɽ/
Gujarati,/ˈsə.mɑ.t͡ʃɑɾ/
Gujarati,/ˈt͡ʃʰol.ʋũ/
Gujarati,/ˈpʰɑm/
Gujarati,/ˈɑ.pɑ/
Gujarati,/ˈnɑt͡ʃ.ʋũ/
Gujarati,/ˈoɭ.ʋũ/
Gujarati,/ˈpə.ɦɑɽ/
Gujarati,/ˈjə/
Gujarati,/ˈə.lɑud̪.d̪in/
Gujarati,/ˈə.d̪ʱə.muũ/
Gujarati,/ˈmə.d̪i.nɑ/
Gujarati,/ˈʋɑt̪.səl.jə/
Gujarati,/ˈbɑ̃k/
Gujarati,/ˈsəmp/
Gujarati,/ˈəl.ɦəm.d̪u.li.lɑʱ/
Gujarati,/ˈə.d͡ʒɑn/
Gujarati,/ˈsɑm.jik/
Gujarati,[ˈmə̤i.no]
Gujarati,/ˈkʃeːt̪.ɾə/
Gujarati,/ˈɑm.ɭũ/
Gujarati,/ˈt͡ʃʰĩk/
Gujarati,/ˈliŋɡ/
Gujarati,/ˈt͡ʃʰɑʱ/
Gujarati,/ˈɾɑn.d̪ʱəɳ/
Gujarati,/ˈbɑɾ.kəs/
Gujarati,/ˈmul.t̪ɑn/
Gujarati,/ˈsɑ.ɽɑ/
Gujarati,/ˈd͡ʒod̪ʱ.puɾ/
Gujarati,/ˈd̪eːɖ.ko/
Gujarati,/ˈkə.məɭ/
Gujarati,/ˈli.t͡ʃi/
Gujarati,/ˈt̪ɾɑ.po/
Gujarati,/ˈəŋɡ/
Gujarati,/ˈeːk.d̪əm/
Gujarati,/ˈt͡ʃo.kʰɑ/
Gujarati,/ˈə.ʋəd̪ʱ/
Gujarati,/ˈsɔŋ.ɡʱũ/
Gujarati,/ˈd͡ʒɑpʰ.ɾɑn/
Gujarati,/ˈʋid̪.jə.mɑn/
Gujarati,/ˈsu.bo/
Gujarati,/ˈmə.ɦo.bət̪/
Gujarati,/ˈo.ɡəsʈ/
Gujarati,/ˈpɑ.ɾeː.ʋũ/
Gujarati,/ˈɑs.(ə).mɑn/
Gujarati,/ˈʈeː.li.ʋi.d͡ʒʱən/
Gujarati,/ˈd̪ɑk.t̪əɾ/
Gujarati,/ˈɦəm.meː.ʃɑ̃/
Gujarati,/ˈʈut̪ʰ.peːsʈ/
Gujarati,/ˈpəɭ/
Gujarati,/ˈi.jəɭ/
Gujarati,/ˈɖəɾ.ʋũ/
Gujarati,/ˈbəɭ.ʋɑn/
Gujarati,/ˈʃə.ɾi.jət̪/
Gujarati,/sĩɦ/
Gujarati,/ˈbiɾ.jɑ.ni/
Gujarati,/ˈsə.miɾ/
Gujarati,/ˈɡu.ɾu/
Gujarati,/ˈt̪i.t̪əɾ/
Gujarati,/ˈkeː.ɾəɭ/
Gujarati,/ˈt͡ʃɔ.ɾəs/
Gujarati,/ˈbɑ.ki/
Gujarati,/ˈə.nəl/
Gujarati,/ˈkə.sũ/
Gujarati,/ˈʋis/
Gujarati,/ˈsi.t̪ɑ.pʰəɭ/
Gujarati,/ˈə.pɑs.ɾo/
Gujarati,/ˈnɑ.lɑ.jək/
Gujarati,/ˈɾɑʂ.ʈɾə.ɡit̪/
Gujarati,/ˈbʱul.ʋũ/
Gujarati,/ˈʃə/
Gujarati,/ˈʃun.jə/
Gujarati,/ˈmə.lək.ʋũ/
Gujarati,/ˈkʰət͡ʃ.t͡ʃəɾ/
Gujarati,/ˈt͡ʃɔpɑʈ/
Gujarati,/ˈd͡ʒʱi.ɳɑ/
Gujarati,/ˈu.pəɾ/
Gujarati,/ˈpʰũk.ʋũ/
Gujarati,/ˈlə.pəs.ɳi/
Gujarati,/ˈsuɾ.jə/
Gujarati,/ˈʈo.pi/
Gujarati,/ˈli.lɑ/
Gujarati,/ˈpəɾ.d̪ɑ.d̪ɑ/
Gujarati,/ˈɑ.juʂ/
Gujarati,/ˈə.t̪ʰə.ʋɑ/
Gujarati,/ˈmə.neː/
Gujarati,/ˈkũ.t͡ʃi/
Gujarati,[ˈə.lif]
Gujarati,/ˈsə.ʋɑ.ɾũ/
Gujarati,/ˈəɽ.səʈʰ/
Gujarati,/ˈɾut̪/
Gujarati,/ˈkʰə.bəɾ/
Gujarati,/ˈʋɑʈ.kũ/
Gujarati,/ˈəʱ.məd̪.nə.ɡəɾ/
Gujarati,/ˈd̪ʱən.jə.ʋɑd̪/
Gujarati,/ˈkeː.leːn.ɖəɾ/
Gujarati,/ˈd̪eːɖ.ki/
Gujarati,/ˈko.ɦə.ɭũ/
Gujarati,/ˈt̪uɾk/
Gujarati,/ˈlũʈ.ʋũ/
Gujarati,/ˈmo.ɦən.d̪ɑs/
Gujarati,/ˈnə.mɑd͡ʒ‿ˈpəɖʱ.ʋi/
Gujarati,/ˈt͡ʃim.ni/
Gujarati,/ˈd͡ʒəɾ.t̪ʰos.t̪i/
Gujarati,[ˈmu.sɑ.fəɾ.kʰɑ.nũ]
Gujarati,/ˈɡəm.ʋũ/
Gujarati,/ˈso.ɾəʈʰ/
Gujarati,/ˈku.ɾuʂ/
Gujarati,/ˈd̪ʱəɾ.mə.pət̪.ni/
Gujarati,/ˈpu.nəm/
Gujarati,/ˈbʱə.d͡ʒi.jũ/
Gujarati,/ˈbən.d̪o.bəst̪/
Gujarati,/ˈnə.ʋɑb/
Gujarati,/ˈkʰə.miɾ/
Gujarati,/ˈd̪uɾ.bin/
Gujarati,/ˈmə.ɦi.no/
Gujarati,/ˈko.ʈʰɑ.ɾi/
Gujarati,/ˈɡəɳ.ʋũ/
Gujarati,/ˈni.kɑs/
Gujarati,/ˈkʰos.ʋũ/
Gujarati,/ˈu.bʱũ/
Gujarati,/ˈmu.ɾɑ.d̪ɑ.bɑd̪/
Gujarati,/ˈɑɭ.su/
Gujarati,/ˈʃəuɾ.seː.ni/
Gujarati,/ˈmeː.ʋɑ.ɽi/
Gujarati,/ˈiɳ.ɖũ/
Gujarati,/ˈt͡ʃʰɑ.səʈʰ/
Gujarati,/ˈsə.məɾ.kənd̪/
Gujarati,/ˈiɲ.d͡ʒil/
Gujarati,/ˈɡɑj/
Gujarati,/ˈt͡ʃus.ʋũ/
Gujarati,/ˈpʰuʈ.pəʈ.ʈi/
Gujarati,/tʃʰokrɔ/
Gujarati,/ˈd̪ʱə.ɳid̪ʱ.ɳi.jɑ.ɳi/
Gujarati,/ˈkə.ɖʱi/
Gujarati,/ˈɖɔk.ʈəɾ/
Gujarati,/ˈməɾ.t̪əb/
Gujarati,/ˈʋi.lɑ.jə.t̪i/
Gujarati,/ˈkuk.ɽi/
Gujarati,/ˈɡɑɲ.d͡ʒo/
Gujarati,/ˈɾu.pũ/
Gujarati,/ˈɦəm.ɳɑ̃/
Gujarati,/ˈʋiʂ/
Gujarati,/ˈməs.t̪iʃk/
Gujarati,/ˈʃə.ɾiɾ/
Gujarati,/ˈpə.ɽo.si/
Gujarati,/ˈmə.ɦɛ.t̪o/
Gujarati,/ˈd̪i.bɑ.t͡ʃo/
Gujarati,/ˈʈʰəʈʈʰɔ/
Gujarati,/ˈkə.ɦɑ.ɳi/
Gujarati,/ˈʃi.ɾɑ.məɳ/
Gujarati,/ˈkeːk/
Gujarati,/ˈmɑɭ/
Gujarati,/ˈɑ.ɾɑm/
Gujarati,/ˈnə.d͡ʒəɾ/
Gujarati,/ˈɾu/
Gujarati,/ˈd͡ʒə.bɑn/
Gujarati,/ˈpʰɑ̃ː.do̞/
Gujarati,/kʃə/
Gujarati,/ˈd̪i.lip/
Gujarati,/ˈʃubʱ‿ˈsə.ʋɑɾ/
Gujarati,/ˈbʱõ/
Gujarati,/ˈsneːʱ/
Gujarati,/ˈɑp.ɳũ/
Gujarati,/ˈə.nə.nɑs/
Gujarati,/ˈʋɑ̃s/
Gujarati,/ˈʋə.d͡ʒu/
Gujarati,/ˈku.ɾɑn/
Gujarati,/ˈt̪i.kʰũ/
Gujarati,/ˈpɾə.kɑ.ʃit̪/
Gujarati,/ˈmən.d̪ʋɑɽ/
Gujarati,/ˈd͡ʒə.ɾɑk/
Gujarati,/ˈɡu.lɑb.d͡ʒəɭ/
Gujarati,/ˈɑɾ.jə/
Gujarati,/ˈɾəs.ɡul.lũ/
Gujarati,/ˈɡɛɾ.ɦə.d͡ʒɑ.ɾi/
Gujarati,[ˈmu.sɑf.ɾi]
Gujarati,/ˈɡu.zɑ.ɾɪʃ/
Gujarati,/ˈbə.ɾɑ.bəɾ/
Gujarati,/ˈd̪uɾ.ɡɑ/
Gujarati,/ˈd̪əpʰ.t̪əɾ/
Gujarati,/ˈɑ.ʃiɾ.ʋɑd̪/
Gujarati,/ˈfɑ.nəs/
Gujarati,/ˈbob.ɖũ/
Gujarati,/ˈt͡ʃʰoɖ.ʋũ/
Gujarati,/ˈmeː.ɾəʈʰ/
Gujarati,/ˈsɑ.bu/
Gujarati,[ˈbə̤.d̤ṳ̃] ~ [ˈbə̤.ðṳ̃]
Gujarati,/ˈɡɑt͡ʃʰ/
Gujarati,/ˈlɑ.lo/
Gujarati,/ˈni.bən.d̪ʱkɑɾ/
Gujarati,/ˈʃə.ɾipʰ/
Gujarati,/ˈpo.pəi.jũ/
Gujarati,[ˈbɑf.ʋũ]
Gujarati,/ˈkoŋ.ɡɾeːs/
Gujarati,/ˈbɑ.ɾɑ.kʰə.ɽi/
Gujarati,/ˈd̪ə.ɾi.jɑ.puɾ/
Gujarati,/ˈʃəb.d̪ə.koʃ/
Gujarati,/ˈmə.ɦi.lɑ/
Gujarati,/ˈmul.(ə)k/
Gujarati,/ˈʈi.pʰin/
Gujarati,/ˈd͡ʒoɖ.ʋũ/
Gujarati,[ˈpɛ̤.lũ]
Gujarati,/ˈ.ʋũ/
Gujarati,/ˈko.bi/
Gujarati,/ˈpus.t̪ək/
Gujarati,/ˈkəŋ.kɑl/
Gujarati,/ˈʋɑ.ɽi/
Gujarati,/ˈʋə.ɽod̪.ɾɑ/
Gujarati,/ˈkɑ.ʈʰi.jɑ.ʋɑ.ɖi/
Gujarati,/ˈʋə.ɾəs/
Gujarati,/ˈɛs.ki.mo/
Gujarati,/ˈmə.ɦɑ.ɾɑ.ɳi/
Gujarati,/ˈɾo.mɑ.ni.jɑ/
Gujarati,/ˈʃəiʋ/
Gujarati,/ˈbɑɭ.bʱɑ.ʃɑ/
Gujarati,/ˈʋɑ.ju/
Gujarati,/ˈkuɳɖ/
Gujarati,/ˈd̪ʱi.ɾũ/
Gujarati,/ˈt͡ʃək.lũ/
Gujarati,/ˈflɛʈ/ ~ /ˈpʰlɛʈ/
Gujarati,/ˈʃə.ni.ʋɑɾ/
Gujarati,/ˈd̪ʱu.ɳi/
Gujarati,/ˈnɔk.ɾi/
Gujarati,/ˈbə.kəl/
Gujarati,/ˈpə.kəɽ.ʋũ/
Gujarati,/ˈi.ʃɑ/
Gujarati,/ˈʋɑ.pəɾ.ʋũ/
Gujarati,/ˈə.jod̪ʱ.jɑ/
Gujarati,/ˈɡud͡ʒ.ɾɑn.ʋɑ.lɑ/
Gujarati,/ˈkə.ɾo.ɭi.jo/
Gujarati,/ˈkũd͡ʒ.ɽo/
Gujarati,/ˈt͡ʃə.ɳo/
Gujarati,/ˈkə.t̪ʰiɾ/
Gujarati,/ˈlə.ɡɑm/
Gujarati,/ˈʋi.ɳɑ/
Gujarati,/ˈʋə.ɾəɳ.ɖo/
Gujarati,/ˈɡə.ɳə.pə.t̪i/
Gujarati,/ˈi.bɑ.d̪ət̪/
Gujarati,/ˈɔ.ɾ/
Gujarati,/ˈʋɑʱ/
Gujarati,/ˈt͡ʃeː.ɾi/
Gujarati,/ˈə.ʃok/
Gujarati,/ˈd̪ʱo.t̪i/
Gujarati,/ˈkeːt̪ʰ.lik/
Gujarati,/ˈɡə.d͡ʒəl/
Gujarati,/ˈɑ.ʋũ/
Gujarati,/ˈɡo.ɾis.t̪ɑn/
Gujarati,/ˈt͡ʃʰət̪.t̪is.ɡəɖʱ/
Gujarati,/ɑ.zɑd̪/
Gujarati,/ˈt̪ɑ.ɭũ/
Gujarati,/ˈpuɾ.ɳ‿ˈʋi.ɾɑm/
Gujarati,/ˈpi.ʋũ/
Gujarati,/ˈkɑm/
Gujarati,/ˈmɑ̃/
Gujarati,/ˈɑ.ɡɑɾ/
Gujarati,/ˈbɑ̃k.ɽo/
Gujarati,/ˈɦin.d̪ut̪.ʋə/
Gujarati,/ˈeː.kɑ.d̪ə.ʃi/
Gujarati,/ˈnəɾ.mɑ̃s.bʱək.ʃi/
Gujarati,/ˈpjɑ.lo/
Gujarati,/ˈmə.ɾi/
Gujarati,/ˈɾu.pi.jo/
Gujarati,/ˈsʋɑ.mi/
Gujarati,/ˈsu.ɾi.lũ/
Gujarati,/ˈom.leːt̪/
Gujarati,/ˈpʰeːpʰ.sũ/
Gujarati,/ˈmə.sɑɳ/
Gujarati,/ˈd͡ʒʱəbʱ.lũ/
Gujarati,/ˈso.pʰɑ/
Gujarati,/ˈsɑ.d̪ũ/
Gujarati,/ˈd͡ʒʱə.ɾu.kʰo/
Gujarati,/ˈd̪əɾ.ʋɑ.d͡ʒo/
Gujarati,/ˈɡɑm/
Gujarati,/ˈkʰɑ.t̪əɾ/
Gujarati,/ˈə.ləkʰ/
Gujarati,/ˈʋeːls/
Gujarati,/ˈbət̪.ɾis/
Gujarati,/ˈsɑ.jəɾ/
Gujarati,/ˈmi.ɦəɾ/
Gujarati,/ˈmə.ɦɛ.nət̪/
Gujarati,/ˈsʋəɾ.ɳə.kɑɾ/
Gujarati,/ˈ.ʋɑ.ɭo/
Gujarati,/ˈbu.kʰɑ.ɾɑ/
Gujarati,/ˈd͡ʒu.ɡɑɾ/
Gujarati,/ˈɦɾu/
Gujarati,/ˈleːŋ.ɡʱo/
Gujarati,/ˈkə.ɦɛ.ʋũ/
Gujarati,/ˈpu/
Gujarati,/ˈmukʰ/
Gujarati,/ˈt͡ʃũ.ʋɑ.ɭi.jɑ/
Gujarati,/ˈd͡ʒi.ɾɑpʰ/
Gujarati,/ˈt͡ʃɑn.d̪lo/
Gujarati,/ˈt͡ʃən.d̪ɾə.bin.d̪u/
Gujarati,/ˈɡʱo.ɡʱo/
Gujarati,/ˈɡuɾ.d͡ʒis.t̪ɑn/
Gujarati,/ˈɾəm.d͡ʒʱɑn/
Gujarati,/ˈt̪əɽ.ko/
Gujarati,/ˈbə.ɡɑ.sũ/
Gujarati,/ˈsim.ɾən/
Gujarati,/ˈɦə.ʋeː.li/
Gujarati,/ˈbʱu.ɡoɭ/
Gujarati,/ˈnɑɡ.puɾ/
Gujarati,/ˈɖi.d͡ʒʱəɾʈ/
Gujarati,/ˈsət̪.t̪əɾ/
Gujarati,[ˈə̤ĩ.t̪ə̤ĩ]
Gujarati,/ˈɖʱɑ̃k.ʋũ/
Gujarati,/ˈnəɾ.ɡʱũ/
Gujarati,/ˈkeː.t̪ʰo.lik/
Gujarati,/ˈd͡ʒən.nət̪/
Gujarati,/ˈɑ.d̪ʱəɳ/
Gujarati,/ˈɑŋ.ɡəɳ/
Gujarati,/ˈbʱoɾ/
Gujarati,[mɛn.d̪iː]
Gujarati,/ˈmət̪/
Gujarati,/ˈbeː.ʋə.kupʰ/
Gujarati,[ˈbɛn.pə.ɳi]
Gujarati,/ˈəɾ.slɑn/
Gujarati,/ˈsəɲ.t͡ʃo/
Gujarati,/ˈɾoʈ.li/
Gujarati,/ˈt͡ʃoɾ.ʋũ/
Gujarati,/ˈbɑ.bo/
Gujarati,/ˈo/
Gujarati,/ˈmə.ɳi.puɾ/
Gujarati,/ˈɔ.ɾət̪/
Gujarati,/ˈʋɑ.lid̪/
Gujarati,/ˈəp.sə.ɾɑ/
Gujarati,/ˈt͡ʃɑɾ/
Gujarati,/ˈleːs.bi.jən/
Gujarati,/ˈəʈʰ.ʋɑ.ɖi.jũ/
Gujarati,/ˈkiɾ.t̪ɑs/
Gujarati,/ˈd̪ip/
Gujarati,/ˈɾod͡ʒ.ɡɑɾ/
Gujarati,/ˈɡʱɑ.ɾəɳ/
Gujarati,/ˈko.nũ/
Gujarati,/ˈmɑ.ɳɛk/
Gujarati,/ˈsʈəʋ/
Gujarati,[ˈmɔ̤ɾəm]
Gujarati,/ˈpək.ʃi/
Gujarati,/ˈnə.ɾi.mɑn/
Gujarati,/ˈmə.ɦɑ.ɾɑʂʈɾ/
Gujarati,/ˈkə.ɭəʃ/
Gujarati,/ˈmo.beːd̪/
Gujarati,/ˈɡo.ɭi/
Gujarati,/ˈbɑ.ʋəɭ/
Gujarati,/ˈkɔɳ/
Gujarati,/ˈnə/
Gujarati,/ˈd̪ɑs/
Gujarati,/ˈpoɾ.ʈu.ɡid͡ʒʱ/
Gujarati,/ˈʋə.lən.d̪o/
Gujarati,/ˈpjɑ.ɾũ/
Gujarati,/ˈmu.sɑpʰ.ɾi/
Gujarati,/ˈʃu.bʱeːt͡ʃ.t͡ʃʰɑ/
Gujarati,/ˈə.nɛ/
Gujarati,/ˈʈɑ̃k.ɳi/
Gujarati,/ˈpɾeː.mi.kɑ/
Gujarati,/ˈkʰis.ko.li/
Gujarati,/ˈə.ɾi/
Gujarati,/ˈməɡ.ɾib/
Gujarati,/ˈsɑʋ.d̪ʱɑn/
Gujarati,/ˈnɑ.kũ/
Gujarati,/ˈɦɑ̃ɖ.ʋo/
Gujarati,/ˈɾu.bəl/
Gujarati,/ˈis.pɑt̪/
Gujarati,/ˈpuɾ.ʋə‿ˈpɑ.kis.t̪ɑn/
Gujarati,/ˈsɑ.pɛɳ/
Gujarati,/ˈə.nid̪.ɾɑ/
Gujarati,/ˈkən.d̪il/
Gujarati,/ˈɾə.d͡ʒɑi/
Gujarati,/ˈi.sən.puɾ/
Gujarati,/ˈbək.ɾi‿ˈid̪/
Gujarati,/ˈmom.bɑ.sɑ/
Gujarati,/ˈkɑ.ɡəɭ.kɑm/
Gujarati,/ˈkʰɑ.lis.t̪ɑn/
Gujarati,/ˈpə.niɾ/
Gujarati,/ˈt͡ʃok.leːʈ/
Gujarati,/ˈʈeːʋ/
Gujarati,/ˈmɛɭɑ/
Gujarati,/ˈsʋɑ.ɦi.li/
Gujarati,/ˈkuɾ.ku.ɾi.jũ/
Gujarati,/ˈt͡ʃɑl.ʋũ/
Gujarati,/ˈnə.ɭi.jũ/
Gujarati,/ˈt̪i.t̪i/
Gujarati,/ˈɾiŋ.ɡəɳ/
Gujarati,/ˈʃɑk.bʱɑ.d͡ʒi/
Gujarati,/ˈuɾs/
Gujarati,/ˈkʰeːt̪/
Gujarati,/ˈəl.lɑʱ/
Gujarati,/ˈsuɳ.ʋũ/
Gujarati,/ˈsəp.ʈeːm.bəɾ/
Gujarati,/ˈɾuʃi/
Gujarati,/ˈnə.bi/
Gujarati,/ˈkʰiɾ/
Gujarati,/ˈɖʱə/
Gujarati,/ˈlɑk.ɽũ/
Gujarati,/ˈd͡ʒʱɑɾ.kʰəɳɖ/
Gujarati,/ˈpəɾ.meːʃ.ʋəɾ/
Gujarati,[ˈt̪ɑ.ɾif]
Gujarati,/ˈɑm/
Gujarati,[ˈd̪a̤.ɽo]
Gujarati,/ˈləŋ.ɡəɾ/
Gujarati,/ˈɑm.bo/
Gujarati,/ˈsə.pʰəɭ/
Gujarati,/ˈʋɑk.jə/
Gujarati,/ˈu.bək/
Gujarati,/ˈən.d̪ɑd͡ʒ/
Gujarati,/ˈd̪ə.ɾi.jɑ.lɑl/
Gujarati,/ˈt͡ʃʰɑ̃.jə.ɖi/
Gujarati,/ˈsɑ̃k.ɖũ/
Gujarati,/ˈmeːm/
Gujarati,/ˈɛ.ɾəɳ/
Gujarati,[ˈna̤.ʋɑ.ni‿ˈoɾ.ɖi]
Gujarati,/ˈmət͡ʃ.t͡ʃʰəɾ/
Gujarati,/ˈɑmb/
Gujarati,/ˈɾup/
Gujarati,/ˈbɑl/
Gujarati,/ˈt̪ək.li/
Gujarati,/ˈɡəɾ.bo/
Gujarati,/ˈlə.kʰɑ.ɳi/
Gujarati,/ˈə.ɡʱəɾ.ɳi/
Gujarati,/ˈkɑ.d͡ʒəɭ/
Gujarati,/ˈmɔ.ɦə.ɾəm/
Gujarati,/ˈʈɑ.meː.ʈũ/
Gujarati,/ˈso.ni.jɑ/
Gujarati,/ˈli.li/
Gujarati,/ˈɦɑ.ləɾ.ɽũ/
Gujarati,/ˈɡo.ʋɑ/
Gujarati,/ˈɾik.ʃɑ/
Gujarati,/ˈɑ.ʋəɽ.ʋũ/
Gujarati,/ˈnəm.ʋũ/
Gujarati,/ˈmɑ.ʃɑl.lɑʱ/
Gujarati,/ˈpʰit̪/
Gujarati,/ˈki.ɾəɳ/
Gujarati,/ˈə.ʋid̪.jɑ/
Gujarati,/ˈpʰuɑ/
Gujarati,/ˈzəɾ.t̪ost̪/
Gujarati,/ˈɡʱo.ɽo/
Gujarati,/ˈd̪ʱod̪ʱ/
Gujarati,/ˈən.d̪eː.ʃo/
Gujarati,/ˈlipʰʈ/
Gujarati,/ˈɡʱi/
Gujarati,/ˈʋə.ɦeː.ʋɑɾ/
Gujarati,/ˈɡə.ɡən/
Gujarati,/ˈɡo.d̪ɑm/
Gujarati,/ˈɡɑn.d̪ʱi.nə.ɡəɾ/
Gujarati,/ˈɑnɡ.ɭi/
Gujarati,/ˈɦəb.ʃi/
Gujarati,/ˈd̪ɑ.d̪i/
Gujarati,/ˈɑ.d͡ʒo/
Gujarati,/ˈɖi.seːm.bəɾ/
Gujarati,/ˈânt̪ʰo.ni/
Gujarati,/ˈɡod̪/
Gujarati,/ˈbʱə.səm/
Gujarati,/ˈʋə.ɦɑɳ.ʋə.ʈũ/
Gujarati,/ˈkəb.ɾəs.t̪ɑn/
Gujarati,/ˈst̪ʰɑ.pət̪.jə/
Gujarati,/ˈpəɾ.ʋɑ.no/
Gujarati,/ˈkə.li.sɑ/
Gujarati,/ˈɑɡ/
Gujarati,/ˈt͡ʃɑp.li/
Gujarati,/ˈsi.pɑi/
Gujarati,/ˈmɑ̃s/
Gujarati,/ˈɦə.t̪ʰeː.li/
Gujarati,/ˈeːk.səʈʰ/
Gujarati,/ˈt̪ɾeː.səʈʰ/
Gujarati,/ˈkʰɑɾ/
Gujarati,/ˈmeː/
Gujarati,/ˈbol.ʋũ/
Gujarati,/ˈsəɡ.ɖi/
Gujarati,/ˈo.ɳəm/
Gujarati,/ˈɑn.t̪əɾ.ɾɑʂ.ʈɾi.jə/
Gujarati,/ˈnə.ʋɑ.nə.ɡəɾ/
Gujarati,/ˈpəŋ.kʰi.ɡʱəɾ/
Gujarati,/ˈɦo.ʈeːl/
Gujarati,/ˈɦə.kim/
Gujarati,/ˈd̪i.ʋɑ.d̪əɳ.ɖi/
Gujarati,/ˈd͡ʒəɾ.d̪ɑ.ɭu/
Gujarati,/ˈʋəid̪.jə/
Gujarati,/ˈɦum.pɳũ/
Gujarati,/ˈd̪ɔ.ɳi/
Gujarati,/ˈən.d̪ʱeː.ɾi/
Gujarati,/ˈsəd̪.ɾo/
Gujarati,/ˈməɾ.məɾ/
Gujarati,/ˈt͡ʃə.mɑɾ/
Gujarati,/ˈsɑ̃.ʋə.ɾi.jo/
Gujarati,/ˈnə.ɾeːn.d̪ɾə/
Gujarati,/ˈləkʰ.nəu/
Gujarati,/ˈnəʋ.ɾoz/
Gujarati,[ˈkɔ̤ɭũ]
Gujarati,/ˈkɑ.ɭi.jɑɾ/
Gujarati,/ˈd͡ʒu.ʈʰũ/
Gujarati,/ˈd͡ʒə.ɡən.nɑ.t̪ʰi/
Gujarati,/ˈd̪ə.ɾo/
Gujarati,/ˈt͡ʃiz/
Gujarati,/ˈd̪əɾ.bɑɾ/
Gujarati,/ˈɾɑ.ɳi/
Gujarati,/ˈsu.ɾeːʃ/
Gujarati,/ˈkʰə.lɑ.si/
Gujarati,/ˈləs.si/
Gujarati,/ˈd̪i.pək/
Gujarati,/ˈʃɑʱ.nɑ.mũ/
Gujarati,/ˈɾəŋ.ɡlɔ/
Gujarati,/ˈbʱɑi/
Gujarati,/ˈd͡ʒɑm.nə.ɡəɾ/
Gujarati,/ˈko.ɭi/
Gujarati,/ˈkɾiʃ.t͡ʃi.jən/
Gujarati,/ˈmə.ɦɑ.ɾɑʂ.ʈɾə/
Gujarati,/ˈʋəl.lə.bʱɑ/
Gujarati,/ˈəpʰ.lɑ.t̪un/
Gujarati,/ˈbək.ʃiʃ/
Gujarati,/ˈmud͡ʒ.ɾo/
Gujarati,/ˈʋjɑk.ɾəɳ/
Gujarati,/ˈə.ʋeːs.t̪ɑ/
Gujarati,/ˈuŋɡʱ/
Gujarati,/ˈmuʈʰ.ʈʰi/
Gujarati,/ˈt̪ɑ.ɾo/
Gujarati,/ˈpʰɛk.ʈə.ɾi/
Gujarati,/ˈlɑt̪/
Gujarati,/ˈʋə.t̪ən/
Gujarati,/ˈd͡ʒəp.mɑ.lɑ/
Gujarati,/ˈpʰuo/
Gujarati,/ˈʋɑɡʱ.ɾi/
Gujarati,/ˈɾut̪u/
Gujarati,/ˈkəm.pɑs/
Gujarati,/ˈbɑɭ.pəɳ/
Gujarati,/ˈbo.bɑ/
Gujarati,/ˈd̪ə.jɑ/
Gujarati,/ˈt͡ʃɑ̃t͡ʃ/
Gujarati,/ˈbuɾ.kʰo/
Gujarati,/ˈɖʱiŋ.ɡli/
Gujarati,/ˈt͡ʃum.bən/
Gujarati,/ˈso.ʋi.jeːʈ‿ˈsəŋɡʱ/
Gujarati,[ˈfɔn]
Gujarati,/ˈɦeː.ɾɑn/
Gujarati,/ˈpəm.pɑɭ.ʋũ/
Gujarati,/ˈʋɾət̪/
Gujarati,/ˈbənd̪ʱ/
Gujarati,/ˈə.ɖʱɑɾ/
Gujarati,/ˈpɾə.bʱu/
Gujarati,/ˈpə.ɡɑɾ/
Gujarati,/ˈbʱeː.ɡũ/
Gujarati,/ˈsi.neː.mɑ.ɡʱəɾ/
Gujarati,/ˈkʰid͡ʒ.ʋũ/
Gujarati,/ˈt̪ɾɑ.ɦi.mɑm/
Gujarati,/ˈkʰə.ɾũ/
Gujarati,/ˈt̪ɑ.ɾi.kʰi.jũ/
Gujarati,/ˈlim.bu/
Gujarati,/ˈnəɭ/
Gujarati,/ˈʋə.ɡəɾ/
Gujarati,/ˈni.ɦɑɭ.ʋũ/
Gujarati,/ˈɾɑd͡ʒ.d̪ʱɑ.ni/
Gujarati,/ˈsəɾ.ʋɑ.ɳi/
Gujarati,/ˈɑ.sɑm/
Gujarati,/ˈkeː.ɭũ/
Gujarati,[ˈlɛ̤ɾ]
Gujarati,[ˈmɑ.fi]
Gujarati,/ˈpəi.so/
Gujarati,/ˈd̪i.jɑ.ɾi/
Gujarati,/ˈsneːʱ.lə.t̪ɑ/
Gujarati,/ˈbo.jũ/
Gujarati,/ˈɑ.d̪i.ʋɑ.si/
Gujarati,/ˈləŋ.kɑ/
Gujarati,/ˈt͡ʃəʃ.mɑ̃/
Gujarati,/ˈbən.d̪ʱɑ.ɳi/
Gujarati,/ˈiʃ.ʋəɾ/
Gujarati,/ˈɖuŋ.ɡɭi/
Gujarati,/ˈpɾɑ.t͡ʃi/
Gujarati,/ˈbom.beː/
Gujarati,/ˈkəl.pə.nɑ/
Gujarati,/ˈə.ɡəɾ.bət̪.t̪i/
Gujarati,/ˈsʈeː.ʃən/
Gujarati,/ˈɑ.pʰus/
Gujarati,/ˈmi.səɾ/
Gujarati,/ˈkɾi.jɑ.ʋi.ʃeːʃ.ɳəəʋ.jə.jə/
Gujarati,/ˈɡʱə/
Gujarati,/ˈmə.sid̪/
Gujarati,/ˈmɔ.sɑɭ/
Gujarati,/ˈso.pɑ.ɾi/
Gujarati,/ˈd̪u.d̪ʱu/
Gujarati,/ˈpək.ɖi‿ˈleː.ʋũ/
Gujarati,/ˈpɑ.pəɽ/
Gujarati,/ˈjə.ʋən/
Gujarati,/ˈki.lɑ/
Gujarati,/ˈʂə/
Gujarati,/ˈkʰəd͡ʒʋɑɭ.ʋũ/
Gujarati,/ˈʃɾi.ləŋ.kɑ/
Gujarati,/ˈmɔ̃/
Gujarati,/ˈpɾɑ.ɳi/
Gujarati,/ˈt̪ə.ʋo/
Gujarati,/ˈmə.ni.ʃɑ/
Gujarati,/ˈkis.mət̪/
Gujarati,[ˈsə̤i]
Gujarati,/ˈloʈ/
Gujarati,/ˈbək.ɾũ/
Gujarati,/ˈt͡ʃʰət̪/
Gujarati,/ˈni.ʃɑɭ/
Gujarati,/ˈnɑs.t̪o/
Gujarati,/ˈkə.bəɾ/
Gujarati,/ˈʋə.d̪ʱəs.t̪əmbʱ/
Gujarati,/ˈd͡ʒəɖ/
Gujarati,/ˈpəɾ.d̪o/
Gujarati,/ˈʋə.ɳi.jɛɾ/
Gujarati,/ˈpoɾ.ʈu.ɡəl/
Gujarati,/ˈpi.pi/
Gujarati,/ˈu.məɾ/
Gujarati,/ˈɾeːs.ʈo.ɾɑ̃/
Gujarati,/ˈɦuɾ/
Gujarati,/ˈd͡ʒɑ.ɦeːɾ/
Gujarati,/ˈbʱɛ̃s/
Gujarati,/ˈkɑɭ.d͡ʒũ/
Gujarati,/ˈo.ʃi.kũ/
Gujarati,/ˈis.lɑm/
Gujarati,/ˈbid͡ʒ/
Gujarati,/ˈməɳ.ko/
Gujarati,/ˈɡʱɑs/
Gujarati,/ˈd͡ʒəm/
Gujarati,/ˈlok.nɾut̪jə/
Gujarati,/ˈɡɛɾ.ɦɑ.d͡ʒəɾ/
Gujarati,/ˈʃi.kʰəɳɖ/
Gujarati,/ˈpəd̪.mə/
Gujarati,/ˈsɑ.bun/
Gujarati,/ˈsə.lɑm‿ˈə.ləi.kum/
Gujarati,/ˈbʱiɳ.ɖo/
Gujarati,/ˈə.ɡi.jɑɾ/
Gujarati,/ˈkəlb/
Gujarati,/ˈɖɑ.jɑ.bi.ʈis/
Gujarati,/ˈɾə/
Gujarati,/ˈsɑ.ɭi/
Gujarati,/ˈbʱi.nũ/
Gujarati,/ˈpi.jəɾ/
Gujarati,/ˈbum/
Gujarati,/ˈpɑ.ɾeːkʰ/
Gujarati,/ˈkʰɑ.ʈũ/
Gujarati,/ˈd͡ʒɑm.bli/
Gujarati,/ˈəɳ.mul/
Gujarati,/ˈt͡ʃɔ.mɑ.sũ/
Gujarati,/ˈək.ʃəɾ/
Gujarati,/ˈɑ.kɑʃ.ɡəŋ.ɡɑ/
Gujarati,/ˈsə/
Gujarati,[ˈbʱɑu]
Gujarati,/ˈsəs.ɾo/
Gujarati,/ˈə.ʈək/
Gujarati,/ˈd͡ʒən.mot̪.səʋ/
Gujarati,/ˈkəi.lɑs/
Gujarati,/ˈt͡ʃɑ.d̪əɾ/
Gujarati,/ˈsʋi.kɑɾ.ʋũ/
Gujarati,/ˈbin.d̪u/
Gujarati,/ˈɾə.məɳ/
Gujarati,/ˈkʰə.d͡ʒɑn.t͡ʃi/
Gujarati,/ˈɔ.lɑd̪/
Gujarati,/ˈməɾ.ɦum/
Gujarati,/ˈɔ.ɡəɭ.ʋũ/
Gujarati,/ˈɑɾ.d͡ʒɑ/
Gujarati,/ˈd̪eːl/
Gujarati,/ˈbin.d̪ɑs/
Gujarati,/ˈsə.ɦəɾ/
Gujarati,/ˈd͡ʒu.d̪ũ/
Gujarati,/ˈt̪ʋə/
Gujarati,/ˈd͡ʒeː/
Gujarati,/ˈʈʰə/
Gujarati,/ˈpʰuɾ.sət̪/
Gujarati,/ˈʃɑnt̪/
Gujarati,/ˈbət͡ʃ.t͡ʃi/
Gujarati,/ˈo.səɽ/
Gujarati,/ˈɡɑ.d͡ʒəɾ/
Gujarati,/ˈʋu.zu/
Gujarati,/ˈd͡ʒən.mə.bʱu.mi/
Gujarati,/ˈʋɑs/
Gujarati,/ˈd͡ʒə.ɦɑd͡ʒ/
Gujarati,/ˈɾə.sid̪/
Gujarati,/ˈni.mək/
Gujarati,/ˈmə.d̪ʱu/
Gujarati,/ɦo.ɭi/
Gujarati,/ˈət̪.jənt̪/
Gujarati,/ˈmən.d̪iɾ/
Gujarati,[ˈsɑ.ɦu.ɽi]
Gujarati,/ˈuʈʰ.ʋũ/
Gujarati,/ˈt̪ɾəɳ/
Gujarati,/ˈʋid̪ʱ.ʋɑ/
Gujarati,/ˈus/
Gujarati,/ˈd͡ʒiʋ/
Gujarati,/ˈpɾəd͡ʒ.nən/
Gujarati,/ˈmɑ.mo/
Gujarati,/ˈd͡ʒjɔɾd͡ʒi.jɑ/
Gujarati,/ˈbʱɛ̃.so/
Gujarati,/ˈpɑ.sɛ/
Gujarati,/ˈt̪eːl/
Gujarati,/ˈi.su.bɑp/
Gujarati,/ˈɡod̪ʱ.ɾɑ/
Gujarati,/ˈbəŋ.ɡɑɭ.ni‿ˈkʰɑ.ɖi/
Gujarati,/ˈt͡ʃõʈ.ʋũ/
Gujarati,[ˈba̤.nũ]
Gujarati,/ˈso.ɦɑɡ/
Gujarati,/ˈd̪ə.ɾi.jo/
Gujarati,/ˈt̪əs.biʱ/
Gujarati,/ˈɑɾ.si/
Gujarati,/ˈbɑʈ.li/
Gujarati,/ˈsuk.ʋũ/
Gujarati,/ˈbʱɑɾ.t̪i.jə/
Gujarati,/ˈə.li.ku.li/
Gujarati,/ˈsə.məd͡ʒ.ʋũ/
Gujarati,/ˈɑ.jɑt̪/
Gujarati,/ˈju.ɾop/
Gujarati,/ˈpeː.ɖʱi/
Gujarati,/ˈpə.ləŋɡ/
Gujarati,/ˈd͡ʒə.ʋɑb/
Gujarati,[ˈsi.ɾo]
Gujarati,/ˈɡnə/
Gujarati,/ˈsu.mɑt̪.ɾɑ/
Gujarati,/ˈnɑn/
Gujarati,/ˈeː.kəl.ɖũ/
Gujarati,/ˈmɑ.pʰi/
Gujarati,/ˈə.bʱi./
Gujarati,/ˈɾɑ.d͡ʒɑ/
Gujarati,/ˈmis.ɾi/
Gujarati,/ˈt̪ə.lɑ.ʈi/
Gujarati,/ˈkɑɡ.ɽo/
Gujarati,[ˈə̤ɭ.d̪əɾ]
Gujarati,/ˈbɾɑʱ.məɳ/
Gujarati,/ˈo.ɭəɡ/
Gujarati,/ˈkɾu.sɑ.ɾo.ɦəɳ/
Gujarati,/ˈd̪əɾ.d͡ʒi/
Gujarati,/ˈko.pʰi/
Gujarati,/ˈʋɑɡ.ʋũ/
Gujarati,/ˈkɑ.t͡ʃəɳ.ɖo/
Gujarati,/ˈʋoɖ.kɑ/
Gujarati,/ˈʋɑs‿ˈmɑɾ.ʋi/
Gujarati,/ˈu.məŋɡ/
Gujarati,/ˈpɑ.pɑ/
Gujarati,/ˈɡʱu.ʋəɖ/
Gujarati,/ˈt̪ə.ɦɛ.ʋɑɾ/
Gujarati,/ˈbʱə.ɾut͡ʃ/
Gujarati,/ˈpi.ʈʰi/
Gujarati,[ˈbɛ.nɑ̃]
Gujarati,/ˈkupʰ.ɾis.t̪ɑn/
Gujarati,/ˈmɑ.ɳəs/
Gujarati,/ˈə.pəbʱ.ɾãʃ/
Gujarati,/ˈmo.mo/
Gujarati,/ˈu.ʃɑ/
Gujarati,/ˈpəɳ.ɖit̪/
Gujarati,/ˈt̪ʰɔɾ/
Gujarati,/ˈɾə.mək.ɖũ/
Gujarati,/ˈd͡ʒɑ.meː.məs.d͡ʒid̪/
Gujarati,/ˈɦim/
Gujarati,/ˈni.kɑb/
Gujarati,/ˈʈi.ʋi/
Gujarati,/ˈku.sum/
Gujarati,/ˈd͡ʒə.ɭəɳ/
Gujarati,/d͡ʒɑt̪/
Gujarati,/ˈsu.kũ/
Gujarati,/ˈʋə.ɦɑl/
Gujarati,/ˈsu.ɾəd͡ʒ.mu.kʰi/
Gujarati,/ˈʋi.ɾəʱ/
Gujarati,/ˈut̪.t̪əɾ/
Gujarati,/ˈɦə.ɾi.keːn/
Gujarati,/ˈmə.ɦət̪.t̪ʋə/
Gujarati,/ˈu.pən.jən/
Gujarati,/ˈə.d͡ʒəj/
Gujarati,/ˈmo.ɾok.ko/
Gujarati,/ˈkɑt͡ʃ/
Gujarati,/ˈd̪ɑ.ʋəɾ/
Gujarati,/ˈeː.ɦə.sɑn/
Gujarati,/ˈpə.ɾi.ʋɑɾ/
Gujarati,/ˈbis.kiʈ/
Gujarati,/ˈʋeː.ləɳ/
Gujarati,/ˈmɑ.ɳɛk‿ˈt͡ʃɔk/
Gujarati,/ˈkɑ.t̪əɾ/
Gujarati,/ˈɖəb.bi/
Gujarati,/ˈsə.t̪i/
Gujarati,/ˈɖʱɑ.kɑ/
Gujarati,/ˈd̪eː.ɾũ/
Gujarati,/ˈpʰə.ʈɑk.ɖo/
Gujarati,/ˈeːk.ʋis/
Gujarati,/ˈbən.d̪o/
Gujarati,/ˈt̪ɑɲ.d͡ʒʱɑ.ni.jɑ/
Gujarati,/ˈɑ.d̪əm/
Gujarati,/ˈə.ɾə.bi‿ˈsə.mud̪.ɾə/
Gujarati,/ˈt͡ʃəp.ʈi/
Gujarati,/ˈə.jɑ.d̪ət̪/
Gujarati,/ˈkɛm/
Gujarati,/ˈd͡ʒə.ɭo/
Gujarati,/ˈsin.d̪ʱu.d̪eːʃ/
Gujarati,/ˈt͡ʃɔk/
Gujarati,/ˈkɑɾ.jə/
Gujarati,/ˈpʰəɾ.ʋəɾ.d̪in/
Gujarati,[ˈmu.sɑ.fəɾ]
Gujarati,/ˈɡə.meː‿ˈt̪eːm/
Gujarati,/ˈɡi.ni/
Gujarati,/ˈoɭ.kʰɑɳ/
Gujarati,/ˈzəbʱ.lũ/
Gujarati,/ˈpʰu.ʋɑd̪/
Gujarati,/ˈt̪o.ɾət̪/
Gujarati,/ˈt̪ɑ.lib/
Gujarati,/ˈʋə.ɽil/
Gujarati,[ˈbɛ̤n]
Gujarati,/ˈd̪i.jəɾ/
Gujarati,/ˈsən.ju.kət̪‿ˈɾɑd͡ʒ.jə‿ˈə.meː.ɾi.kɑ/
Gujarati,/ˈʋiʃ.ʋə.koʃ/
Gujarati,/ˈpũ.liŋɡ/
Gujarati,/ˈmo.ko/
Gujarati,/ˈbə.lu.t͡ʃis.t̪ɑn/
Gujarati,/ˈʃəbd̪/
Gujarati,/ˈki.nɑ.ɾo/
Gujarati,/ˈə.d̪ɑ.lət̪/
Gujarati,/ˈmum.bəi/
Gujarati,/ˈɖol/
Gujarati,/ˈʋi.ʋid̪ʱ/
Gujarati,/ˈnɔm/
Gujarati,/ˈɡʱəũ/
Gujarati,/ˈʃi.ɾin/
Gujarati,/ˈnim.ʋũ/
Gujarati,/ˈʋəɾ.ɳə.mɑ.ɭɑ/
Gujarati,/ˈst̪up/
Gujarati,/ˈkʰit͡ʃ.ɽi/
Gujarati,/ˈɾəŋ.ɡʋũ/
Gujarati,/ˈɡoʂʈʰ/
Gujarati,/ˈmis.t̪ɾi/
Gujarati,/ˈbi.ɽi/
Gujarati,/ˈmə.d͡ʒɑk/
Gujarati,/ˈʃeːk.ʋũ/
Gujarati,[ˈfoi]
Gujarati,/ˈəɾt̪ʰ/
Gujarati,/ˈd͡ʒʱi.ɳũ/
Gujarati,/ˈt͡ʃəɖʱ.ʋũ/
Gujarati,/ˈɾəs/
Gujarati,/ˈt͡ʃəʈ.ɡɑ̃ʋ/
Gujarati,/ˈɡʱum.ʈo/
Gujarati,/ˈskoʈ.ləɳɖ/
Gujarati,/ˈɾɑnd̪ʱ.ʋũ/
Gujarati,/ˈpus.t̪ə.kɑ.ləj/
Gujarati,/ˈʋeːd̪/
Gujarati,/ˈseːʋ.ɽo/
Gujarati,/ˈɦɑɾʈ/
Gujarati,/ˈsi.ɡɑ.ɾeːʈ/
Gujarati,/ˈipʰ.t̪ɑɾ/
Gujarati,/ˈsɑ.mə.ɭũ/
Gujarati,/ˈsɑ.pəɳ/
Gujarati,/ˈʃi.ʃi/
Gujarati,/ˈpə.pəi.jũ/
Gujarati,/ˈkɾi.ɖɑ/
Gujarati,/ˈkum.bʱɑɾ/
Gujarati,/ˈəpʰ.ɾɑ.si.jɑb/
Gujarati,/ˈd͡ʒɑm.pʰəɭ/
Gujarati,/ˈkɑɾ.kun/
Gujarati,/ˈɑ̃.su/
Gujarati,/ˈælkə.ɦɑl/
Gujarati,/ˈsu.ɾət̪/
Gujarati,/ˈjuk.ɾeːin/
Gujarati,/ˈkɑ̃.sɑ̃/
Gujarati,/ˈɾəŋ.ɡɑ.ɾo/
Gujarati,/ˈpə.ɾikʰ/
Gujarati,/ˈʋəɖ/
Gujarati,/ˈt̪ẽ.t̪ɑ.ɭis/
Gujarati,/ˈʋiʃ.ʋɑs/
Gujarati,/ˈəŋ.kəl/
Gujarati,/ˈɦəs.t̪ɑk.ʃəɾ/
Gujarati,/ˈbə.ɡəɽ.ʋũ/
Gujarati,/ˈd͡ʒə.ɦən.nəm/
Gujarati,/ˈd͡ʒən.mə/
Gujarati,/ˈɡud͡ʒ.ɾɑ.t̪i/
Gujarati,/ˈpə.ɾɑ̃.ʈʰũ/
Gujarati,/dəʃ/
Gujarati,/ˈə.t̪ɑ.t̪uɾk/
Gujarati,/ˈməɡ.pʰə.ɭi/
Gujarati,/ˈkʰɾist̪/
Gujarati,/ˈɖɑj.ɦjũ/
Gujarati,/ˈbɑɳ/
Gujarati,/ˈɑʋ.ʋũ/
Gujarati,/ˈt̪ə.ɾəs/
Gujarati,/ˈə.ʈək.ʋũ/
Gujarati,/ˈʋɪ.pɑ.ʃɑ/
Gujarati,/ˈnjɑj.muɾ.t̪i/
Gujarati,/ˈmɑɾ.ksʋɑd̪/
Gujarati,/ˈu.d̪ɑ.ɦə.ɾəɳ/
Gujarati,/ˈsɑʱ/
Gujarati,/ˈpi.pəɾ.miʈ/
Gujarati,/ˈʋi.ɦɑ.mo/
Gujarati,/ˈɑ.bʱə/
Gujarati,/ˈɡɔɾ.pə.d̪ũ/
Gujarati,/ˈpʰə.ɾɑ.si.si/
Gujarati,/ˈnuʱ/
Gujarati,/ˈpʰə.lɑ.ɳũ/
Gujarati,/ˈu.d̪ʱəi/
Gujarati,/ˈbɑ.pɑ/
Gujarati,/ˈt̪ɾi.koɳ/
Gujarati,/ˈkʰə.mis/
Gujarati,/ˈd̪us.ɾũ/
Gujarati,/ˈo.ɭəkʰ.ʋũ/
Gujarati,/ˈd̪ɑ.ɾeː.sə.lɑm/
Gujarati,/ˈɦə.ɾɑm.kʰoɾ/
Gujarati,/ˈt̪əl/
Gujarati,/ˈi.ɾɑk/
Gujarati,/ˈd͡ʒɑ.ɖũ/
Gujarati,/ˈə.d͡ʒʱɑn/
Gujarati,/ˈbɑ.ʋən/
Gujarati,/ˈʃi.jɑ.ɭo/
Gujarati,/ˈʋi.sɑ.mo/
Gujarati,/ˈd͡ʒi.d͡ʒo/
Gujarati,/ˈɦeː.mənt̪/
Gujarati,/ˈd̪il.li/
Gujarati,/ˈɡɑʱ/
Gujarati,/ˈsi.t̪ɑ/
Gujarati,/ˈɡʱəɽɔ/
Gujarati,/ˈbeːp.ʈi.d͡ʒʱəm/
Gujarati,/ˈnĩ.d̪əɾ/
Gujarati,/ˈʋət͡ʃ.lũ/
Gujarati,/ˈʋɑɡʱ/
Gujarati,/ˈɡə.ɾəm/
Gujarati,/ˈʃə.t̪ɑb.d̪i/
Gujarati,/ˈpɑɭ.ʋũ/
Gujarati,/ˈpɑ.ɭũ/
Gujarati,/ˈkə.ləm/
Gujarati,/ˈɡəbʱ.ɾɑ.məɳ/
Gujarati,/ˈkɔʈʰi/
Gujarati,/ˈt̪ɑ.ɾikʰ/
Gujarati,/ˈə.nɑɾ.kə.ɭi/
Gujarati,/ˈpʰi.ɾəs.t̪o/
Gujarati,/ˈbi.lɑ.ɽo/
Gujarati,/ˈə.ɦĩ.t̪ə.ɦĩ/
Gujarati,/ˈɡəd͡ʒ/
Gujarati,/ˈpəɲ.t͡ʃɑ.ʋən/
Gujarati,/ˈɦɑd͡ʒ.ɾi/
Gujarati,/ˈməs.d͡ʒid̪/
Gujarati,/ˈpuʃ.pə/
Gujarati,/ˈɦə.lɑl/
Gujarati,/ˈt͡ʃə.ɾo/
Gujarati,/ˈpɑ.ʋə.ni/
Gujarati,/ˈu.pə.ni.ʃəd̪/
Gujarati,/ˈmɑʱ/
Gujarati,/ˈɾə.so.ɖũ/
Gujarati,/ˈʃə.kəɾ/
Gujarati,/ˈmək.d̪u.ni.jɑ/
Gujarati,/ˈd͡ʒɑ.ɦeːɾ.nɑ.mũ/
Gujarati,/ˈʋəi.ʃɑkʰ/
Gujarati,/ˈəɾ.sə.lɑn/
Gujarati,/ˈəm.d̪ɑ.ʋɑd̪/
Gujarati,/ˈɑis.kɾim/
Gujarati,/ˈjoɡ.jə/
Gujarati,[ˈlifʈ]
Gujarati,/ˈbə.poɾ/
Gujarati,/ˈɦə.ɾəɳ/
Gujarati,/ˈmɑ.d̪ɑ/
Gujarati,/ˈkʰo.ɖi.jɑɾ/
Gujarati,/ˈt̪əɭ.ʋũ/
Gujarati,/ˈkɑm.bɭo/
Gujarati,/ˈbə.ʈɑ.ʈo/
Gujarati,/ˈd͡ʒəɳ/
Gujarati,/ˈɦəid̪.ɾɑ.bɑd̪/
Gujarati,[ˈṳ̃]
Gujarati,/ˈʈeːk.si/
Gujarati,/ˈeː.ɖi.ʈəɾ/
Gujarati,[ˈbʱəi]
Gujarati,/ˈbin.d̪i/
Gujarati,/ˈmɑ.si/
Gujarati,/ˈt͡ʃɑ̃.t͡ʃi.jo/
Gujarati,/ˈlɑ.jək/
Gujarati,/ˈə.d̪ʱi.kɑɾ/
Gujarati,/ˈseːʋ/
Gujarati,/ˈəu/
Gujarati,/ˈlə.d̪ɑkʰ/
Gujarati,/ˈd͡ʒɑn.ʋəɾ/
Gujarati,/ˈbə.ɦɑ.nũ/
Gujarati,/ˈbuʈ.ʈo/
Gujarati,/ˈkəŋɡ/
Gujarati,/ˈfɪ.ləs.t̪in/
Gujarati,/ˈmi.niʈ/
Gujarati,/ˈɡoʃt̪/
Gujarati,/ˈit͡ʃ.t͡ʃʰɑ/
Gujarati,/ˈuŋ.ɡʱʋũ/
Gujarati,/ˈʃeːt̪.ɾəɲd͡ʒ/
Gujarati,/ˈd͡ʒi/
Gujarati,/ˈin.ʃɑ.əl.lɑʱ/
Gujarati,/ɑlif/
Gujarati,/ˈmu.səl.mɑ.ni/
Gujarati,/ˈkɑɾ.t̪us/
Gujarati,/ˈkə.ɾəm/
Gujarati,/ˈʃɑ.ɳũ/
Gujarati,/ˈsəɾ.ʈi.pʰi.keːʈ/
Gujarati,/ˈd̪əs.t̪ɑɾ/
Gujarati,/ˈt̪ə.miɭ.nɑ.ɖu/
Gujarati,/ˈkəʋ.ʋɑ.li/
Gujarati,/ˈlɑl‿ˈsə.lɑm/
Gujarati,/ˈʋə.ɦɑ.lɑ/
Gujarati,/ˈso.ləŋ.ki/
Gujarati,/ˈd̪ɑ.ɽəm/
Gujarati,/ˈd̪ʱup/
Gujarati,/ˈt̪ɑ.ʋid͡ʒ/
Gujarati,/ˈɖʱo.sɑ/
Gujarati,/ˈnəʋ.ɾəŋɡ.pu.ɾɑ/
Gujarati,/ˈli.d̪ʱũ/
Gujarati,/ˈt̪ək.ʃə.ʃi.lɑ/
Gujarati,/ˈpə.t͡ʃis/
Gujarati,/ˈɦəp.t̪o/
Gujarati,/ˈuɖ.ʋũ/
Gujarati,/ˈt̪eː.lu.ɡu/
Gujarati,/ˈpəɾ.nɑɭ/
Gujarati,/ˈbə.kɑ.lũ/
Gujarati,/ˈt̪əs.ʋiɾ/
Gujarati,/ˈib.ɾɑ.ɦim/
Gujarati,/ˈkʰɔɭ/
Gujarati,/ˈbɑŋ.ɡlə.d̪eːʃ/
Gujarati,/ˈkjɑ̃/
Gujarati,/ˈkʰis.sũ/
Gujarati,/ˈi.d͡ʒɑɾ/
Gujarati,/ˈʃiʃ.nə/
Gujarati,[ˈloi̤]
Gujarati,/ˈkʰiɽ.ki/
Gujarati,/ˈə.t̪i.ʃəj/
Gujarati,[ˈə.ɡɑ.si]
Gujarati,/ˈɑ.t̪ə.ʃək.d̪eːʱ/
Gujarati,/ˈnɑ.bʱi/
Gujarati,/ˈpɾɑkɾut̪/
Gujarati,/ˈɖʱol/
Gujarati,/ˈqəlb/
Gujarati,/ˈkɑ.ɡəɭ/
Gujarati,/ˈkum.t͡ʃi/
Gujarati,/ˈɾɑd͡ʒ.mɑɾɡ/
Gujarati,/ˈʃəɾ.ɳɑi/
Gujarati,/ˈsɑ.mɑn/
Gujarati,/ˈmu.səl.mɑn/
Gujarati,/ˈsə.but̪/
Gujarati,/ˈkəŋ.kot̪.ɾi/
Gujarati,/ˈʋol.ɾəs/
Gujarati,/ˈsɑ.su/
Gujarati,/ˈbə.d̪əl.ʋũ/
Gujarati,/ˈpɑʈ.li/
Gujarati,/ˈpə.si.no/
Gujarati,/ˈɦəns/
Gujarati,/ˈʋə/
Gujarati,/ˈɡʱu.məɾ/
Gujarati,/ˈsəm.bʱɑɾ/
Gujarati,/ˈɦə.d͡ʒɑɾ/
Gujarati,/ˈəb.d̪ul.lɑ/
Gujarati,/ˈnə.məs.t̪eː/
Gujarati,/ˈsəsɔ/
Gujarati,/ˈlə.kʰəɳ/
Gujarati,/ˈkɑ̃.sũ/
Gujarati,/ˈɑ.ʃək/
Gujarati,[ˈɾɛ̤.ʋũ]
Gujarati,/ˈd̪ʱu.t̪ɑ/
Gujarati,/ˈd͡ʒəɾ.t̪ʰuʃ.ʈɾə/
Gujarati,/ˈŋə/
Gujarati,[ˈʃi.ʃiː]
Gujarati,/ˈɡu.ɾud̪.ʋɑ.ɾɑ/
Gujarati,/ˈpɑ.ɡəl/
Gujarati,/ˈpʰuʈ.bɔl/
Gujarati,/ˈsəɖʱ/
Gujarati,/ˈkoɖ/
Gujarati,/ˈkəpʰ/
Gujarati,/ˈə.ʈɑ.ɾi/
Gujarati,/ˈbʱukʰ.ɦəɖ.t̪ɑɭ/
Gujarati,/ˈkɔɡ.ɭo/
Gujarati,/ˈd͡ʒə.min/
Gujarati,/ˈi.liʂ/
Gujarati,/ˈsəɳ.ɖɑs/
Gujarati,/ˈseːb/
Gujarati,/ˈpɑ.kũ/
Gujarati,/ˈt̪ʰəɭ/
Gujarati,/ˈeːʈ.lũ/
Gujarati,/ˈkə.mə.ɭɑ/
Gujarati,/ˈɦɑ/
Gujarati,/ˈɾɑkʰ.ʋũ/
Gujarati,/ˈɦin.d̪u/
Gujarati,/ˈsi.ɾɑt̪/
Gujarati,/ˈsɑs/
Gujarati,/ˈd͡ʒo.ɽɛ/
Gujarati,/ˈbə.ɡi.t͡ʃo/
Gujarati,/ˈpeː.ʈi/
Gujarati,/ˈd̪ʱo.bi/
Gujarati,[ˈba̤r]
Gujarati,/ˈɖʱeːl/
Gujarati,/ˈd͡ʒə.leː.bi/
Gujarati,/ˈd͡ʒjɑ.ɾɛ/
Gujarati,/ˈbɑd̪.ʃɑʱ/
Gujarati,/ˈnəsk/
Gujarati,/ˈd̪in.bən.d̪ʱu/
Gujarati,/ˈʈʰeː.kɑ.ɳũ/
Gujarati,/ˈɾət̪ʰ/
Gujarati,/ˈd̪eː.ʋũ/
Gujarati,/ˈkil.lo/ ~ /ˈkil.lɔ/
Gujarati,/ˈɾə.d̪əj/
Gujarati,/ˈsəm.bʱɑɭ.ʋũ/
Gujarati,/ˈt̪ɾeː.pən/
Gujarati,/ˈʈɾeːn/
Gujarati,/ˈɾəkt̪/
Gujarati,/ˈpuʃ.kə.lɑ.ʋə.t̪i/
Gujarati,/ˈɑbʱ.lũ/
Gujarati,/ˈd̪ʱə/
Gujarati,/ˈɡə.ɦũ/
Gujarati,/ˈkoɳ.mɑ.pək/
Gujarati,[ˈɾə.d͡ʒəi]
Gujarati,/ˈʋɑɭ/
Gujarati,/ˈɖə/
Gujarati,/ˈmɑ.mɑ/
Gujarati,/ˈko.ɾũ/
Gujarati,/ˈkʰə.jɑɾ.səm.bəɾ/
Gujarati,/ˈəi.ɾɑ.ʋət̪/
Gujarati,/ˈkɑ.ki/
Gujarati,/ˈd͡ʒə.mil/
Gujarati,/ˈpʰə.d͡ʒəɾ/
Gujarati,/ˈʃə.ɦɛɾ/
Gujarati,/ˈku.ʋɑ.t̪ʰəm/
Gujarati,/ˈpə.ʋit̪.ɾə/
Gujarati,/ˈʋəɾ.sɑd̪/
Gujarati,/ˈʃət̪.pəd̪/
Gujarati,/ˈd̪ɑ.ɾu.ʋɑ.lɑ/
Gujarati,/ˈɑʈʰ/
Gujarati,/ˈkʰoɾ.d̪ɑd̪/
Gujarati,/ˈə.bʱi.mɑn/
Gujarati,/ˈpit͡ʃ.kɑ.ɾi/
Gujarati,/ˈu.nũ/
Gujarati,/ˈə.ɖʱi/
Gujarati,/ˈpɾə.ɳɑm/
Gujarati,/ˈɾɑʃ.ʈɾə.bʱɑ.ʃɑ/
Gujarati,/ˈkʰɑʈ.lo/
Gujarati,[ˈfuʈ.pəʈ.ʈi]
Gujarati,/ˈnə.sib/
Gujarati,/ˈəŋ.kuɾ/
Gujarati,/ˈsɑ.ɦil/
Gujarati,/ˈd͡ʒu.mɑ/
Gujarati,/ˈt͡ʃɑkʰ.ʋũ/
Gujarati,[ˈpɔ̤.ɭũ]
Gujarati,/ˈpɾə.t̪ʰəm/
Gujarati,/ˈni.ʃɑ.ni/
Gujarati,/ˈpə.ʈɛl/
Gujarati,/ˈpə.ɾi.jɑ/
Gujarati,/ˈmɑ.ɭi/
Gujarati,/ˈɖʱɑ̃k.ɳũ/
Gujarati,/ˈt̪iɾ/
Gujarati,/ˈd͡ʒoɽ/
Gujarati,/ˈpɑ.kis.t̪ɑn/
Gujarati,/ˈməd̪.ɾeː.sɑ/
Gujarati,/ˈd̪əl.ɖũ/
Gujarati,/ˈd̪ʋip/
Gujarati,/ˈəɡ.ɳo.sit̪.t̪eːɾ/
Gujarati,/ˈəu.ɾəŋ.ɡd͡ʒʱeːb/
Gujarati,/ˈni.ɾəɳ/
Gujarati,/ˈɑm.bɑ.ʋɑ.ɖi/
Gujarati,/ˈspəɾʃ/
Gujarati,/ˈɔk.ʈo.bəɾ/
Gujarati,/ˈɔ.pʰis/
Gujarati,/ˈkɑ.ɾɑ.ko.ɾəm/
Gujarati,/ˈɡəɖʱ.ʋi/
Gujarati,/ˈə.mi/
Gujarati,/ˈsuɾ.ʋɑl/
Gujarati,/ˈkʰo.kʰũ/
Gujarati,/ˈsən.t̪ɑ.kuk.ɽi/
Gujarati,/ˈpɑl.kʰi/
Gujarati,/ˈt͡ʃə.ɦeː.ɾo/
Gujarati,/ˈmə.ɦɑ.ʋiɾ/
Gujarati,/ˈd͡ʒeːʈʰ/
Gujarati,/ˈə.ɳə.səɳ/
Gujarati,/ˈɑ.d͡ʒʱɑɾ/
Gujarati,/ˈkʰɑ.ʋũ/
Gujarati,/ˈnəm.bəɾ/
Gujarati,/ˈkʰi.mo/
Gujarati,/ˈɑn.d̪ʱɾə‿ˈpɾə.d̪eːʃ/
Gujarati,/ˈt̪ə.ɾɑ.po/
Gujarati,/ˈnɾut̪jə/
Gujarati,/ˈpʰin.ləɳɖ/
Gujarati,/ˈɦə.ʋɑ/
Gujarati,/ˈʃʋɑs/
Gujarati,/ˈd̪əɾ.pəɳ/
Gujarati,/ˈd̪ʱu.jə/
Gujarati,/ˈɦəl.ʋo/
Gujarati,/ˈd͡ʒʱɑɽ/
Gujarati,/ˈbɑpʰ.ʋũ/
Gujarati,/ˈt͡ʃɔ.kəs/
Gujarati,/ˈbʱɑ.bʱi/
Gujarati,/ˈeː.lis.bɾid͡ʒ/
Gujarati,[ˈṳl.ləɽ]
Gujarati,/ˈʋɑ.d̪əɭ/
Gujarati,/ˈd͡ʒəɳ.ʋũ/
Gujarati,/ˈlə.t̪ɑ/
Gujarati,/ˈd͡ʒʱə/
Gujarati,/ˈmə/
Gujarati,/ˈɦəŋ.ɡeː.ɾi/
Gujarati,/ˈbʱəs.ʋũ/
Gujarati,[ˈfɾɑk]
Gujarati,/ˈən.t̪əɾ.d̪ʱɑn/
Gujarati,/ˈkə.liŋ.ɡəɾ/
Gujarati,/ˈʋə.ɦẽt͡ʃ.ʋũ/
Gujarati,/ˈpəʃ.t͡ʃim‿ˈbəŋ.ɡɑɭ/
Gujarati,/ˈd͡ʒəin/
Gujarati,/ˈid̪.ul.pʰi.t̪uɾ/
Gujarati,/ˈʋa̤ɣəɳ/
Gujarati,/ˈkeː.misʈ/
Gujarati,/ˈɾə.ɦɛ.ʋũ/
Gujarati,/ˈd̪ə.ɦeːd͡ʒ/
Gujarati,/ˈeːɾ.ʋəd̪/
Gujarati,/ˈpɑs.buk/
Gujarati,/ˈsə.lɑm/
Gujarati,/ˈbʱɑʋ.nə.ɡəɾ/
Gujarati,/ˈnɑm/
Gujarati,/ˈbɑ.ɾi/
Gujarati,/ˈt͡ʃʰoɽ/
Gujarati,/ˈd͡ʒeː.t̪un/
Gujarati,/ˈʋɑ̃.kɑ.neːɾ/
Gujarati,/ˈsid͡ʒ.d̪o/
Gujarati,/ˈʋəɲ.ʃəd͡ʒ/
Gujarati,/ˈə.ʋə.jə.ʋik.ɾəɳ/
Gujarati,/ˈmu.ɡʱəl/
Gujarati,/ˈʃə.bis.t̪ɑn/
Gujarati,/ˈmis.ʈəɾ/
Gujarati,/ˈbul.bul/
Gujarati,/ˈɑl.ko.ɦol/
Gujarati,/ˈkʰə/
Gujarati,/ˈno.kəɾ/
Gujarati,/ˈsuk.ɾɑt̪/
Gujarati,/ˈbɑt̪ʰ/
Gujarati,/ˈbok.ɽũ/
Gujarati,/ˈkʰɑ̃.pəɳ/
Gujarati,/ˈd̪u.ni.jɑ/
Gujarati,/ˈkʰəi.bəɾ‿ˈpəkʰ.t̪un.ʋɑ/
Gujarati,/ˈəɭ.t̪o/
Gujarati,/ˈt͡ʃək.kəɾ/
Gujarati,/ˈul.ʈũ/
Gujarati,/ˈkʰəʈ.məɳ.ɖu/
Gujarati,/ˈpʰɑ.ɡəɳ/
Gujarati,/ˈt̪ɾi.ʃuɭ/
Gujarati,/ˈpən.d̪əɾ/
Gujarati,/ˈd͡ʒin.d̪ə.ɡi/
Gujarati,/ˈʋoʈ.səeːp/
Gujarati,/ˈɡo.kəɭ.ɡɑj/
Gujarati,/ˈi/
Gujarati,/ˈt̪ə.lɑk/
Gujarati,/ˈʋɑɭ.ʋũ/
Gujarati,/ˈɑɾ.jə.sə.mɑd͡ʒ/
Gujarati,/ˈkəɾ.mə/
Gujarati,/ˈbol/
Gujarati,/ˈəpʰ.ɡʱɑ.nis.t̪ɑn/
Gujarati,/ˈt̪i.ɾɑ.nɑ/
Gujarati,/ˈməs.t̪i/
Gujarati,/ˈd̪əɾ.ɾod͡ʒ/
Gujarati,/ˈleː.nin/
Gujarati,/ˈu.pɑɽ.ʋũ/
Gujarati,/ˈd͡ʒi.ɡəɾ/
Gujarati,/ˈəɡ.ɾə.məs.t̪iʃk/
Gujarati,/ˈʋɑt̪/
Gujarati,/ˈsmə.ɾəɳ/
Gujarati,/ˈkə.ʋi/
Gujarati,/ˈkəp.ɽũ/
Gujarati,/ˈd͡ʒɑ.ɖi.jo/
Gujarati,/ˈʋəɾɡ/
Gujarati,/ˈmɑ.sɑ/
Gujarati,/ˈʃɑl/
Gujarati,[ˈmɛ̤.nət̪]
Gujarati,/ˈd̪i.ʋeːl/
Gujarati,/ˈʋeːt͡ʃ.ʋũ/
Gujarati,[ˈʋɛ̤.ʋɑɾ]
Gujarati,/ˈd̪eːʋ/
Gujarati,/ˈli.lɑm/
Gujarati,/ˈsəŋ.ɡʱəɾʂ/
Gujarati,/ˈɑ.mə.li/
Gujarati,/ˈkə.mɑl/
Gujarati,/ˈəʃ.ɾu/
Gujarati,/ˈɖo.bũ/
Gujarati,/ˈpʰuɾ.d͡ʒo/
Gujarati,[ʃɾi]
Gujarati,/ˈsukʰ/
Gujarati,/ˈkʰəŋ.kʰeːɾ.ʋũ/
Gujarati,/ˈmə.ɾi.jəm/
Gujarati,/ˈpə.ʋən/
Gujarati,/ˈd̪ukʰ.t̪əɾ/
Gujarati,/ˈkə.ɦĩ/
Gujarati,/ˈt̪əi.jɑɾ/
Gujarati,/ˈsãs.kɾut̪/
Gujarati,/ˈləʃ.kəɾ/
Gujarati,/ˈt̪ʰɑ.ɭi/
Gujarati,/ˈkə.jɑ.mət̪/
Gujarati,/ˈsoʱ.lũ/
Gujarati,/ˈbəsɔ/
Gujarati,/ˈɑ.ɡi.jo/
Gujarati,/ˈməd̪.ɾɑ.si/
Gujarati,/ˈkəm.ɾo/
Gujarati,/ˈd͡ʒui/
Gujarati,/ˈt͡ʃɑ‿ˈpɑ.ɳi/
Gujarati,/ˈpʰɑ.ɾuk/
Gujarati,[ˈfɛnd̪.ʋũ]
Gujarati,/ˈbʱɑɖ/
Gujarati,/ˈkot̪ʰ.ɭi/
Gujarati,/ˈɑ.ʈo/
Gujarati,/ˈɡos/
Gujarati,/ˈkə.məl/
Gujarati,/ˈmɑ.mi/
Gujarati,/ˈmɑ.t̪ʰũ/
Gujarati,/ˈeːp.ɾil/
Gujarati,/ˈɾiʃ.ʋət̪/
Gujarati,/ˈmo.ɦən.t̪ʰɑɭ/
Gujarati,/ˈpənt̪ʰ/
Gujarati,/ˈmuʈʰ/
Gujarati,/ˈpɑ.lək/
Gujarati,/ˈʃuk.ɾi.jɑ/
Gujarati,/ˈpʰeː.mi.li/
Gujarati,/ˈu.d͡ʒə.ɭo‿ˈɡid̪ʱ/
Gujarati,/ˈkeː.neː.ɖɑ/
Gujarati,/ˈɡʱəɾ.ɖũ/
Gujarati,/ˈku.li/
Gujarati,/ˈfə.zi.lət̪/
Gujarati,/ˈis.t̪əm.bul/
Gujarati,/ˈʃeːm.pu/ ~ /ˈʃɛm.pu/
Gujarati,/ˈʋi.ʈɑ.min/
Gujarati,/ˈʋiʃ.ɾɑm.ʋɑɾ/
Gujarati,/ˈpu.ɾɑ.ɳũ/
Gujarati,/ˈkə.ʃũ/
Gujarati,/ˈkɑ̃s.ko/
Gujarati,/ˈt͡ʃi.no/
Gujarati,/ˈd͡ʒəj/
Gujarati,/ˈko.ɭi.jo/
Gujarati,/ˈbɑ.mi.jɑn/
Gujarati,/ˈmə.ɡəd͡ʒ/
Gujarati,/ˈbɾu.ɦəs.pə.t̪i/
Gujarati,/ˈɦə.nu.mɑn/
Gujarati,/ˈmɑo.ʋɑd̪/
Gujarati,/ˈu.ɡə.ʋũ/
Gujarati,/ˈbɑd̪.ɾəŋɡ/
Gujarati,/ˈkəʃ.t̪i/
Gujarati,/ˈt̪u.ɾɑn/
Gujarati,/ˈt͡ʃɑnd̪/
Gujarati,/ˈə.li/
Gujarati,/ˈɦi.ɾo/
Gujarati,/ˈoɾ.ɖo/
Gujarati,/ˈbət͡ʃ.t͡ʃũ/
Gujarati,/ˈɖɑ.bũ/
Gujarati,/ˈməm.t̪ɑ/
Gujarati,/ˈɾeː.ɡis.t̪ɑn/
Gujarati,/ˈə.meː.ɾi.kɑ/
Gujarati,/ˈpəut̪.ɾi/
Gujarati,/ˈt͡ʃid͡ʒʱ/
Gujarati,/ˈə.pəɾ.mɑ.t̪ɑ/
Gujarati,/ˈɑ.li.ʃɑn/
Gujarati,/ˈbi.t͡ʃɑ.ɾũ/
Gujarati,/ˈə.d̪ʱu.nɑ/
Gujarati,/ˈd̪ɑɾ.d͡ʒi.liŋɡ/
Gujarati,/ˈt͡ʃək.ʋɛ/
Gujarati,/ˈko.ʈʰi/
Gujarati,/ˈkə.bɑb/
Gujarati,/ɑ.d͡ʒʱɑd̪/
Gujarati,/ˈmə.ɦɛ.mɑn.kʰɑ.nũ/
Gujarati,/ˈlo.ʃən/
Gujarati,/ʃɾi/
Gujarati,/ˈməɲ.t͡ʃu.ɾi.jɑ/
Gujarati,/ˈsəm.bənd̪ʱ/
Gujarati,/ˈmɑ.t̪ɑ/
Gujarati,/ˈkɾus/
Gujarati,/ˈkʰə.lil/
Gujarati,/ˈlɑ.ɦoɾ/
Gujarati,/ˈkuɳ.ɖəɭ/
Gujarati,/ˈʃikʰ/
Gujarati,/ˈd͡ʒə.nɑn.kʰɑ.nũ/
Gujarati,/ˈɡə/
Gujarati,/ˈpəɾ.d̪eːʃ/
Gujarati,/ˈd̪eː.si/
Gujarati,/ˈd̪u.d̪ʱi/
Gujarati,/ˈt͡ʃɔ.ʋis/
Gujarati,/ˈʋeː.ɳi/
Gujarati,/ˈɑ.juɾ.ʋeːd̪/
Gujarati,/ˈmu.sɑ.pʰəɾ.kʰɑ.nũ/
Gujarati,/ˈʃɾi.kʰəɳɖ/
Gujarati,/ˈʃək.ʋũ/
Gujarati,/ˈʋɾuʂʈi/
Gujarati,/ˈbi.ɦɑɾ/
Gujarati,/ˈnɑʱ.ʋũ/
Gujarati,/ˈkəɾ.t͡ʃo.ɾi/
Gujarati,/ˈɡu.lɑb.d͡ʒɑm.bu/
Gujarati,/ˈnə.d͡ʒu.mi/
Gujarati,/ˈpɑ̃.sə.ɭi/
Gujarati,/ˈəŋ.ɡɑɾ.kɑm.lə/
Gujarati,/ˈsɑ.ɾəs/
Gujarati,/ˈə.ʋɑk/
Gujarati,[ˈəf.ɾɑ.si.jɑb]
Gujarati,/ˈkʰuʃ/
Gujarati,/d͡ʒʱu(ː)/
Gujarati,/ˈd̪ɑɳ.ɖi/
Gujarati,/ˈʃə.ni.ɾə.ʋi/
Gujarati,/ˈkʰəm.bʱɑt̪/
Gujarati,/ˈəŋ.ɡɾeː.d͡ʒi/
Gujarati,/ˈəm.lə/
Gujarati,/ˈniʋ/
Gujarati,/ˈkɑ.jəɾ/
Gujarati,/ˈpɑ.ʈəɳ/
Gujarati,/ˈpʰəɭ/
Gujarati,/ˈsu.ɾəd͡ʒ/
Gujarati,/ˈə.pʰi.ɳi/
Gujarati,/ˈməd̪ʱ/
Gujarati,/ˈd̪ɔɖʱ/
Gujarati,/ˈʋə.ɦiʃt̪/
Gujarati,/ˈt̪jɑ.ɾɛ/
Gujarati,/ˈʈəm.ləɾ/
Gujarati,/ˈpo.ləɳɖ/
Gujarati,/ˈmə.ɳi.nə.ɡəɾ/
Gujarati,/ˈʋəiʃ.ɳəʋ/
Gujarati,/ˈsəɾ.t̪ɑɳ/
Gujarati,[fəɾ.ɦɑd̪]
Gujarati,/ˈʋə.d̪ʱɑ.ɾɛ/
Gujarati,/ˈə.pʰiɳ/
Gujarati,/ˈɡəŋ.ɡɑ/
Gujarati,/ˈkʰeːŋ.kɽo/
Gujarati,/ˈʃi.liŋɡ/
Gujarati,/ˈəm.ɾɑ.i/
Gujarati,[ˈmɛ̤.sul]
Gujarati,/ˈsi.neː.ɡoɡ/
Gujarati,/ˈə.ʋə.t̪əɾ.ʋũ/
Gujarati,/ˈsən.ʋət̪/
Gujarati,/ˈbən.ʋũ/
Gujarati,[ˈʃɛ̤ɾ]
Gujarati,/ˈki.ɽo/
Gujarati,/ˈpɾəʃ.nə/
Gujarati,/ˈmɑt̪.ɾubʱu.mi/
Gujarati,/ˈɡɑn.d̪ʱi/
Gujarati,/ˈi.su/
Gujarati,/ˈkə.ɾoɖ/
Gujarati,/ˈkə.mɑɽ/
Gujarati,/ˈsən/
Gujarati,/ˈd͡ʒi.ɾũ/
Gujarati,/ˈkʰə.ɾid̪.ʋũ/
Gujarati,/ˈmɑɾ.t̪ol/
Gujarati,/ˈsəʱ.ɾɑ/
Gujarati,/ˈnɑs.t̪ik/
Gujarati,/ˈə.ɦĩ/
Gujarati,/ˈt͡ʃi.ni/
Gujarati,/ˈɾɑ.d͡ʒəs.t̪ʰɑn/
Gujarati,/ˈt̪ʋə.ɾit̪/
Gujarati,/ˈt͡ʃiʈʰ.ʈʰi/
Gujarati,/ˈɡod̪.ɽũ/
Gujarati,/ˈɡɲɑn/
Gujarati,/ˈbəkɾɔ/
Gujarati,/ˈkɾi.keːʈ/
Gujarati,/ˈpi.ɭũ/
Gujarati,/ˈbeːŋ.ɡloɾ/
Gujarati,[ˈkʰo.ɽi.jɑɾ]
Gujarati,/ˈɡəɾ.d̪ən/
Gujarati,/ˈus.mɑn.pu.ɾɑ/
Gujarati,/ˈni.ʃɑn/
Gujarati,/ˈə.ɽəd̪/
Gujarati,/ˈmə.ɡəɾ/
Gujarati,/ˈkə.bɑʈ/
Gujarati,/ˈɾə.ʃi.jɑ/
Gujarati,/ˈɡo.t̪ũ/
Gujarati,/ˈʃist̪/
Gujarati,/ˈt̪ʰɑ.bəɽ.ʋũ/
Gujarati,/ˈbʱod͡ʒ.nɑ.ləj/
Gujarati,/ˈkɑ.nu.ɡo/
Gujarati,/ˈsən.t̪ɾũ/
Gujarati,/ˈt̪u.lɑ/
Gujarati,/ˈpə.ɾis.t̪ʰi.t̪i/
Gujarati,/ˈsʋəɾɡ/
Gujarati,/ˈʃi.t̪əl/
Gujarati,/ˈmɑkʰ/
Gujarati,/ˈkɔŋ.kəɳ/
Gujarati,[ˈfuɾ.d͡ʒo]
Gujarati,/ˈmuʃ.keːl/
Gujarati,/ˈə.t̪ʰɑ.ɳũ/
Gujarati,/ˈsuk.ɾə.ʋɑɾ/
Gujarati,/ˈɡɑɖ.ʋo/
Gujarati,/ˈt̪əʈ/
Gujarati,/ˈmɑn.d̪ũ/
Gujarati,/ˈbʱəɡ.ʋɑn/
Gujarati,/ˈd̪ɑd̪.ɾo/
Gujarati,/ˈu.kəɭ.ʋũ/
Gujarati,/ˈkɑɾ.kʰɑ.nũ/
Gujarati,/ˈt̪ɑ.ɾipʰ/
Gujarati,/ˈso.nɑɾ/
Gujarati,/ˈpəʈ.ɳɑ/
Gujarati,/ˈɑ.sə.mɑ.ni/
Gujarati,/beː/
Gujarati,/ˈt̪ʰeː.li/
Gujarati,/ˈd̪i.ʋəs/
Gujarati,/ˈkɑ.bəɾ.t͡ʃit̪.ɾũ/
Gujarati,/ˈʃɑk/
Gujarati,/ˈt͡ʃʰə.d͡ʒũ/
Gujarati,[ˈmɛ̤.t̪o]
Gujarati,/ˈɑ.t̪ʰəm.ɳũ/
Gujarati,/ˈjə.d͡ʒʱət̪/
Gujarati,/ˈt͡ʃən.d̪ɾə.ʋɑɾ/
Gujarati,/ˈud͡ʒʱ.beː.kis.t̪ɑn/
Gujarati,/ˈnɑ.ɾəɲd͡ʒ/
Gujarati,/ˈpʰɪɾ.d̪o.sɪ/
Gujarati,/ˈə.ɾə.ɖu.si/
Gujarati,/ˈɾeːs.ʈɔ.ɾɑ̃/
Gujarati,[ˈfu.ʋɑd̪]
Gujarati,/ˈpɑɾ.kũ/
Gujarati,/ˈlɑʋ.ʋũ/
Gujarati,/ˈmos.ko/
Gujarati,[ˈna̤.ʋũ]
Gujarati,/ˈfəɾd͡ʒ/
Gujarati,/ˈʈʰəɳɖ/
Gujarati,/ˈd͡ʒud̪ʱ/
Gujarati,/ˈt͡ʃə/
Gujarati,/ˈɲə/
Gujarati,/ˈpə.ʈʰɑɳ/
Gujarati,/ˈkʰə.ɾəd͡ʒ.ʋũ/
Gujarati,/ˈʃod̪ʱ.ʋũ/
Gujarati,/ˈbʱut̪.kɑɭ/
Gujarati,/ˈkjɑ.ɾɛ/
Gujarati,/ˈnɑ.ni/
Gujarati,/ˈloʱ/
Gujarati,/ˈkɑ̃k.ɾi/
Gujarati,/ˈpɑs.kʰɑ/
Gujarati,/ˈmə.ɾəɳ/
Gujarati,/ˈkə.pɑ.ʃi.jo/
Gujarati,/ˈbʱɑ.d͡ʒi/
Gujarati,/ˈsud͡ʒ.ʋũ/
Gujarati,/ˈmu.ʋi/
Gujarati,/ˈpɑ̃.səʈʰ/
Gujarati,/ˈbʱəɾ.ʋɑɖ/
Gujarati,/ˈɖil/
Gujarati,/ˈt̪ʰo.ɽũ/
Gujarati,/ˈd͡ʒu.ɦɑɾ/
Gujarati,/ˈt̪ə.ʋɑ.jəpʰ/
Gujarati,/ˈɦul.ləɽ/
Gujarati,/ˈd͡ʒo.ʃi/
Gujarati,/ˈd̪ə.fən.kɾi.jɑ/
Gujarati,/ˈbut̪/
Gujarati,/ˈd̪eːs/
Gujarati,/ˈə.joɡ.jə/
Gujarati,/ˈoʈʰ/
Gujarati,/ˈt͡ʃʰɔ.ɽũ/
Gujarati,/ˈpʰɪ.ləm/
Gujarati,/ˈpiʈ/
Gujarati,/ˈpu.nɑ/
Gujarati,/ˈni.ɦɑɭ/
Gujarati,/ˈkɔ.leːd͡ʒ/
Gujarati,/ˈkʰɛɲt͡ʃ.ʋũ/
Gujarati,/ˈi.ʈɑ.li/
Gujarati,/ˈʈə.pɑl/
Gujarati,/ˈʃeː.t̪uɾ/
Gujarati,/ˈt͡ʃəɾt͡ʃ/
Gujarati,/ˈpi.ɾod͡ʒʱ/
Gujarati,/ˈku.sum.bo/
Gujarati,/ˈd̪il.ɾu.bɑ/
Gujarati,/ˈpu.d͡ʒɑ/
Gujarati,/ˈə.kik/
Gujarati,/ˈɡə.ɾuɖ/
Gujarati,/ˈkis.mis/
Gujarati,/ˈd̪u.ʰsʋəp.nə/
Gujarati,/ˈt͡ʃəɾ.mə/
Gujarati,/ˈɖʱeːb.ɾũ/
Gujarati,/ˈbʱi/
Gujarati,/ˈɑi‿ˈbən.ʋũ/
Gujarati,/ˈkə.ɦɛ.ʋət̪/
Gujarati,/ˈɦəi.jũ/
Gujarati,/ˈkə.lɑ.kɑɾ/
Gujarati,/ˈd͡ʒəɾ.d̪i/
Gujarati,/ˈʃɑʱ.d͡ʒɑ.d̪i/
Gujarati,/ˈlə.ɦəɾ/
Gujarati,/ˈbə.nəpʰ.ʃɑ/
Gujarati,/ˈɦiŋɡ/
Gujarati,/ˈnəʋ.ɾɑt̪.ɾi/
Gujarati,/ˈkə.pʰəs/
Gujarati,/ˈɡɑ.ʋi/
Gujarati,/ˈə.d͡ʒiʋ/
Gujarati,/ˈmət̪.ʋɑ.lũ/
Gujarati,/ˈkʰəɳɖ/
Gujarati,/ˈɡuɖ‿ˈmoɾ.niŋɡ/
Gujarati,/ˈmut̪.ɾə.piɳɖ/
Gujarati,/ˈlə.ɡən/
Gujarati,/ˈmjɑũ/
Gujarati,/ˈd̪ʱən/
Gujarati,/ˈʋiʃ.jə/
Gujarati,[ˈmə̤i.lɑ]
Gujarati,[ˈɑm.bɑ.ʋɑ.ɽi]
Gujarati,/ˈkuɾ.t̪ə.ni/
Gujarati,/ˈt̪əɾ.ʋɑ.ʋũ/
Gujarati,/ˈʋəɲ.ʃpə.ɾə.mə.pə.ɾɑ/
Gujarati,/ˈməm.mɑ/
Gujarati,/ˈnəkʰ.t͡ʃənd̪/
Gujarati,/ˈɑ.d͡ʒu.bɑ.d͡ʒu/
Gujarati,/ˈũ.t͡ʃũ/
Gujarati,/ˈə.bʱi.neː.t̪ɑ/
Gujarati,/ˈbəŋ.ɡlo/
Gujarati,/ˈt̪ɑ.t̪ũ/
Gujarati,/ˈt͡ʃʰə/
Gujarati,/ˈəɾ.d̪ʱũ/
Gujarati,/pʰɾɑ̃sisi/
Gujarati,/ˈsə.ɦi/
Gujarati,/ˈd͡ʒjo.t̪i/
Gujarati,/ˈʈi.pũ/
Gujarati,/ˈʋɑʈ.ko/
Gujarati,/ˈɡeːɳ.ɖo/
Gujarati,/ˈə.mɑ.ʋəs/
Gujarati,/ˈʋɑ.ləm/
Gujarati,/ˈpə.ɽos/
Gujarati,/ˈd̪ɑ.kʰəl‿ˈkəɾ.ʋũ/
Gujarati,/ˈbə.lut͡ʃ/
Gujarati,/ˈməd͡ʒ.ɦəb/
Gujarati,/ˈku.ʋɛɳ/
Gujarati,/ˈmu.səl.lo/
Gujarati,/ˈkʰu.d̪ɑ/
Gujarati,/ˈɦi.mɑ.ɭũ/
Gujarati,/ˈpəb/
Gujarati,/ˈis.pi.t̪ɑl/
Gujarati,/ˈkʰəɾ.t͡ʃo/
Gujarati,/ˈə.ɦeː.ɽi/
Gujarati,/ˈəŋ.ɡo.lɑ/
Gujarati,/ˈʃɑ.neː/
Gujarati,/ˈpɑ.ni/
Gujarati,/ˈnɑn.jə.t̪əɾ/
Gujarati,/ˈkɛpʰ/
Gujarati,/ˈɑ.pə.ɳeː/
Gujarati,/ˈɖəs.ʋũ/
Gujarati,/ˈo.ɡəɳ.pə.t͡ʃɑs/
Gujarati,[ˈfɑsʈ]
Gujarati,/ˈʋɑ.ɖi.jɑ/
Gujarati,/ˈʋəd̪ʱ.ʋũ/
Gujarati,/ˈɑ.t͡ʃə.ɾəɳ/
Gujarati,/ˈə.sɑɽ/
Gujarati,/ˈun.d̪əɾ/
Gujarati,/ˈt͡ʃɛk/
Gujarati,/ˈɑ.jɑ/
Gujarati,/ˈmət̪.ʋɑ.lo/
Gujarati,/ˈkud̪.ɾət̪/
Gujarati,/ˈʃɑk.jə.mu.ni/
Gujarati,/ˈt͡ʃʰu.ʈi/
Gujarati,/ˈʃɑn.t̪i.ɡɾɑm/
Gujarati,/ˈd͡ʒəɭ/
Gujarati,/ˈəm.ɾut̪ɑ/
Gujarati,/ˈɡɑ.ɳũ/
Gujarati,/ˈɦɑ̃/
Gujarati,/ˈɑ/
Gujarati,/ˈbɛs.ʋũ/
Gujarati,/ˈə.d̪ə.ɾək/
Gujarati,/ˈd͡ʒəɾ.mə.ni/
Gujarati,/ˈpu.ɾi/
Gujarati,/ˈbət͡ʃ.t͡ʃo/
Gujarati,/ˈsɔɳũ/
Gujarati,/ˈkət͡ʃ.ɾo/
Gujarati,/ˈɦim.mət̪.nə.ɡəɾ/
Gujarati,[ˈəm.ɾɑ.i.ʋɑ.ɽi]
Gujarati,/ˈt͡ʃək.lo/
Gujarati,/ˈsəɾ.kʰũ/
Gujarati,/ˈkə.lɑɾ/
Gujarati,/ˈd̪o.ɾi/
Gujarati,/ˈɦɑ.d͡ʒi/
Gujarati,/ˈlə.ɡʱu.t̪ɑ.d̪əɾ.ʃək/
Gujarati,/ˈst̪ɾi/
Gujarati,/ˈo.ɡəɳ.t͡ʃɑ.lis/
Gujarati,/ˈɦət̪.t̪ɑ.ʋis/
Gujarati,/ˈbʱeːd͡ʒ.ʋũ/
Gujarati,/ˈsun.d̪əɾ.t̪ɑ/
Gujarati,/ˈə.ɾə.bəs.t̪ɑn/
Gujarati,/ˈən.t̪jeːʂ.ʈi/
Gujarati,/ˈpɾə.bʱu‿ˈbʱo.d͡ʒən/
Gujarati,/ˈpeː.ʃɑ.ʋəɾ/
Gujarati,/ˈkʰɑn/
Gujarati,/ˈʈʰəɾ.ʋũ/
Gujarati,/ˈɾit̪/
Gujarati,/ˈd̪ə.ʋeː/
Gujarati,/ˈbʱɑʋ/
Gujarati,/ˈʈʰɑɳ/
Gujarati,/ˈʋɑ.li.d̪əin/
Gujarati,/ˈkeː.ɾi/
Gujarati,/ˈud̪.jɑn/
Gujarati,/ˈɑ.ɖoʃ.pɑ.ɖoʃ/
Gujarati,/ˈəŋ.ɡɾeːd͡ʒ/
Gujarati,/ˈmu.ɾəb.bo/
Gujarati,/ˈd͡ʒu.meː.ɾɑt̪/
Gujarati,/ˈpu.ɾɑ.ʋɔ/
Gujarati,/ˈɾəm.zɑn/
Gujarati,/ˈə.t͡ʃʰut̪.pə.ɳũ/
Gujarati,/ˈkɑ.ɭũ/
Gujarati,/ˈʋɑɾ.t̪ɑ/
Gujarati,/ˈsu.ʋũ/
Gujarati,/ˈt͡ʃəɖ.ɖi/
Gujarati,/ˈmɑ.kʰəɳ/
Gujarati,/ˈpəkʰ.ʋɑ.ɖi.jũ/
Gujarati,/ˈjɑɾ/
Gujarati,/ˈun/
Gujarati,/ˈəm.bəɾ/
Gujarati,/ˈsi.jɑm/
Gujarati,/ˈd̪uɾ.jo.d̪ʱən/
Gujarati,/ˈəl.pɑ.kɑ/
Gujarati,/ˈʈu.ʋɑl/
Gujarati,/ˈt͡ʃən.d̪ən/
Gujarati,/ˈu.meːd̪.ʋɑɾ/
Gujarati,/ˈə.kʰəɳɖ/
Gujarati,/ˈd͡ʒɑ.pɑ.nid͡ʒʱ/
Gujarati,/ˈt͡ʃɑkʰ/
Gujarati,/ˈbək.ɾi/
Gujarati,/ˈə.muk/
Gujarati,/ˈə.d͡ʒim/
Gujarati,/ˈkim.mət̪/
Gujarati,/ˈt̪ən.d̪uɾ/
Gujarati,/ˈki.sɑn/
Gujarati,/ˈʋə.jə/
Gujarati,/ˈnɔɭi.jo/
Gujarati,/ˈɡʱə.ɽi/
Gujarati,[ˈə̤ɡ.ʋũ]
Gujarati,/ˈkɔ.fi/
Gujarati,/ˈsəɾ.ʋod̪.jə/
Gujarati,/ˈɡəl.ɡoʈɔ/
Gujarati,/ˈɦin.d̪i/
Gujarati,/ˈsɑ.ʋəɳ/
Gujarati,/ˈʃə.ni/
Gujarati,/ˈɦə/
Gujarati,/ˈɾəɳ.ʋɑs/
Gujarati,[ˈma̤.ʋiɾ]
Gujarati,/ˈbəl.ɡəm/
Gujarati,/ˈpʰeːb.ɾuɑ.ɾi/
Gujarati,/ˈbi.ʋũ/
Gujarati,/ˈfəŋ.kʰo/
Gujarati,/ˈbə.d̪ɑm/
Gujarati,/ˈd̪i.ʋɑ.ɭi/
Gujarati,/ˈkok/
Gujarati,/ˈʋə.kʰɑɳ/
Gujarati,/ˈɦə.t̪ʰi.jɑɾ/
Gujarati,/ˈʋə.kil/
Gujarati,/ˈt͡ʃɔ.səʈʰ/
Gujarati,/ˈlok/
Gujarati,/ˈkʰu.ɳo/
Gujarati,/ˈt͡ʃum.mɑ.ɭis/
Gujarati,/ˈt̪i.beːʈ/
Gujarati,/ˈmu.bɑ.ɾək/
Gujarati,/ˈɡʱəʈ.ʋũ/
Gujarati,/ˈd̪i.ʋɑn/
Gujarati,/ˈũʈ/
Gujarati,/ˈmə.d̪əd̪/
Gujarati,/ˈkʃət̪.ɾi.jə/
Gujarati,/ˈnɑ.ɾi/
Gujarati,/əɨ/
Gujarati,/ˈku.mɑɾ/
Gujarati,/ˈʋən.d̪o/
Gujarati,/ˈd̪ɔɖ.ʋũ/
Gujarati,/ˈpo.lis/
Gujarati,/ˈbu.d͡ʒʱəʋ.ʋũ/
Gujarati,/ˈsɑpʰ/
Gujarati,/ˈnəʋ/
Gujarati,/ˈt͡ʃin.t̪ɑ/
Gujarati,/ˈsəu.ɾɑʂ.ʈɾə/
Gujarati,/ˈjə.mən/
Gujarati,/ˈɦɑʈ/
Gujarati,/ˈd̪ʱo.t̪əɾ/
Gujarati,/ˈd͡ʒɑɳ.kɑ.ɾi/
Gujarati,/ˈpo.pəʈ/
Gujarati,/ˈɔkʋũ/
Gujarati,/ˈt͡ʃi.nɑb/
Gujarati,/ˈt͡ʃɑ.ɭɑ/
Gujarati,[ˈɾɛ̤.mɑn]
Gujarati,/ˈnoʈ.buk/ ~ /ˈnɔʈ.buk/
Gujarati,/ˈkʰɑ.lɑ/
Gujarati,/ˈsun.d̪əɾ.ʋən/
Gujarati,/ˈt͡ʃʰẽ.t̪ɑ.ɭis/
Gujarati,/ˈpɑs.poɾʈ/
Gujarati,/ˈbəɡ.d̪ɑd̪/
Gujarati,/ˈd͡ʒə.mɑt̪/
Gujarati,/ˈpu.ɾɑɳ/
Gujarati,/ˈeːn.d͡ʒi.ni.jəɾ/
Gujarati,/ˈmɑ.ɾi/
Gujarati,/ˈmeːk.si.ko/
Gujarati,/ˈʋɑ.ɾo/
Gujarati,/ˈɦos.pi.ʈəl/
Gujarati,/ˈə.ɡɑ.ʃi/
Gujarati,/ˈbə.d̪əɾ/
Gujarati,/ˈ.ʋɑ.ɭũ/
Gujarati,/ˈə.nu.ɾɑɡ/
Gujarati,/ˈpeː.ɣɑm/
Gujarati,/ˈsət̪.t̪ɑ.ʋis/
Gujarati,/ˈd̪ʱo.ɾəɳ/
Gujarati,/tʃʰokərmət/
Gujarati,/ˈd̪eːɖ.kũ/
Gujarati,/ˈpis.t̪ol/
Gujarati,/ˈd̪ʱɑ.ʋəɳ/
Gujarati,/ˈkə.pot̪/
Gujarati,/ˈnə.siɾ/
Gujarati,/ˈd̪ʱɔ.ɭũ/
Gujarati,/ˈmu.lɑ.jəm/
Gujarati,/ˈkə.sum.bo/
Gujarati,/ˈfɪlm/
Gujarati,/ˈd̪ɑɭ/
Gujarati,/ˈbɾi.ʈən/
Gujarati,/ˈmə.ɦeː.sɑ.ɳɑ/
Gujarati,/ˈɡot͡ʃ.ɾi/
Gujarati,/ˈd͡ʒjo.t̪iʂ/
Gujarati,/ˈpu.lɑʋ/
Gujarati,/ˈkəɽ.ʋũ/
Gujarati,/ˈkɔ.pʰi/ ~ /ˈko.fi/
Gujarati,/ˈɖɑk/
Gujarati,/ˈpis.t̪ɑ/
Gujarati,/ˈɾɑi.t̪ũ/
Gujarati,/ˈɔ.ɭo/
Gujarati,/ˈnə.ɦɑ.ʋũ/
Gujarati,/ˈbɑ.d͡ʒu/
Gujarati,/ˈsʈɑ.lin/
Gujarati,/ˈkʰo.d͡ʒɑ/
Gujarati,/ˈbəd̪.ɾə/
Gujarati,/ˈmə.ɦeːm.d̪ɑ.ʋɑd̪/
Gujarati,[ˈə̤m.ɳɑ̃]
Gujarati,/ˈpə.ɦɔ.ɭũ/
Gujarati,/ˈmul.lɑ/
Gujarati,/ˈpʰə.ɾi.jɑd̪/
Gujarati,/ˈd̪ə.ʋɑ/
Gujarati,/ˈʈɑ.ko/
Gujarati,/ˈʋip.ləʋ/
Gujarati,/ˈbɛ.t̪ɑ.ɭis/
Gujarati,/ˈə.t̪ʰə.ʋɑ‿ˈt̪o/
Gujarati,/ˈɾə.ɦeː.mɑn/
Gujarati,/ˈəɲ.d͡ʒə.li/
Gujarati,/ˈjɑd̪/
Gujarati,/ˈʋə.ɦɑ.ɳũ/
Gujarati,/ˈt͡ʃi.nə.ʋət̪/
Gujarati,/ˈəi.t̪i.ɦɑ.sik/
Gujarati,/ˈkɑ̃.ʈo/
Gujarati,/ˈbəʈ.kũ/
Gujarati,/ˈsu.kʰi/
Gujarati,/ˈsit̪.t̪eːɾ/
Gujarati,/ˈt͡ʃũʈ.ʋũ/
Gujarati,/ˈsə.ɾiɾ/
Gujarati,/ˈə.ɡi.jɑ.ɾi/
Gujarati,/ˈɑt̪.ʋɑɾ/
Gujarati,/ˈnjɑj/
Gujarati,/ˈʋɑ.ɭu/
Gujarati,/ˈkʰid͡ʒ.ɖo/
Gujarati,/ˈɡʱə.ɽi.jɑɭ/
Gujarati,/ˈə.ɖʱəɭ.kə/
Gujarati,/ˈbin.t̪ɑ.ɾi/
Gujarati,/ˈt̪ɾɑ.sũ/
Gujarati,/ˈd̪ə.ɾɑkʰ/
Gujarati,/ˈt͡ʃɑn.ɡt͡ʃun/
Gujarati,/ˈbəl.sɑ.ɾɑ/
Gujarati,/ˈpeː.ɾu/
Gujarati,/ˈput̪/
Gujarati,/ˈo.d͡ʒʱo/
Gujarati,/ˈpɑ.kiʈ/
Gujarati,/ˈt̪əɭ.si/
Gujarati,/ˈkəs.ʋũ/
Gujarati,/ˈɡu.səl/
Gujarati,/ˈd͡ʒɑɭpɾuʂʈʰ/
Gujarati,/ˈɾi.moʈ/
Gujarati,/ˈsãs.mə.ɾəɳ/
Gujarati,/ˈkʰi.sɑ.kʰə.ɾ(ə)t͡ʃ/
Gujarati,/ˈpə.d͡ʒu.səɳ/
Gujarati,/ˈmə.kɑn/
Gujarati,/ˈɦin.d̪us.t̪ɑn/
Gujarati,/ˈbɑp.t̪is.mɑ/
Gujarati,[ˈbɛ̤.ɾũ]
Gujarati,/ˈmum.t̪ɑd͡ʒ/
Gujarati,/ˈus.mɑn/
Gujarati,/ˈd͡ʒʱɑ̃.si/
Gujarati,/ˈɑs.t̪ik/
Gujarati,/ˈpɾut̪ʰʋi/
Gujarati,/ˈt͡ʃʰɑp.ɾũ/
Gujarati,/ˈt̪uɾ.ki/
Gujarati,/ˈɡul.ʃən/
Gujarati,/ˈəʈʰ.ʈʰɑ.ʋis/
Gujarati,/ˈfũk.ʋũ/
Gujarati,/ˈt͡ʃʰɑs/
Gujarati,/ˈsə.ɦɛ.lũ/
Gujarati,/ˈʋəɖʱ.ʋɑɳ/
Gujarati,/ˈok.ʈo.pəs/
Gujarati,/ˈɡul/
Gujarati,/ˈkʰud̪/
Gujarati,/ˈpʰɪ.ləs.t̪in/
Gujarati,/ˈpəʈ.ʋɑ.ɾi/
Gujarati,/ˈɑt̪.mɑ/
Gujarati,/ˈt̪eː.nis/ ~ /ˈt̪ɛ.nis/
Gujarati,/ˈʃuk.ɾə.ʋɑɾ/
Gujarati,/ˈt͡ʃɔ.t̪ɾo/
Gujarati,/ˈɾod͡ʒ/
Gujarati,/ˈkɑ.d͡ʒu/
Gujarati,/ˈsʋi.ɖən/
Gujarati,/ˈpi.ju/
Gujarati,/ˈni.kɑʱ/
Gujarati,/ˈmu.ɖi.ʋɑd̪/
Gujarati,/ˈə.ɦuɾ.məd͡ʒʱd̪/
Gujarati,/ˈpə.t̪əŋ.ɡi.jũ/
Gujarati,/ˈɑl.mɑ.ɾi/
Gujarati,[ˈfəɾ.ʋəɾ.d̪in]
Gujarati,/ˈneː/
Gujarati,/ˈə.nɑd͡ʒ/
Gujarati,/ˈt͡ʃɑɾ.ɳi/
Gujarati,/ˈʈʰo.kəɾ/
Gujarati,[ˈt͡ʃɛ̤.ɾo]
Gujarati,/ˈɡʱus.ʋũ/
Gujarati,/ˈmɑt͡ʃʰ.li/
Gujarati,/ˈt͡ʃʰok.ɾi/
Gujarati,/ˈd̪it̪.ʋɑɾ/
Gujarati,/ˈɑ.t̪əʃ‿ˈbə.ɦeː.ɾɑm/
Gujarati,/ˈnɑk/
Gujarati,/ˈbɛ/
Gujarati,/ˈi.jəɾ.pʰon/
Gujarati,/ˈt͡ʃəud̪/
Gujarati,/ˈɖɑk.bəŋ.ɡlo/
Gujarati,/ˈkeː.ʈə.loɡ/
Gujarati,/ˈut̪.sɑʱ/
Gujarati,/ˈbu.t̪ɑn/
Gujarati,/ˈt͡ʃʰət̪.ɾi/
Gujarati,/ˈmut̪.ɾi.jũ/
Gujarati,/ˈɡu.ɾu.ʋɑɾ/
Gujarati,/ˈpiʈʰ/
Gujarati,/ˈpə.t͡ʃʰi/
Gujarati,/ˈmoɾ/
Gujarati,/ˈku.ʋo/
Gujarati,/ˈəpʰ.sos/
Gujarati,/ˈləɽ.ʋũ/
Gujarati,/ˈɡɑ.t̪ʰɑ/
Gujarati,/ˈmɑɾɡ/
Gujarati,/ˈpək.ʋɑn/
Gujarati,/ˈt͡ʃum.ʋũ/
Gujarati,/ˈpəɾ.mi.jo/
Gujarati,/ˈd̪il.ɦi/
Gujarati,/ˈkʰɑʈ.li/
Gujarati,/ˈɡiɾ.d͡ʒɑ/
Gujarati,/ˈbʱɑt̪/
Gujarati,/ˈd͡ʒə.məɳ/
Gujarati,/ˈt͡ʃik.ɳũ/
Gujarati,/ˈɦɑt̪ʰ/
Gujarati,/ˈpiɾ/
Gujarati,/ˈpɑɡʱ.ɖi/
Gujarati,/ˈʃik.ʃək/
Gujarati,/ˈzəɾ.t̪(ʰ)uʃ.ʈɾə/
Gujarati,/ˈbɾiɲ.d͡ʒəl/
Gujarati,/ˈsom.ʋɑɾ/
Gujarati,/ˈɦɑ.lɑ/
Gujarati,/ˈd̪əs/
Gujarati,/ˈɑɡ.ɡɑ.ɽi/
Gujarati,/ˈmum.t̪i/
Gujarati,[ˈfuo]
Gujarati,/ˈd̪uɾ.ʋənd̪/
Gujarati,/ˈɡɑl/
Gujarati,/ˈmeː.məɳ/
Gujarati,/ˈbi.lɑ.ɽũ/
Gujarati,/ˈt̪u.pʰəŋɡ/
Gujarati,/ˈkɔjəlɔ/
Gujarati,/ˈfə/
Gujarati,/ˈu.li.jũ/
Gujarati,/ɦid͡ʒ.ɽɔ/
Gujarati,/ˈəs.pɾuʃjə.t̪ɑ.ni.ʋɑ.ɾəɳ/
Gujarati,/ˈd͡ʒəm.ʋũ/
Gujarati,/ˈɾəɳ/
Gujarati,/ˈt͡ʃoɾ/
Gujarati,/ˈɡu.lɑ.bi/
Gujarati,/ˈə.ɦəl/
Gujarati,/ˈd͡ʒʱɑ̃ʈ/
Gujarati,/ˈkʰə.lɑs/
Gujarati,/ˈɦɑ̃s.ʋo/
Gujarati,/ˈnɑɡ/
Gujarati,/ˈmə.ju.ɾi/
Gujarati,/ˈt͡ʃɔ.t̪ʰũ/
Gujarati,/ˈə.nu.ʋɑd̪/
Gujarati,/ˈt̪eːɾ/
Gujarati,/ˈʋɑn.d̪ʱo/
Gujarati,/ˈd͡ʒəm.ɳũ/
Gujarati,/ˈlo.ɦi/
Gujarati,/nə.mɑd͡ʒ/
Gujarati,/ˈɾɑd͡ʒ/
Gujarati,/ˈɡʱeː.ʈũ/
Gujarati,/ˈɑ̃kʰ/
Gujarati,/ˈɡəɭ.ʋũ/
Gujarati,/ˈʋjək.t̪it̪.ʋə/
Gujarati,/ˈd̪ʱo.ɾi.mɑɾɡ/
Gujarati,/ˈʈut̪ʰ.bɾəʃ/
Gujarati,/ˈsən.t̪ɑɽ.ʋũ/
Gujarati,/ˈkeː.ʋũ/
Gujarati,/ˈɾə.sul/
Gujarati,/ˈlɑkʰ/
Gujarati,/ˈkʃə.ki.ɾəɳ/
Gujarati,/ˈmɑɾ.ʋɑ.ɖi/
Gujarati,/ˈʃjɑm/
Gujarati,/ˈt͡ʃʰun.d̪o/
Gujarati,/ˈpʰeːd͡ʒʱ/
Gujarati,/ˈɡo.sɑ̃i/
Gujarati,/ˈɡɑ.lib/
Gujarati,/ˈpɑɾ.si/
Gujarati,/ˈbən.d̪ʱɑ.ɾəɳ/
Gujarati,/ˈeːk.t̪ɑ.ɭis/
Gujarati,/ˈt͡ʃə.mət̪.kɑɾ/
Gujarati,/ˈd̪ə.pʰən.kɾi.jɑ/
Gujarati,/ˈkɑ.ʈʰi.jɑ.ʋɑɖ/
Gujarati,/ˈkɑt͡ʃ.bo/
Gujarati,/ˈkʰɑ.ɖo/
Gujarati,/ˈmi.jɑ̃/
Gujarati,[ˈkə.fən]
Gujarati,/ˈd̪i.neːʃ/
Gujarati,/ˈəŋ.ɡəɾ.kʰo/
Gujarati,/ˈt͡ʃi.ku/
Gujarati,/ˈpɑ.ɳi.pu.ɾi/
Gujarati,/ˈsət̪‿ˈʃɾi‿ˈə.kɑl/
Gujarati,/ˈkə.məɾ/
Gujarati,/ˈʃəkʰs/
Gujarati,/ˈəŋ.ɡu.ʈʰo/
Gujarati,/ˈʋi.leː‿ˈpɑɾ.leː/
Gujarati,/ˈneː.pɑɭ/
Gujarati,/ˈut͡ʃ.t͡ʃɑɾ/
Gujarati,/ˈɦɑl.ʋũ/
Gujarati,/ˈku.mɑ.ɾi/
Gujarati,/ˈkʰu.ʃi/
Gujarati,/ˈmək.kɑ/
Gujarati,/ˈpʰəɾ.mɑʋ.ʋũ/
Gujarati,/ˈlu.sɑ.kɑ/
Gujarati,/ˈkɑ.ko/
Gujarati,/ˈd͡ʒu.nɑ.ɡəɖʱ/
Gujarati,/ˈmuʃ.keː.li/
Gujarati,/ˈʃɑ.mi.jɑ.no/
Gujarati,/ˈɡɑm.ɽũ/
Gujarati,/ˈt͡ʃɑ.t͡ʃəɾ/
Gujarati,/ˈɡɑ.ʋũ/
Gujarati,/ˈɔt̪.ɾɑ.d̪ũ/
Gujarati,/ˈmo.ɦi.ni/
Gujarati,/ˈd͡ʒʱũp.ɽũ/
Gujarati,/ˈsəɾ.ʋə.ɦɑ.ɾɑ/
Gujarati,/ˈsu.t̪ɑɾ/
Gujarati,/ˈmɑʋ.t̪əɾ/
Gujarati,/ˈpɾɑ̃.ɡɑɾ/
Gujarati,/ˈə.suɾ/
Gujarati,/ˈɡu.pʰɑ/
Gujarati,/ˈbɑ/
Gujarati,/ˈmum.bəi.ɡə.ɾũ/
Gujarati,/ˈu.pə.ləbd̪ʱ/
Gujarati,/ˈbeː/
Gujarati,/ˈə.ʈɑ.məɳ/
Gujarati,/ˈd͡ʒeː.ɾus.leːm/
Gujarati,/ˈd͡ʒɑ/
Gujarati,/ˈpoɖʱ.ʋũ/ ~ /ˈpɔɖʱ.ʋũ/
Gujarati,/ˈkɔ.meːnʈ/
Gujarati,/ˈi.ɾɑ.ni/
Gujarati,/ˈpə.ʋit̪.ɾə.ɑt̪.mɑ/
Gujarati,/ˈmə.t̪ʰu.ɾɑ/
Gujarati,/ˈɡoʈʰ.ʋəɳ/
Gujarati,/ˈd̪ɔɖʱ.ɖɑj.ɦjũ/
Gujarati,/ˈbə.ɦɑɾ/
Gujarati,/ˈbʱəɾ.ʋɑɽ/
Gujarati,/ˈəŋk/
Gujarati,/ˈd͡ʒo.kəɾ/
Gujarati,/ˈɾo.d͡ʒo/
Gujarati,/ˈsin.d̪ʱu/
Gujarati,/ˈsiʋ.ʋũ/
Gujarati,/ˈɦũ/
Gujarati,/ˈɦən.si.ɳi/
Gujarati,/ˈlok.sə.bʱɑ/
Gujarati,/ˈɑ.jə.kʰũ/
Gujarati,/ˈə.sə.bɑb/
Gujarati,/ˈləkʰ.ʋũ/
Gujarati,[ˈsək.ʋũ]
Gujarati,[ˈfə.ɾɑ.nək]
Gujarati,/ˈt̪ə.peː.li/
Gujarati,/ˈmi.ɾɑ̃.bɑi/
Gujarati,/ˈjə.ɦu.d̪i/
Gujarati,/ˈd̪ʱən.d̪ʱo/
Gujarati,/ˈkʰut̪.bo/
Gujarati,/ˈum.məɾ/
Gujarati,/ˈmukʰpɾuʂʈʰ/
Gujarati,/ˈə.səɾ/
Gujarati,/ˈpəɲ.d͡ʒɑb/
Gujarati,/ˈəɲ.t͡ʃəl/
Gujarati,/ˈd͡ʒə.nɑ.d͡ʒo/
Gujarati,/ˈə.bə.ləkʰ/
Gujarati,/ˈu.pəɾ.ʋɑ.ɭo/
Gujarati,/ˈpəɾ.ʋət̪/
Gujarati,/ˈbɑ.ɾiʃ/
Gujarati,/ˈkəm.ɭo/
Gujarati,/ˈʃi.ʃiɾ/
Gujarati,/ˈd̪ɾɑkʂ/
Gujarati,/ˈɡu.d͡ʒɑ.ɾɪʃ/
Gujarati,/ˈpɑ.ɾi/
Gujarati,/ˈsəŋ.ɡəm/
Gujarati,/ˈəi/
Gujarati,/ˈnɑ.ɾəŋ.ɡi/
Gujarati,/ˈju.ɡɑn.ɖɑ/
Gujarati,/ˈkə.d̪i/
Gujarati,/ˈpi.t͡ʃʰũ/
Gujarati,/ˈɦə.jɑ/
Gujarati,/ˈlɑl‿ˈd̪əɾ.ʋɑ.d͡ʒɑ/
Gujarati,/ˈpʰuɾ.səd̪/
Gujarati,/ˈsə.ni.ɾə.ʋi/
Gujarati,/ˈt͡ʃu.lo/
Gujarati,/ˈpjɑs/
Gujarati,[ˈmɛ̤m.d̪ɑ.ʋɑd̪]
Gujarati,/əd͡ʒ/
Gujarati,/ˈɾɑ.ɦeːl/
Gujarati,/ˈə.meː/
Gujarati,/ˈʋiɾ/
Gujarati,/ˈkɔɦ.ʋũ/
Gujarati,/ˈmiʃ.ʈəɾ/
Gujarati,/ˈləj.lɑ/
Gujarati,/ˈʋi.ɾud̪d̪ʱ/
Gujarati,/ˈd͡ʒiʋ.ɖũ/
Gujarati,/ˈsu.ɾəm.jə/
Gujarati,/ˈt͡ʃʰəʋ.ʋis/
Gujarati,/ˈd̪ɑ.ʋət̪/
Gujarati,/ˈpə.ʋən.t͡ʃək.ki/
Gujarati,/ˈsə.lɑt̪/
Gujarati,/ˈʋi.mɑn/
Gujarati,/ˈɖʱeː.pũ/
Gujarati,/ˈd̪əs.t̪uɾ/
Gujarati,/ˈɦɑ.t̪ʰi/
Gujarati,/ˈpɑ.ɦɛ/
Gujarati,/ˈpɾə.ɡə.t̪i/
Gujarati,/ˈsɑl/
Gujarati,/ˈpə.ɦeː.lũ/
Gujarati,/ˈko.ʃiʃ/
Gujarati,/ˈɑpʰ.t̪ɑb/
Gujarati,/ˈɡʱo/
Gujarati,/ˈɑ̃.ɡə.ɖi/
Gujarati,/ˈsʋeː.ʈəɾ/
Gujarati,/ˈək.kəl/
Gujarati,/ˈlo.ʈo/
Gujarati,/ˈpeː.ɡɑm/
Gujarati,/ˈkon.ʈɾɑk.ʈəɾ/
Gujarati,/ˈɑ.lu.bu.kʰɑ.ɾɑ/
Gujarati,/ˈɡɾənt̪ʰ/
Gujarati,/ˈmɑ.so/
Gujarati,/ˈmɔŋ.ɡʱũ/
Gujarati,/ˈɑ.t̪əʃ/
Gujarati,/ˈpæ.ɾis/ ~ /ˈpeː.ɾis/ ~ /ˈpɛ.ɾis/
Gujarati,/ˈʃɑ.ɦu.ɽi/
Gujarati,/ˈpʰɑɾ.mə.si/
Gujarati,/b/
Gujarati,/ˈpeːn/
Gujarati,/ˈd̪ɑ.ɖʱi/
Gujarati,/ˈsə.ɦi.jəɾ/
Gujarati,/ˈd͡ʒus/
Gujarati,/ˈkə.ɾeːɳ/
Gujarati,/ˈpə.t̪əŋɡ/
Gujarati,/ˈd͡ʒəŋ.ɡəl/
Gujarati,/ˈɾus.t̪əm/
Gujarati,/ˈd͡ʒə/
Gujarati,/ˈɡʱə.ɾɛ.ɳũ/
Gujarati,/ˈbeːŋ.ɡlu.ɾu/
Gujarati,/ˈpʰɑsʈ/
Gujarati,/ˈd͡ʒo.bən/
Gujarati,/ˈpɑ.ɳi/
Gujarati,/ˈlənt͡ʃ/
Gujarati,/ˈid̪/
Gujarati,/ˈkɑ.nəm/
Gujarati,/ˈpʰol.lo/
Gujarati,/ˈkʰɑʋ.sɑ/
Gujarati,/ˈlut͡ʃʰ.ʋũ/
Gujarati,/ˈi.ɾɑn/
Gujarati,/ˈoɡ.ɳis/
Gujarati,/ˈɑ.d̪it̪.jə.ʋɑɾ/
Gujarati,/ˈd̪ʱʋə.ni/
Gujarati,/ˈɡɑd̪.lũ/
Gujarati,/ˈd̪eː.ʋi/
Gujarati,/ˈkəs.ɾət̪/
Gujarati,/ˈɾɑd͡ʒ.d̪ɾoʱ/
Gujarati,/ˈsəɾ.ko/
Gujarati,/ˈkib.lɑ/
Gujarati,/ˈkʰuɾ.ʃeːd̪/
Gujarati,/ˈkɑ.pʰi/
Gujarati,/ˈd̪o.d͡ʒəkʰ/
Gujarati,/ˈʃɑ.ɾũ/
Gujarati,/ˈsə.ɾəɡ/
Gujarati,/ˈsu.ʋəɾ/
Gujarati,/ˈt͡ʃək.li/
Gujarati,/ˈəʃ.ʋət̪.t̪ʰə/
Gujarati,/ˈʋəd̪/
Gujarati,/ˈbʱukʰ/
Gujarati,/ˈbə.d͡ʒɑɾ/
Gujarati,/ˈɑ.ʈʰəm/
Gujarati,/ˈbʱukʰ.mə.ɾo/
Gujarati,/ˈpi.ɖɑ/
Gujarati,[ˈsɛ̤.lũ]
Gujarati,/ˈkʰɑ.kɑn/
Gujarati,/ˈbɑ̃d̪ʱ.ʋũ/
Gujarati,/ˈət̪.jɑ.ɾɛ/
Gujarati,/ˈɑ.ʋi‿ˈbən.ʋũ/
Gujarati,/ˈɔ.pʰi.səɾ/
Gujarati,/ˈpuɾ/
Gujarati,/ˈmɑɾks/
Gujarati,/ˈd͡ʒi.jɑ.ɾət̪/
Gujarati,/ˈkut̪.ɾũ/
Gujarati,/ˈkɑp.ʋũ/
Gujarati,/ˈmə.sɑ.lo/
Gujarati,/ˈsɑ.t͡ʃəʋ.ʋũ/
Gujarati,/ˈpə.ɾən.t̪u/
Gujarati,/ˈd̪ɑm.ɳi/
Gujarati,/ˈu.ɡʱɑɽ/
Gujarati,/ˈkɑ̃i/
Gujarati,/ˈɾu.si/
Gujarati,/ˈfɪ.ləm/
Gujarati,/ˈbəi.ɾək/
Gujarati,/ˈʋ(j)ɛ.ʋəs.t̪ʰit̪/
Gujarati,/ˈpə.sɑj/
Gujarati,/ˈt͡ʃɑ.buk/
Gujarati,/ˈd͡ʒʱuʱ.ɾɑ/
Gujarati,/ˈɡɑ.li.t͡ʃo/
Gujarati,/ˈən.d̪ʱɑ.ɾũ/
Gujarati,/ˈkəm.pɑ.lɑ/
Gujarati,[ˈt̪ɛ̤.ʋɑɾ]
Gujarati,/ˈsɑ.meːl/
Gujarati,/ˈso.ni/
Gujarati,/ˈd̪eːʋ.nɑɡ.ɾi/
Gujarati,/ˈpeː.ʃɑb/
Gujarati,/ˈd̪il/
Gujarati,/ˈɔ.sɑ.məɳ/
Gujarati,/ˈkeːd̪.kʰɑ.nũ/
Gujarati,/ˈd̪uɑ/
Gujarati,/ˈkʰo.d̪ɑ/
Gujarati,/ˈɡəŋ.ɡeːj/
Gujarati,/ˈsuɽ.t̪ɑ.ɭis/
Gujarati,/ˈmo.t̪i/
Gujarati,/ˈnə.t̪ɑ.ʃɑ/
Gujarati,/ˈkɑ.d͡ʒi/
Gujarati,/ˈɦəɭ.d̪əɾ/
Gujarati,/ˈbʱuʈ.ʈʰo/
Gujarati,/ˈpɾɑɳ/
Gujarati,/ˈəɲ.d͡ʒu.mən/
Gujarati,/ˈzəɾ.t̪(ʰ)os.t̪i/
Gujarati,/ˈd͡ʒəɾ.t̪ost̪/
Gujarati,/ˈɖəɡ.lo/
Gujarati,/ˈʋə.ɾəs.ʋũ/
Gujarati,/ˈpə.ɖi/
Gujarati,/ˈpʰɪl.m/
Gujarati,/ˈt͡ʃit̪.ɾəm.jə/
Gujarati,/ˈpɑuɳɖ/
Gujarati,/ˈəʱ.leː.ki.t̪ɑb/
Gujarati,/ˈt͡ʃɔ.pən/
Gujarati,/ˈɡɾis/
Gujarati,/ˈju.keː/
Gujarati,/ˈʋəɾ.ʃɑ/
Gujarati,/ˈsə.lɑʱ/
Gujarati,/ˈd̪ɑ.d̪o/
Gujarati,/ˈbo.ɽi/
Gujarati,/ˈməd̪ʱ.mɑ.kʰi/
Gujarati,/ˈʃuɾ.seːn/
Gujarati,/ˈd̪i.ʋɑl/
Gujarati,/ˈə.kɑ.d̪ə.mi/
Gujarati,/ˈəɲ.d͡ʒə.nɑ/
Gujarati,/ˈɑɡ.məɳ/
Gujarati,/ˈt̪ɾis/
Gujarati,/ˈbəm.ɳũ/
Gujarati,/ˈɛ/
Gujarati,/ˈt͡ʃɑm.ɽi/
Gujarati,/ˈbɑp/
Gujarati,/ˈʃək.t̪i/
Gujarati,/ˈʋə.ɡʱɑɾ/
Gujarati,/ˈd͡ʒjɑ̃/
Gujarati,/ˈd̪ut̪/
Gujarati,/ˈkeːɾ/
Gujarati,/ˈbʱɑ̃.ɖũ/
Gujarati,/ˈʋi.ʋɑʱ/
Gujarati,/ˈɑ̃.t͡ʃəɭ/
Gujarati,/ˈd͡ʒɔb/
Gujarati,/ˈsə.mud̪.ɾə/
Gujarati,/ˈpʰɑ̃.si/
Gujarati,/ˈkʰə.ɖəɡ/
Gujarati,/ˈd̪eː.ʋəɭ/
Gujarati,/ˈɾək.ʃɑ/
Gujarati,/ˈud͡ʒʱ.bək/
Gujarati,/ˈpət̪.ni/
Gujarati,/ˈsə.ɦən/
Gujarati,/ˈt̪ul.si/
Gujarati,/ˈbun.d̪d̪ɑ.ɳɑ/
Gujarati,/ˈpɾɑ.t͡ʃin/
Gujarati,/ˈməŋ.ɡəɭ/
Gujarati,/ˈʋiʃ.ɾɑm/
Gujarati,[ˈbʱɑ.ʃəɳ]
Gujarati,/tʃʰokrũ/
Gujarati,/ˈpə.t̪ʰɑ.ɾi/
Gujarati,/ˈɡo.pi/
Gujarati,/pʰəɾ.ɦɑd̪/
Gujarati,/ˈpĩ.t͡ʃʰũ/
Gujarati,/ˈli.lɔ/
Gujarati,/ˈkɑ.no/
Gujarati,/ˈu.ɡəm.ɳũ/
Gujarati,/ˈt̪ɑi.ʋɑn/
Gujarati,/ˈlop/
Gujarati,[ˈkʰuɾ.si]
Gujarati,/ˈʃəɾ.bət̪/
Gujarati,/ˈʋɑ.d̪əl/
Gujarati,/ˈkət͡ʃt͡ʃʰ/
Gujarati,/ˈo.ɡəɳ.sɑʈʰ/
Gujarati,/ˈʃə.ʋɑl/
Gujarati,/ˈɑn.t̪əɾ.d͡ʒɑɭ/
Gujarati,/ˈsə.ɾəs/
Gujarati,/ˈkɑn/
Gujarati,/ˈmən/
Gujarati,/ˈmeː.ɡʱə.d̪ʱə.nuʂ/
Gujarati,/ˈsəs.t̪ũ/
Gujarati,/ˈpɑ.nũ/
Gujarati,/ˈɑp.ʋũ/
Gujarati,/ˈpə.t̪i/
Gujarati,/ˈbʱu/
Gujarati,/ˈbə.ɡəl/
Gujarati,/ˈəl.d͡ʒi.ɾi.jɑ/
Gujarati,/ˈd̪ə.ɦĩ/
Gujarati,/sɑt/
Gujarati,/ˈku.ɦɑ.ɽo/
Gujarati,/ˈkʰɑ.ʋɑ.nũ/
Gujarati,/ˈɾɑ.d̪ʱeːk.ɾuʃɳ/
Gujarati,/ˈpɑt̪.ɾɑ/
Gujarati,/ˈləɡ.nə/
Gujarati,/ˈbɑ.pu.nə.ɡəɾ/
Gujarati,/ˈt̪ə/
Gujarati,/ˈpɑd̪.ɾi/
Gujarati,/ˈəɾ.d̪ʱə.ʋəɾ.t̪u.ɭɑ.kɑɾ/
Gujarati,/ˈməst̪/
Gujarati,/ˈkə.ɾɑ̃.t͡ʃi/
Gujarati,/ˈsɑ.ʈo/
Gujarati,/ˈsup.ɽi/
Gujarati,/ˈsən.d̪eː.ʃo/
Gujarati,/ˈbəm.bo/
Gujarati,/ˈpə.t̪ɑ.sũ/
Gujarati,/ˈɦik/
Gujarati,/ˈkə.pɑɭ/
Gujarati,/ˈd̪ən.t̪məɲ.d͡ʒən/
Gujarati,/ˈmə.ɾəɳ.t̪i.t̪ʰi/
Gujarati,/ˈd͡ʒu.ʋɑ.ni/
Gujarati,/ˈɡɾi.ʋɑ/
Gujarati,/ˈʈi.kiʈ/
Gujarati,[ˈʋa̤ɣ]
Gujarati,/ˈləkʰ.ɳũ/
Gujarati,/ˈbʱə/
Gujarati,/ˈd͡ʒə.mɑi/
Gujarati,/ˈkeːn.jɑ/
Gujarati,/ˈkə.bu.t̪əɾ/
Gujarati,/ˈpuʃ.pə.pɑt̪.ɾə/
Gujarati,/ˈɑ.kɑʃ/
Gujarati,[ˈif.t̪ɑɾ]
Gujarati,[ˈpɔ̤̃t͡ʃ.ʋũ]
Gujarati,/ˈd̪u.kɑn.d̪ɑɾ/
Gujarati,/ˈbəŋ.ɡɖi/
Gujarati,/ˈso.fɑ/
Gujarati,/ˈʋiɡ.nɑn/
Gujarati,/ˈpʰə/
Gujarati,/ˈsɑɲd͡ʒ/
Gujarati,/ˈʃə.ɾu/
Gujarati,/ˈt͡ʃi/
Gujarati,/ˈd͡ʒəj‿ˈd͡ʒi.neːn.d̪ɾə/
Gujarati,/ˈkoʈ/
Gujarati,/ˈsu.ʋɑs.ɳi/
Gujarati,/ˈbə.ɦɛn/
Gujarati,/ˈsə.ɽək/
Gujarati,/ˈpə.lɑɳ/
Gujarati,/ˈsəi.jəd̪/
Gujarati,/ˈnɑ.no/
Gujarati,/ˈə.ʃɑɖʱ/
Gujarati,/ˈpə.ɾəm.d̪i.ʋəs/
Gujarati,/ˈ.nə.ʋis/
Gujarati,/ˈsə.ɾəs.ʋə.t̪i/
Gujarati,/ˈsi.d̪i/
Gujarati,/ˈpɑʈ.lun/
Gujarati,[ˈsəɾ.ʈi.fi.keːʈ]
Gujarati,/ˈnɑ.ʃik/
Gujarati,/ˈd͡ʒiʋ.ɽũ/
Gujarati,/ˈɾəs.t̪o/
Gujarati,/ˈkʰɑ.ʋənd̪/
Gujarati,/ˈɦeː.lo/
Gujarati,/ˈsʋəs.t̪ik/
Gujarati,/ˈleː.kʰək/
Gujarati,/ˈməm.mi/
Gujarati,/ˈkus.t̪un.t̪ni.jɑ/
Gujarati,/ˈis.mɑil/
Gujarati,/ˈkʰit͡ʃ.ɖi/
Gujarati,/ˈd̪ɑ.d̪ɑ/
Gujarati,/ˈɦə.d̪is/
Gujarati,/ˈbʱis.t̪i/
Gujarati,/ˈis/
Gujarati,/ˈkʰun/
Gujarati,/ˈkuɾ.ʃeːd̪/
Gujarati,/ˈsə.mɑd͡ʒ/
Gujarati,/ˈmɑʋ.ɖi/
Gujarati,/ˈmɛl/
Gujarati,/ˈə.lɑ.ʋo/
Gujarati,/ˈd̪ʱɑ.ɳɑ/
Gujarati,/ˈd̪ək.ʃiɳ/
Gujarati,/ˈəl.lɑʱ‿ˈni.ɡeːʱ.bɑn/
Gujarati,/ˈsɑ.d̪ʱən/
Gujarati,/ˈpi.ʈʰũ/
Gujarati,/ˈɾɑm/
Gujarati,/ˈskul/
Gujarati,/ˈʋəs.t̪i/
Gujarati,/ˈd̪u.ɳũ/
Gujarati,/ˈu.pəd͡ʒ.ʋũ/
Gujarati,/ˈd͡ʒeː.ləm/
Gujarati,/ˈɦəd͡ʒd͡ʒ/
Gujarati,/ˈɡo.mɑ̃s/
Gujarati,/ˈbuɖ.ʋũ/
Gujarati,/ˈt͡ʃʰəp.pən/
Gujarati,/ˈmeː.ʋo/
Gujarati,/ˈɑ̃s/
Gujarati,/ˈpo.t̪ʰũ/
Gujarati,/ˈɾɑd͡ʒ.mə.ɦeːl/
Gujarati,/ˈmeːʂ/
Gujarati,/ˈmək.bə.ɾo/
Gujarati,/ˈkɑɾ.ʋɑ̃/
Gujarati,/ˈsəl.ɡəm/
Gujarati,/ˈlu.ɦɑɾ/
Gujarati,/ˈɾəi.ʋɑɾ/
Gujarati,/ˈʋət͡ʃ.t͡ʃɛ/
Gujarati,/ˈpə.ɾoɖʱ/
Gujarati,/ˈd͡ʒun/
Gujarati,/ˈmu.ɦəl.lɑ/
Gujarati,/ˈsə.mo/
Gujarati,/ˈbɑi.bəl/
Gujarati,/ˈnə.pũ.sək.liŋɡ/
Gujarati,/ˈkũ.ʋɑ.ɾi/
Gujarati,/ˈd̪ə/
Gujarati,/ˈʋi.bʱɑ.d͡ʒən/
Gujarati,[ˈɑf.ɾin.ɡɑn]
Gujarati,/ˈpʰi.ɾəŋɡ/
Gujarati,/ˈd͡ʒən.t̪u.nɑ.ʃək/
Gujarati,/ˈd̪ʱum.ɾə.pɑn/
Gujarati,/ˈɾəm.d͡ʒɑn/
Gujarati,/ˈsɛ̃.t̪ʰi/
Gujarati,/ˈʈə.ʈɑɾ/
Gujarati,/ˈsə.ɡiɾ/
Gujarati,/ˈɡə.ɳit̪/
Gujarati,/ˈbud̪ʱ.ʋɑɾ/
Gujarati,/ˈpɾɑɾ.t̪ʰə.nɑ/
Gujarati,/ˈmɔ.ɽũ/
Gujarati,/ˈʋəl.lɑʱ/
Gujarati,/ˈpɾə.d̪u.ʃəɳ/
Gujarati,/ˈmu.sɑ.pʰəɾ/
Gujarati,/ˈpeːn.sil/ ~ /ˈpɛn.sil/
Gujarati,/ˈbɑɭ/
Gujarati,/ˈ.ʋɑ.ɭi/
Gujarati,/ˈʋɑ.ɦi.ɡu.ɾu/
Gujarati,/ˈid̪‿ˈmu.bɑ.ɾək/
Gujarati,/ˈsɑ.kəɾ/
Gujarati,/ˈt͡ʃək.ɾə/
Gujarati,/ˈpʰoi/
Gujarati,/ˈməi.t̪ʰun/
Gujarati,/ˈbɑʃ.kiɾ/
Gujarati,/ˈkə.si.no/
Gujarati,/ˈbə.zɑɾ/
Gujarati,/ˈʋɑɽ.kũ/
Gujarati,/ˈpɑ.ũ/
Gujarati,/ˈt̪u.kəm/
Gujarati,/ˈsə.ɦi.sə.lɑ.mət̪/
Gujarati,/ˈpʰəɾ.mɑn/
Gujarati,/ˈʋə.ɾɑɭ/
Gujarati,/ˈʈɑ.bəɾ/
Gujarati,/ˈsə.ɡũ/
Gujarati,/ˈɾɑt̪/
Gujarati,/ˈmə.d͡ʒɑ.mɑ̃‿ˈt͡ʃʰũ/
Gujarati,/ˈʋə.ɦɑɳ/
Gujarati,/ˈjə.ɦo.ʋɑʱ/
Gujarati,/ˈd̪ə.ɾun/
Gujarati,/ˈsiŋ.kjɑnɡ/
Gujarati,/ˈkʰɾis.t̪i.kə.ɾəɳ/
Gujarati,/ˈneːʱ/
Gujarati,/ˈʋi.d͡ʒə.ɭi/
Gujarati,/ˈsu.ɖo/
Gujarati,/ˈɡo.ʈʰo/
Gujarati,/ˈu.d͡ʒəʋ.ɳi/
Gujarati,/ˈkul.pʰi/
Gujarati,/ˈbʱəʈʰ.ʈʰi/
Gujarati,/ˈɑ.nənd̪/
Gujarati,/ˈsom/
Gujarati,/ˈɑlps/
Gujarati,/ˈbɑɳ.ɳũ/
Gujarati,/ˈɖʱok.ɭũ/
Gujarati,/ˈd̪ɑ.ni.jeːl/
Gujarati,/ˈt̪i.d͡ʒo.ɾəɾ/
Gujarati,/ˈsə.pʰəɾ.d͡ʒən/
Gujarati,/ˈbɑ.ʋis/
Gujarati,/ˈko.ɭũ/
Gujarati,/ˈnɑɾ/
Gujarati,[ˈpoɽʱ.ʋũ] ~ [ˈpɔɽʱ.ʋũ]
Gujarati,/ˈbə.d̪ɑ.mi/
Gujarati,/ˈmɛn.d̪i/
Gujarati,/ˈsə.ɾoʃ/
Gujarati,/ˈəs.t̪ɾo/
Gujarati,/ˈjuʋ.t̪i/
Gujarati,/ˈʃə.ɾɑb/
Gujarati,/ˈmɑ.ʈi/
Gujarati,/ˈmɑɾ.ʋɑɖ/
Gujarati,/ˈsəɾ.kɑɾ/
Gujarati,/ˈɑ.meːn/
Gujarati,/ˈmə.pʰət̪/
Gujarati,/ˈɑ.liŋ.ɡən/
Gujarati,/ˈsɑʈʰ/
Gujarati,/ˈkɾuʃɳə.sɑɾ/
Gujarati,/ˈbɾi.ʈiʃ/
Gujarati,/ˈd̪ud̪ʱ/
Gujarati,/ˈd̪i.ʋo/
Gujarati,/ˈkə.ɭəɳ/
Gujarati,/ˈəl.ɦɑ.bɑd̪/
Gujarati,[ˈʃik.ʃəɳ]
Gujarati,/ˈpɾə.d̪ʱɑn/
Gujarati,/ˈʋɑ̃.sə.ɭi/
Gujarati,/ˈmuʃ.kil/
Gujarati,/ˈut̪.t̪əɾ‿ˈpɾə.d̪eːʃ/
Gujarati,/ˈsip/
Gujarati,/ˈə.d͡ʒəm/
Gujarati,/ˈd̪ik.ɾo/
Gujarati,/ˈmə.ɦəɾ/
Gujarati,/ˈsu.ɾeːn.d̪ɾə.nə.ɡəɾ/
Gujarati,/ˈɡo.pɑl/
Gujarati,/ˈə.ɡi.jɑ.ɾəs/
Gujarati,/ˈseː.ʋɑɭ/
Gujarati,/ˈkɑ.bɑ/
Gujarati,/ˈʃɾi.nə.ɡəɾ/
Gujarati,/ˈʋə.d͡ʒən/
Gujarati,/ˈd̪əpʰ.nɑʋ.ʋũ/
Gujarati,/ˈbɾəʱ.mə.put̪.ɾə/
Gujarati,/ˈʋə.ɾu/
Gujarati,/ˈɡɑbʱ/
Gujarati,/ˈʋɑ.ɡʱəɳ/
Gujarati,/ˈmeːd͡ʒ/
Gujarati,[ˈəf.ɡʱɑ.nis.t̪ɑn]
Gujarati,/ˈɑ.jət̪/
Gujarati,/ˈkəɾ.ɳɑ.ʈək/
Gujarati,/ˈɦo.ʋũ/
Gujarati,/ˈt͡ʃit̪.ɾə.kɑm/
Gujarati,/ˈə.bɑ.bil/
Gujarati,/ˈɑɽ.t̪ɾis/
Gujarati,/ˈmə.ʈən/
Gujarati,/ˈə.ʋəs.t̪ɑ/
Gujarati,/ˈniɾ/
Gujarati,/ˈd̪eː.sɑi/
Gujarati,/ˈkɑ̃.ʈʰo/
Gujarati,/ˈpo.lɑd̪/
Gujarati,/ˈpə.ɡo.ɖɑ/
Gujarati,/ˈso.nũ/
Gujarati,/ˈsɑ.ɦit̪.jə/
Gujarati,/ˈi.ʃɑ.ɾo/
Gujarati,/d͡ʒ/
Gujarati,/ˈd͡ʒɑ.ɦeːɾ.kʰə.bəɾ/
Gujarati,/ˈd̪u.ɾud̪/
Gujarati,/ˈt͡ʃi.t̪ɑ.ɾo/
Gujarati,/ˈu.ʃəɾ/
Gujarati,/ˈsə.nɑ.t̪ən/
Gujarati,/ˈt̪u.ɾəŋɡ/
Gujarati,/ˈməʱ.mud̪/
Gujarati,/ˈu.pəuʃ.ɳək.ʈi.bən.d̪ʱi.jə/
Gujarati,/ˈɑb/
Gujarati,/ˈnu.t̪ən/
Gujarati,/ˈɦəɭ/
Gujarati,/ˈbə.ɦɛ.ɾũ/
Gujarati,/ˈpəɾ.ʋin/
Gujarati,/ˈpʰəɾ.ʋũ/
Gujarati,/ˈɡə.d̪ʱeː.ɽũ/
Gujarati,/ˈkɑ.kɑ/
Gujarati,/ˈmə.ʃin/
Gujarati,/ˈpʰɾɑk/
Gujarati,/ˈt̪uɾ.kəs.t̪ɑn/
Gujarati,/ˈɑ.ɭəs/
Gujarati,/ˈbʱop.lũ/
Gujarati,/ˈɡət͡ʃt͡ʃʰ/
Gujarati,/ˈpəŋ.kʰi/
Gujarati,/ˈsəs.lũ/
Gujarati,/ˈsə.ɾi.t̪ɑ/
Gujarati,/ˈsət̪.jɑɡ.ɾəʱ/
Gujarati,/ˈkə.pʰən/
Gujarati,/ˈkot͡ʃ.lũ/
Gujarati,/ˈseːp/
Gujarati,/ˈ.d̪ɑɾ/
Gujarati,/ˈnə.məs.kɑɾ/
Gujarati,/ˈkɛ̃.t͡ʃi/
Gujarati,[ˈkɛ̤.ʋũ]
Gujarati,/ˈt̪əmɛ/
Gujarati,/ˈuʂ.ʈɾə.pək.ʃi/
Gujarati,/ˈju.keː.lip.ʈəs/
Gujarati,/ˈpɾɑɾt̪ʰ.ʋũ/
Gujarati,/ˈkəɾɖ.ʋũ/
Gujarati,/ˈɦə.ɾi.d͡ʒən/
Gujarati,/ˈd̪ʱi.ʋəɾ/
Gujarati,/ˈbʱəɳ.ʋũ/
Gujarati,/ˈd̪eːʃ/
Gujarati,/ˈkɑ.jəm/
Gujarati,/ˈkə.ɾɑɾ/
Gujarati,/ˈt͡ʃʰɑ.nũ.mɑ.nũ/
Gujarati,/ˈt̪ɑɾ.jən.t̪ɾə/
Gujarati,/ˈd̪uɾ.ɾɑd͡ʒ/
Gujarati,/ˈmɑ.jɑ/
Gujarati,/ˈɡoʈ.lo/
Gujarati,/ˈʋi.nɑ/
Gujarati,/ˈmeːɡʱ.nɑ/
Gujarati,/ˈkos/
Gujarati,/ˈkoi.pəɳ/
Gujarati,/ˈbʱɾu.ɡu.ʋɑɾ/
Gujarati,/ˈkɑn.puɾ/
Gujarati,/ˈid͡ʒʱ.ɾɑ.jəl/
Gujarati,/ˈd͡ʒi.ʋən.ʋid͡ʒ.ɲɑn/
Gujarati,/ˈɾeː.t̪i/
Gujarati,/ˈəs.t̪ə.bəl/
Gujarati,/ˈmo.səm.bi/
Gujarati,[ˈəf.sos]
Gujarati,/ˈʋəɾ/
Gujarati,/ˈɑ.ʃiʂ/
Gujarati,/ˈd̪il.bəɾ/
Gujarati,/ˈbɾəʃ/
Gujarati,/ˈbɑ.bəɾ/
Gujarati,/ˈsəl.t̪ə.nət̪/
Gujarati,/ˈə.ɾus/
Gujarati,/ˈut̪.pət̪.t̪i/
Gujarati,[ˈfo.ʈo]
Gujarati,/ˈməd̪.ɾɑs/
Gujarati,/ˈsəɡ.d̪id̪/
Gujarati,/ˈt͡ʃʰət̪.ɾis/
Gujarati,/ˈkə.ʋəɾ/
Gujarati,/ˈbə.ɦɛn.pə.ɳi/
Gujarati,/ˈɦə.məd͡ʒ.ʋũ/
Gujarati,/ˈsɑj.bo/
Gujarati,/ˈu.pə.nɑm/
Gujarati,/ˈd̪in/
Gujarati,/ˈkɑd͡ʒ/
Gujarati,/ˈt̪ɾuʃɳɑ/
Gujarati,/ˈɾɑ.d͡ʒiʋ/
Gujarati,/ˈnɔɾ.t̪ũ/
Gujarati,/ˈkʰəɾ.ɡoʃ/
Gujarati,/ˈd̪ʱɑn/
Gujarati,/ˈpəɲ.t͡ʃɑŋɡ/
Gujarati,/ˈt̪ɑ.t̪ɑ.ɾi/
Gujarati,/ˈi.bə.lis/
Gujarati,/ˈɦə.mɑm/
Gujarati,/ˈd̪ə.ɦɑ.ɽo/
Gujarati,/ˈt͡ʃʰɑp.jən.t̪ɾə/
Gujarati,/ˈpəɡ.t̪ʰi.jũ/
Gujarati,[ˈɑf.t̪ɑb]
Gujarati,/ˈpʰɑ.t̪i.mɑ/
Gujarati,/ˈɑɡ.ɾɑ/
Gujarati,/ˈʋə.ɦu/
Gujarati,/ˈɦo.ʈəl/
Gujarati,/ˈsəɾ.ɡi/
Gujarati,/ˈmeːɡʱ/
Gujarati,/ˈbəɭ.ʋũ/
Gujarati,/ˈsu.beː.d̪ɑɾ/
Gujarati,/ˈkʰəl.bət̪t̪ɔ/
Gujarati,/ˈos/
Gujarati,/ˈʋɑ.səɳ/
Gujarati,/ˈbɑ.səʈʰ/
Gujarati,/ˈə.muɾt̪/
Gujarati,/ˈpoɾ.bən.d̪əɾ/
Gujarati,/ˈkʰɑn.d̪ɑn/
Gujarati,/ˈɦɑi.ku/
Gujarati,/ˈeː.lə.t͡ʃi/
Gujarati,/ˈɑɾ.meː.ni.jɑ/
Gujarati,/ˈd̪i.d̪i/
Gujarati,/ˈbə.d͡ʒəɾ/
Gujarati,/ˈɑ.d̪u/
Gujarati,/ˈsəb.d͡ʒi/
Gujarati,/ˈu.ɡʱə.ɾɑ.ɳi/
Gujarati,/ˈt̪ɑʋ/
Gujarati,/ˈpɑɾ.ʈi/
Gujarati,/ˈpɑ.ʈi.jũ/
Gujarati,/ˈʃəb.nəm/
Gujarati,/ˈnəs.t̪ɑ.lik/
Gujarati,/ˈbɑɾ.ɳũ/
Gujarati,[ˈʋa̤.lũ]
Gujarati,[ˈṳlːəɽ]
Gujarati,/ˈt̪ə.ɾət̪/
Gujarati,/ˈbud̪ʱ/
Gujarati,/ˈjo.ni/
Gujarati,/ˈt͡ʃɑ.ʋi/
Gujarati,/ˈɡɑ.d͡ʒʱɑ/
Gujarati,/ˈmiʱ.ɾɑb/
Gujarati,/ˈiɖ.li/
Gujarati,/ˈeːk/
Gujarati,/ˈɾə.si/
Gujarati,/ˈpin/
Gujarati,/ˈəkʰ.bɑɾ/
Gujarati,/ˈd̪ə.ʋɑ.kʰɑ.nũ/
Gujarati,/ˈnɑʃ.t̪o/
Gujarati,/ˈ.i.jũ/
Gujarati,/ˈeːk.lũ/
Gujarati,/ˈɡə.d̪ʱeː.ɽi/
Gujarati,/ˈki.lɑ.ʋo/
Gujarati,/ˈsɑ.ɽət̪.ɾis/
Gujarati,/ˈsi.t̪ɑ.ɾo/
Gujarati,/ˈɦə.jɑt̪/
Gujarati,/ˈbʱeː.d͡ʒũ/
Gujarati,/ˈkən.d̪ʱɑɾ/
Gujarati,/ˈʋə.sən.t̪pəɲ.t͡ʃmi/
Gujarati,/ˈɖũ.ʈi/
Gujarati,/ˈpɾə.kɑɾ/
Gujarati,/ˈpjɑɾ/
Gujarati,/ˈpə/
Gujarati,/ˈt̪ə.bi.jət̪/
Gujarati,/ˈpʰɑl.t̪u/
Gujarati,/ˈmɑ.bɑp/
Gujarati,/ˈɾuʱ/
Gujarati,/ˈu.ʈʰɑɽ.ʋũ/
Gujarati,/ˈɾə.ʋi/
Gujarati,/ˈt̪əb.lɑ̃/
Gujarati,/ˈəɭ.si/
Gujarati,/ˈt͡ʃʰɑɳ/
Gujarati,/ˈbʱo.pɑɭ/
Gujarati,/ˈd̪ʱəɾ.mə.ʃɑ.ɭɑ/
Gujarati,/ˈəʂ.ʈkoɳ/
Gujarati,/ˈɾɑd͡ʒ.koʈ/
Gujarati,/ˈnə.ʋə.ʋəɾʂ/
Gujarati,/ˈʃɔkʰ/
Gujarati,/ˈʃi.ʃu/
Gujarati,/ˈpəɖʱ.ʋũ/
Gujarati,/ˈɔt̪ʰɑɾ/
Gujarati,/ˈsi.kən.d̪əɾ/
Gujarati,/ˈbɾəʱ.mə.d̪eːʃ/
Gujarati,/ˈso.ʋi.jeːʈ/
Gujarati,/ˈt̪ə.ɦəd͡ʒ.d͡ʒud̪/
Gujarati,/ˈɖɑɳ.ɖo/
Gujarati,[ˈɡə̤ũ]
Gujarati,/ʃĩɦ/
Gujarati,/ˈt̪ɑ.ɾũ/
Gujarati,/ɑ/
Gujarati,/ˈsə.pʰəɾ/
Gujarati,/ˈlim.bu‿ˈpɑ.ɳi/
Gujarati,/ˈsɑm.jə.ʋɑd̪/
Gujarati,/ˈən.d̪əɾ/
Gujarati,/ˈpə.ɦɛɾ.ʋũ/
Gujarati,[ˈmə.fət̪]
Gujarati,/ˈd̪i.d̪ʱũ/
Gujarati,/ˈbɑm.bu/
Gujarati,/ˈd͡ʒəɭ.ɡʱo.ɽo/
Gujarati,/ˈis.kən.d̪ɾi.jɑ/
Gujarati,/ˈləm.bt͡ʃɔ.ɾəs/
Gujarati,/ˈpəɾ.d̪ɑ.d̪o/
Gujarati,/ˈkoi/
Gujarati,/ˈnəb.ɭũ/
Gujarati,/ˈd͡ʒʱum.kʰũ/
Gujarati,/ˈə.ʋɑz/
Gujarati,/ˈkə.t͡ʃeː.ɾi/
Gujarati,/ˈsə.lɑʱ.kɑɾ/
Gujarati,/ˈso.ɡən/
Gujarati,/ˈɾĩt͡ʃʰ/
Gujarati,/ˈbə.ɦu.pə.t̪it̪.ʋə/
Gujarati,/ˈis.kot̪.ɾo/
Gujarati,/ˈt̪əm.ɡʱɑ/
Gujarati,/ˈkɑk.ɳək/
Gujarati,/ˈkə.t͡ʃo.ɾi/
Gujarati,/ˈʃək.kəɾ‿ˈʈeː.ʈi/
Gujarati,/ˈɦɑ.ɾũ/
Gujarati,/ˈd͡ʒu.t̪ũ/
Gujarati,/ˈɡɑn.d̪ʱi.ɡi.ɾi/
Gujarati,/ˈmi.t̪i/
Gujarati,/ˈpəɡ/
Gujarati,/ˈsʋɑ.ɡət̪/
Gujarati,/ˈnɑ.nək.pən.t̪ʰi/
Gujarati,/ˈt̪ɑd͡ʒ.d̪ɑɾ/
Gujarati,/ˈsi.ʋɑj/
Gujarati,/ˈd̪ik.ɾi/
Gujarati,/ˈəɾ.mɑɾ/
Gujarati,/ˈəd͡ʒ.meːɾ/
Gujarati,/ˈʈʰuɳ.ɖi/
Gujarati,/ˈd͡ʒud̪.d̪in/
Gujarati,/ˈd͡ʒibʱ/
Gujarati,/ˈɖə.d͡ʒʱən/
Gujarati,/ˈd̪ok.mũ/
Gujarati,/ˈɦuk.ko/
Gujarati,/ˈlɑl/
Gujarati,[ˈd̪ə̤ĩ]
Gujarati,[ˈkəf]
Gujarati,/ˈd͡ʒəm.ʃid̪/
Gujarati,/ˈə.ɾi.so/
Gujarati,/ˈʈə/
Gujarati,/ˈbi.lɑ.ɽi/
Gujarati,/ˈt̪i.pi.ʈək/
Gujarati,/ˈɡʱəs.ʋũ/
Gujarati,/ˈnəɾ.sã.ɦɑɾ/
Gujarati,/ˈis.ʈəɾ/
Gujarati,/ˈmo.d̪ək/
Gujarati,/ˈsi.kən.d̪ə.ɾɑ.bɑd̪/
Gujarati,/ˈʋiʃ.ʋə/
Gujarati,/ˈkʰeː.t̪əɾ/
Gujarati,/ˈd̪uɾ.d̪əɾ.ʃən/
Gujarati,/ˈsə.mud̪.ɾə‿ˈki.nɑ.ɾo/
Gujarati,/ˈsoɾ.ʈi/
Gujarati,/ˈɦin.d̪u.kuʃ/
Gujarati,/ˈɖɑ.ko/
Gujarati,/ˈpi.t̪ɑ/
Gujarati,/ˈmɑ/
Gujarati,/ˈlə.səɳ/
Gujarati,[ˈʋɛ̤̃t͡ʃ.ʋũ]
Gujarati,/ˈʃɑm/
Gujarati,/ˈkə.lɑ/
Gujarati,/ˈnɑ.nũ/
Gujarati,/ˈd͡ʒʱɑɲ.d͡ʒʱəɾ/
Gujarati,/ˈʋən/
Gujarati,/ˈmut͡ʃʰ/
Gujarati,/ˈɡɑ.ɽi/
Gujarati,/ˈd̪u.kɑn/
Gujarati,/ˈd̪ɑɾ/
Gujarati,/ˈbə.ɦeː.ɾɑm/
Gujarati,/ˈpli.ɦɑ/
Gujarati,/ˈsɔ/
Gujarati,/ˈnɑ.t̪ɑl/
Gujarati,/ˈsɛn.t̪ʰi/
Gujarati,/ˈmo.ɦəm.məd̪/
Gujarati,/ˈu.pɑd̪ʱ.jɑj/
Gujarati,[ˈkɛ̤.ʋət̪]
Gujarati,/ˈə.lipʰ/
Gujarati,/ˈpə.ɾis.t̪om/
Gujarati,/ˈpu.ɾəɳ.po.ɭi/
Gujarati,/ˈkəɳ.ʈɑɭ.ʋũ/
Gujarati,/ˈd̪ə.lɑl/
Gujarati,/ˈkʰɔ.ɭo/
Gujarati,/ˈbəŋ.ɡɑɭ/
Gujarati,/ˈʋəɾ.ɳə/
Gujarati,/ˈsĩ.ɦəl/
Gujarati,/ˈpə.sənd̪/
Gujarati,/ˈɡʱoʂ/
