Haitian Creole,/a.dap.ta.sjɔ̃/
Haitian Creole,/ɔlejã/
Haitian Creole,/ʃaˈdɛk/
Haitian Creole,/ekɔs/
Haitian Creole,/molisk/
Haitian Creole,/vɛ̃nkat/
Haitian Creole,/aljaʒ/
Haitian Creole,/poto/
Haitian Creole,/laplas/
Haitian Creole,/vwazɛ̃/
Haitian Creole,/kɔ̃sɛp/
Haitian Creole,/bjɛ̃.vi.ni/
Haitian Creole,/ʒi/
Haitian Creole,/vil/
Haitian Creole,/pwofesjonɛl/
Haitian Creole,/paske/
Haitian Creole,/ɡɔ̃bo/
Haitian Creole,/ɣekɛ̃/
Haitian Creole,/sɛ̃jɛ̃/
Haitian Creole,/pãdil/
Haitian Creole,/makɣo/
Haitian Creole,/mɔ̃te/
Haitian Creole,/vodu/
Haitian Creole,/kamuflaʒ/
Haitian Creole,/pwoblɛm/
Haitian Creole,/pɔmdadã/
Haitian Creole,/ʃaˈlɛ/
Haitian Creole,/ɣekɔ̃nɛt/
Haitian Creole,/kuto/
Haitian Creole,/sɛ̃k/
Haitian Creole,/soti/
Haitian Creole,/mãtal/
Haitian Creole,/maˈjas/
Haitian Creole,/a.vwan/
Haitian Creole,/tapi/
Haitian Creole,/sab/
Haitian Creole,/mitã/
Haitian Creole,/wɔ̃/
Haitian Creole,/fejodal/
Haitian Creole,/semɛn/
Haitian Creole,/tablo/
Haitian Creole,/deklaɣe/
Haitian Creole,/kafe/
Haitian Creole,/ɡɣenadin/
Haitian Creole,/divɛ̃/
Haitian Creole,/pɔ̃mad/
Haitian Creole,/kɥijɛ/
Haitian Creole,/otɛ/
Haitian Creole,/kaɣãklu/
Haitian Creole,/ɣesus/
Haitian Creole,/tɣɛt/
Haitian Creole,/waʃintɔn/
Haitian Creole,/ɥit/
Haitian Creole,/ɣestavɛk/
Haitian Creole,/ʃo/
Haitian Creole,/ɡasɔ̃/
Haitian Creole,/a.tɛ̃n/
Haitian Creole,/inɔ̃dãsjɔ̃/
Haitian Creole,/viktwa/
Haitian Creole,/fɣɛ/
Haitian Creole,/ve/
Haitian Creole,/a.le/
Haitian Creole,/lwa/
Haitian Creole,/pwatɣaj/
Haitian Creole,/dimãsjɔ̃/
Haitian Creole,/suf/
Haitian Creole,/osejã/
Haitian Creole,/plaʒ/
Haitian Creole,/motosiklɛt/
Haitian Creole,/ɣãpe/
Haitian Creole,/ãt/
Haitian Creole,/a.do.ki.ne/
Haitian Creole,/zɛb/
Haitian Creole,/a.ni.mal/
Haitian Creole,/ɣaʃe/
Haitian Creole,/ɡlase/
Haitian Creole,/sɛt/
Haitian Creole,/vo/
Haitian Creole,/foɣɛ/
Haitian Creole,/ʃɛnlasɛl/
Haitian Creole,/ã.sɛ̃t/
Haitian Creole,/paʒ/
Haitian Creole,/ã.mɛ̃m.tã/
Haitian Creole,/lãnɥit/
Haitian Creole,/fɔme/
Haitian Creole,/pik lasɛl/
Haitian Creole,/ɣefeɣãs/
Haitian Creole,/sɛvitɛ/
Haitian Creole,/buˈtɛj/
Haitian Creole,/ʃã.te/
Haitian Creole,/opeɣasjɔ̃/
Haitian Creole,/itali/
Haitian Creole,/lɛv/
Haitian Creole,/sulje/
Haitian Creole,/pɣã/
Haitian Creole,/nɔdwɛs/
Haitian Creole,/difikilte/
Haitian Creole,/pwatɣin/
Haitian Creole,/kɣejatɛ/
Haitian Creole,/ɡita/
Haitian Creole,/seɣiz/
Haitian Creole,/mãɡo/
Haitian Creole,/ʃabɔ̃/
Haitian Creole,/diɣiʒã/
Haitian Creole,/powo/
Haitian Creole,/vle di/
Haitian Creole,/pɣale/
Haitian Creole,/ʒezi/
Haitian Creole,/valɛ/
Haitian Creole,/pɣepaɣasjɔ̃/
Haitian Creole,/ʒɔfi/
Haitian Creole,/lãmi/
Haitian Creole,/dominikani/
Haitian Creole,/kiˈlɛ/
Haitian Creole,/lɛ̃di/
Haitian Creole,/kɔ̃sa/
Haitian Creole,/kulɛ/
Haitian Creole,/bilɛ̃ɡ/
Haitian Creole,/zewo/
Haitian Creole,/ɛkɔ̃disjone/
Haitian Creole,/sitje/
Haitian Creole,/vɛ̃tɥit/
Haitian Creole,/etidje/
Haitian Creole,/ʃwazi/
Haitian Creole,/lɔ̃ɡ/
Haitian Creole,/ɡuvɛne/
Haitian Creole,/ɣeve/
Haitian Creole,/kiˈjɛs/
Haitian Creole,/kaj mistɛ/
Haitian Creole,/ʒodi/
Haitian Creole,/pɛpɛt/
Haitian Creole,/lidɛ/
Haitian Creole,/nɛɡ/
Haitian Creole,/pe.mã/
Haitian Creole,/koɣe disid/
Haitian Creole,/tɣãtɥit/
Haitian Creole,/moso/
Haitian Creole,/ɡɣa/
Haitian Creole,/misk/
Haitian Creole,/sɛ̃t vɛ̃sã ak ɡɣenadin/
Haitian Creole,/obʒɛ/
Haitian Creole,/ɣabuɣe/
Haitian Creole,/ɡalaksi/
Haitian Creole,/pwoteksjɔ̃/
Haitian Creole,/ʒiʒ/
Haitian Creole,/ʒaponɛ/
Haitian Creole,/esklavaʒ/
Haitian Creole,/kɣas/
Haitian Creole,/dispaɣɛt/
Haitian Creole,/a.bi/
Haitian Creole,/dis/
Haitian Creole,/mezãmi/
Haitian Creole,/bwɛt/
Haitian Creole,/izɣajɛl/
Haitian Creole,/ɣepɔ̃s/
Haitian Creole,/kiˈlɛs/
Haitian Creole,/ɣeptil/
Haitian Creole,/kɔ̃fjãs/
Haitian Creole,/puˈkiˌsa/
Haitian Creole,/tas/
Haitian Creole,/ʒwɛ̃ti/
Haitian Creole,/lavi/
Haitian Creole,/pusjɛ/
Haitian Creole,/ɣãsɛjmã/
Haitian Creole,/estati/
Haitian Creole,/ʃɛz/
Haitian Creole,/pɛ/
Haitian Creole,/woz/
Haitian Creole,/mɔ̃taj/
Haitian Creole,/fizik/
Haitian Creole,/vɔlɛ/
Haitian Creole,/diɣɛk/
Haitian Creole,/bjɛ̃.ve.ni/
Haitian Creole,/fɛb/
Haitian Creole,/sove/
Haitian Creole,/a.sep.te/
Haitian Creole,[kunja]
Haitian Creole,/vɛsjɔ̃/
Haitian Creole,/zɛpɔl/
Haitian Creole,/a.ka.ɣjat/
Haitian Creole,/kɔn/
Haitian Creole,/ʃɛ/
Haitian Creole,/mizikal/
Haitian Creole,/kisa/
Haitian Creole,/ã.sɛ.kle/
Haitian Creole,/beˈbe/
Haitian Creole,/maɣjaʒ/
Haitian Creole,/lilavaʃ/
Haitian Creole,/ʒezila/
Haitian Creole,/tɛ/
Haitian Creole,/bjɛ/
Haitian Creole,/ispajola/
Haitian Creole,/paɣɛ̃n/
Haitian Creole,/fãmi/
Haitian Creole,/kalite/
Haitian Creole,[bilɛ̃ŋ]
Haitian Creole,/ãɡle/
Haitian Creole,/pwomɛt/
Haitian Creole,/lãfɛ/
Haitian Creole,/klu/
Haitian Creole,/doktɛ/
Haitian Creole,/maldjɔk/
Haitian Creole,/ɣãpli/
Haitian Creole,/venis/
Haitian Creole,/ɡadɔ/
Haitian Creole,/pase/
Haitian Creole,/pjetɔ̃/
Haitian Creole,/mɛki/
Haitian Creole,/nɔ/
Haitian Creole,/diˈɣi/
Haitian Creole,/emiɡɣe/
Haitian Creole,/ɣefiz/
Haitian Creole,/ɡɛ̃jɛ̃/
Haitian Creole,/pito/
Haitian Creole,/ɣeˈte/
Haitian Creole,/tunɛ̃/
Haitian Creole,/nip/
Haitian Creole,/babadjɛ̃/
Haitian Creole,/pus/
Haitian Creole,/kaɣãnt/
Haitian Creole,/evɛnmã/
Haitian Creole,/ʒenu/
Haitian Creole,/veʒetaljɛ̃/
Haitian Creole,/ʃimɛ/
Haitian Creole,/kɔ̃dɥi/
Haitian Creole,/mɔ̃ɣejal/
Haitian Creole,/ɛ̃teɣɛ/
Haitian Creole,/diksjonɛ/
Haitian Creole,/swiv/
Haitian Creole,/lave/
Haitian Creole,/maɣiɡalãt/
Haitian Creole,/zuti/
Haitian Creole,/laj/
Haitian Creole,/ɛ̃vizib/
Haitian Creole,/okɛ̃n/
Haitian Creole,/osejani/
Haitian Creole,/vjãn bɛf/
Haitian Creole,/ʃat kaj/
Haitian Creole,/etazini/
Haitian Creole,/zipe/
Haitian Creole,/pɛj/
Haitian Creole,/bwaˈsɔ̃/
Haitian Creole,/ãn/
Haitian Creole,/pwoɡɣɛ/
Haitian Creole,/makɣɛl/
Haitian Creole,[lãŋ]
Haitian Creole,/ã.de.dã/
Haitian Creole,/laɡe/
Haitian Creole,/a.pli.ke/
Haitian Creole,/ɛ̃fɔmasjɔ̃/
Haitian Creole,/pɣepaɣe/
Haitian Creole,/ɣɛv/
Haitian Creole,/pɣezidã/
Haitian Creole,/fonɛm/
Haitian Creole,/likid/
Haitian Creole,/ʒakmɛl/
Haitian Creole,/fedeɣasjɔ̃/
Haitian Creole,/sibi/
Haitian Creole,/a.sis.tãs/
Haitian Creole,[kuɲa]
Haitian Creole,/obsɛve/
Haitian Creole,/zɔtɛj/
Haitian Creole,/dizɥit/
Haitian Creole,/ɡluɡlu/
Haitian Creole,[zepɛ̃ŋ]
Haitian Creole,/laˈpli/
Haitian Creole,/tɣãtejɛ̃/
Haitian Creole,/tab/
Haitian Creole,/seʃe/
Haitian Creole,/ede/
Haitian Creole,/vɛ̃tejɛ̃/
Haitian Creole,/pipi/
Haitian Creole,/mustaʃ/
Haitian Creole,/msje/
Haitian Creole,/libɛte/
Haitian Creole,/ku.te/
Haitian Creole,/zɔ̃bi/
Haitian Creole,/a.se/
Haitian Creole,/ãˈvã/
Haitian Creole,/eɡzamine/
Haitian Creole,/dã/
Haitian Creole,/sãti/
Haitian Creole,/kuˈɣi/
Haitian Creole,/omwɛ̃/
Haitian Creole,/mesaʒ/
Haitian Creole,/latibonit/
Haitian Creole,/ʒakoɣepɛt/
Haitian Creole,/ɣɛ̃ˈmɛ̃/
Haitian Creole,/ɣefiʒje/
Haitian Creole,/kɔ̃twɔl/
Haitian Creole,/abõˈdãs/
Haitian Creole,/pote/
Haitian Creole,/ã.tɣe/
Haitian Creole,/deɣefize/
Haitian Creole,/ostɣali/
Haitian Creole,/wajɔm/
Haitian Creole,/fãm/
Haitian Creole,/pita/
Haitian Creole,/fajit/
Haitian Creole,/ɛ̃ʃ/
Haitian Creole,/viʒini/
Haitian Creole,/ʃi.ta/
Haitian Creole,/tut/
Haitian Creole,/baj/
Haitian Creole,/mo/
Haitian Creole,/tɛks/
Haitian Creole,/mãbo/
Haitian Creole,/edinbo/
Haitian Creole,/telefɔn/
Haitian Creole,/kijɛ/
Haitian Creole,/a.me.ɣik.di.nɔ/
Haitian Creole,/swasãt/
Haitian Creole,/pwotejin/
Haitian Creole,/lakɔz/
Haitian Creole,/pjɛ/
Haitian Creole,/mã.ʒe/
Haitian Creole,/a.ki.mi.le/
Haitian Creole,/zjø/
Haitian Creole,/ak/
Haitian Creole,/ɣepɔ̃n/
Haitian Creole,/ki/
Haitian Creole,/a.me.ɣi.kɛ̃/
Haitian Creole,/a.tak/
Haitian Creole,/pjɛlwa/
Haitian Creole,/nujɔk/
Haitian Creole,/zɔ̃jɔ̃/
Haitian Creole,/duzɛn/
Haitian Creole,/mɛ̃nɛ̃/
Haitian Creole,/ã.pe.ɣɛ/
Haitian Creole,/a.kɛ̃n.sas/
Haitian Creole,/ɡɣãɡwav/
Haitian Creole,/a.ke.jo.lo.ʒi/
Haitian Creole,/moske/
Haitian Creole,/d͡ʒɔ̃d͡ʒɔ̃/
Haitian Creole,/dajɛ/
Haitian Creole,/sipɔ/
Haitian Creole,/doɣad/
Haitian Creole,/fɛj/
Haitian Creole,/imɛ̃/
Haitian Creole,/ɡɣãɡu/
Haitian Creole,[ʃɑte]
Haitian Creole,/fɛ̃lãn/
Haitian Creole,/laɡonav/
Haitian Creole,/sodjɔm/
Haitian Creole,/buʃ/
Haitian Creole,/baˈɡaj/
Haitian Creole,/tɣãblemãntɛ/
Haitian Creole,/difeɣã/
Haitian Creole,/blã/
Haitian Creole,/dɣa/
Haitian Creole,/majo/
Haitian Creole,/mawɔ̃/
Haitian Creole,/palmis/
Haitian Creole,/ɡɣãdpaɣã/
Haitian Creole,/filozɔf/
Haitian Creole,/otu/
Haitian Creole,/ɡadkɔt/
Haitian Creole,/kɔ̃kɔ̃m/
Haitian Creole,/bɔ̃ʒu/
Haitian Creole,/enɛʒi/
Haitian Creole,/baɡ/
Haitian Creole,/ã.ɣe.ʒis.tɣe.mã/
Haitian Creole,/lãmɛ eʒe/
Haitian Creole,/latɔti/
Haitian Creole,/dezobeji/
Haitian Creole,/dãʒeɣe/
Haitian Creole,/kawɔt/
Haitian Creole,/beˈzwɛ̃/
Haitian Creole,/ewopejɛ̃/
Haitian Creole,/kɔt divwa/
Haitian Creole,/septãm/
Haitian Creole,/kiltiɣɛl/
Haitian Creole,/maɣje/
Haitian Creole,/vɛ̃n/
Haitian Creole,/ɣetunɛ̃/
Haitian Creole,/kwadɛbukɛ/
Haitian Creole,/kɣejasjɔ̃/
Haitian Creole,/saliv/
Haitian Creole,/powɛm/
Haitian Creole,/at.lɛt/
Haitian Creole,/sosjete/
Haitian Creole,/kɔ̃nɛ̃/
Haitian Creole,/idwoʒɛn/
Haitian Creole,/tɣetmã/
Haitian Creole,/madivinɛz/
Haitian Creole,/a.je.wo.pɔ/
Haitian Creole,/zepis/
Haitian Creole,/ɣetabli/
Haitian Creole,/siɣinam/
Haitian Creole,/esklav/
Haitian Creole,/ze/
Haitian Creole,/baˈto/
Haitian Creole,/fɣãs/
Haitian Creole,/kɔ̃plote/
Haitian Creole,/badʒi/
Haitian Creole,/dakɔ/
Haitian Creole,/ɡɣenad/
Haitian Creole,/kuzɛ̃/
Haitian Creole,/d͡ʒɛp/
Haitian Creole,/ɣejaksjɔnɛ/
Haitian Creole,/pjɛs/
Haitian Creole,/fɛ nwa/
Haitian Creole,/ɡɛp/
Haitian Creole,/kaʃ/
Haitian Creole,/maji/
Haitian Creole,/bɣa/
Haitian Creole,/bjɛ̃/
Haitian Creole,/paɣɛt/
Haitian Creole,/dukunu/
Haitian Creole,/fwidmɛ/
Haitian Creole,/ʒɔb/
Haitian Creole,/lapɛ̃/
Haitian Creole,/kloak/
Haitian Creole,/bilˈdzin/
Haitian Creole,/zile/
Haitian Creole,/ɣãvwaje/
Haitian Creole,/dekɔ̃pozisjɔ̃/
Haitian Creole,/ameɣik/
Haitian Creole,/onɔ̃/
Haitian Creole,/mɛ̃.naʒ/
Haitian Creole,/pitit/
Haitian Creole,/ʒiʒe/
Haitian Creole,/kɣeje/
Haitian Creole,/pwoʒɛ/
Haitian Creole,/eta/
Haitian Creole,/ɡɛ̃/
Haitian Creole,/vɔlɔ/
Haitian Creole,/ɡlas/
Haitian Creole,/sɛ̃tespɣi/
Haitian Creole,/a.ji.ti/
Haitian Creole,/difeɣãs/
Haitian Creole,/kɔ̃vɛsasjɔ̃/
Haitian Creole,/fim/
Haitian Creole,/diplomatik/
Haitian Creole,/swete/
Haitian Creole,/malad/
Haitian Creole,/lib/
Haitian Creole,/sãn/
Haitian Creole,/bɔdmɛ/
Haitian Creole,/lwɛs/
Haitian Creole,/ɡalwa/
Haitian Creole,/nuvɛl ɔlejã/
Haitian Creole,/kɣejɔl/
Haitian Creole,/lekɔl seɡɔ̃dɛ/
Haitian Creole,/bwɛ/
Haitian Creole,/balˈkɔ̃/
Haitian Creole,/paɣã/
Haitian Creole,/pu/
Haitian Creole,/kaɣe/
Haitian Creole,/dife/
Haitian Creole,/tɣɛ/
Haitian Creole,/nã/
Haitian Creole,/kɔ̃bjɛ̃/
Haitian Creole,/kɣejɔl ajisjɛ̃/
Haitian Creole,/suvã/
Haitian Creole,/nesesɛmã/
Haitian Creole,/ɡaspije/
Haitian Creole,/mɛt/
Haitian Creole,[ãŋ]
Haitian Creole,/ã.ba.bɣa/
Haitian Creole,/ɛ̃tɛˈnɛt/
Haitian Creole,/kiˈte/
Haitian Creole,/pɛ̃/
Haitian Creole,/sak/
Haitian Creole,/tɣãnde/
Haitian Creole,/fɰiʒiˈdɛ/
Haitian Creole,/mwɛ̃s/
Haitian Creole,/ã.ta.tik/
Haitian Creole,/salte/
Haitian Creole,/mɛ̃nase/
Haitian Creole,/mɛkɣedi/
Haitian Creole,/pɔm malkadi/
Haitian Creole,/kuzin/
Haitian Creole,/swis/
Haitian Creole,/wo/
Haitian Creole,/minɛ/
Haitian Creole,/laʒɛ/
Haitian Creole,/patikil/
Haitian Creole,/lãmoɣi/
Haitian Creole,/sɛvo/
Haitian Creole,/sus/
Haitian Creole,/etid/
Haitian Creole,/inivɛsite/
Haitian Creole,/sɔmɛj/
Haitian Creole,/lis/
Haitian Creole,/ekɣivɛ̃/
Haitian Creole,/ʒwif/
Haitian Creole,/tuswit/
Haitian Creole,/blãʃ/
Haitian Creole,/kã/
Haitian Creole,/wotɛ/
Haitian Creole,/ʃaˈʒe/
Haitian Creole,/sãtim/
Haitian Creole,/ozetazini/
Haitian Creole,/ɡɣɛ̃n/
Haitian Creole,/boˈkal/
Haitian Creole,/bak/
Haitian Creole,/tifi/
Haitian Creole,/zoɣãʒ/
Haitian Creole,/eʃãʒe/
Haitian Creole,/ta/
Haitian Creole,/liv/
Haitian Creole,/ɡɣãmun/
Haitian Creole,/ɛ̃ndjana/
Haitian Creole,/tejoɣi/
Haitian Creole,/eple/
Haitian Creole,/tɣãntwa/
Haitian Creole,/koɣejɛ̃/
Haitian Creole,/mɛ.si/
Haitian Creole,/siklɔn/
Haitian Creole,/alamɔd/
Haitian Creole,/piblik/
Haitian Creole,/zo/
Haitian Creole,/sejɛ/
Haitian Creole,/pɣeʒiʒe/
Haitian Creole,/a.bi.tid/
Haitian Creole,/poto mitã/
Haitian Creole,/kãnɔt/
Haitian Creole,/sã/
Haitian Creole,/ɛ̃teɣese/
Haitian Creole,/a.vɣil/
Haitian Creole,/beliz/
Haitian Creole,/lɛ̃depãˈdãs/
Haitian Creole,/ʒwi/
Haitian Creole,/mã.mã/
Haitian Creole,/mawonaʒ/
Haitian Creole,/a.ʒe/
Haitian Creole,/d͡ʒɔb/
Haitian Creole,/nɔvãm/
Haitian Creole,/a.ɡɣa.ve/
Haitian Creole,/zãmi/
Haitian Creole,/sɛvɛl/
Haitian Creole,/ʃaˈpe/
Haitian Creole,/deɡa/
Haitian Creole,/veɣite/
Haitian Creole,/katɣevɛ̃/
Haitian Creole,/fɔmɛlmã/
Haitian Creole,/kɣejolite/
Haitian Creole,/kɔ̃n/
Haitian Creole,/sãte/
Haitian Creole,/pɔm savɔ̃/
Haitian Creole,/ʒewoɡɣafi/
Haitian Creole,/peje/
Haitian Creole,/kostaɣika/
Haitian Creole,/bɛl.fi/
Haitian Creole,/bal/
Haitian Creole,/pjɛlãɣɛ̃/
Haitian Creole,/zepina/
Haitian Creole,/mɔ̃mɔ̃k/
Haitian Creole,/kud/
Haitian Creole,/wuʒi/
Haitian Creole,/olje/
Haitian Creole,/pa/
Haitian Creole,/pɛmisjɔ̃/
Haitian Creole,/plas/
Haitian Creole,/ɣestoɣã/
Haitian Creole,/zãmãn/
Haitian Creole,[pit͡si]
Haitian Creole,/ã.pi.ta.sjɔ̃/
Haitian Creole,/delivɣe/
Haitian Creole,/vwajaʒe/
Haitian Creole,/n/
Haitian Creole,/ɛ̃pɔtãs/
Haitian Creole,/pasjãs/
Haitian Creole,/evje/
Haitian Creole,/pejɛ/
Haitian Creole,/ʒimo/
Haitian Creole,/tɣãblemãdtɛ/
Haitian Creole,/floɣid/
Haitian Creole,/biˈvɛt/
Haitian Creole,/finwa/
Haitian Creole,/aʒute/
Haitian Creole,/epɛ/
Haitian Creole,/fobu/
Haitian Creole,/plapje/
Haitian Creole,/kinstɔn/
Haitian Creole,/meɣilãn/
Haitian Creole,/nasjɔnal/
Haitian Creole,/ɛ̃depãdãs/
Haitian Creole,/vãt/
Haitian Creole,/ɣepo/
Haitian Creole,/minis/
Haitian Creole,/baˈtɔ̃/
Haitian Creole,/ʒunalis/
Haitian Creole,/tã.de/
Haitian Creole,/ete/
Haitian Creole,/beˈse/
Haitian Creole,/ɣevolisjɔ̃/
Haitian Creole,/muvmã/
Haitian Creole,/pwezi/
Haitian Creole,/lɛ/
Haitian Creole,/espɔ/
Haitian Creole,/ɛ̃tɛnasjonal/
Haitian Creole,/nɔ̃/
Haitian Creole,/mãba/
Haitian Creole,/ʃukɛtlawuze/
Haitian Creole,/ekonomi/
Haitian Creole,/ʒɔn/
Haitian Creole,/isit/
Haitian Creole,/ɣekonɛt/
Haitian Creole,/kiba/
Haitian Creole,/vjolãs/
Haitian Creole,/potab/
Haitian Creole,/bilˈtɛ̃ vɔt/
Haitian Creole,/miɣak/
Haitian Creole,/vizib/
Haitian Creole,/kɣapo/
Haitian Creole,/nasjonalite/
Haitian Creole,/diskisjɔ̃/
Haitian Creole,/nɛ̃.pɔt/
Haitian Creole,/ʃwal/
Haitian Creole,/pulmuje/
Haitian Creole,/a.pɣe/
Haitian Creole,/natiɣɛl/
Haitian Creole,/kɔ̃sɛve/
Haitian Creole,/eɡal/
Haitian Creole,/piti/
Haitian Creole,/beˈziɡ/
Haitian Creole,/ʃɛ̃/
Haitian Creole,/vãtilatɛ/
Haitian Creole,/swasãtɥit/
Haitian Creole,/jɔ̃/
Haitian Creole,/ut/
Haitian Creole,/pwofite/
Haitian Creole,/pãs/
Haitian Creole,/pɣisɔ̃/
Haitian Creole,/tuʒu/
Haitian Creole,/oliʃa/
Haitian Creole,/ɣejini/
Haitian Creole,/bujɔ̃/
Haitian Creole,/ɣeliʒjɔ̃/
Haitian Creole,/ʃin/
Haitian Creole,/ɡuvɛnmã/
Haitian Creole,/ɛd/
Haitian Creole,/fɣãsɛ/
Haitian Creole,/mɛ̃/
Haitian Creole,/ʒe/
Haitian Creole,/okaj/
Haitian Creole,/ʒabuɣik/
Haitian Creole,/j/
Haitian Creole,/pɣi/
Haitian Creole,/kodɛ̃n/
Haitian Creole,/djɔl/
Haitian Creole,/sijifikatif/
Haitian Creole,/ɡal/
Haitian Creole,/pɛ̃ti/
Haitian Creole,/ɡate/
Haitian Creole,/desãm/
Haitian Creole,/ʒipitɛ/
Haitian Creole,/awɔ̃dismã/
Haitian Creole,/oɣeɡɔ̃/
Haitian Creole,/sote/
Haitian Creole,/bilˈdziŋ/
Haitian Creole,/kɛ̃be/
Haitian Creole,/nɔmal/
Haitian Creole,/zepɛ̃ɡ/
Haitian Creole,/as.two.no.mi/
Haitian Creole,/ɣad/
Haitian Creole,/vɛ̃nsɛt/
Haitian Creole,/fiɡ/
Haitian Creole,/djamɛt/
Haitian Creole,/kɔ̃tak/
Haitian Creole,/klaksɔ̃/
Haitian Creole,/nwaʒ/
Haitian Creole,/kɔ̃tinje/
Haitian Creole,/ad.mi.nis.tɣa.tɛ/
Haitian Creole,/paɣi/
Haitian Creole,/maladi/
Haitian Creole,/laʒã/
Haitian Creole,/pɛdi/
Haitian Creole,/kaɣajibejɛ̃/
Haitian Creole,/ʒy/
Haitian Creole,/fatɣa/
Haitian Creole,/a.me.ɣik.di.sid/
Haitian Creole,/tɔ̃tɔ̃ makut/
Haitian Creole,/vɛ̃/
Haitian Creole,/seɣje/
Haitian Creole,/ɡud/
Haitian Creole,/zwa/
Haitian Creole,/zoɣje/
Haitian Creole,/kɔ̃tinã/
Haitian Creole,/ʃã.ma.ku.ʃe/
Haitian Creole,/ãlɛ/
Haitian Creole,/tɣãtnɛf/
Haitian Creole,/vapɛ/
Haitian Creole,/fwi/
Haitian Creole,/kãtite/
Haitian Creole,/zãʒ/
Haitian Creole,/sjɛl/
Haitian Creole,/dɔmi/
Haitian Creole,/tiɡasɔ̃/
Haitian Creole,/pul/
Haitian Creole,/kɔmãdɛ/
Haitian Creole,/ɡwo zãtij/
Haitian Creole,/twotwa/
Haitian Creole,/lãɡ/
Haitian Creole,/ɣadjoɡɣafi/
Haitian Creole,/itilize/
Haitian Creole,/komãse/
Haitian Creole,/limjɛ/
Haitian Creole,/kɔ̃tã/
Haitian Creole,/tuleʒu/
Haitian Creole,/vãt mɛ̃nɛ̃/
Haitian Creole,/ʒwɛt/
Haitian Creole,/a.bã.do.ne/
Haitian Creole,/matãt/
Haitian Creole,/bɔ̃ˈdje/
Haitian Creole,/meˈsje/
Haitian Creole,/sjãs/
Haitian Creole,/a.bo.li.sjɔ̃/
Haitian Creole,/kaɣãnde/
Haitian Creole,/ɔ̃z/
Haitian Creole,/sidkoɣejɛ̃/
Haitian Creole,/fɛt/
Haitian Creole,/lazi/
Haitian Creole,/ɣato/
Haitian Creole,/bulãʒe/
Haitian Creole,/kwis/
Haitian Creole,/lãʒelis/
Haitian Creole,/dwɛt/
Haitian Creole,/ba.le/
Haitian Creole,/madi/
Haitian Creole,/bi.jo.ɡɣa.fi/
Haitian Creole,/kiˈbɔ/
Haitian Creole,/ɛ̃/
Haitian Creole,/depatmã/
Haitian Creole,/ilinwa/
Haitian Creole,/ɡɔʒ/
Haitian Creole,/ʒɛ̃ʒãm/
Haitian Creole,/bɛf/
Haitian Creole,/lestomak/
Haitian Creole,/istoɣik/
Haitian Creole,/ã.dwa/
Haitian Creole,/mɔ̃s/
Haitian Creole,/lu/
Haitian Creole,/estoni/
Haitian Creole,/pwɛ̃tapit/
Haitian Creole,/mãʒe matɛ̃/
Haitian Creole,/a.tik/
Haitian Creole,/seʃɣɛs/
Haitian Creole,/fevɣije/
Haitian Creole,/pwɛ̃t/
Haitian Creole,/u/
Haitian Creole,/ɔtdɔɡ/
Haitian Creole,/ɛ̃d/
Haitian Creole,/pwasɔ̃/
Haitian Creole,/tutbɔ̃/
Haitian Creole,/sitjasjɔ̃/
Haitian Creole,/ɣɛ̃se/
Haitian Creole,/zip/
Haitian Creole,/pat/
Haitian Creole,/pje/
Haitian Creole,/luvɣi/
Haitian Creole,/zetwal/
Haitian Creole,/ʒãm/
Haitian Creole,/bɣãʃ/
Haitian Creole,/kwizin/
Haitian Creole,/pjãɡe/
Haitian Creole,/bjɛ̃ˈnɛt/
Haitian Creole,/tɔ̃m/
Haitian Creole,/baˈlɛn/
Haitian Creole,/kwokodil/
Haitian Creole,/timun/
Haitian Creole,/ã.pan/
Haitian Creole,/nɛʒ/
Haitian Creole,/elemã ʃimik/
Haitian Creole,/si/
Haitian Creole,/twalɛt/
Haitian Creole,/ɣezɛve/
Haitian Creole,/sɛ̃t lisi/
Haitian Creole,/etɣãʒe/
Haitian Creole,/papa/
Haitian Creole,/a.se.fi/
Haitian Creole,/aba/
Haitian Creole,/zwazo/
Haitian Creole,/latʃa/
Haitian Creole,/eljɔm/
Haitian Creole,/nasˈjõ/
Haitian Creole,/lil laʒenɛs/
Haitian Creole,/kolɛʒ/
Haitian Creole,/ɡwadlup/
Haitian Creole,/pwodɥi/
Haitian Creole,/laʒistis/
Haitian Creole,/vjãn/
Haitian Creole,/lɛd/
Haitian Creole,/kaɣajib/
Haitian Creole,/kwit/
Haitian Creole,/fumi/
Haitian Creole,/espesjal/
Haitian Creole,/ɡad/
Haitian Creole,/a.fjo/
Haitian Creole,/zafɛ/
Haitian Creole,/kesjɔ̃/
Haitian Creole,/swasãtdis/
Haitian Creole,/plizjɛ/
Haitian Creole,/pɔtopɣɛ̃s/
Haitian Creole,/maɣɛ̃n/
Haitian Creole,/mijami/
Haitian Creole,/tɔ̃tɔ̃/
Haitian Creole,/kunje a/
Haitian Creole,/kujɛ/
Haitian Creole,/tɣɛz/
Haitian Creole,/pɛ̃tle/
Haitian Creole,/fiɡi/
Haitian Creole,/lɔ/
Haitian Creole,/wa/
Haitian Creole,/mu.tɔ̃/
Haitian Creole,/itilizatɛ/
Haitian Creole,/ɣeveje/
Haitian Creole,/klas mwajɛn/
Haitian Creole,/pjɛv/
Haitian Creole,/a.fek.te/
Haitian Creole,/tãn/
Haitian Creole,/dɣamatiʒ/
Haitian Creole,/wowoli/
Haitian Creole,/pa.le/
Haitian Creole,/kõ.stɛ.la.sjõ/
Haitian Creole,/seɡɔ̃n/
Haitian Creole,/ɔdinatɛ/
Haitian Creole,/ide/
Haitian Creole,/pwɛ̃tilis/
Haitian Creole,/pa.sjã/
Haitian Creole,/a.tã.sjõ/
Haitian Creole,/ãˈpil/
Haitian Creole,/ʒete/
Haitian Creole,/zepɔl/
Haitian Creole,/katɣevɛ̃dis/
Haitian Creole,/ɣãʃ/
Haitian Creole,/ekspeɣjãs/
Haitian Creole,/liteɣɛ/
Haitian Creole,/melãʒe/
Haitian Creole,/tjɛ/
Haitian Creole,/piŋˈɡa/
Haitian Creole,/nwa/
Haitian Creole,/ã.si.klo.pe.di/
Haitian Creole,/edikasjɔ̃/
Haitian Creole,/pɔt/
Haitian Creole,/linɛt/
Haitian Creole,/jɛwoswa/
Haitian Creole,/ɣele/
Haitian Creole,/ti/
Haitian Creole,/ɣiʒid/
Haitian Creole,/ɣabo/
Haitian Creole,/al.kɔl/
Haitian Creole,/vɛ/
Haitian Creole,/ɡa/
Haitian Creole,/fasɔ̃/
Haitian Creole,/pwɔʃ/
Haitian Creole,/djosɛz/
Haitian Creole,/teknoloʒi/
Haitian Creole,/bɔkɔ/
Haitian Creole,/ã.vwa.je/
Haitian Creole,/zãnimo/
Haitian Creole,/sãtimã/
Haitian Creole,/nɛ̃/
Haitian Creole,/ã.tij/
Haitian Creole,/a.fɛ/
Haitian Creole,/mãtɛɡ/
Haitian Creole,/vjãn koʃɔ̃/
Haitian Creole,/sinema/
Haitian Creole,[blíjè]
Haitian Creole,/sɛlmã/
Haitian Creole,/nu/
Haitian Creole,/kɔlɛ/
Haitian Creole,/fɛ maɣjaʒ/
Haitian Creole,/ɡwadlupejɛ̃/
Haitian Creole,/kabãn/
Haitian Creole,/ɣɛn/
Haitian Creole,/lãmɔ/
Haitian Creole,/kɣaze/
Haitian Creole,/pãtufuje/
Haitian Creole,/ljɔ̃/
Haitian Creole,/a.ni.vɛ.sɛ/
Haitian Creole,/ɡade/
Haitian Creole,/pwa maldjɔk/
Haitian Creole,/lawuze/
Haitian Creole,/ɡonajiv/
Haitian Creole,/dwe/
Haitian Creole,/pɣɛ̃tã/
Haitian Creole,/laʃɛ/
Haitian Creole,/baˈtɛm/
Haitian Creole,/kalbɛ̃de/
Haitian Creole,/tejat/
Haitian Creole,/kumãse/
Haitian Creole,/boˈbin/
Haitian Creole,/fiʃje/
Haitian Creole,/ã.pe.ʃe/
Haitian Creole,/ɡɣãdãs/
Haitian Creole,/kɔ̃plɛks/
Haitian Creole,/polis/
Haitian Creole,/ɡɣijo/
Haitian Creole,/matɛ̃/
Haitian Creole,/a.vɛk/
Haitian Creole,/a.ne/
Haitian Creole,/viv/
Haitian Creole,/a.lo/
Haitian Creole,/sizo/
Haitian Creole,/vjetnamjɛ̃/
Haitian Creole,/ãtijanite/
Haitian Creole,/kãna/
Haitian Creole,/ʃat/
Haitian Creole,/kat/
Haitian Creole,/devã/
Haitian Creole,/lɔ̃tã/
Haitian Creole,/lanavaz/
Haitian Creole,/lãˈnwit/
Haitian Creole,/wikipedja/
Haitian Creole,/dje/
Haitian Creole,/ilãn/
Haitian Creole,/pwɛ̃/
Haitian Creole,/suse/
Haitian Creole,[dziˈɰi]
Haitian Creole,/leve/
Haitian Creole,/afɣik disid/
Haitian Creole,/pete/
Haitian Creole,/sufɣi/
Haitian Creole,/ɛ̃depãdã/
Haitian Creole,/ɣesã/
Haitian Creole,/osinɔ̃/
Haitian Creole,/miz/
Haitian Creole,/fimje/
Haitian Creole,/paɣi ãtij jo/
Haitian Creole,[zɔ̃ŋ]
Haitian Creole,/ɣezɛ̃/
Haitian Creole,/mizik/
Haitian Creole,/peʃe/
Haitian Creole,/maˈkak/
Haitian Creole,/wi/
Haitian Creole,/kãnaj/
Haitian Creole,/eɡziste/
Haitian Creole,/zɛ̃/
Haitian Creole,/sis/
Haitian Creole,/je/
Haitian Creole,/leɡim/
Haitian Creole,/ma.koˈɰɛv/
Haitian Creole,/depase/
Haitian Creole,/a.do.ɣe/
Haitian Creole,/ã/
Haitian Creole,/kiˈmun/
Haitian Creole,/sitɛlmã/
Haitian Creole,/baˈze/
Haitian Creole,/kɔ̃tinwe/
Haitian Creole,/leɡliz/
Haitian Creole,/kɔ̃tɣibitɛ/
Haitian Creole,/ɣãni/
Haitian Creole,/a.ɣe.je/
Haitian Creole,/solɛj/
Haitian Creole,/kwɛ/
Haitian Creole,/ɣepiblik dominikɛ/
Haitian Creole,/ʃɛflje/
Haitian Creole,/maʃãn/
Haitian Creole,/kokɛ̃n/
Haitian Creole,/sãt/
Haitian Creole,/zɔɣɛj/
Haitian Creole,/vwa/
Haitian Creole,/kaj/
Haitian Creole,/lakãsjɛl/
Haitian Creole,/ɣepuse/
Haitian Creole,/pɛ̃tad/
Haitian Creole,/ɡaɡãn/
Haitian Creole,/komɛs/
Haitian Creole,/kateɡoɣi/
Haitian Creole,/bãn bɛt/
Haitian Creole,/sid/
Haitian Creole,/epɣɛv/
Haitian Creole,/teɣitwa/
Haitian Creole,/ãʃ/
Haitian Creole,/zepi/
Haitian Creole,/espaj/
Haitian Creole,/lalo/
Haitian Creole,/pɔtoɣiko/
Haitian Creole,/bwat/
Haitian Creole,/sibit/
Haitian Creole,/kɔ/
Haitian Creole,/ɔɡanis/
Haitian Creole,/samdi/
Haitian Creole,/kapital/
Haitian Creole,/puse/
Haitian Creole,/fɛmɛ̃/
Haitian Creole,/bɛt/
Haitian Creole,/kapab/
Haitian Creole,/susɔl/
Haitian Creole,/linivɛ/
Haitian Creole,/a.vã.se/
Haitian Creole,/definisjɔ̃/
Haitian Creole,/tãdɔ̃/
Haitian Creole,/imiljasjɔ̃/
Haitian Creole,/debɔde/
Haitian Creole,/kalãdɣije/
Haitian Creole,/siwo/
Haitian Creole,/dola/
Haitian Creole,/lam veɣitab/
Haitian Creole,/kɔ̃te/
Haitian Creole,/nesãs/
Haitian Creole,/mi/
Haitian Creole,/kaɣãtejɛ̃/
Haitian Creole,/kapitɛn/
Haitian Creole,/stɣiki/
Haitian Creole,/ɣepete/
Haitian Creole,/voje/
Haitian Creole,/puvwa/
Haitian Creole,/vwaˈjaʒ/
Haitian Creole,/pɔ̃/
Haitian Creole,/ɔtoɡɣaf/
Haitian Creole,/kanada/
Haitian Creole,/fuˈla/
Haitian Creole,/ʒaluzi/
Haitian Creole,/kɔ̃stitisjɔ̃/
Haitian Creole,/jo/
Haitian Creole,/padone/
Haitian Creole,/kɔmãnsmã/
Haitian Creole,/voɣjɛ̃/
Haitian Creole,/tã/
Haitian Creole,/a.nɔ̃.se/
Haitian Creole,/sibitmã/
Haitian Creole,/de/
Haitian Creole,/toleɣe/
Haitian Creole,/planɛt/
Haitian Creole,/ã.nu/
Haitian Creole,/lãmɛ/
Haitian Creole,/kɔbit/
Haitian Creole,/ʒeɣemi/
Haitian Creole,/ka.bɣit/
Haitian Creole,/luɡawu/
Haitian Creole,/kãɡuwu/
Haitian Creole,/ʒezikɣi/
Haitian Creole,/tuje/
Haitian Creole,/demɛ̃/
Haitian Creole,/mãde/
Haitian Creole,/pjebwa/
Haitian Creole,/oktɔb/
Haitian Creole,/kab/
Haitian Creole,/eɣɛ/
Haitian Creole,/kɔmãn/
Haitian Creole,/obeji/
Haitian Creole,/kolɔ̃jalis/
Haitian Creole,/midi/
Haitian Creole,/matinik/
Haitian Creole,/pajas/
Haitian Creole,/ɣate/
Haitian Creole,/ɛske/
Haitian Creole,/faɣizjɛ̃/
Haitian Creole,/mɔn/
Haitian Creole,/kuɣjɛl/
Haitian Creole,/bãɡladɛʃ/
Haitian Creole,/ɣezɛ̃ bɔdmɛ/
Haitian Creole,/diznɛf/
Haitian Creole,/kowosɔl/
Haitian Creole,/lus/
Haitian Creole,/ak.se.le.ɣa.sjɔ̃/
Haitian Creole,/bãn/
Haitian Creole,[kjɛs]
Haitian Creole,/kwiv/
Haitian Creole,/liteɣati/
Haitian Creole,/ble/
Haitian Creole,/lalwa/
Haitian Creole,/okap/
Haitian Creole,/sepãdã/
Haitian Creole,/zam/
Haitian Creole,/ɑ̃ba/
Haitian Creole,/avjɔ̃/
Haitian Creole,/ɣãkɔ̃tɣe/
Haitian Creole,/pwofesɛ/
Haitian Creole,/la.lin/
Haitian Creole,/idãtifje/
Haitian Creole,/vle/
Haitian Creole,/plis/
Haitian Creole,/bwa/
Haitian Creole,/ũ/
Haitian Creole,/zaɡo/
Haitian Creole,/de sa/
Haitian Creole,/mil/
Haitian Creole,/a.sje/
Haitian Creole,/tãdãs/
Haitian Creole,/a.bo.li/
Haitian Creole,/wɛ/
Haitian Creole,/bɛˈso/
Haitian Creole,/ka/
Haitian Creole,/mɔ̃seɣa/
Haitian Creole,/ekstɣɛmmã/
Haitian Creole,/kleɣɛ̃/
Haitian Creole,/pititɡasɔ̃/
Haitian Creole,/tɣavaj/
Haitian Creole,/lane/
Haitian Creole,/seɡɔ̃dɛ/
Haitian Creole,/fɣape/
Haitian Creole,/lɛt/
Haitian Creole,/espadɔ̃/
Haitian Creole,/deʒene/
Haitian Creole,/mas/
Haitian Creole,/tɔti/
Haitian Creole,/istwa/
Haitian Creole,/ɣasin/
Haitian Creole,/eɡojis/
Haitian Creole,/mãjɛ̃/
Haitian Creole,/kɔ̃mãsmã/
Haitian Creole,/mizɛ/
Haitian Creole,/a.kɤ.ma/
Haitian Creole,/penɛ̃sil/
Haitian Creole,/ɣa.ji/
Haitian Creole,/ɣadjo/
Haitian Creole,/saldebɛ̃/
Haitian Creole,/zaboka/
Haitian Creole,/patat/
Haitian Creole,/kaj sab/
Haitian Creole,/okipe/
Haitian Creole,/lide/
Haitian Creole,/lwizjan/
Haitian Creole,/fazil/
Haitian Creole,/mɛb/
Haitian Creole,/pɛ̃n/
Haitian Creole,/tãˈku/
Haitian Creole,/maɡazɛ̃/
Haitian Creole,/lãni/
Haitian Creole,/ã.ku.ɣa.ʒe/
Haitian Creole,/ak.si.dã/
Haitian Creole,/fisi/
Haitian Creole,/kilomɛt/
Haitian Creole,/kam.jo.nɛt/
Haitian Creole,/dajiti/
Haitian Creole,/mãtɔ̃/
Haitian Creole,/bɛl.mɛ/
Haitian Creole,/pwa/
Haitian Creole,/aɡɣikilti/
Haitian Creole,/distãs/
Haitian Creole,/msjø/
Haitian Creole,/ɣefiɡje/
Haitian Creole,/sit.wɔ̃/
Haitian Creole,/vɣɛ/
Haitian Creole,/pje kokoje/
Haitian Creole,/pobuʃ/
Haitian Creole,/bɛˈbɛ/
Haitian Creole,/tãbu/
Haitian Creole,/itilizasjɔ̃/
Haitian Creole,/tɛt/
Haitian Creole,/plãt/
Haitian Creole,/labɣim/
Haitian Creole,/vɛvɛ/
Haitian Creole,/latɛ/
Haitian Creole,/sjedwa/
Haitian Creole,/wuʒ/
Haitian Creole,/susɛt/
Haitian Creole,/wãɡanɛɡɛs/
Haitian Creole,/apepɣɛ/
Haitian Creole,/vɛ̃nsɛ̃k/
Haitian Creole,/sɛz/
Haitian Creole,/ʃodjɛ/
Haitian Creole,/move/
Haitian Creole,/ʒwɛ̃n/
Haitian Creole,/bleˈsi/
Haitian Creole,/a.bi.li.te/
Haitian Creole,/madɣid/
Haitian Creole,/sipɔte/
Haitian Creole,/tomat/
Haitian Creole,/sɛvi/
Haitian Creole,/a.si.ɣe/
Haitian Creole,/zɔ̃ɡ/
Haitian Creole,/wɔm/
Haitian Creole,/mɛ̃m/
Haitian Creole,/lekɔl medsin/
Haitian Creole,/pɣefeɣãs/
Haitian Creole,/mãke/
Haitian Creole,/pãse/
Haitian Creole,/noe/
Haitian Creole,/kwa/
Haitian Creole,/dekuvɣi/
Haitian Creole,/padɔ̃/
Haitian Creole,/bɣeˈzil/
Haitian Creole,/kɔmãnse/
Haitian Creole,/ab.de.nwɛl/
Haitian Creole,/lakizin/
Haitian Creole,/ɣive/
Haitian Creole,/ɡwup/
Haitian Creole,/ʒwisãs/
Haitian Creole,/kalmasɔ̃/
Haitian Creole,/ʒedi/
Haitian Creole,/domino/
Haitian Creole,/kaz/
Haitian Creole,/ɣeflɛks/
Haitian Creole,/pɛmɛt/
Haitian Creole,/kɥis/
Haitian Creole,/vãdɣedi/
Haitian Creole,/kõˈpɛ/
Haitian Creole,/disɛt/
Haitian Creole,/dokimã/
Haitian Creole,/ɣãmase/
Haitian Creole,/komɛs ã detaj/
Haitian Creole,/ofɣi/
Haitian Creole,/matematik/
Haitian Creole,/kɛk/
Haitian Creole,/pãjɔl/
Haitian Creole,/twuve/
Haitian Creole,/al.fa.bɛt/
Haitian Creole,/mãto/
Haitian Creole,/i/
Haitian Creole,/meksik/
Haitian Creole,/sa/
Haitian Creole,/ʒamajik/
Haitian Creole,/ʃãˈmo/
Haitian Creole,/swɛ̃/
Haitian Creole,/kanape/
Haitian Creole,/lekɔl pɣive/
Haitian Creole,/ʃɔ̃ʒe/
Haitian Creole,/ʒapɔ̃/
Haitian Creole,/ko.mi.no.te/
Haitian Creole,/inɔ̃de/
Haitian Creole,/pawɔl/
Haitian Creole,/ʃãm/
Haitian Creole,/momã/
Haitian Creole,/eskalje/
Haitian Creole,/sɛvjab/
Haitian Creole,/maʃwɛ/
Haitian Creole,/kɔ̃ba/
Haitian Creole,/mete/
Haitian Creole,/pami/
Haitian Creole,/komɛsã/
Haitian Creole,/abɔ/
Haitian Creole,/m/
Haitian Creole,/ũɡfɔ/
Haitian Creole,/a.ʒã.tin/
Haitian Creole,/tʃatʃa/
Haitian Creole,/elektɣisite/
Haitian Creole,/ke/
Haitian Creole,/kokoje/
Haitian Creole,/sɛvis/
Haitian Creole,/ekselã/
Haitian Creole,/oɣevwa/
Haitian Creole,/lasal/
Haitian Creole,/ʃemɛ̃/
Haitian Creole,/lavalas/
Haitian Creole,/dɛnje/
Haitian Creole,/nɔdɛs/
Haitian Creole,/lespwa/
Haitian Creole,/inɔ̃dɛl/
Haitian Creole,/vɛ̃nde/
Haitian Creole,/ã nu pa laɡe/
Haitian Creole,/ʃak/
Haitian Creole,/dãs/
Haitian Creole,/kɔ̃sɛj/
Haitian Creole,/kibɛ̃/
Haitian Creole,/fwa/
Haitian Creole,/kalfu/
Haitian Creole,/twa/
Haitian Creole,/iʒãs/
Haitian Creole,/deteste/
Haitian Creole,/diɣiʒe/
Haitian Creole,/mɔ̃tãj/
Haitian Creole,/kaʃe/
Haitian Creole,/a.ki.ze/
Haitian Creole,/kadav/
Haitian Creole,/twupo/
Haitian Creole,/tɣãblemã detɛ/
Haitian Creole,/kiʒã/
Haitian Creole,/ɛ̃pɔtã/
Haitian Creole,/ɣevenã/
Haitian Creole,/pistaʃ/
Haitian Creole,/mun/
Haitian Creole,/fɣãbwaz/
Haitian Creole,/kɔ̃pɣãn/
Haitian Creole,/nimewo/
Haitian Creole,/tɣadɥi/
Haitian Creole,/bɛl/
Haitian Creole,/miɣaj/
Haitian Creole,/a.kɔz/
Haitian Creole,/powɛt/
Haitian Creole,/la/
Haitian Creole,/laʒ/
Haitian Creole,/pisãs/
Haitian Creole,/kizin/
Haitian Creole,/pwopoze/
Haitian Creole,/sistɛm/
Haitian Creole,/belizjɛ̃/
Haitian Creole,/madã saɣa/
Haitian Creole,/flɛ/
Haitian Creole,/ɔlɔʒ/
Haitian Creole,/pwasɔ̃ volã/
Haitian Creole,/kikoˈte/
Haitian Creole,/tupatu/
Haitian Creole,/sɛ̃p/
Haitian Creole,/teoɣi/
Haitian Creole,/plim/
Haitian Creole,/pwovɛ̃s/
Haitian Creole,/do/
Haitian Creole,/a.ɡɣi.kɔl/
Haitian Creole,/tiɡ/
Haitian Creole,/puldlo/
Haitian Creole,/ʃaˈʃe/
Haitian Creole,/ˈblije/
Haitian Creole,/eɡzaktemã/
Haitian Creole,/vole/
Haitian Creole,/tɣãnɛt/
Haitian Creole,/bɔ̃ˈswa/
Haitian Creole,/flãnɛ̃/
Haitian Creole,/ɔɡan/
Haitian Creole,/aʃitekti/
Haitian Creole,/ɡaɣaʒ/
Haitian Creole,/pwɛ̃ti/
Haitian Creole,/ɣe.zõ/
Haitian Creole,/mwɛ̃/
Haitian Creole,/sɛ̃kãt/
Haitian Creole,/vãn/
Haitian Creole,/tɣãt/
Haitian Creole,/sãtɣal/
Haitian Creole,/muɣi/
Haitian Creole,/w/
Haitian Creole,/fenomɛn/
Haitian Creole,/posib/
Haitian Creole,/ɛ̃djɛ̃/
Haitian Creole,/malkadi/
Haitian Creole,/maltɣete/
Haitian Creole,/tulɛde/
Haitian Creole,/opeze/
Haitian Creole,/popilasjɔ̃/
Haitian Creole,/vã/
Haitian Creole,/a.tɣap/
Haitian Creole,/kɔ̃twole/
Haitian Creole,/se/
Haitian Creole,/militɛ/
Haitian Creole,/ã.plwa.je/
Haitian Creole,/dãʒe/
Haitian Creole,/bɣav/
Haitian Creole,/vjole/
Haitian Creole,/maleɣe/
Haitian Creole,/minit/
Haitian Creole,/divize/
Haitian Creole,/ã.pwa.zɔn.mã/
Haitian Creole,/a.fɣik/
Haitian Creole,/komãdã laplas/
Haitian Creole,/milat/
Haitian Creole,/liɡamã/
Haitian Creole,/swa/
Haitian Creole,/dimãʃ/
Haitian Creole,/vɣe/
Haitian Creole,/ɣakɔ̃te/
Haitian Creole,/vjetnam/
Haitian Creole,/a.to.mik/
Haitian Creole,/zil/
Haitian Creole,/vɛ̃nsis/
Haitian Creole,/zje/
Haitian Creole,/kudɛj/
Haitian Creole,/ɡijan fɣãse/
Haitian Creole,/a.jɛ/
Haitian Creole,/ɣaze/
Haitian Creole,/mizisjɛ̃/
Haitian Creole,/plezi/
Haitian Creole,/pɣidã/
Haitian Creole,/ɣepa/
Haitian Creole,/oksidãtal/
Haitian Creole,/maʃin/
Haitian Creole,/buˈle/
Haitian Creole,/vale/
Haitian Creole,/vinɛs/
Haitian Creole,/leza/
Haitian Creole,/oma/
Haitian Creole,/mjɛl/
Haitian Creole,/a.ʒi/
Haitian Creole,/bulãʒɣi/
Haitian Creole,/boˈfis/
Haitian Creole,/zɛv/
Haitian Creole,/ubjɛ̃/
Haitian Creole,/vakãs/
Haitian Creole,/fjɛte/
Haitian Creole,/twɔ/
Haitian Creole,/dofɛ̃/
Haitian Creole,/nuvo/
Haitian Creole,/imaʒ/
Haitian Creole,/katɣevɛ̃diznɛf/
Haitian Creole,/nɔ̃k/
Haitian Creole,/nap buˈle/
Haitian Creole,/otaʒ/
Haitian Creole,/vwajɛl/
Haitian Creole,/defãn/
Haitian Creole,/televizjɔ̃/
Haitian Creole,/veʒetaɣjɛ̃/
Haitian Creole,/apaˈɣɛj/
Haitian Creole,/ʃɛf/
Haitian Creole,/emɛt/
Haitian Creole,/kluɣe/
Haitian Creole,/fuʃɛt/
Haitian Creole,/ʒɛ̃ʒãm ɡɣã bwa/
Haitian Creole,/ʃwa/
Haitian Creole,/volim/
Haitian Creole,/siwo mjɛl/
Haitian Creole,/dusmã/
Haitian Creole,/vinɛɡ/
Haitian Creole,/kɔmkidiɣe/
Haitian Creole,/maʃɔkɛt/
Haitian Creole,/lã/
Haitian Creole,/taʃe/
Haitian Creole,/eskɛlɛt/
Haitian Creole,/pwonɔ̃se/
Haitian Creole,/ɣãplase/
Haitian Creole,/ɣasãble/
Haitian Creole,/salad/
Haitian Creole,/tɣãnsɛ̃k/
Haitian Creole,/lejoɡan/
Haitian Creole,/etɣãʒɛ/
Haitian Creole,/ɣesif/
Haitian Creole,/kwoasi/
Haitian Creole,/lekɔl/
Haitian Creole,/lãbi/
Haitian Creole,/ɔɡanizasjɔ̃/
Haitian Creole,/kɔˈmɛ/
Haitian Creole,/sispãn/
Haitian Creole,/a.bi.ta/
Haitian Creole,/swe/
Haitian Creole,/pɣɛske/
Haitian Creole,/ʃwal bwa/
Haitian Creole,/a.zi/
Haitian Creole,/pɔʃ/
Haitian Creole,/aʃ.te/
Haitian Creole,/tɣijãɡ/
Haitian Creole,/ɣekonesãs/
Haitian Creole,/kudeta/
Haitian Creole,/pi.ʒɔ̃/
Haitian Creole,/alɛ/
Haitian Creole,/depoze/
Haitian Creole,/taza/
Haitian Creole,/viktim/
Haitian Creole,/a.bɔn.mã/
Haitian Creole,[zɔ̃ŋ pje]
Haitian Creole,/ekstɣɛm/
Haitian Creole,/fɣãse/
Haitian Creole,/al/
Haitian Creole,/ɡwo/
Haitian Creole,/pɣal/
Haitian Creole,/ʒɛn/
Haitian Creole,/bɛ/
Haitian Creole,/maʃe/
Haitian Creole,/lɛzɔm/
Haitian Creole,/zɔ̃ɡ pje/
Haitian Creole,/lamɛ/
Haitian Creole,/vɛ̃sã/
Haitian Creole,/dɣapo/
Haitian Creole,/bat/
Haitian Creole,/ʃuk/
Haitian Creole,/sɛ̃t vɛ̃sã/
Haitian Creole,/plãte/
Haitian Creole,/ãtijɛ/
Haitian Creole,/ɣejinjɔ̃/
Haitian Creole,/tʃe/
Haitian Creole,/lãp/
Haitian Creole,/fini/
Haitian Creole,/wɔ̃m/
Haitian Creole,/sik/
Haitian Creole,/ɣɛ̃/
Haitian Creole,/pɔmdetɛ/
Haitian Creole,/mize/
Haitian Creole,/ˌpeˈji/
Haitian Creole,/ɣadote/
Haitian Creole,/ʃɛ̃n/
Haitian Creole,/kɔ̃sideɣe/
Haitian Creole,/tu/
Haitian Creole,/tɣãnsis/
Haitian Creole,/defãs/
Haitian Creole,/sɛtadi/
Haitian Creole,/ʃat mawɔ̃/
Haitian Creole,/pwoteʒe/
Haitian Creole,/dwa/
Haitian Creole,/ɣefɔm/
Haitian Creole,/ʒãvje/
Haitian Creole,/miljɔ̃/
Haitian Creole,/aˈlɔ/
Haitian Creole,/ekɣi/
Haitian Creole,/inifikasjɔ̃/
Haitian Creole,/te/
Haitian Creole,/bɔ.pɛ/
Haitian Creole,/itil/
Haitian Creole,/ʒako/
Haitian Creole,/po/
Haitian Creole,/susi/
Haitian Creole,/maˈdãm/
Haitian Creole,/boˈkit/
Haitian Creole,/zaɣijɛ̃/
Haitian Creole,/pɣevãsjɔ̃/
Haitian Creole,/ofisjɛl/
Haitian Creole,/katastwɔf/
Haitian Creole,/ba.ja.ku/
Haitian Creole,/ɣɛɡ/
Haitian Creole,/a.dap.te/
Haitian Creole,/tɔ̃be/
Haitian Creole,/kap/
Haitian Creole,/bãˈza/
Haitian Creole,/jɛswa/
Haitian Creole,/ɣeviv/
Haitian Creole,/medikamã/
Haitian Creole,/a.vɛ/
Haitian Creole,/pad.kwa/
Haitian Creole,/latɣin/
Haitian Creole,/laku/
Haitian Creole,/ɡato/
Haitian Creole,/pɔm/
Haitian Creole,/bɔ̃/
Haitian Creole,/tiɣe/
Haitian Creole,/ewo/
Haitian Creole,/kenɛp/
Haitian Creole,/seɣe/
Haitian Creole,/nasjɔ̃zini/
Haitian Creole,[lɔ̃ŋ]
Haitian Creole,/depi/
Haitian Creole,/fɔ̃/
Haitian Creole,/kɔ̃tɣibje/
Haitian Creole,/me/
Haitian Creole,/fɛ/
Haitian Creole,/dlo/
Haitian Creole,/ʒijɛ/
Haitian Creole,/fizi/
Haitian Creole,/ɣa/
Haitian Creole,/katɔz/
Haitian Creole,/kap ajisjɛ̃/
Haitian Creole,/sijifje/
Haitian Creole,/kɔmilfo/
Haitian Creole,/netwaje/
Haitian Creole,/sezɔ̃/
Haitian Creole,/kɔk/
Haitian Creole,/il/
Haitian Creole,/kapitalis/
Haitian Creole,/eseje/
Haitian Creole,/dãse/
Haitian Creole,/kɔlɡat/
Haitian Creole,/kɣis/
Haitian Creole,/satin/
Haitian Creole,/tãpeɣati/
Haitian Creole,/dezas/
Haitian Creole,/dekuvɛt/
Haitian Creole,/tɣãnkat/
Haitian Creole,/dapɣe/
Haitian Creole,/kɔ̃silte/
Haitian Creole,/sovaʒ/
Haitian Creole,/flãn/
Haitian Creole,/a.pɣɛ/
Haitian Creole,/meɣistil/
Haitian Creole,/swisid/
Haitian Creole,/flãm/
Haitian Creole,/vivã/
Haitian Creole,/bɔ̃ˈnãʒ/
Haitian Creole,/ɣezud/
Haitian Creole,/ilãdɛ/
Haitian Creole,/dominik/
Haitian Creole,/ewɔp/
Haitian Creole,/tɔ̃mtɔ̃m/
Haitian Creole,/ɡeɣi/
Haitian Creole,/zãsɛt/
Haitian Creole,/ãviwɔnmã/
Haitian Creole,/ɛ̃sɛk/
Haitian Creole,/ɣepiblik/
Haitian Creole,/ɣezilta/
Haitian Creole,/kɛ̃z/
Haitian Creole,/sistɛm solɛ/
Haitian Creole,/sjɛd/
Haitian Creole,/maɣasa/
Haitian Creole,/ɣeɡiljɛmã/
Haitian Creole,/ɣã/
Haitian Creole,/vɛ̃tnɛf/
Haitian Creole,/oɣiʒin/
Haitian Creole,/ɣadi/
Haitian Creole,/duz/
Haitian Creole,/patisipe/
Haitian Creole,/ʒɛ̃/
Haitian Creole,/nati/
Haitian Creole,/ũɡã/
Haitian Creole,[tɰijãŋ]
Haitian Creole,/ʃode/
Haitian Creole,/koɣe/
Haitian Creole,/iɣanis/
Haitian Creole,/fenɛt/
Haitian Creole,/ʃeve/
Haitian Creole,/sjãtifik/
Haitian Creole,/deɣãʒe/
Haitian Creole,/etaʒ/
Haitian Creole,/ɣazɛ/
Haitian Creole,/vɔlkã/
Haitian Creole,/kote/
Haitian Creole,/fɔm/
Haitian Creole,/kwafɛ/
Haitian Creole,/zwazo muʃ/
Haitian Creole,/kupe/
Haitian Creole,/sɛk/
Haitian Creole,/deside/
Haitian Creole,/a.pli.ka.sjɔ̃/
Haitian Creole,/tete/
Haitian Creole,/tajilãn/
Haitian Creole,/mãʃɛt/
Haitian Creole,/kut/
Haitian Creole,/lesklavaʒ/
Haitian Creole,/fi/
Haitian Creole,/liteɣalmã/
Haitian Creole,/kã.pe/
Haitian Creole,/ɡlasɔ̃/
Haitian Creole,/li/
Haitian Creole,/pãdã/
Haitian Creole,/otɛl/
Haitian Creole,/sɛ/
Haitian Creole,/ʃimik/
Haitian Creole,/bwo.ko.li/
Haitian Creole,/pjete/
Haitian Creole,/vje/
Haitian Creole,/laˈɣi/
Haitian Creole,/di/
Haitian Creole,/mak/
Haitian Creole,/ɣivjɛ/
Haitian Creole,/ʃãˈʒe/
Haitian Creole,/ʃosɛt/
Haitian Creole,/petɣɛ̃/
Haitian Creole,/a.pɣãn/
Haitian Creole,/pititfi/
Haitian Creole,/a.tɛ/
Haitian Creole,/kɔ̃vãsjɔ̃/
Haitian Creole,/kle/
Haitian Creole,/pɛp/
Haitian Creole,/pumɔ̃/
Haitian Creole,/ʒeneɣal/
Haitian Creole,/latak/
Haitian Creole,/oswa/
Haitian Creole,/pɣezãte/
Haitian Creole,/bɔdi/
Haitian Creole,/kɥit/
Haitian Creole,/oksiʒɛn/
Haitian Creole,/pɣemje/
Haitian Creole,/ɣeʃɛʃ/
Haitian Creole,/owajo/
Haitian Creole,/ãɡlɛ/
Haitian Creole,/sidɛs/
Haitian Creole,/ba/
Haitian Creole,/ʃãʒˈmã/
Haitian Creole,/ʒu/
Haitian Creole,/mutãj/
Haitian Creole,/kɔmãde/
Haitian Creole,/kɛ/
Haitian Creole,/bã/
Haitian Creole,/tutafɛ/
Haitian Creole,/ɣãdevu/
Haitian Creole,/pɣɛt/
Haitian Creole,/djab/
Haitian Creole,/nwɛl/
Haitian Creole,/ɡɣip/
Haitian Creole,/meni/
Haitian Creole,/ʃukɛt/
Haitian Creole,/mitɣajɛz/
Haitian Creole,/ʃjɛ̃/
Haitian Creole,/tɣavajɛ/
Haitian Creole,/bɔ/
Haitian Creole,/pɔ̃jɛt/
Haitian Creole,/a.le.tɣã.ʒe/
Haitian Creole,/vɛ̃ntwa/
Haitian Creole,/ãɡ/
Haitian Creole,/nesesɛ/
Haitian Creole,/dinozɔ/
Haitian Creole,/pɛ̃tiɣe/
Haitian Creole,/sãble/
Haitian Creole,/wajɔm ini/
Haitian Creole,/a.ji.sjɛ̃/
Haitian Creole,/evite/
Haitian Creole,/kɔm/
Haitian Creole,/pope/
Haitian Creole,/wɔte/
Haitian Creole,/su/
Haitian Creole,/kapitile/
Haitian Creole,/ti.kɛ/
Haitian Creole,/ko.ʃɔ̃/
Haitian Creole,/mwa/
Haitian Creole,/ʃɛvɣɛt/
Haitian Creole,/ku/
Haitian Creole,/deʒa/
Haitian Creole,/okɔ̃tɣɛ/
Haitian Creole,/a.zɔt/
Haitian Creole,/a.bjo.tik/
Haitian Creole,/plãpje/
Haitian Creole,/dɛ.jɛ/
Haitian Creole,/filozofi/
Haitian Creole,/ɣepɣãn/
Haitian Creole,/tɔ̃/
Haitian Creole,/konesãs/
Haitian Creole,/komãdã/
Haitian Creole,/a.me.ljo.ɣe/
Haitian Creole,/sɛ̃mɛ̃n/
Haitian Creole,/matinikɛ/
Haitian Creole,/bab/
Haitian Creole,/isit la/
Haitian Creole,/kado/
Haitian Creole,/ãʒeneɣal/
Haitian Creole,/eɡzɛse/
Haitian Creole,/inivɛsɛl/
Haitian Creole,/ak.ti.vi.te/
Haitian Creole,/mizaʒu/
Haitian Creole,/sɛl/
Haitian Creole,/zak/
Haitian Creole,/jɛ/
Haitian Creole,/sɔ̃ʒe/
Haitian Creole,/toma/
Haitian Creole,/ap/
Haitian Creole,/eɡzãp/
Haitian Creole,/ãˈjɛ̃/
Haitian Creole,/fwomaʒ/
Haitian Creole,/tãte/
Haitian Creole,/sãsi/
Haitian Creole,/kilti/
Haitian Creole,/al.fa.be/
Haitian Creole,/ʃimi/
Haitian Creole,/ɛ̃djɛn/
Haitian Creole,/ɣadjatɛ/
Haitian Creole,/zepɔ̃/
Haitian Creole,/veɣidik/
Haitian Creole,/vɛt/
Haitian Creole,/pati/
Haitian Creole,/ã.sãm/
Haitian Creole,/tɣãnspɔ/
Haitian Creole,/ɣape/
Haitian Creole,/politik/
Haitian Creole,/zɛl/
Haitian Creole,/kalifɔni/
Haitian Creole,/ʒwe/
Haitian Creole,/final/
Haitian Creole,/mɔ/
Haitian Creole,/kuˈlɛv/
Haitian Creole,/pejizã/
Haitian Creole,/lozãʒ/
