Kapampangan,/məˈɡaləŋ/
Kapampangan,/ˈnot͡ʃe ˈbwenə/
Kapampangan,/əˈpuluʔ/
Kapampangan,[pɪ.səmˈbän]
Kapampangan,/kəˈjanən/
Kapampangan,[bʊˈɾi]
Kapampangan,[ˈtäː.u]
Kapampangan,[ˈläː.ut]
Kapampangan,/səˈka/
Kapampangan,[dɪˈxut]
Kapampangan,/bʊləˈlakaw/
Kapampangan,[ɡə.nəˈxäː]
Kapampangan,/məŋ/
Kapampangan,/bəˈlen/
Kapampangan,[kənˈduŋ]
Kapampangan,/ɪˈke/
Kapampangan,[ʊˈmäː]
Kapampangan,/sesˈmwan/
Kapampangan,[kəˈwäː.jən]
Kapampangan,/ləˈlaki/
Kapampangan,[wəˈnän]
Kapampangan,[ˈläː.ɡuʔ]
Kapampangan,/bʊmˈbunən/
Kapampangan,[ˈäː.xo]
Kapampangan,[lɪˈpiŋ]
Kapampangan,/pəˈŋa/
Kapampangan,/kʊnˈsi/
Kapampangan,/pʊlˈɡas/
Kapampangan,[ˈäː.bək]
Kapampangan,/nwənˈti/
Kapampangan,[səˈɾiː.li]
Kapampangan,/bɪˈtukə/
Kapampangan,[məˈxäː.bəʔ]
Kapampangan,/ˈbakit/
Kapampangan,[kəsˈtiː.lju]
Kapampangan,/ˈaŋklə/
Kapampangan,/əˈnaŋ/
Kapampangan,[kə.lʊ.ɡʊˈɾäːn]
Kapampangan,/pʊnsəˈlan/
Kapampangan,/məˈnjamən/
Kapampangan,[bɪˈɾä]
Kapampangan,[bəˈxuː.lud]
Kapampangan,/kəpɪˈtu/
Kapampangan,[məˈbäː.jət]
Kapampangan,[kəˈjä]
Kapampangan,/pɪtˈnaʔ/
Kapampangan,/kʊˈkuʔ/
Kapampangan,/ˈbatis/
Kapampangan,/ˈbawəŋ/
Kapampangan,[ŋ]
Kapampangan,/koɾˈdeɾo/
Kapampangan,/nənʊˈman/
Kapampangan,[t͡ʃɪs.moˈsu]
Kapampangan,/ˈpuɡu/
Kapampangan,/ˈbauɡ/
Kapampangan,/ˈkabɪɾə/
Kapampangan,/ɪŋ/
Kapampangan,/pənˈtuɡ/
Kapampangan,[bə.ɪˈxi]
Kapampangan,[ˈliː.jim]
Kapampangan,/oˈt͡ʃoə/
Kapampangan,[ˈmɛː.mə.lɛːn]
Kapampangan,[kə.wəˈlän]
Kapampangan,[mʊˈniː.xəʔ]
Kapampangan,[kɛˈxo]
Kapampangan,[ɪˈsäʔ]
Kapampangan,[ɡɪˈnu]
Kapampangan,/bʊlˈdit/
Kapampangan,/ˈawək/
Kapampangan,/ˈno/
Kapampangan,[kʊɾ.sʊ.nəˈdä]
Kapampangan,[məˈtäs]
Kapampangan,[ˈmäː.ɡə.ɾəl]
Kapampangan,[mə.nə.lɛˈsɛ]
Kapampangan,[ˌmäːɡ.səˌɾäː.səˈɾiː.li]
Kapampangan,/ˈdalə/
Kapampangan,[bənˈjäː.ɡə]
Kapampangan,/ˈsoj/
Kapampangan,[ˈmuː.tuk]
Kapampangan,[ˈäːŋ.klə]
Kapampangan,[mə.səˈxit]
Kapampangan,[təɡˈjäŋ]
Kapampangan,/dəˈlan/
Kapampangan,/əˈlajə/
Kapampangan,[ˌmɛːˈniː.ləʔ]
Kapampangan,[tə.ʊˈliŋ əˈpuː.nən]
Kapampangan,/kəˈninu/
Kapampangan,/jəˈmut/
Kapampangan,/ˈmu/
Kapampangan,[ˈbäː.ɡəŋ]
Kapampangan,/pələˈɾa/
Kapampangan,/lɪˈbutəd/
Kapampangan,/ˌtjaməɡˈkanu/
Kapampangan,[ˈläː.jə]
Kapampangan,[ˈäː.ɡɪ.lə]
Kapampangan,/ˈŋeniŋ əlˈdo/
Kapampangan,/ˌmeˈniləʔ/
Kapampangan,[ɪˈxo]
Kapampangan,/təˈiʔ/
Kapampangan,[bɪˈɡoː.ti]
Kapampangan,[kɪŋ]
Kapampangan,/əˈbaɡət/
Kapampangan,/məˈŋakuʔ/
Kapampangan,/ˈlelut/
Kapampangan,/bʊsˈbus/
Kapampangan,[ə.pəˈljä]
Kapampangan,[ˈjäŋ]
Kapampangan,[pʊˈsuʔ]
Kapampangan,[ˈkoː.mʊs.təː nəˈxä]
Kapampangan,[ˈtä]
Kapampangan,[təŋˈkil]
Kapampangan,/komʊsˈta/
Kapampangan,[ˈmjɛːɾ.kʊ.lis]
Kapampangan,/təˈbaluʔ/
Kapampangan,/bɪˈɡoti/
Kapampangan,/ləˈɾawən/
Kapampangan,[məˈŋän]
Kapampangan,[ˈläː.ŋo]
Kapampangan,/ˈbaju/
Kapampangan,[təŋˈɡäl]
Kapampangan,[pə.ləˈpäɡ]
Kapampangan,/pələˈpaɡ/
Kapampangan,/ˈme/
Kapampangan,/ɪkəˈju/
Kapampangan,[ˈpä]
Kapampangan,/təˈliŋə/
Kapampangan,[ˈɡiːn.to]
Kapampangan,/pɪˈhikən/
Kapampangan,/əˈmanuŋ ˈsiswən/
Kapampangan,/əlwəˈɡe/
Kapampangan,/ɪmˈpuʔ/
Kapampangan,[məˈnjäː.mən]
Kapampangan,[ˈdäː.jət]
Kapampangan,[pɪ.pə.mə.nʊˈlwän]
Kapampangan,[sɪˈŋo]
Kapampangan,/məkəbʊˈlos/
Kapampangan,/nə/
Kapampangan,[əˈmiːən]
Kapampangan,/bəˈlas/
Kapampangan,[dʊ.lʊˈbäː.sə]
Kapampangan,/ˈnukəɾin/
Kapampangan,[kəˈjät]
Kapampangan,[bəˈɡɛ]
Kapampangan,[mɪ.pə.xəˈnäː.nu nəˈxäː]
Kapampangan,[ˈnäː.nu ˈnäː.nu]
Kapampangan,[ɪnˈduʔ]
Kapampangan,/ˈabut/
Kapampangan,[kʊˈtiŋ]
Kapampangan,/ˈlunis/
Kapampangan,[əsˈläː.ɡən]
Kapampangan,[kəˈpun]
Kapampangan,[ˈkɛ]
Kapampangan,[kʊ.lɪˈtän]
Kapampangan,[ə.lwəˈɡɛ]
Kapampangan,[bəˈnäl ə ɛsˈpiː.ɾɪ.tu]
Kapampangan,/əˈɾobu/
Kapampangan,/ˈsuluŋ/
Kapampangan,[ˈuː.tək]
Kapampangan,/ˈmajəp/
Kapampangan,[dəˈpät]
Kapampangan,/ˈku/
Kapampangan,[ətˈlu]
Kapampangan,/kʊtˈkut/
Kapampangan,[ˈdäː.ɡul]
Kapampangan,/əˈswaŋ/
Kapampangan,/sʊlʊŋdəˈɡis/
Kapampangan,/ɪˈju/
Kapampangan,[pəˈt͡ʃɛː.xo]
Kapampangan,[ˈpun]
Kapampangan,[ˈjɛ]
Kapampangan,/ləmˈbut/
Kapampangan,/kənˈdaɾu/
Kapampangan,/ˈɡiɡi/
Kapampangan,[ˈo]
Kapampangan,[pɪnˈtuʔ]
Kapampangan,[ˈpäː.juŋ]
Kapampangan,/bəlɪˈbaɡo/
Kapampangan,[bə.lɪˈxuː.ku]
Kapampangan,/ˈkuləm/
Kapampangan,/kəˈtawən/
Kapampangan,/ˈsuɡət/
Kapampangan,/məˈiŋe/
Kapampangan,[bəɾ.kəˈdä]
Kapampangan,/ˈdwaɡ/
Kapampangan,[ˈbäː.xo.loɾ]
Kapampangan,/kəˈsjam/
Kapampangan,[sɪnˈdäk]
Kapampangan,[pɪ.nəˈnäː.ɾiʔ]
Kapampangan,/təˈlaib/
Kapampangan,/tʊˈno/
Kapampangan,/ˈkalʊɡʊɾən/
Kapampangan,[əbˈɾil]
Kapampangan,[bɪˈjiː.ɾəʔ]
Kapampangan,[tə.nəˈmän]
Kapampangan,/bʊˈkad/
Kapampangan,/pebˈɾeɾu/
Kapampangan,/ˈke/
Kapampangan,[ˈtuŋ]
Kapampangan,[məˈiː.ŋɛ]
Kapampangan,[ək.sɪˈdɛːn.ti]
Kapampangan,[ˈniː.nu]
Kapampangan,/məkəˈbebe/
Kapampangan,[əlˈdoː əlˈdoː]
Kapampangan,[dəˈjäː.mi]
Kapampangan,[pʊˈtiʔ]
Kapampangan,/ɾoˈdɾiɡes/
Kapampangan,[kʊˈnɛː.u]
Kapampangan,[ˌäːˈɡuː.mən]
Kapampangan,/mɪpəkəˈnanu nəˈka/
Kapampangan,/bəˈɡe/
Kapampangan,[ˈkɛː.su]
Kapampangan,/ˈselju/
Kapampangan,/səˈkal/
Kapampangan,[ˈbäː.tis]
Kapampangan,/ˈpusəʔ/
Kapampangan,/oˈbakit/
Kapampangan,/kekətəˈmu/
Kapampangan,[səˈxäl]
Kapampangan,/ˈmaŋəkuʔ/
Kapampangan,/mənəleˈse/
Kapampangan,/ˈpusuʔ/
Kapampangan,/ˈtajmik/
Kapampangan,/t͡ʃɪsmoˈsa/
Kapampangan,/ˈmusni/
Kapampangan,/ˈlaɾəʔ/
Kapampangan,/səˈlusu/
Kapampangan,/menəˈlaŋin/
Kapampangan,/kʊɾsʊnəˈda/
Kapampangan,[tɪŋ.kəˈjäd]
Kapampangan,/ˈɡwaɡwə/
Kapampangan,/tʊkˈsu/
Kapampangan,[kə.bəˈlɛːn]
Kapampangan,/dəmˈdam/
Kapampangan,/ˈdin/
Kapampangan,/pʊˈtiʔ/
Kapampangan,/ɡɪˈnu ˈku/
Kapampangan,[ˈläː.ɾəʔ]
Kapampangan,[ˈsuːt.ləʔ]
Kapampangan,[əˈɡoːs.tu]
Kapampangan,/pəɾʊˈmiŋɡu/
Kapampangan,[ˈnɛ]
Kapampangan,[dɪsˈpuʔ]
Kapampangan,/bəˈle/
Kapampangan,/ɪbˈpa ˈmi/
Kapampangan,/məbˈlas/
Kapampangan,/ɡənəˈka/
Kapampangan,[kɛ.xəˈmi]
Kapampangan,/məpɪˈlan/
Kapampangan,[kʊˈt͡ʃäː.ɾəʔ]
Kapampangan,[ˈpäː.ləʔ]
Kapampangan,/ˈtja/
Kapampangan,[kəˈbäː.ju]
Kapampangan,[bə.lə.ŋɪˈŋi]
Kapampangan,/ˈpuʔ/
Kapampangan,[məˈis]
Kapampangan,[ɾoŋˈkiː.ljo]
Kapampangan,/pəˈkwan/
Kapampangan,/əˈbalə/
Kapampangan,[kə.pəmˈpäː.ŋən]
Kapampangan,[təˈɾäs]
Kapampangan,/dəɡˈliʔ/
Kapampangan,[pɪsˈŋi]
Kapampangan,[ˈdä]
Kapampangan,/ˈanək/
Kapampangan,[ˈi]
Kapampangan,/kənˈdiləʔ/
Kapampangan,[məl.dɪˈtu]
Kapampangan,[məˈɡäː.ləŋ]
Kapampangan,[səmˈpäː.luk]
Kapampangan,[ˈäː.puŋ ɡɪˈnu]
Kapampangan,[əˈpuː.luʔ]
Kapampangan,[ˈsäː.pəŋ bəˈto]
Kapampangan,[bʊnˈji]
Kapampangan,/bʊləkˈlak/
Kapampangan,/ˈwak/
Kapampangan,[bəŋˈkäː.ləʔ]
Kapampangan,[əˈdwäʔ]
Kapampangan,/pəndəˈkaki/
Kapampangan,[əˈläː.jə]
Kapampangan,[ʊɡˈtu]
Kapampangan,[kəˈu]
Kapampangan,[bɪɡˈläʔ]
Kapampangan,[dʊ.lʊˈbäː.səʔ]
Kapampangan,[məɡˈkäː.nu]
Kapampangan,/ˈŋaku/
Kapampangan,/bəlʊɡˈbuɡ/
Kapampangan,[ˈnoː.t͡ʃɛ ˈbwɛː.nə]
Kapampangan,/əlˈdo/
Kapampangan,/əˈwa/
Kapampangan,/pəˈlasju/
Kapampangan,/ˈmaɾtis/
Kapampangan,/hɪˈloʔ/
Kapampangan,/sənˈdatə/
Kapampangan,[nɪŋ]
Kapampangan,[mə.ɡə.nəˈxäː]
Kapampangan,[nə.nəˈmäːn]
Kapampangan,/ˈantək/
Kapampangan,/dəˈɡul/
Kapampangan,/ˈaku/
Kapampangan,/bəˈkulaw/
Kapampangan,/məpəˈit/
Kapampangan,[ˈbäː.wəŋ]
Kapampangan,/ˈu/
Kapampangan,/ˈbjeɾnis/
Kapampangan,/əˈnak/
Kapampangan,[mə.pɪˈlän]
Kapampangan,[ˈwɛs]
Kapampangan,/ˈuləs/
Kapampangan,/əksɪˈdenti/
Kapampangan,[ˈsuː.ɡət]
Kapampangan,/dəˈkal ə səˈlamət/
Kapampangan,/məˈbabo/
Kapampangan,/ˈlaut/
Kapampangan,[mɪˈnäː.lin]
Kapampangan,[ɪˈjän]
Kapampangan,/məldɪˈtu/
Kapampangan,/pɪˈnedə/
Kapampangan,[sʊ.lʊŋ.dəˈɡis]
Kapampangan,/pɪsəmˈban/
Kapampangan,/ˈtjapɪlən/
Kapampangan,[pɛbˈɾɛː.ɾu]
Kapampangan,/kəˈnu/
Kapampangan,/dəˈbid/
Kapampangan,[ˈäː.nək]
Kapampangan,/bəŋˈkuʔ/
Kapampangan,[tə.ləˈbä]
Kapampangan,[bʊˈtiː.ti]
Kapampangan,[kəlˈmäʔ]
Kapampangan,[tɪˈnäː.pɛː]
Kapampangan,/kəˈsi/
Kapampangan,[ˈdin]
Kapampangan,[ɡəsˈpäŋ]
Kapampangan,[səˈpäː.tus]
Kapampangan,[əˈt͡ʃi]
Kapampangan,[təˈläː.ib]
Kapampangan,[ˈɛː.ɾən]
Kapampangan,/ˈdutuŋ/
Kapampangan,[ˈsäː.nu]
Kapampangan,/pɪŋˈɡan/
Kapampangan,/mələmˈbut/
Kapampangan,[əsˈbuk]
Kapampangan,/dɪmˈla/
Kapampangan,[ˈiː.xə]
Kapampangan,[pəˈŋäː.xuʔ]
Kapampangan,[təˈxä]
Kapampangan,/ˈɡamət/
Kapampangan,/tɪŋkəˈjad/
Kapampangan,[ˈkuː.xuʔ]
Kapampangan,/tʊŋˈkul/
Kapampangan,[bəˈjäː.ni]
Kapampangan,/ʊˈliŋ/
Kapampangan,[ˈpuː.səd]
Kapampangan,[kʊˈluɡ]
Kapampangan,[pə.ləˈxul]
Kapampangan,/səˈkit/
Kapampangan,/ˈhunju/
Kapampangan,[ʊ.pəˈjäː]
Kapampangan,[ɪŋ]
Kapampangan,[kənˈdäː.ɾu]
Kapampangan,[ɡəˈjuː.mə]
Kapampangan,/məŋəkəpɪˈlan/
Kapampangan,[ˈsäː.buŋ]
Kapampangan,[ˈliː.xəs]
Kapampangan,[ləˈsiŋ]
Kapampangan,/lɪˈpiŋ/
Kapampangan,/təˈɡjaŋ/
Kapampangan,/pəˈla/
Kapampangan,[məˈɡin]
Kapampangan,[ənˈtä]
Kapampangan,/kəˈpajə/
Kapampangan,/ˈbajuŋ bəˈnwa/
Kapampangan,/bəlɪˈkuku/
Kapampangan,/keˈja/
Kapampangan,/ˈkakəʔ/
Kapampangan,[ˈnoː.xə.ɾin]
Kapampangan,[ˈdiː.li]
Kapampangan,[mɪ.pə.xə.nəˈnu]
Kapampangan,[bʊ.ləˈläː.xäʊ̯]
Kapampangan,/meleɡˈɾito/
Kapampangan,[məl.dɪˈtä]
Kapampangan,[bʊlˈjäʊ̯]
Kapampangan,/lʊkˈlukən/
Kapampangan,[kɛˈxä]
Kapampangan,/ˌaˈbalək/
Kapampangan,/əsləˈɡan/
Kapampangan,/ˈman/
Kapampangan,[ˈsäː.bə.du]
Kapampangan,[əɡˈläː.jiʔ]
Kapampangan,[ˈkäː.bɪ.ɾə]
Kapampangan,/səmpəˈɡitə/
Kapampangan,/ˈbihəɡ/
Kapampangan,/kəˈswaʔ/
Kapampangan,[pəˈɡo]
Kapampangan,/ˈdakəl/
Kapampangan,/ˈsabuŋ/
Kapampangan,[ˈtiː.mən]
Kapampangan,/pəmˈpaŋɡə/
Kapampangan,[kɪˈbit]
Kapampangan,[bəŋˈkuʔ]
Kapampangan,[ko.mʊsˈtä]
Kapampangan,/kʊˈtiŋ/
Kapampangan,[məˈɡäː.ɾəl]
Kapampangan,/ɡəˈjumə/
Kapampangan,/dəˈu/
Kapampangan,[əˈläʔ]
Kapampangan,/ˈpaluŋ/
Kapampangan,/ˈtaniŋ/
Kapampangan,/ɪbˈpa/
Kapampangan,/səŋˈlaj/
Kapampangan,/ˈtimən/
Kapampangan,[ˈbäː.biʔ]
Kapampangan,/ˈtud/
Kapampangan,/an/
Kapampangan,/təˈmu/
Kapampangan,[ləˈläŋ]
Kapampangan,/ˈwa/
Kapampangan,[ˈɡwäː.ɡwə]
Kapampangan,/ˈsulət/
Kapampangan,/ˈkojə/
Kapampangan,[kʊtˈkut]
Kapampangan,/tɪˈsoj/
Kapampangan,/məɡənəˈka/
Kapampangan,/bʊlˈjaw/
Kapampangan,/ˈsapəŋ ˈbjabəs/
Kapampangan,/ˈiŋe/
Kapampangan,[tənˈdäŋ]
Kapampangan,/kəˈmi/
Kapampangan,[məˈxäː.pə.nə.un]
Kapampangan,[təmˈbiŋ]
Kapampangan,[əˈswäŋ]
Kapampangan,/mədəlʊmˈdum/
Kapampangan,[səˈliː.təʔ]
Kapampangan,/bələˈsenəs/
Kapampangan,/səsˈmwan/
Kapampangan,[əˈbäː.ɡət]
Kapampangan,/ʊpəˈja/
Kapampangan,[dəˈxäl ə səˈläː.mət]
Kapampangan,[t͡ʃɪs.moˈsä]
Kapampangan,[nwənˈtiː]
Kapampangan,[məˈljäː.ɾi]
Kapampangan,[pʊˈliː.xət]
Kapampangan,/keˈta/
Kapampangan,/ˈasu/
Kapampangan,[təˈliː.ŋə]
Kapampangan,[pɪˈtu]
Kapampangan,/kətˈmun/
Kapampangan,[ˈpäː.wəs]
Kapampangan,/ˈlutuʔ/
Kapampangan,[ˈtiː.ɡəb]
Kapampangan,[pʊˈluŋ kəˈxuː.tud]
Kapampangan,/ˈbulən/
Kapampangan,/kəwəˈlan/
Kapampangan,[pə.ɾə.ləˈjuː.nən]
Kapampangan,/əsˈbuk/
Kapampangan,/pəˈnas/
Kapampangan,[tɪˈwäː.ləʔ]
Kapampangan,[kəˈjäʔ]
Kapampangan,/kəˈja/
Kapampangan,/ˈɡaləŋ/
Kapampangan,[ˈmäː.ju]
Kapampangan,/wəˈkas/
Kapampangan,[bə.bə.lə.bə.lə.ŋɪˈŋi]
Kapampangan,/məlˈdaʔ/
Kapampangan,/ˈɡubət/
Kapampangan,[ˈniː.nʊ.mən]
Kapampangan,/ˈtete/
Kapampangan,[təˈɾuk]
Kapampangan,[bʊˈxäːd]
Kapampangan,/ˈaŋeles/
Kapampangan,[səˈläː.mət]
Kapampangan,[ˈkɛt]
Kapampangan,/ˌmaɡsəˌɾasəˈɾili/
Kapampangan,[ɪˈxɛ]
Kapampangan,/ˈnanu ˈot/
Kapampangan,/ˈwali/
Kapampangan,[kəˈbäːn]
Kapampangan,/kɪˈbit/
Kapampangan,/ˈnanu ˈnanu/
Kapampangan,[ˈkäːl.mə]
Kapampangan,/məŋˈɡerə/
Kapampangan,/eˈneɾu/
Kapampangan,[mɪˈɡäː.ɾəl]
Kapampangan,[okˈtuːb.ɾi]
Kapampangan,/ˈo/
Kapampangan,[ɪˈju]
Kapampangan,/pəˈwas/
Kapampangan,/ˈsukəd/
Kapampangan,/kəˈɾin/
Kapampangan,[ˈwɛː.bis]
Kapampangan,/dɪsˈpuŋ məbləˈsan/
Kapampangan,/ˌmanəˈlaŋin/
Kapampangan,[əˈbjäs]
Kapampangan,/ləˈipən/
Kapampangan,/bɪɡˈlaʔ/
Kapampangan,[pənˈdɛ]
Kapampangan,[ˈäː.tul]
Kapampangan,/ləˈɡjuʔ/
Kapampangan,[təˈɡjäŋ]
Kapampangan,[məˈnjɛː.ɡo]
Kapampangan,/ˈajup/
Kapampangan,/kəməˈtajən/
Kapampangan,[kəˈswäʔ]
Kapampangan,[kə.ɾə.jət.mə.ləˈtän]
Kapampangan,/ˈbaɡəŋ/
Kapampangan,/təŋˈɡal/
Kapampangan,/ˈɡatəs/
Kapampangan,/ɾonˈkiljo/
Kapampangan,[ˈliː.bu]
Kapampangan,[ˌmäː.nəˈläː.ŋin]
Kapampangan,[kə.sə.lʊˈxuː.jən]
Kapampangan,/bəˈjani/
Kapampangan,/məsəˈkit/
Kapampangan,/məŋˈmaŋ/
Kapampangan,[ɪˈloʔ]
Kapampangan,/ˈaɾuŋ/
Kapampangan,[bɪˈjäɪ̯]
Kapampangan,[jəˈtä]
Kapampangan,[əˈnäŋ]
Kapampangan,/ʊˈak/
Kapampangan,[ˈäː.pət]
Kapampangan,[ˈjäː.xu]
Kapampangan,/təŋˈkil/
Kapampangan,[səsˈmwän]
Kapampangan,/bəˈjaniʔ/
Kapampangan,[pə.ləˈɾä]
Kapampangan,[ˈmäː.ŋə.xuʔ]
Kapampangan,/bʊˈluŋ/
Kapampangan,[nə]
Kapampangan,/pəsˈtulən/
Kapampangan,/pəsˈbul/
Kapampangan,/bələŋɪˈŋi/
Kapampangan,/təˈlauk/
Kapampangan,/kekəˈju/
Kapampangan,/bəˈtwin/
Kapampangan,[ˈjäː.xo]
Kapampangan,/pənˈlaki/
Kapampangan,[ˈkäː.lʊ.ɡʊ.ɾən]
Kapampangan,[bʊˈluː.tuŋ]
Kapampangan,/ˈko/
Kapampangan,/ənˈlwaɡi/
Kapampangan,[kɛ.xəˈtä]
Kapampangan,[ləˈjuɡ]
Kapampangan,[ˈiː.lo]
Kapampangan,[bʊ.ləkˈläk]
Kapampangan,[bʊnˈtuk]
Kapampangan,[ˈi ˈäː.xu]
Kapampangan,[ˈäː.su]
Kapampangan,/təˈu/
Kapampangan,/ˈsakit/
Kapampangan,[ləˈɡuʔ]
Kapampangan,/sɪnˈtaʔ/
Kapampangan,[pən.dəˈxäː.ki]
Kapampangan,/pɪpəmənʊˈlwan/
Kapampangan,/bəɪˈki/
Kapampangan,[pəˈɾul]
Kapampangan,[kəˈnu]
Kapampangan,[səˈɡäː.nə]
Kapampangan,/kɪˈliŋ/
Kapampangan,/ɪˈnum/
Kapampangan,[ˈbäː.uɡ]
Kapampangan,[ˈsiː.siɡ]
Kapampangan,[mə.ŋə.xə.pɪˈlän]
Kapampangan,/ˈkebəɪtən/
Kapampangan,[sɛsˈmwän]
Kapampangan,/ˈi ˈaku/
Kapampangan,/dɪˈkut/
Kapampangan,[sɪnˈtäʔ]
Kapampangan,/təʊˈliŋ əˈpunən/
Kapampangan,/bəˈnwa/
Kapampangan,[təˈmu]
Kapampangan,[məˈxuː.jəd]
Kapampangan,[pəˈtiŋ]
Kapampangan,[nə.nʊˈmäːn]
Kapampangan,[mɛˈŋäː.xuʔ]
Kapampangan,[lɪnˈtik]
Kapampangan,[dəˈläʔ]
Kapampangan,[məˈpäː.liʔ]
Kapampangan,/ˈtapuŋ/
Kapampangan,[əŋˈɡä]
Kapampangan,[mənˈluː.tək]
Kapampangan,[əlˈtoː]
Kapampangan,/məˈljaɾi/
Kapampangan,/ələkˈdan/
Kapampangan,/ləɡˈnat/
Kapampangan,[əˈɡju]
Kapampangan,/ˈninʊkə/
Kapampangan,[kə.mʊˈniŋ]
Kapampangan,[məˈtwä]
Kapampangan,/kəˈswa/
Kapampangan,/pəmpɪˈlan/
Kapampangan,/ˈbabiŋ ˈdikut/
Kapampangan,/ˈmeməlen/
Kapampangan,/ˈapu/
Kapampangan,/səˈlitəʔ/
Kapampangan,/ˈlikəs/
Kapampangan,[ɡʊˈbjɛːɾ.nu]
Kapampangan,/jəˈta/
Kapampangan,[ˈäː.nəm]
Kapampangan,/ˈmaɡəɾəl/
Kapampangan,[mən.lɪkˈlik]
Kapampangan,[ŋəkˈŋäk]
Kapampangan,[dəˈlä]
Kapampangan,[məɡ.dəˈmäɡ]
Kapampangan,/dɪˈsjembɾi/
Kapampangan,/səˈket/
Kapampangan,/kəˈne/
Kapampangan,[ˈäː.puʔ]
Kapampangan,[ˈkäː.si]
Kapampangan,[ˈkäŋ]
Kapampangan,[ˈtäːɪ̯.mik]
Kapampangan,[mə.xə.tə.pɪˈlän]
Kapampangan,/ˈbeɡʊkən/
Kapampangan,/bɪˈjaj/
Kapampangan,[ɪˈtä]
Kapampangan,/pʊɾəkˈsiŋ/
Kapampangan,/məˈkabəʔ/
Kapampangan,[pəsˈtuː.lən]
Kapampangan,/pətɪˈpati/
Kapampangan,[pʊˈluŋ məˈɾäː.ɡul]
Kapampangan,/ˌaˈɡumən/
Kapampangan,[ɪˈjä]
Kapampangan,[məˈtä]
Kapampangan,[mə.nəŋˈkil]
Kapampangan,[pʊ.ɾəkˈsiŋ]
Kapampangan,/ŋəkˈŋak/
Kapampangan,[kəˈniː.nu]
Kapampangan,[ˈɡuː.lut]
Kapampangan,[ˈbjäː.bəs]
Kapampangan,[bəˈjäː.niʔ]
Kapampangan,/kekəˈta/
Kapampangan,/məˈɡaɾəl/
Kapampangan,[ˈpuʔ]
Kapampangan,/dəˈpat/
Kapampangan,/sepˈtjembɾi/
Kapampangan,[ˈnwän]
Kapampangan,/bʊˈlutuŋ/
Kapampangan,/lʊŋˈkut/
Kapampangan,/ˈbwaŋin/
Kapampangan,[kə.ɾɛˈlä]
Kapampangan,[ˈbuː.xul]
Kapampangan,[bəˈxuː.loː]
Kapampangan,/məɾəˈɡul/
Kapampangan,/ˈat/
Kapampangan,/bəˈliwəɡ/
Kapampangan,/məɡpəkəməˈte/
Kapampangan,/teləbəsˈtaɡən/
Kapampangan,/mənˈlutək/
Kapampangan,[ˈlä]
Kapampangan,[mə.də.lʊmˈdum]
Kapampangan,[ˈän]
Kapampangan,[ləɡˈjuʔ]
Kapampangan,[nə.nʊˈmo]
Kapampangan,[kə.tʊˈluː.nən]
Kapampangan,/ˈiluɡ/
Kapampangan,/lɪˈkas/
Kapampangan,/səˈpatus/
Kapampangan,[əmˈpo]
Kapampangan,[ˈbuː.tuʔ]
Kapampangan,[ləkˈsiː.nə]
Kapampangan,/ˈkawe/
Kapampangan,/ˈilu/
Kapampangan,[ˈbäː.juŋ bəˈnwä]
Kapampangan,[mə.pəˈit]
Kapampangan,/pəɾɪˈsukət/
Kapampangan,[ɪmˈbiŋ]
Kapampangan,[kəˈpi]
Kapampangan,[mʊˈläː.win]
Kapampangan,/bʊˈljo/
Kapampangan,[səˈxä]
Kapampangan,/tələmˈpakən/
Kapampangan,/kəmˈbiŋ/
Kapampangan,/ˈikə/
Kapampangan,[ˈiː.pən]
Kapampangan,[əˈmäː.nu]
Kapampangan,/ˈkomʊstə nəˈka/
Kapampangan,[məˈnuː.jəŋ]
Kapampangan,[ˈt͡ʃäː.pɪ.lən]
Kapampangan,/lɪnˈtik/
Kapampangan,[ˈuː.ləs]
Kapampangan,[ˈiː.luɡ]
Kapampangan,[ləˈɾäː.wən]
Kapampangan,[bəˈliː.wəɡ]
Kapampangan,[bəˈtwin]
Kapampangan,/mɪˌkaˌkaˌpapəɡˌbabəˌlabəˌlaŋɪŋjəˌnanəŋəˈnanən/
Kapampangan,[ˈläː.uʔ]
Kapampangan,[pʊˈluŋ bʊˈlu]
Kapampangan,[ləˈläː.xi]
Kapampangan,/məɾɪmˈla/
Kapampangan,[kɪlˈdäp]
Kapampangan,[kəˈpäː.jə]
Kapampangan,[məˈtɛ]
Kapampangan,[ˈdwäɡ]
Kapampangan,/ˈpusəd/
Kapampangan,[ˈbwis]
Kapampangan,[ˈbwäk]
Kapampangan,/mʊˈnikəʔ/
Kapampangan,[kəˈnä]
Kapampangan,[ˌbäːˈbäː.i]
Kapampangan,[ˈäː.but]
Kapampangan,/məˈnuk/
Kapampangan,[kə.lə.ɾəˈmän]
Kapampangan,/pəˈŋanib/
Kapampangan,[ɡə.ləkˈɡäk]
Kapampangan,/əˈt͡ʃi/
Kapampangan,/ˈjo/
Kapampangan,/bəˈtjawən/
Kapampangan,/ˈalun/
Kapampangan,/kʊˈt͡ʃaɾəʔ/
Kapampangan,[ɪˈmu]
Kapampangan,[ɪ.xəˈmi]
Kapampangan,[ə.bʊˈxäː.du]
Kapampangan,/əlˈbuɡən/
Kapampangan,[ˈäː.bət]
Kapampangan,/məˈɾajəʔ/
Kapampangan,/mʊˈtja/
Kapampangan,[bəsˈtä]
Kapampangan,[ˈbäː.səʔ]
Kapampangan,/kʊˈnewu/
Kapampangan,[ˈpuː.suʔ]
Kapampangan,/nənəˈman/
Kapampangan,/mələˈtiʔ/
Kapampangan,[kɛˈti]
Kapampangan,/dəˈmuləɡ/
Kapampangan,/tʊˈtuʔ/
Kapampangan,[wəˈxäs]
Kapampangan,[kə.təˈxuː.tən]
Kapampangan,/kəməˈu/
Kapampangan,[ˈmän]
Kapampangan,[əˈɾäɪ̯]
Kapampangan,/ˈutək/
Kapampangan,[pənˈtuɡ]
Kapampangan,[kə.ɾɛˈtä]
Kapampangan,[ˈnäː.nu ˈot]
Kapampangan,[ˈnäː.siʔ]
Kapampangan,/ɪˈja/
Kapampangan,[dəˈlän]
Kapampangan,/ˈdalus/
Kapampangan,[wəˈɾiʔ]
Kapampangan,/pənəˈlaŋin/
Kapampangan,/əlˈto/
Kapampangan,/kʊˈlaŋ/
Kapampangan,/ənˈta/
Kapampangan,[kʊˈnɛː.wu]
Kapampangan,[ˈsäːn.t͡ʃɛs]
Kapampangan,[kəˈniː.tə]
Kapampangan,[ˈbäː.nəɡ]
Kapampangan,[ˈsoːɪ]
Kapampangan,[pə.nəˈun]
Kapampangan,/ˈuləd/
Kapampangan,[tə.ləmˈpäː.xən]
Kapampangan,/ˈwawəʔ/
Kapampangan,/kəjəˈɾjan/
Kapampangan,[dəˈxäl]
Kapampangan,[mə.nəˈläː.ŋin]
Kapampangan,/kənəˈku/
Kapampangan,/pɪˈlaɡu/
Kapampangan,/kʊˈtaŋ/
Kapampangan,/ˈtiɡəb/
Kapampangan,/tɪmˈjas/
Kapampangan,/təkˈlaŋ bəˈtwin/
Kapampangan,/pʊˈsuʔ/
Kapampangan,/tənəˈman/
Kapampangan,[ˈtɛː.tɛː]
Kapampangan,[ˈlwäʔ]
Kapampangan,[ˈdäː.loː]
Kapampangan,/səŋˈle/
Kapampangan,[ˈmäːɾ.su]
Kapampangan,/ˈkukuʔ/
Kapampangan,/əmˈpo/
Kapampangan,/mɪˈnum/
Kapampangan,/məɡˈkanu/
Kapampangan,/keˈke/
Kapampangan,/ˈbawəl/
Kapampangan,[ˈpuː.səʔ]
Kapampangan,[ˈkoː.jə]
Kapampangan,/dʊlˈdul/
Kapampangan,/ˈmaɾsu/
Kapampangan,[ʊˈɾän]
Kapampangan,/ˈjakəbud/
Kapampangan,/sɪˈɡuk/
Kapampangan,[ˈdäː.lus]
Kapampangan,[ˈiː.lu]
Kapampangan,/ˈtuŋ/
Kapampangan,[ʊˈliŋ]
Kapampangan,/pɪˈtu/
Kapampangan,/ˈapuʔ/
Kapampangan,/təˈɾuk/
Kapampangan,/məˈkujəd/
Kapampangan,[bɪˈsä]
Kapampangan,/sɪˈwaləʔ/
Kapampangan,/ewəˈɾiʔ/
Kapampangan,[kətˈmun]
Kapampangan,[kəˈtä]
Kapampangan,[ˈbɛː.ŋi]
Kapampangan,[ˈiː.xiʔ]
Kapampangan,/ɪtəˈmu/
Kapampangan,[tɪˈsoːɪ]
Kapampangan,[ˈlɛː.lut]
Kapampangan,[mɪˌxäːˌkäːˌpäː.pəɡˌbäː.bəˌläː.bəˌläː.ŋɪ.ŋjəˌnäː.nə.ŋəˈnäː.nən]
Kapampangan,/wəˈlu/
Kapampangan,/ˈdaɡul/
Kapampangan,/kəlʊɡʊˈɾan dəˈka/
Kapampangan,/ˈkesjəp/
Kapampangan,/mənlɪkˈlik/
Kapampangan,/ləˈɡuʔ/
Kapampangan,/sɪɡəˈɾilju/
Kapampangan,/dəˈka/
Kapampangan,[ˈkɛn]
Kapampangan,/ləˈkad/
Kapampangan,[bə.ləˈsɛː.nəs]
Kapampangan,/əbˈɾil/
Kapampangan,[pɪŋˈɡän]
Kapampangan,[əˈmäː.nuŋ ˈsiː.swən]
Kapampangan,/deˈla/
Kapampangan,/pəˈtiŋ/
Kapampangan,/pʊŋˈɡod/
Kapampangan,/əˈjun/
Kapampangan,/dɪsˈtɾitu/
Kapampangan,[ˈbwäː.ŋin]
Kapampangan,/ɪkətəˈmu/
Kapampangan,[ˈjäː.xə.bud]
Kapampangan,/mɪˈɡaɾəl/
Kapampangan,[ˈbäː.jət]
Kapampangan,/ˈne/
Kapampangan,[məˈŋäː.xuʔ]
Kapampangan,/ˈlaŋaw/
Kapampangan,[dəˈläɡ]
Kapampangan,[pə.ljʊˈɾän]
Kapampangan,[məŋˈɡäs]
Kapampangan,[kɪ.boˈloɪ̯]
Kapampangan,/ɪˈsaʔ/
Kapampangan,/kəpɪˈlan/
Kapampangan,[ˈkuː.ləm]
Kapampangan,[ˈäː.pu]
Kapampangan,[dəˈxä]
Kapampangan,/bɪˈtis/
Kapampangan,/ˈjaku/
Kapampangan,[kəˈju]
Kapampangan,[lənˈsäː.ŋən]
Kapampangan,/kʊlɪˈtan/
Kapampangan,/kəbˈɾeɾə/
Kapampangan,/ləˈlaŋ/
Kapampangan,[pəˈlɛːŋ.ki]
Kapampangan,/ˈaɡɪlə/
Kapampangan,/ˈnaŋ/
Kapampangan,[ˈbäː.su]
Kapampangan,/ˈsabədu/
Kapampangan,/ˈsusu/
Kapampangan,/lʊˈke/
Kapampangan,/kəˈpun/
Kapampangan,[ɡət.pəˈnäː.pun]
Kapampangan,[ˈmu]
Kapampangan,[ˈdäː.jəʔ]
Kapampangan,[ˈbjɛː]
Kapampangan,/ˈŋamo/
Kapampangan,[ˈlwid]
Kapampangan,[ɡəˈwäʔ]
Kapampangan,/əˈpiʔ/
Kapampangan,/kəˈɾajum/
Kapampangan,/məˈkapənəun/
Kapampangan,[kəˈɾäː.jum]
Kapampangan,[məŋ]
Kapampangan,[pəˈiːt]
Kapampangan,[ə.lʊnˈt͡ʃäŋ]
Kapampangan,[ˈŋäː.mo]
Kapampangan,/ˈbwak/
Kapampangan,[ˈäː.wək]
Kapampangan,/əpəˈlja/
Kapampangan,[mənˈsä]
Kapampangan,[ˈnäŋ]
Kapampangan,[pəˈläː.ʃu]
Kapampangan,[ˈtud]
Kapampangan,[səŋˈläɪ̯]
Kapampangan,[dəˈmuː.ləɡ]
Kapampangan,/bəlɪˈbaɡu/
Kapampangan,/tʊˈto/
Kapampangan,/bəˈbai/
Kapampangan,/dʊlʊˈbasəʔ/
Kapampangan,/kəməntɪˈɡi/
Kapampangan,[ˈmɛ]
Kapampangan,/ˌtakˈsjapuʔ/
Kapampangan,[mʊˈt͡ʃä]
Kapampangan,/əsˈlaɡən/
Kapampangan,[lʊˈtuʔ]
Kapampangan,[kɛˈtä]
Kapampangan,[pə.tɪˈpäː.ti]
Kapampangan,/əˈte/
Kapampangan,[əˈwä]
Kapampangan,[səsˈmu]
Kapampangan,/sʊkˈlati/
Kapampangan,/mənənˈkil/
Kapampangan,/dəˈŋal/
Kapampangan,[kəˈsi]
Kapampangan,[pəˈnäs]
Kapampangan,/ˈi/
Kapampangan,[dɪsˈtɾiː.tu]
Kapampangan,/ɪnˈduʔ/
Kapampangan,[dʊlˈdul]
Kapampangan,[ˌt͡ʃäː.məɡˈkäː.nu]
Kapampangan,[kə.jəˈɾjän]
Kapampangan,[ɡɪˈnu ˈku]
Kapampangan,[kɛˈjä]
Kapampangan,[təˈläː.uk]
Kapampangan,[ˈɡäː.mət]
Kapampangan,/pɪntəˈkasi/
Kapampangan,/ˈlimə/
Kapampangan,[ˈläː.pis]
Kapampangan,/ʊˈɾan/
Kapampangan,/əbʊˈkadu/
Kapampangan,[ˌäːˈbäː.lək]
Kapampangan,[ˈäː.jup]
Kapampangan,[kə.ləˈdwäʔ]
Kapampangan,/əˈmjan/
Kapampangan,[sə.ləˈpuː.ŋən]
Kapampangan,/tɪˈmawəʔ/
Kapampangan,/ˈpawəs/
Kapampangan,[ˈwäː.wəʔ]
Kapampangan,[əˈbäː.xən]
Kapampangan,/ɪˈmu/
Kapampangan,[pən.təˈlun]
Kapampangan,[əˈtɛ]
Kapampangan,/bɪˈhiɾəʔ/
Kapampangan,[ˈliː.mə]
Kapampangan,[ˈkɛː.ni]
Kapampangan,[ləɡˈnät]
Kapampangan,[ˈsiː.xu]
Kapampangan,[kə.məˈuː]
Kapampangan,[kɛ.xəˈmu]
Kapampangan,[kə.wəˈlu]
Kapampangan,/ˈkaku/
Kapampangan,[ˈnuŋ]
Kapampangan,[ənˈlwäː.ɡi]
Kapampangan,[ˈsäː.pəŋ ˈbjäː.bəs]
Kapampangan,[pɪˈjiː.xən]
Kapampangan,/sɪnˈdak/
Kapampangan,/əŋˈɡa/
Kapampangan,/ˈaŋin/
Kapampangan,/dəˈjami/
Kapampangan,[səŋ.ɡəˈläŋ]
Kapampangan,[kʊˈtäŋ]
Kapampangan,[ˈɛː.bun]
Kapampangan,/bənˈjaɡə/
Kapampangan,[pə.ɾʊˈmiːŋ.ɡu]
Kapampangan,[ˈdäː.xəl]
Kapampangan,/sɪˈŋo/
Kapampangan,[sə.ləˈmin]
Kapampangan,/ˈjaŋ/
Kapampangan,/ˈkwajən/
Kapampangan,/ɪkəˈmi/
Kapampangan,[kəbˈɾɛː.ɾə]
Kapampangan,[ʊs.pɪˈtäːl]
Kapampangan,/pəˈt͡ʃeko/
Kapampangan,[kəˈswäː]
Kapampangan,/ˈkesu/
Kapampangan,/keˈti/
Kapampangan,/pɪlɪˈpinəs/
Kapampangan,[pəˈlä]
Kapampangan,[ˈiː.ŋɛ]
Kapampangan,/ləɾəˈwan/
Kapampangan,/ɪˈko/
Kapampangan,/ˈbeŋi/
Kapampangan,/əˈbu/
Kapampangan,[pəˈŋäː.nib]
Kapampangan,/məˈɡin/
Kapampangan,[sənˈduk]
Kapampangan,[ɪˈnum]
Kapampangan,[ˈmäː.jəp]
Kapampangan,/məˈbajət/
Kapampangan,/ˈdalən/
Kapampangan,[tʊkˈsu]
Kapampangan,/ˈkaŋ/
Kapampangan,[ləmˈbut]
Kapampangan,[bʊnˈsu]
Kapampangan,/tənˈdaŋ/
Kapampangan,/nɪŋ/
Kapampangan,/pəˈŋakuʔ/
Kapampangan,[pəˈkwän]
Kapampangan,[ˈduː.tuŋ]
Kapampangan,/ɪˈla/
Kapampangan,/ˈnunuʔ/
Kapampangan,/ˈpun/
Kapampangan,/mʊˈlawin/
Kapampangan,[səˈxɛːt]
Kapampangan,[bə.lʊɡˈbuɡ]
Kapampangan,[pə.mɪnˈtuː.ən]
Kapampangan,[bʊˈläː.un]
Kapampangan,[bəˈlɛːn]
Kapampangan,[ɪbˈpä]
Kapampangan,[ˈäːn.tək]
Kapampangan,/ɪmˈbiŋ/
Kapampangan,/ɡələkˈɡak/
Kapampangan,/kəbəˈlen/
Kapampangan,/ŋʊˈsuʔ/
Kapampangan,/ˈsiɡwə/
Kapampangan,[ˈbäː.xit]
Kapampangan,/kəˈlawəŋ/
Kapampangan,[ɡʊnˈtiŋ]
Kapampangan,/okˈtubɾi/
Kapampangan,[ˈnuː.nuʔ]
Kapampangan,/ˈsiku/
Kapampangan,/kʊˈneu/
Kapampangan,[mɪˈnum]
Kapampangan,[dəˈbiːd]
Kapampangan,/əˈtjan/
Kapampangan,[əlˈdäʊ̯]
Kapampangan,/ˈlapis/
Kapampangan,[məlˈdäʔ]
Kapampangan,[kəˈpuː.luʔ]
Kapampangan,/ləkˈsinə/
Kapampangan,[ˈbäː.juŋ tɪˈpän]
Kapampangan,[ˈkäː.bəm.bjɛː]
Kapampangan,/dʊlʊˈbasə/
Kapampangan,/bəbələbələŋɪˈŋi/
Kapampangan,/məˈta/
Kapampangan,[ˈbɛː.ɡʊ.xən]
Kapampangan,/ˈmutuk/
Kapampangan,/kələmənˈsiʔ/
Kapampangan,[dəˈŋäl]
Kapampangan,/təmˈbiŋ/
Kapampangan,/ŋ/
Kapampangan,/bɪˈlad/
Kapampangan,[mɛ.lɛɡˈɾiː.to]
Kapampangan,/məˈtwaŋ tɪˈpan/
Kapampangan,/kəˈkewən/
Kapampangan,/bɪˈje/
Kapampangan,/ləɡˈjuʔ/
Kapampangan,/pəntəˈlun/
Kapampangan,/ˈbajət/
Kapampangan,/ˈapət/
Kapampangan,[pəˈwäs]
Kapampangan,[ˈpuː.ɡu]
Kapampangan,[tɪmˈjäs]
Kapampangan,/bəɾkəˈda/
Kapampangan,/pəˈɾul/
Kapampangan,/kəˈpuluʔ/
Kapampangan,/təˈmajo/
Kapampangan,[dəˈu]
Kapampangan,/pʊˈluŋ məˈɾaɡul/
Kapampangan,/ˈbje/
Kapampangan,[ˈuːn.ju]
Kapampangan,/sənˈtul/
Kapampangan,/məlpɪˈtik/
Kapampangan,/kɪlɪˈkili/
Kapampangan,[kə.pəˈtäd]
Kapampangan,[təˈbäː.luʔ]
Kapampangan,/səˈlamət/
Kapampangan,[ˈŋɛː.niŋ əlˈdo]
Kapampangan,[sɪŋˈlɛː]
Kapampangan,[ˈiː.pəs]
Kapampangan,/əˈɾaj/
Kapampangan,[ˌtäːkˈʃäː.puʔ]
Kapampangan,[sɛpˈt͡ʃɛːm.bɾi]
Kapampangan,[ˈät]
Kapampangan,/ləkəmbəˈlen/
Kapampangan,[ˈŋɛːən]
Kapampangan,[ˈuː.ləp]
Kapampangan,/ɡəsˈpaŋ/
Kapampangan,[bʊnˈduk]
Kapampangan,[ˈläː.juɡ]
Kapampangan,[kə.lə.mʊnˈdiŋ]
Kapampangan,[bəˈbäː.i]
Kapampangan,/əˈpiɾ/
Kapampangan,[kʊˈläː.juʔ]
Kapampangan,[ɪ.xə.təˈmu]
Kapampangan,/bɪˈsa/
Kapampangan,[pəmˈpäːŋ.ɡə]
Kapampangan,[mə.ɾɪmˈlä]
Kapampangan,[bəˈnwä]
Kapampangan,[sɛksˈmwän]
Kapampangan,[ˈoːs]
Kapampangan,[ˈkɛː.bə.ɪ.tən]
Kapampangan,/kəlˈmaʔ/
Kapampangan,/bʊnˈtuk/
Kapampangan,[ˈku]
Kapampangan,/bʊˈbuŋ/
Kapampangan,/pəˈɡo/
Kapampangan,[ˈwäk]
Kapampangan,/ˈabət/
Kapampangan,/ˈlwid/
Kapampangan,[kə.pɪˈtu]
Kapampangan,[məˈtwäŋ tɪˈpän]
Kapampangan,/ˈsisiɡ/
Kapampangan,[bəˈxuː.läʊ̯]
Kapampangan,/ˈako/
Kapampangan,/ˈmaju/
Kapampangan,[bʊˈbuŋ]
Kapampangan,/mɪˈnalin/
Kapampangan,/əˈɡju/
Kapampangan,/keˈko/
Kapampangan,[dəmˈdäm]
Kapampangan,/əˈpu/
Kapampangan,/ˈbutuʔ/
Kapampangan,[ˈmäːɾ.tis]
Kapampangan,[bäʊ̯ˈtiːs.tə]
Kapampangan,/bawˈtistə/
Kapampangan,/ˈbasəʔ/
Kapampangan,[dəˈɡul]
Kapampangan,/dəˈnum/
Kapampangan,[kɛ.xə.təˈmu]
Kapampangan,[ˈtäː.puŋ]
Kapampangan,/ətˈbus/
Kapampangan,/pəˈɾas/
Kapampangan,[ˈkäː.nəm]
Kapampangan,[ʊˈäk]
Kapampangan,/məˈtwa/
Kapampangan,[bumˈbuː.nən]
Kapampangan,/meˈkeni/
Kapampangan,/kəˈbaju/
Kapampangan,/kəpəmˈpaŋən/
Kapampangan,[ˈsuː.xəd]
Kapampangan,/kɪboˈloj/
Kapampangan,/ˈmaɡpəkəməte/
Kapampangan,[ˈluː.nis]
Kapampangan,/ˈpa/
Kapampangan,/ˈnanəʔ/
Kapampangan,[pəˈɾäs]
Kapampangan,/kəwəˈlu/
Kapampangan,/tɪˈwaləʔ/
Kapampangan,/ˈhwes/
Kapampangan,[dɪmˈlä]
Kapampangan,[sʊˈsuʔ]
Kapampangan,/ˈbebaj/
Kapampangan,[pə.ɾɪˈsuː.xət]
Kapampangan,/təɡˈjaŋ/
Kapampangan,[ˈuːə]
Kapampangan,/ˈbajuŋ tɪˈpan/
Kapampangan,/ˈdi/
Kapampangan,[ɡɪnˈtuʔ]
Kapampangan,[təˈiʔ]
Kapampangan,/sɪŋˈle/
Kapampangan,[təkˈläŋ bəˈtwin]
Kapampangan,/məˈte/
Kapampangan,[kɪ.lɪˈxiː.li]
Kapampangan,[kə.məˈtäː.jən]
Kapampangan,/ɡəɡˈdja/
Kapampangan,/ɡəˈwaʔ/
Kapampangan,/ləˈsiŋ/
Kapampangan,/ˈluɡaw/
Kapampangan,/dəˈkal/
Kapampangan,[təˈmäː.jo]
Kapampangan,[ˈŋɛː.niŋ ˈbɛː.ŋi]
Kapampangan,/ˈlibu/
Kapampangan,/ˈipəs/
Kapampangan,[bəˈläs]
Kapampangan,[məŋˈɡɛː.rə]
Kapampangan,[ˈbäː.wəl]
Kapampangan,/kəˈju/
Kapampangan,/əlˈdaw/
Kapampangan,/ˈɡatus/
Kapampangan,[təˈuː]
Kapampangan,[səm.pəˈɡiː.tə]
Kapampangan,[pəˈläː]
Kapampangan,[mə.tɪmˈjäs]
Kapampangan,[ˈäː.piʔ]
Kapampangan,[pʊŋˈɡod]
Kapampangan,/ləˈjaɡ/
Kapampangan,[sɪˈwäː.ləʔ]
Kapampangan,/ˈmjeɾkʊlis/
Kapampangan,/kəˈbauŋ/
Kapampangan,/pɪnˈtuʔ/
Kapampangan,/kəˈpi/
Kapampangan,/ˈapuŋ ɡɪˈnu/
Kapampangan,[pʊn.səˈlän]
Kapampangan,[oˈt͡ʃoːə]
Kapampangan,/ˈlajəɡ/
Kapampangan,/ətˈlu/
Kapampangan,/ˈlaɡuʔ/
Kapampangan,/wəˈɾiʔ/
Kapampangan,/ˈebun/
Kapampangan,/bɪˈɾa/
Kapampangan,/məˈnujəŋ/
Kapampangan,[pɪtˈnäʔ]
Kapampangan,/pəmɪnˈtuən/
Kapampangan,/məɾɪˈkut/
Kapampangan,[ˈläː.ŋäʊ̯]
Kapampangan,/mɪˈlun/
Kapampangan,/ˈdili/
Kapampangan,/ˈanud/
Kapampangan,/bəlˈbas/
Kapampangan,/kəsˈtilju/
Kapampangan,/dɪsˈpuʔ/
Kapampangan,/ˈmal ə əlˈdo/
Kapampangan,/pənˈde/
Kapampangan,[ˈt͡ʃäː]
Kapampangan,[əˈbäː.lə]
Kapampangan,[ˈtäː.jum]
Kapampangan,/əɡˈlahiʔ/
Kapampangan,/bʊnˈduk/
Kapampangan,[tʊŋˈkul]
Kapampangan,[ˈäː.ŋin]
Kapampangan,/kɪŋ/
Kapampangan,[bəlˈbäl]
Kapampangan,[kɪˈliŋ]
Kapampangan,[əˈnäk]
Kapampangan,/ˈsapəŋ bəˈto/
Kapampangan,/ɪˈjan/
Kapampangan,/mənˈjamən/
Kapampangan,[ŋʊˈsuʔ]
Kapampangan,/ˈhulju/
Kapampangan,[pə.nəˈläː.ŋin]
Kapampangan,/ˈbukul/
Kapampangan,[sənˈtul]
Kapampangan,[ˈtäː.niŋ]
Kapampangan,[ˈsuː.lət]
Kapampangan,[ˈniː.nʊ.xə]
Kapampangan,/ˈŋeniŋ ˈbeŋi/
Kapampangan,/kətəˈkutən/
Kapampangan,[lɪˈxäːs]
Kapampangan,[məˈɾäː.jəʔ]
Kapampangan,[ˈsiː.ɡwə]
Kapampangan,[bəŋˈkɛː]
Kapampangan,[ˈkwäː.jən]
Kapampangan,/kəlʊɡʊˈɾan/
Kapampangan,[tɪˈmäː.wəʔ]
Kapampangan,/kəˈnitə/
Kapampangan,[səˈjäŋ]
Kapampangan,/pɪsˈŋi/
Kapampangan,[ˈɡiː.ɡi]
Kapampangan,[ˈɡäː.tus]
Kapampangan,[məɡˈdiː.li]
Kapampangan,[bɪˈjɛː]
Kapampangan,[tʊˈtuʔ]
Kapampangan,[pʊŋˈsuʔ]
Kapampangan,/əlʊnˈtjaŋ/
Kapampangan,[ˈäːt.bu]
Kapampangan,[ˈdäː.lən]
Kapampangan,/ˈɡinto/
Kapampangan,[mɪˈlun]
Kapampangan,/kəˈnaʔ/
Kapampangan,/mɪsˈteɾju/
Kapampangan,/bʊˈlaun/
Kapampangan,[ˈäː.xu]
Kapampangan,[pənˈläː.xi]
Kapampangan,/kəpəˈtad/
Kapampangan,[kɛˈxɛ]
Kapampangan,[ˈdi]
Kapampangan,[bɪˈläd]
Kapampangan,[ˈbɛː.bɛː]
Kapampangan,[pɪˈnɛː.də]
Kapampangan,/kəˈjaʔ/
Kapampangan,/kəndʊˈŋan/
Kapampangan,[ˈmuːs.ni]
Kapampangan,/kəˈu/
Kapampangan,/kətʊˈlunən/
Kapampangan,/ɪˈta/
Kapampangan,/ˈikiʔ/
Kapampangan,[pəˈnäː.un]
Kapampangan,/mətɪmˈjas/
Kapampangan,[mə.ɾɪˈnät]
Kapampangan,/məldɪˈta/
Kapampangan,[ˈdäː.lə]
Kapampangan,[ʊˈli]
Kapampangan,[ˈsäɪ̯]
Kapampangan,[ˈpoː.tə]
Kapampangan,[əˈpu]
Kapampangan,/dəˈlaʔ/
Kapampangan,/ɡɪnˈtuʔ/
Kapampangan,[bə.lɪˈbäː.ɡo]
Kapampangan,[dəˈnum]
Kapampangan,/kəˈwajən/
Kapampangan,/ˈbakoloɾ/
Kapampangan,[mə.jʊˈmi]
Kapampangan,/kəˈta/
Kapampangan,/pɪnəˈnaɾiʔ/
Kapampangan,[əˈjun]
Kapampangan,[əˈt͡ʃän]
Kapampangan,/pʊˈluŋ kəˈkutud/
Kapampangan,[mə.ɾɪˈxut]
Kapampangan,/əlˈdo əlˈdo/
Kapampangan,[əˈbu]
Kapampangan,[tʊˈno]
Kapampangan,[ˈjo]
Kapampangan,/kəˈlaŋaj/
Kapampangan,[pəˈŋä]
Kapampangan,/ˈmetuŋ/
Kapampangan,[məˈnuk]
Kapampangan,/səŋɡəˈlaŋ/
Kapampangan,/əˈbakən/
Kapampangan,/mɪpəkənəˈnu/
Kapampangan,/sələˈpuŋən/
Kapampangan,/bʊbʊˈŋan/
Kapampangan,[ɛˈnɛː.ɾu]
Kapampangan,/bəˈkulo/
Kapampangan,/bəˈkulud/
Kapampangan,[pə.tʊˈɡut]
Kapampangan,[ˈäː.ŋɛ.lɛs]
Kapampangan,[dɪsˈpuːŋ məb.ləˈsän]
Kapampangan,[pɪ.lɪˈpiː.nəs]
Kapampangan,[səˈluː.su]
Kapampangan,/ˈnuŋ/
Kapampangan,/ˈhilo/
Kapampangan,/meˈŋakuʔ/
Kapampangan,/ˈŋeni/
Kapampangan,[bʊ.ləˈläː.xoː]
Kapampangan,/məŋˈɡas/
Kapampangan,/bʊnˈsu/
Kapampangan,[ɪ.xəˈju]
Kapampangan,/məjʊˈmi/
Kapampangan,[ˈbuː.buɡ]
Kapampangan,[ˈsuː.luŋ]
Kapampangan,/səˈɡanə/
Kapampangan,[lʊŋˈkut]
Kapampangan,/bəˈnal ə esˈpiɾɪtu/
Kapampangan,/məˈnjeɡo/
Kapampangan,[mɛˈxɛː.ni]
Kapampangan,[kəˈnɛ]
Kapampangan,[ˈmäːɡ.pə.xə.mə.tɛ]
Kapampangan,/məɾɪˈkit/
Kapampangan,[nɪkˈnik]
Kapampangan,[məɡ.pə.xə.məˈtɛ]
Kapampangan,/ˈbebe/
Kapampangan,[ˈnäː.nəʔ]
Kapampangan,/tɪˈnape/
Kapampangan,[əˈɾoː.bu]
Kapampangan,[oˈpuʔ]
Kapampangan,[bʊˈluŋ]
Kapampangan,[əˈpiːɾ]
Kapampangan,[kəˈjäː.nən]
Kapampangan,/ˈapiʔ/
Kapampangan,[mə.ɾəˈɡul]
Kapampangan,[ɪmˈpuʔ]
Kapampangan,[bʊˈljoː]
Kapampangan,[pɪn.təˈxäː.si]
Kapampangan,[ˈu]
Kapampangan,/ɡʊnˈtiŋ/
Kapampangan,/ɡʊˈbjeɾnu/
Kapampangan,/təˈjum/
Kapampangan,[ˈmäl ə jəlˈdo]
Kapampangan,[bəˈlɛː]
Kapampangan,/ˈninʊmən/
Kapampangan,/pʊŋˈsuʔ/
Kapampangan,[ˈmi]
Kapampangan,[mə.ləˈtiʔ]
Kapampangan,/ɡɪˈnu/
Kapampangan,/ˈmi/
Kapampangan,/məjɪˈliɡ/
Kapampangan,/ˈbjabəs/
Kapampangan,/kələmʊnˈdiŋ/
Kapampangan,[ˈko]
Kapampangan,[ˈbjɛːɾ.nis]
Kapampangan,/ˈbasu/
Kapampangan,/ˈsanu/
Kapampangan,[ˈbäː.ju]
Kapampangan,/ˈbabiʔ/
Kapampangan,/ˈsutləʔ/
Kapampangan,[kʊnˈsi]
Kapampangan,/mənˈsa/
Kapampangan,/əˈlaʔ/
Kapampangan,[məŋˈmäŋ]
Kapampangan,[ˈʃäm]
Kapampangan,/kəɾeˈla/
Kapampangan,/ˈɾa/
Kapampangan,/ˈpajuŋ/
Kapampangan,/nənʊˈmo/
Kapampangan,[ˈŋɛː.ni]
Kapampangan,/tɪmˈbaŋ/
Kapampangan,[wəˈlu]
Kapampangan,[lə.xəm.bəˈlɛn]
Kapampangan,[ˈŋäː.xu]
Kapampangan,/ˈlwaʔ/
Kapampangan,[kəˈläː.wəŋ]
Kapampangan,/ɡətpəˈnapun/
Kapampangan,/məɾɪˈnat/
Kapampangan,[dɪˈʃɛːm.bɾi]
Kapampangan,[ˈläː.jəɡ]
Kapampangan,[ɡəɡˈd͡ʒä]
Kapampangan,/ˈanəm/
Kapampangan,/bəŋˈke/
Kapampangan,/ˈjako/
Kapampangan,[lɪbˈɾu]
Kapampangan,[sɪˈɡuk]
Kapampangan,[ˈsɛː.lju]
Kapampangan,/ˈnasiʔ/
Kapampangan,/mɪˈnutu/
Kapampangan,/ˈket/
Kapampangan,/kəɾəjətmələˈtan/
Kapampangan,/kʊˈlajuʔ/
Kapampangan,[kɛ.xəˈju]
Kapampangan,/kəˈna/
Kapampangan,/ˈlaŋo/
Kapampangan,[tɛ.lə.bəsˈtäː.ɡən]
Kapampangan,/lɪbˈɾu/
Kapampangan,[lə.ɾəˈwän]
Kapampangan,/ʊɡˈtu/
Kapampangan,/tʊˈkal/
Kapampangan,/səˈɾili/
Kapampangan,/ˈje/
Kapampangan,/əˈbjas/
Kapampangan,/məˈŋan/
Kapampangan,/pʊˈlikət/
Kapampangan,[pɪˈläː.ɡu]
Kapampangan,/pəljʊˈɾan/
Kapampangan,/ˈkasi/
Kapampangan,/ˈkalmə/
Kapampangan,/ʊspɪˈtal/
Kapampangan,/ˈdalo/
Kapampangan,/səˈjaŋ/
Kapampangan,[koɾˈdɛː.ɾo]
Kapampangan,/ˈdajət/
Kapampangan,/kəˈban/
Kapampangan,/ˈabək/
Kapampangan,/məkətəpɪˈlan/
Kapampangan,/sələˈmin/
Kapampangan,/ˈbubuɡ/
Kapampangan,[əlˈdoː]
Kapampangan,[kənˈdiː.ləʔ]
Kapampangan,[ˈɡuː.bət]
Kapampangan,[dʊˈmiːŋ.ɡu]
Kapampangan,[dɛˈlä]
Kapampangan,[mɛ.nəˈläː.ŋin]
Kapampangan,/kəmˈbal/
Kapampangan,/məˈpaliʔ/
Kapampangan,/əˈɡostu/
Kapampangan,[bəˈsän]
Kapampangan,/əˈdwaʔ/
Kapampangan,[tʊˈto]
Kapampangan,[ˈɾä]
Kapampangan,[kəˈnäʔ]
Kapampangan,/ˈsaj/
Kapampangan,/təˈɾas/
Kapampangan,[ɾoˈdɾiː.ɡɛs]
Kapampangan,[sʊkˈläː.ti]
Kapampangan,/sʊˈsuʔ/
Kapampangan,[ɪˈläː]
Kapampangan,[tɪmˈbäŋ]
Kapampangan,[ˈsäː.xit]
Kapampangan,[kəˈbäː.uŋ]
Kapampangan,/mənəˈlaŋin/
Kapampangan,[mə.ləmˈbut]
Kapampangan,/bəsˈtaɡən/
Kapampangan,[ˈpɛː.pəl.toː]
Kapampangan,/pəˈleŋki/
Kapampangan,/lʊˈtuʔ/
Kapampangan,[bəlˈbäs]
Kapampangan,[ˈuːl.ju]
Kapampangan,[bə.lɪˈbäː.ɡu]
Kapampangan,/ˈtajum/
Kapampangan,[əs.ləˈɡän]
Kapampangan,[əˈpiʔ]
Kapampangan,/pəˈit/
Kapampangan,/kələˈdwaʔ/
Kapampangan,[ˈbiː.əɡ]
Kapampangan,[kəmˈbiŋ]
Kapampangan,/ˈatbu/
Kapampangan,/pəɾələˈjunən/
Kapampangan,[tʊˈxäl]
Kapampangan,[ˈkäː.xu]
Kapampangan,[bɪˈtis]
Kapampangan,[lʊˈxɛ]
Kapampangan,/ˈnanu/
Kapampangan,[kə.mən.tɪˈɡi]
Kapampangan,/ˈeɾən/
Kapampangan,[bʊsˈbus]
Kapampangan,[kə.lə.mənˈsiʔ]
Kapampangan,/ˈlauʔ/
Kapampangan,/ˈpotə/
Kapampangan,/ˈkabəmbje/
Kapampangan,[səŋˈlɛː]
Kapampangan,[ˈnäː.nu]
Kapampangan,[ləˈiː.pən]
Kapampangan,/ˈninu/
Kapampangan,/dəˈlaɡ/
Kapampangan,[tʊˈnɛ]
Kapampangan,/kəɾeˈta/
Kapampangan,/pəˈnaun/
Kapampangan,[ˈsuː.su]
Kapampangan,/ˈan/
Kapampangan,[ɪ.təˈmu]
Kapampangan,[ˈuː.ləd]
Kapampangan,/pʊˈluŋ bʊˈlu/
Kapampangan,/təˈɡaluɡ/
Kapampangan,[ˈnuː.xə.ɾin]
Kapampangan,/kɪlˈdap/
Kapampangan,[kə.nəˈxu]
Kapampangan,/sənˈduk/
Kapampangan,[lʊkˈluː.xən]
Kapampangan,[məbˈläs]
Kapampangan,[kəˈmi]
Kapampangan,/ˈsikət/
Kapampangan,/ˈda/
Kapampangan,/kekəˈmu/
Kapampangan,/ʊˈli/
Kapampangan,[təˈjum]
Kapampangan,[məˈbäː.bo]
Kapampangan,[sənˈdäː.tə]
Kapampangan,/ˈkeni/
Kapampangan,[kəˈʃäm]
Kapampangan,[ˈäː.ɾuŋ]
Kapampangan,/ˈpoɾək/
Kapampangan,[ləˈxäd]
Kapampangan,/ˈlihim/
Kapampangan,/əˈmanu/
Kapampangan,/kələɾəˈman/
Kapampangan,[kəˈɾin]
Kapampangan,/kʊˈluɡ/
Kapampangan,/t͡ʃɪsmoˈsu/
Kapampangan,[ˈäː.nud]
Kapampangan,/məɡˈdili/
Kapampangan,[səˈxit]
Kapampangan,/ˈta/
Kapampangan,/ˈŋeən/
Kapampangan,[mɪsˈtɛː.ɾju]
Kapampangan,/ˈuləp/
Kapampangan,/ləˈsunə/
Kapampangan,/bʊnˈji/
Kapampangan,[sɪ.ɡəˈɾiː.lju]
Kapampangan,/ˈpaləʔ/
Kapampangan,/ləˈjuɡ/
Kapampangan,[ˈluː.ɡäʊ̯]
Kapampangan,[ˈbɛː.bäɪ̯]
Kapampangan,[kəˈxɛː.wən]
Kapampangan,[pʊlˈɡäs]
Kapampangan,[pəm.pɪˈlän]
Kapampangan,[ləˈjäɡ]
Kapampangan,[pəsˈbul]
Kapampangan,[təˈɡäː.luɡ]
Kapampangan,/lənˈsaŋən/
Kapampangan,[mə.ɾɪˈxit]
Kapampangan,[ˈkäː.xəʔ]
Kapampangan,/bəlˈbal/
Kapampangan,/ˈlajuɡ/
Kapampangan,[kəmˈbäl]
Kapampangan,[ˈluː.tuʔ]
Kapampangan,/seksˈmwan/
Kapampangan,/ˈnokəɾin/
Kapampangan,/məˈis/
Kapampangan,/kəsəlʊˈkujən/
Kapampangan,[ˈbäː.biŋ ˈdiː.xut]
Kapampangan,/nɪkˈnik/
Kapampangan,/ˈlajə/
Kapampangan,/əˈjik/
Kapampangan,[ləˈɡjuʔ]
Kapampangan,/bʊˈtiti/
Kapampangan,[ə.ləkˈdän]
Kapampangan,/ˈnwan/
Kapampangan,/ˈla/
Kapampangan,/tʊˈne/
Kapampangan,[noˈbjɛːm.bɾi]
Kapampangan,[ˈkäː.wɛː]
Kapampangan,[ˈpäː.luŋ]
Kapampangan,[ˈäː.lun]
Kapampangan,/kəˈjat/
Kapampangan,/noˈbjembɾi/
Kapampangan,[ɪbˈpä ˈmi]
Kapampangan,/oˈpuʔ/
Kapampangan,/kənˈduŋ/
Kapampangan,[bəsˈtäː.ɡən]
Kapampangan,[kəˈtäː.wən]
Kapampangan,/pətʊˈɡut/
Kapampangan,/ˈsjam/
Kapampangan,/ˌbaˈbai/
Kapampangan,[ˈbuː.lən]
Kapampangan,/ˈos/
Kapampangan,[mə.xəˈbɛː.bɛː]
Kapampangan,[mə.jɪˈliɡ]
Kapampangan,[oˈbäː.xit]
Kapampangan,/ˈdajəʔ/
Kapampangan,[bʊlˈdit]
Kapampangan,/bʊləˈlako/
Kapampangan,[ətˈbus]
Kapampangan,[əˈjik]
Kapampangan,[ˈɡäː.təs]
Kapampangan,/ˈbwis/
Kapampangan,[kʊˈläŋ]
Kapampangan,[məl.pɪˈtik]
Kapampangan,/ˈsant͡ʃes/
Kapampangan,/kekəˈmi/
Kapampangan,/dəˈla/
Kapampangan,[ˈsiː.xət]
Kapampangan,/ˈatul/
Kapampangan,/ˈɡɾipu/
Kapampangan,/bʊˈɾi/
Kapampangan,/wəˈnan/
Kapampangan,/məˈtas/
Kapampangan,[kəˈläː.ŋäɪ̯]
Kapampangan,/pənəˈun/
Kapampangan,[ɛ.wəˈɾiʔ]
Kapampangan,[ˈno]
Kapampangan,/ənɪˈmal/
Kapampangan,[ˈɡäː.ləŋ]
Kapampangan,/bəsˈta/
Kapampangan,[bəˈsäʔ]
Kapampangan,/ˈlawuʔ/
Kapampangan,[əlˈbuː.ɡən]
Kapampangan,/ˈipən/
Kapampangan,[bʊ.bʊˈŋän]
Kapampangan,[ˈkɛː.ʃəp]
Kapampangan,/pələˈkul/
Kapampangan,/dʊˈmiŋɡu/
Kapampangan,[kə.lʊ.ɡʊˈɾän dəˈxä]
Kapampangan,[ˈmɛː.tuŋ]
Kapampangan,/ˈhwebis/
Kapampangan,[ˈwäː.li]
Kapampangan,/ˈpepəlto/
Kapampangan,[bəˈtjäː.wən]
Kapampangan,[dəɡˈliʔ]
Kapampangan,/məɡdəˈmaɡ/
Kapampangan,/ˈkanəm/
Kapampangan,[ˈläː.wuʔ]
Kapampangan,[kə.pɪˈlän]
Kapampangan,[ˈwä]
Kapampangan,[ə.nɪˈmäl]
Kapampangan,/ˈtau/
Kapampangan,/ˈken/
Kapampangan,/təˈka/
Kapampangan,/bəˈsan/
Kapampangan,/səsˈmu/
Kapampangan,/keˈka/
Kapampangan,[kʊˈxuʔ]
Kapampangan,[ˈpoː.ɾək]
Kapampangan,[jəˈmut]
Kapampangan,[lɪˈbuː.təd]
Kapampangan,[ˈɡɾiː.pu]
Kapampangan,[bɪˈtuː.xə]
Kapampangan,/ˈɡulut/
Kapampangan,/bəˈsaʔ/
Kapampangan,[mə.xə.bʊˈlos]
Kapampangan,[mɪˈnuː.tu]
Kapampangan,/səmˈpaluk/
Kapampangan,[kən.dʊˈŋän]
Kapampangan,/ˈbanəɡ/
Kapampangan,/bəŋˈkaləʔ/
Kapampangan,/kəmʊˈniŋ/
Kapampangan,[ləˈsuː.nə]
Kapampangan,/ʊˈma/
Kapampangan,/tələˈba/
Kapampangan,[mənˈjäː.mən]
