Kashubian,/ˈbla.di/
Kashubian,/ˈwɛj.skwɛ/
Kashubian,/ˈxjɛ.na/
Kashubian,/ˈprint͡s/
Kashubian,/bjɛ.saˈdɔ.vat͡s/
Kashubian,/ˈfa.u/
Kashubian,/ˈd͡zɛ.vjãt͡s/
Kashubian,/ˈvɜr.vas/
Kashubian,/lɜˈtɛf.skɞ/
Kashubian,/jɛˈdi.ɲɛ/
Kashubian,/ˈwoʃ.kwɛ/
Kashubian,/ˈxɜ.bit͡s/
Kashubian,/a.kwusˈti.ka/
Kashubian,/ˈkwɔ.ɲi.t͡sã/
Kashubian,/ˈɡduɲ.st͡ʃi/
Kashubian,/ˈt͡sfi.tɛr/
Kashubian,/a.dɔˈrɔ.vat͡s/
Kashubian,/ˈɛr.ba/
Kashubian,/ˈtɜ.pix/
Kashubian,/tiˈma.tus/
Kashubian,/ˈvɜ.ʃi/
Kashubian,/dɛ.li.kaˈtɛ.sa/
Kashubian,/ˈt͡ʃɛs.kɞ/
Kashubian,/ˈvjɞl.ɡɞ bri.taˈɲi.jɞ/
Kashubian,/ˈswoɲ/
Kashubian,/ˈɡɞt.ka/
Kashubian,/a.kaˈt͡sjɔ.vi/
Kashubian,/nɞˈr̝ã.d͡ze/
Kashubian,/ˈkrɔ̃.ʒɜt͡s/
Kashubian,/maŋˈɡwus.ta/
Kashubian,/ˈpwɛ.lɞx/
Kashubian,/ˈʒɛ.bɜ/
Kashubian,/ˈɡwoɲ/
Kashubian,/ˈzajt͡s/
Kashubian,/ˈskʂɛt͡ʃk/
Kashubian,/ˈzɔ.fa/
Kashubian,/kwɛˈpal.ɲã/
Kashubian,/ʒiˈra.fa/
Kashubian,/ˈtɛ.rɞs/
Kashubian,/iˈtal.st͡ʃi/
Kashubian,/ˈt͡ʃe.va/
Kashubian,/ˈlut/
Kashubian,/ˈdɛj.ta/
Kashubian,/ˈʃɜx.ta/
Kashubian,/tatˈt͡ʃɜz.na/
Kashubian,/ˈknap/
Kashubian,/ʃãˈtɔ.pjer̝/
Kashubian,/ˈwza/
Kashubian,/ɛ.bwɛ.ɲiˈtɔ.vi/
Kashubian,/ˈbr̝ek/
Kashubian,/ʃtuˈde.ra/
Kashubian,/ˈɡlɜm.zda/
Kashubian,/ˈvɞw.na/
Kashubian,/ˈpjer.vi/
Kashubian,/u.kraˈji.na/
Kashubian,/ˈstɔ/
Kashubian,/ˈbra.t͡sin/
Kashubian,/ˈna.vɛt/
Kashubian,/a.u.tɔˈpwɛr.trɛt/
Kashubian,/a.kwuˈrɞt.ni/
Kashubian,/ˈpit͡s/
Kashubian,/ˈdɞ.vɞt͡ʃ/
Kashubian,/ˈʒdat͡s/
Kashubian,/dɔˈwot.t͡sa/
Kashubian,/ˈt͡ʃɛ.la/
Kashubian,/ˈme.tɛr/
Kashubian,/nɞˈlɛ.pi/
Kashubian,/ˈrok/
Kashubian,/ˈpjãk.ni/
Kashubian,/kɞwˈpjɔ.vi/
Kashubian,/ˈʃɜ.pla/
Kashubian,/ɔ.fiˈt͡se.ra/
Kashubian,/ˈʒɜ.wɛt/
Kashubian,/ˈste.va/
Kashubian,/ˈpʂɛd.ɛ/
Kashubian,/ˈsɜ.pat͡s/
Kashubian,/ˈkwux.ɲɞ/
Kashubian,/pwɛ.kwɛˈlɛ.ɲe/
Kashubian,/ˈkwu.ɡla/
Kashubian,/ˈma.la/
Kashubian,/ˈset.mɜ/
Kashubian,/ˈpɜŋ.ka/
Kashubian,/ˈdɔlx/
Kashubian,/ˈdi.pɛr/
Kashubian,/baˈrjɛ.ra/
Kashubian,/ˈfwul/
Kashubian,/ˈtam/
Kashubian,/ˈxwɛd͡z.bɜ/
Kashubian,/ˈwɛ.ɡwon/
Kashubian,/pwɛˈtʂɛ.ba/
Kashubian,/ˈxwɛd.ɲik/
Kashubian,/ˈke.zi.kwux/
Kashubian,/ˈrɜ.bɞk/
Kashubian,/pwɛʃˈt͡ʃɛs.ɲik/
Kashubian,/ˈja.t͡ʃi/
Kashubian,/ˈstrɔ.jit͡s/
Kashubian,/ˈwɔ.tfa/
Kashubian,/ˈʃrot/
Kashubian,/ˈt͡ʃi.pa/
Kashubian,/ˈa.ɡɛnt/
Kashubian,/ˈsfiŋ.ka ˈmwɛr.skɞ/
Kashubian,/ɡwɛˈtɔ.vi/
Kashubian,/ˈpiɲt͡s/
Kashubian,/ˈxwɛ.d͡zɜt͡s/
Kashubian,/ma.kɛˈrɔ.vat͡s/
Kashubian,/ˈjak ˈsã mjeˈvɞʃ/
Kashubian,/ˈzɔrt/
Kashubian,/aˈus.trjɞ/
Kashubian,/ˈdɔ.br̝ɛ/
Kashubian,/ˈvjɛl.bwɔ̃t/
Kashubian,/ˈmwu.ʃɛt͡s/
Kashubian,/ˈpʃt͡ʃɔ.wa/
Kashubian,/ˈkar.tun/
Kashubian,/wɛtˈpwɛ.vjet͡s/
Kashubian,/ˈlɜ.su/
Kashubian,/ˈkalk/
Kashubian,/ˈxi.nɜ/
Kashubian,/ˈnɛr.ves/
Kashubian,/ˈʃtɜrk/
Kashubian,/ˈkrɜ.t͡ʃɛf.ka/
Kashubian,/ˈbar.man/
Kashubian,/ˈmjoŋ.ka/
Kashubian,/ɡaˈze.ta/
Kashubian,/d͡zɛ.t͡sɔˈwap.ka/
Kashubian,/ˈvrɜk/
Kashubian,/ˈbwot/
Kashubian,/ˈlɜ.sof/
Kashubian,/ˈsfjat/
Kashubian,/ˈxa.lat͡s/
Kashubian,/ˈkɞ.zat͡s/
Kashubian,/ˈba.tuk/
Kashubian,/ˈzi.xɛr/
Kashubian,/ɡwɛˈtɔ.vɞ/
Kashubian,/ˈwɛk.nɔ/
Kashubian,/ˈpɞ.ra/
Kashubian,/ˈkwus/
Kashubian,/ˈwɜʃ.ka/
Kashubian,/pwɛˈpwa.wu/
Kashubian,/ˈmrɔk/
Kashubian,/ɡɛˈbis/
Kashubian,/ˈɲi.bɜ/
Kashubian,/ˈʃfa.d͡ʒɛr/
Kashubian,/pʂɜˈja.t͡sel/
Kashubian,/ˈkɞw.pju/
Kashubian,/ɡaˈze.tɔ̃/
Kashubian,/ˈkɞ.ta/
Kashubian,/dɛ.mwonˈstra.t͡sjɞ/
Kashubian,/pwɛˈja.xat͡s/
Kashubian,/simˈfɔ.ɲɞ/
Kashubian,/ˈbwo.ɡa/
Kashubian,/ˈsɔs.na/
Kashubian,/kwɛsˈmit͡ʃ.ni/
Kashubian,/ˈbar.zɔ/
Kashubian,/ˈvɛf/
Kashubian,/ˈwɛ.dɛ/
Kashubian,/pʂɜˈba.t͡ʃat͡s/
Kashubian,/ˈmɞl.tɜx/
Kashubian,/ˈvɛ.dlɛ/
Kashubian,/ˈfli.ɡɛr.plat͡s/
Kashubian,/ˈʃos.ti/
Kashubian,/aˈkfɛ.dukt/
Kashubian,/ˈpjɛr.st͡seɲ/
Kashubian,/ˈdɞr/
Kashubian,/barˈxwon/
Kashubian,/ˈdɔ.dat͡s/
Kashubian,/ˈʃtrɛ.xwolt͡s/
Kashubian,/ˈtrɞv.ɲik/
Kashubian,/jɛdˈnɞs.t͡sɛ/
Kashubian,/kaˈno.na/
Kashubian,/ˈã.kɛr/
Kashubian,/ˈpjɞsk/
Kashubian,/ˈpa.vjon/
Kashubian,/ˈt͡sɜs.kat͡s/
Kashubian,/pʂɜˈnɞm.ɲi/
Kashubian,/ˈf/
Kashubian,/ˈbwã.d͡zɜt͡s/
Kashubian,/ˈsfjɔ̃d.nɔ/
Kashubian,/ˈstra.tã/
Kashubian,/kwɛˈmwɛ.rɔ̃/
Kashubian,/bɛsˈpjɛt͡ʃ.ɲɛ/
Kashubian,/zɡɲiˈwɔ.zvjer̝/
Kashubian,/aˈma.tor/
Kashubian,/ˈnɔ.vi/
Kashubian,/ˈɞ.pɛn/
Kashubian,/tɛ.aˈtrɔv.ɲik/
Kashubian,/kwɛˈmwor.ka/
Kashubian,/ˈxɞ.mɛr/
Kashubian,/ˈmwo.vit͡s/
Kashubian,/ˈbrɜd.ni/
Kashubian,/ˈlɜ.pin/
Kashubian,/ˈwɛs.trɔ̃/
Kashubian,/ˈs/
Kashubian,/ˈɡɛ.part/
Kashubian,/ˈpa.lɜt͡s/
Kashubian,/ruxˈɲoŋ.ka/
Kashubian,/ɡɞrˈmes.tɛr/
Kashubian,/ˈbɜs.tri/
Kashubian,/zɞˈxwɛd.ni/
Kashubian,/rɔˈbwo.sɜ/
Kashubian,/wusˈta.va/
Kashubian,/ˈjã.zɜk/
Kashubian,/ˈvi.d͡zɛt͡s/
Kashubian,/ˈkʂiʃ/
Kashubian,/ˈzdrɔ.vje/
Kashubian,/ˈa.djuŋkt/
Kashubian,/ˈt͡ʃãst͡s/
Kashubian,/ˈpwɜ.vɞk/
Kashubian,/ap.sɔˈlu.tizm/
Kashubian,/ˈbɞwt/
Kashubian,/paˈpjɔ.ra/
Kashubian,/ˈkfit͡ʃ.ka/
Kashubian,/zvjɛˈr̝ɜ.t͡si/
Kashubian,/ˈvã.ɡwɛr̝/
Kashubian,/ˈɲiʃ.ʃi/
Kashubian,/ˈklut͡ʃ/
Kashubian,/ˈbi.ʃɔ̃k/
Kashubian,/ˈrɛʃ.ta/
Kashubian,/ˈmit.t͡ʃi/
Kashubian,/ˈvɛʃ/
Kashubian,/d͡zɛˈsɔ̃.ti/
Kashubian,/ˈdvjɛ/
Kashubian,/a.djusˈta.tor/
Kashubian,/ˈskɛj.tɔ.vat͡s/
Kashubian,/ˈze.liɲt/
Kashubian,/ˈdɔ.mwom/
Kashubian,/ˈrɜx.t͡sɛn.valt/
Kashubian,/ˈʃtrɛ.ka/
Kashubian,/aˈdrɛ.sax/
Kashubian,/bjɞ.wɔˈrus.kɞ/
Kashubian,/ˈrub.zak/
Kashubian,/ˈfɜr.ʃta/
Kashubian,/ɡwɛ.tɔˈve.ɡwɛ/
Kashubian,/ˈa.tɔm/
Kashubian,/ˈʃfak/
Kashubian,/ˈt͡ʃɜs.ti/
Kashubian,/ˈa.ɲi/
Kashubian,/ˈbjaw.t͡ʃi/
Kashubian,/ˈpʂɛs/
Kashubian,/ˈkrom/
Kashubian,/ˈax/
Kashubian,/bwuˈdɔ.vat͡s/
Kashubian,/ˈɔ.rɛnt͡ʃ/
Kashubian,/ɡrɞˈpwɛv.ɲik/
Kashubian,/ˈlɜʃ.ɲa/
Kashubian,/ˈmwu.zuw.man/
Kashubian,/ˈdvi.ɡat͡s/
Kashubian,/ˈʒɛ/
Kashubian,/dɜrˈɡwɛ.tat͡s/
Kashubian,/ˈt͡siɡ.nɔ̃t͡s/
Kashubian,/ˈpis.mã/
Kashubian,/ˈzɛ.mja/
Kashubian,/ˈʃma.ka/
Kashubian,/na‿ˈvjɛd.nɔ/
Kashubian,/ˈmɜ.slɞ/
Kashubian,/ɔrˈkɛs.tra/
Kashubian,/ˈzlɛ/
Kashubian,/ˈɡas/
Kashubian,/ˈʃpjɛk/
Kashubian,/ˈzɔ̃p/
Kashubian,/ˈbɛd.nɞr̝/
Kashubian,/anˈtra.t͡sɛn/
Kashubian,/tɜˈrɛt͡s.kɞ/
Kashubian,/sa.mwɛsˈtoj.ni/
Kashubian,/ˈrɜ.da/
Kashubian,/ɛ.wɛˈlu.t͡sjɞ/
Kashubian,/ˈxɜt͡ʃ/
Kashubian,/ˈdjɞ.bew/
Kashubian,/ˈbɛt͡ʃ.ka/
Kashubian,/ˈvjɛ.d͡zɛt͡s/
Kashubian,/wɛˈwi.vɞt͡ʃ/
Kashubian,/ˈvɔ̃s/
Kashubian,/ˈsɜ.ti/
Kashubian,/ˈwɛ.d͡ʒin/
Kashubian,/ˈwʒɛt͡s/
Kashubian,/ˈʃum/
Kashubian,/xaˈbi.na/
Kashubian,/av.ɡaˈɲis.tan/
Kashubian,/ˈdix.tix/
Kashubian,/jɛˈzɔ.rɔ/
Kashubian,/ˈston/
Kashubian,/ˈʃa.kal/
Kashubian,/ˈtrɔ.dla/
Kashubian,/ˈxwoj.ka/
Kashubian,/kaˈte.xizm/
Kashubian,/sfjãˈtɔ.vit/
Kashubian,/ˈɡwɛr.ʃi/
Kashubian,/ˈpɜr̝.nã/
Kashubian,/ˈtrɜd.ni/
Kashubian,/baˈr̝ɜt͡ʃ.kwɛ/
Kashubian,/ˈxɜ.t͡ʃa/
Kashubian,/bɜˈnɔ.vi/
Kashubian,/ˈba.ba/
Kashubian,/xi.pwɛˈpwɛ.tam/
Kashubian,/ˈt͡ʃi.slɜ.na/
Kashubian,/ˈʒã.dwɔ/
Kashubian,/ˈtɔ.bɔ̃/
Kashubian,/ˈtrɔ.til/
Kashubian,/aˈka.t͡sjɞ/
Kashubian,/ˈmja.ra/
Kashubian,/ˈt͡ʃɜt͡s/
Kashubian,/ˈwɛm.rɔk/
Kashubian,/ˈjɛd.nɔst͡s/
Kashubian,/ˈna.ra/
Kashubian,/ˈrɛ.xwɛ.vat͡s/
Kashubian,/wɛ.krãˈtɔv.ɲɞ/
Kashubian,/ɡrɞpˈɲi.t͡sa/
Kashubian,/a.daˈmaʃk/
Kashubian,/ˈkal.t͡seɲ/
Kashubian,/ˈmwɛ.va/
Kashubian,/ˈskwo.ra/
Kashubian,/ˈmak/
Kashubian,/wɛp.sɛrˈwɛ.vat͡s/
Kashubian,/ˈpjɛrs/
Kashubian,/wuˈlɜ.t͡sa/
Kashubian,/ˈkrɜʃ.ka/
Kashubian,/ˈjɛ.seɲ/
Kashubian,/ˈɡas.ta.ra.bɜj.tɛr/
Kashubian,/ˈt͡ʃij/
Kashubian,/ˈbluʃt͡ʃ/
Kashubian,/ˈtɜ.li/
Kashubian,/ˈkra.fi/
Kashubian,/ˈbwɛ.t͡son/
Kashubian,/ˈbwɔ̃.kat͡s/
Kashubian,/ˈpaxt/
Kashubian,/ˈpis.mwof/
Kashubian,/ˈbwɔt.ɲik/
Kashubian,/jasˈtʂɜ.bwok/
Kashubian,/ˈʃtɛ.fan/
Kashubian,/ˈɔv.ɲik/
Kashubian,/ˈʃrup.ʃtɔk/
Kashubian,/ˈsɜ.jat͡s/
Kashubian,/ˈt͡sɔ̃t͡s/
Kashubian,/jaˈr̝ɜ.bi.na/
Kashubian,/ˈbr̝ost/
Kashubian,/ˈblifk/
Kashubian,/ˈɡnɞt/
Kashubian,/vɛˈla.t͡sjɞ/
Kashubian,/ˈdrɜk/
Kashubian,/aˈdrɛ.sɜ/
Kashubian,/a.t͡sɛ.tɔˈnɔ.vi/
Kashubian,/ˈmɛrk/
Kashubian,/ˈskwɛk/
Kashubian,/ˈpwɛ/
Kashubian,/ˈflas.tɛr/
Kashubian,/ˈlɛt.t͡ʃi/
Kashubian,/ɛˈbwɛ.ɲit/
Kashubian,/ˈom.ka/
Kashubian,/ˈklin/
Kashubian,/ˈrɛ.nɔ/
Kashubian,/ˈksɔ̃.ʒã/
Kashubian,/ˈdɜr/
Kashubian,/ˈʃta.t͡san.valt/
Kashubian,/fiˈlɔ.vat͡s/
Kashubian,/ˈlɜ.pa/
Kashubian,/jin.stiˈtu.t͡sjɞ/
Kashubian,/ˈtɔ/
Kashubian,/ˈsfit/
Kashubian,/wɛˈbɞ.t͡ʃɜt͡s/
Kashubian,/apˈsɔl.vɛnt/
Kashubian,/ʒɜ.wɛˈt͡sɜz.na/
Kashubian,/ˈdil/
Kashubian,/ˈmaɲ.tɛl/
Kashubian,/ˈmjɛʃ.kaɲt͡s/
Kashubian,/ˈlas/
Kashubian,/kaˈtez.mwus/
Kashubian,/ˈpwɛ.datk/
Kashubian,/ˈʃtrɞ.fa/
Kashubian,/dɔˈpje.r̝ɛ/
Kashubian,/ˈdɔx/
Kashubian,/ˈji.ɡwa/
Kashubian,/ap.teˈka.ma/
Kashubian,/ˈaws.knɛxt/
Kashubian,/za.laˈman.dra/
Kashubian,/ˈzna.t͡ʃɜt͡s/
Kashubian,/ˈbar.na/
Kashubian,/ˈta.ʃa/
Kashubian,/ˈɡa.dat͡s/
Kashubian,/ˈʃe.pɛr/
Kashubian,/ˈpwɛ.sɛw/
Kashubian,/ˈstɔ.lɛm/
Kashubian,/ˈtʂɞsk/
Kashubian,/ˈbɞr̝.da/
Kashubian,/ˈbaɲ.ka/
Kashubian,/a.u.tɔ.bjɔˈɡra.fja/
Kashubian,/ˈt͡sɔ.rɞs/
Kashubian,/d͡zɛ.vjãtˈnɞs.ti/
Kashubian,/ˈstra.t͡sɜt͡s/
Kashubian,/tɔˈdrɔ.vat͡s/
Kashubian,/bɛsˈpjɛt͡ʃ.ni/
Kashubian,/aˈdje/
Kashubian,/ˈwad.ni/
Kashubian,/a.liˈɡa.tor/
Kashubian,/bɛsˈprav.ni/
Kashubian,/ˈdɜ.bɛlt/
Kashubian,/ˈbi.na/
Kashubian,/wɛˈtʂɜ.mat͡s/
Kashubian,/ˈjax.ta/
Kashubian,/ˈska.wa/
Kashubian,/ʒɛˈla.zwɔ/
Kashubian,/ˈka.ɲɔn/
Kashubian,/ˈɞrt/
Kashubian,/ˈa.tɛ.nɜ/
Kashubian,/vjɞl.ɡwɛˈrɜ.ba/
Kashubian,/ˈt͡ʃɛ.kat͡s/
Kashubian,/pajˈt͡ʃɜ.na/
Kashubian,/lɜˈsa.ma/
Kashubian,/ˈwɛr̝.ta/
Kashubian,/ˈkwur.t͡ʃã/
Kashubian,/wɛtˈt͡su.t͡sɜt͡s/
Kashubian,/ˈʃɛf/
Kashubian,/ˈʃtrɔj.sɛl/
Kashubian,/ˈspal.ɲɞ/
Kashubian,/maˈnɔ.vat͡s/
Kashubian,/fɛˈbru.ar/
Kashubian,/wɛˈt͡sɛ.na/
Kashubian,/ˈrɔs.tlɜ.na/
Kashubian,/a.larˈmwɛ.vat͡s/
Kashubian,/ˈɲit͡s/
Kashubian,/skʂiˈdla.ti/
Kashubian,/ˈt͡ʃɜp/
Kashubian,/aˈtɛɲ.t͡ʃik/
Kashubian,/jin.struˈmɛn.tal/
Kashubian,/ˈbjes/
Kashubian,/ˈjas.tɛr/
Kashubian,/nɞˈbar.ʒi/
Kashubian,/paˈpjɔ.rom/
Kashubian,/ˈsa.dwɔ/
Kashubian,/ˈsɛr.t͡sɛ/
Kashubian,/piˈsɞr.ka/
Kashubian,/a.bɛ.t͡saˈdwɔ.vi/
Kashubian,/ˈlajk/
Kashubian,/ˈja.kwɛ/
Kashubian,/xwɛrˈvat͡s.t͡ʃi/
Kashubian,/riˈdɔ.vat͡s/
Kashubian,/ˈɛl.ba/
Kashubian,/ˈfil.tɛr/
Kashubian,/pwɛˈli.t͡sjɞ/
Kashubian,/ˈval.t͡ʃɜt͡s/
Kashubian,/ˈtʂɛx/
Kashubian,/ˈd͡zɜk/
Kashubian,/ˈvjãt͡s/
Kashubian,/ˈaz.bɛst/
Kashubian,/ˈja.drɔ/
Kashubian,/ˈdɞv.nɔ/
Kashubian,/la.taˈvis.kwɛ/
Kashubian,/ˈjɛ.nɔt/
Kashubian,/ˈwa.ba/
Kashubian,/alˈba.ɲɞ/
Kashubian,/ˈda.na/
Kashubian,/ˈspwɛ.sop/
Kashubian,/ˈmwɔt͡s/
Kashubian,/ˈmalt͡s/
Kashubian,/ˈkrɜɡ.nɔ̃t͡s/
Kashubian,/ˈswɜ.xat͡s/
Kashubian,/wɛˈbwɛ.ra/
Kashubian,/ˈxt͡sɛt͡s/
Kashubian,/ˈda.rɜŋk/
Kashubian,/ˈmwɛ.dri/
Kashubian,/ˈɡrɔʃk/
Kashubian,/ˈplɛ.jɔ.vat͡s/
Kashubian,/ˈd͡zeɲ/
Kashubian,/wɛ.r̝ɛʃˈɲi.t͡sa/
Kashubian,/ˈʃtɜ.rɜ/
Kashubian,/al.kaˈlɔ.jit/
Kashubian,/ˈstɔ.pa/
Kashubian,/ˈpa.ra/
Kashubian,/ˈvrɔ.ta/
Kashubian,/ˈbwu.fɛl/
Kashubian,/ˈdɜxt/
Kashubian,/ˈft͡sa.lɛ/
Kashubian,/ˈɡwu.pi/
Kashubian,/ˈrɔ.da/
Kashubian,/pʂɛˈprɞ.ʃat͡s/
Kashubian,/wɛˈbrɜ.mit͡s/
Kashubian,/ˈɡrɔ.xwɛ.vi/
Kashubian,/ˈkwu.pit͡s/
Kashubian,/ˈd͡zɜ.vit͡s/
Kashubian,/ˈvda.r̝ɜt͡s/
Kashubian,/ˈsta.rat͡s/
Kashubian,/ˈʒɜm.lɛ/
Kashubian,/zanˈda.la/
Kashubian,/ˈfɛs.ti.val/
Kashubian,/kaˈʃɜp.skɞ/
Kashubian,/ˈbwul.va/
Kashubian,/ˈbwɛk/
Kashubian,/ˈtɛ.dɜ/
Kashubian,/pʂɛˈbɜ.vat͡s/
Kashubian,/ˈdel/
Kashubian,/ˈpwɜ.vat͡s/
Kashubian,/ˈtɞ.flɞk/
Kashubian,/ˈkrɜk/
Kashubian,/nɔrˈdɔ.vi/
Kashubian,/ˈbik/
Kashubian,/a.xrɔ.maˈtit͡ʃ.ni/
Kashubian,/ˈtul.pa/
Kashubian,/ˈtrav.lɛr/
Kashubian,/ˈklu.tɞk/
Kashubian,/ɲɛˈlu.si/
Kashubian,/dʒ/
Kashubian,/ˈba.jat͡s/
Kashubian,/ˈpra.sɔ̃/
Kashubian,/ˈlɜ.xwɛ/
Kashubian,/kwɛˈbje.ta/
Kashubian,/a.fɛˈrɔ.vi/
Kashubian,/ˈxtɔs/
Kashubian,/ɡwɛˈtɔ.ve/
Kashubian,/ˈmɜ.sat͡s/
Kashubian,/wɛ.t͡ʃɜˈvis.ti/
Kashubian,/ˈklɜ.t͡ʃɛt͡s/
Kashubian,/ˈle.xa/
Kashubian,/ˈja.ɡwu.ar/
Kashubian,/ˈbwɛ.bɛr/
Kashubian,/ˈɡwov.ɲɛ/
Kashubian,/ɡisˈka.na/
Kashubian,/ˈrãp.t͡sa/
Kashubian,/ˈzãb.ɲik/
Kashubian,/ˈswɔ.viɲt͡s/
Kashubian,/ˈwu.zemk/
Kashubian,/ˈkɞw.pjom/
Kashubian,/reˈzɔ.vat͡s/
Kashubian,/ˈzr̝ɜʃ/
Kashubian,/ˈwɛ.na/
Kashubian,/ˈzu.da/
Kashubian,/kaˈtɔ.lɜk/
Kashubian,/ˈba.rɔ/
Kashubian,/wɛ.t͡ʃɛnˈɲi.t͡sa/
Kashubian,/a.djusˈtɔ.vat͡s/
Kashubian,/maˈmwɛ.ta/
Kashubian,/ˈwɛ.pak/
Kashubian,/aˈvi.zɔ/
Kashubian,/ˈmwɛ.rɜs/
Kashubian,/ˈvjɛk/
Kashubian,/ˈpwɛl.skɔ̃/
Kashubian,/ɲiˈʒo.dɛn/
Kashubian,/ˈʒɔ.kɔ̃/
Kashubian,/jɛˈdi.ni/
Kashubian,/friˈzje.ra/
Kashubian,/ˈmwu.xa/
Kashubian,/ˈwɛt/
Kashubian,/ˈmle.kwɛ/
Kashubian,/ˈja.ɡwɛ.da/
Kashubian,/ˈɡwɛw.dni/
Kashubian,/ˈvjɛs.t͡ʃi/
Kashubian,/aˈfwɛ.rizm/
Kashubian,/k/
Kashubian,/nɞ.rɔˈdɔ.wɛ/
Kashubian,/a.fɛˈral.ni/
Kashubian,/ˈjak/
Kashubian,/ˈzɛ.bra/
Kashubian,/kwɛˈmwɛ.ra/
Kashubian,/aˈkɔr.djon/
Kashubian,/rɔˈbwɛ.ta/
Kashubian,/ˈɲe/
Kashubian,/nɞ.rɔˈdɔ.wɛst͡s/
Kashubian,/sɔlˈɲi.t͡sa/
Kashubian,/lɔˈka.tif/
Kashubian,/t͡sɛn.trɜˈfwu.ɡa/
Kashubian,/ˈt͡ʃɜ.tat͡s/
Kashubian,/ˈpwɛ.pjow/
Kashubian,/adˈmi.rɞw/
Kashubian,/ˈxtɜ.ri/
Kashubian,/ˈmi.d͡zɜ/
Kashubian,/ˈd͡zis/
Kashubian,/ˈʃe.da/
Kashubian,/ˈknurps/
Kashubian,/ˈfʃɜs.tɛk/
Kashubian,/ˈzɛ.sɛl/
Kashubian,/ˈbwɔ.tɔ/
Kashubian,/ˈdɜr.d͡za/
Kashubian,/ˈba.nɔf/
Kashubian,/ˈbwork/
Kashubian,/axˈtlɔ.vi/
Kashubian,/ˈzɡɲit͡s/
Kashubian,/ˈwa.zɜt͡s/
Kashubian,/ar.ɡwu.mɛnˈta.t͡sjɞ/
Kashubian,/ˈa.fɛkt/
Kashubian,/ɛrˈbwɛ.vat͡s/
Kashubian,/ˈvɛ.dwuk/
Kashubian,/ˈjɞʃt͡ʃ/
Kashubian,/ˈjɛst͡s/
Kashubian,/saˈti.ra/
Kashubian,/ˈpaz.nɔkt͡s/
Kashubian,/ˈt͡sa.wɔ/
Kashubian,/ˈdi.pi/
Kashubian,/ˈpwul.vɛr/
Kashubian,/ˈzr̝ɛ.ʃɜt͡s/
Kashubian,/ˈɡbwu.ra/
Kashubian,/ad.miˈral.st͡ʃi/
Kashubian,/ˈkwuɲt͡s/
Kashubian,/roˈʒɛ.vi/
Kashubian,/ˈʃtrix/
Kashubian,/ˈflax/
Kashubian,/ˈdrɔ̃k/
Kashubian,/ˈpjɛt͡s/
Kashubian,/ˈbjaw.ka/
Kashubian,/ˈna.pɞt/
Kashubian,/ˈma.las/
Kashubian,/ˈtã.ɡa/
Kashubian,/ˈbɜ.nɜ/
Kashubian,/ˈpʂɛ.stat͡s/
Kashubian,/ˈra.ma/
Kashubian,/ˈxɞk/
Kashubian,/ad.mi.ɲis.traˈt͡sij.ni/
Kashubian,/ˈkfjat/
Kashubian,/ˈsɜr/
Kashubian,/nɞˈvɜ.ʒi/
Kashubian,/pʂɜˈzɛ.mje/
Kashubian,/ˈtɔr.ta/
Kashubian,/ˈstʂe.brɔ/
Kashubian,/wɛt.pwɛˈvjɛ.d͡zɛt͡s/
Kashubian,/nɞˈɲiʃ.ʃi/
Kashubian,/ˈpwujk/
Kashubian,/ˈkrɞj/
Kashubian,/ˈkwu.na/
Kashubian,/ˈwɜ.sɜ.na/
Kashubian,/ˈʃlips/
Kashubian,/ˈʃtɜ.ɲik/
Kashubian,/ˈximn/
Kashubian,/proˈbwɛ.vat͡s/
Kashubian,/ˈpwɛ.tɛ.mwu/
Kashubian,/naˈdwɛd.ni/
Kashubian,/aˈdrɛ.som/
Kashubian,/wɛˈpi.sat͡s/
Kashubian,/ˈkɲip/
Kashubian,/brɜmˈzɔ.vat͡s/
Kashubian,/ˈwur̝.ma/
Kashubian,/ˈlɛ.vi/
Kashubian,/ˈbrɜ.vjɞ/
Kashubian,/ˈzo.fa/
Kashubian,/ˈsɔ.kwow/
Kashubian,/kroˈlɛ.vɞ/
Kashubian,/ˈsev.ɲik/
Kashubian,/raˈke.ta/
Kashubian,/mjɔˈdɔv.ɲik/
Kashubian,/ˈkwux.ɲɔ̃/
Kashubian,/axtˈɲɔ.ni/
Kashubian,/ˈɲi.ɡa/
Kashubian,/in.fiˈɲi.tif/
Kashubian,/al.faˈbet/
Kashubian,/ˈsfjã.ti/
Kashubian,/ʃlaˈbi.za/
Kashubian,/ˈmwɛ.r̝ɛ/
Kashubian,/ˈta.pir/
Kashubian,/ˈspʂãt/
Kashubian,/ˈja.ka/
Kashubian,/ˈlɛ.t͡sɛt͡s/
Kashubian,/ˈr̝ɜ.t͡sɜt͡s/
Kashubian,/ˈwɛ.da/
Kashubian,/ˈvjɞl.d͡ʒi/
Kashubian,/ˈksɔ̃t͡s/
Kashubian,/naˈr̝ã.d͡zɞt͡ʃ/
Kashubian,/ˈda.mast/
Kashubian,/ˈxmwu.ra/
Kashubian,/ˈfwun.duʃ/
Kashubian,/ˈka.zat͡s/
Kashubian,/t͡si.ɡaˈrɛ.ta/
Kashubian,/ˈwɛ/
Kashubian,/ˈbɞj.ka/
Kashubian,/ˈɲiɡ.dɜ/
Kashubian,/ˈt͡sma/
Kashubian,/ˈlas.fwor/
Kashubian,/aˈtɛɲ.st͡ʃi/
Kashubian,/ˈblaʃ.ka/
Kashubian,/ˈkneʃ.ka/
Kashubian,/ˈju.li/
Kashubian,/ˈt͡sɛʒ.ba/
Kashubian,/ˈbru.ni/
Kashubian,/ˈkark/
Kashubian,/ˈwɛj.nã/
Kashubian,/a.bwɛˈnɔ.vat͡s/
Kashubian,/ˈɡrɜst͡s/
Kashubian,/ˈza.t͡ʃɔ̃t͡s/
Kashubian,/ˈbwomk/
Kashubian,/amˈfwɛ.ra/
Kashubian,/ˈɡwɛ.wɔ̃pk/
Kashubian,/ˈal.ʒdɜk/
Kashubian,/prɔˈduk.t͡sjɞ/
Kashubian,/ˈʃt͡ʃip.ɲɞk/
Kashubian,/vɜˈja.xat͡s/
Kashubian,/ˈblaɲ.kɛt/
Kashubian,/ˈpʂɛ.rva/
Kashubian,/ˈɡd͡zɛ/
Kashubian,/ˈmwɛt͡s.ni/
Kashubian,/ɲɛˈlu.sɔ/
Kashubian,/nɔ.ɡaˈvi.t͡sa/
Kashubian,/ad.mi.ɲisˈtra.t͡sjɞ/
Kashubian,/ˈʃpi.nat/
Kashubian,/ˈja.t͡ʃis/
Kashubian,/raˈbar.bɛr/
Kashubian,/ˈɛ.xwɛ/
Kashubian,/ˈbɛr.wɔ/
Kashubian,/bɛzˈbwãd.ni/
Kashubian,/ˈtoʃ/
Kashubian,/apˈsɔr.pt͡sjɞ/
Kashubian,/ˈtom.bax/
Kashubian,/ˈxwut.t͡ʃi/
Kashubian,/ˈsfi.tus/
Kashubian,/jinˈtɛr.nɛt/
Kashubian,/ˈrɔ.bit͡s/
Kashubian,/aˈnis/
Kashubian,/ˈt͡sɛ.na/
Kashubian,/ˈprost/
Kashubian,/ˈɡvɜs/
Kashubian,/pwɛˈmjɛ.d͡zɜ/
Kashubian,/paˈji.t͡ʃɜ.na/
Kashubian,/wɛˈblɔ.kwi/
Kashubian,/miˈnɛ.rɞw/
Kashubian,/ˈbɜt͡s/
Kashubian,/ˈmjeʃk/
Kashubian,/ˈpwɛ.t͡ʃɔ̃tk/
Kashubian,/ˈtu/
Kashubian,/ˈbro.na/
Kashubian,/ˈfwu.ɡa/
Kashubian,/ɡwɛ.tɔˈve.mwu/
Kashubian,/ˈrɜ.ba/
Kashubian,/ˈʃkwɛ.wa/
Kashubian,/ˈmwɛ.sɔ̃k/
Kashubian,/ˈpwɛt/
Kashubian,/ˈswi.tus/
Kashubian,/ˈlos/
Kashubian,/ˈtɔt͡ʃk/
Kashubian,/ˈt͡sɛp/
Kashubian,/ɛwˈrɔ.pa/
Kashubian,/ˈkfark/
Kashubian,/ˈxɜr.lɜk/
Kashubian,/kwɛˈmwor.kɔ̃/
Kashubian,/wuˈvɞ.ɡa/
Kashubian,/ˈɡrɜ.fɛl/
Kashubian,/ˈrif.ka/
Kashubian,/ˈjɞ/
Kashubian,/ˈdi.dlɔ.vat͡s/
Kashubian,/ˈdɔk.tor/
Kashubian,/ˈstɞ.ri/
Kashubian,/ˈd͡zɜp/
Kashubian,/ˈɡa.flɛ/
Kashubian,/ˈteʃ/
Kashubian,/ˈtak/
Kashubian,/jɛˈʒɔv.ɲik/
Kashubian,/ɛ.duˈka.t͡sjɞ/
Kashubian,/ˈkam/
Kashubian,/ˈbɞj/
Kashubian,/laˈsɔ.vi/
Kashubian,/ˈvil.kwom/
Kashubian,/ˈlɜ.sa/
Kashubian,/waˈɡwɛd.ni/
Kashubian,/ˈdɔ.ba/
Kashubian,/ˈvjɔ.drɔ/
Kashubian,/ʒɛ/
Kashubian,/kwɛt͡ʃˈkwɛ.dan/
Kashubian,/ˈɡum.ru.brɜ/
Kashubian,/ˈmwɛr.skɞ ˈsfiŋ.ka/
Kashubian,/ˈpaŋ.kwuk/
Kashubian,/ˈsɞr.bat͡s/
Kashubian,/ˈrɔl.ɲik/
Kashubian,/ˈpwɛ.djit͡s/
Kashubian,/ˈza.rɞs/
Kashubian,/a.da.maʃˈkwɛ.vi/
Kashubian,/ˈzrɔs.tɔ.va.ni/
Kashubian,/aˈpar.tni/
Kashubian,/ˈzo.da/
Kashubian,/ˈt͡sɔ.pat͡s/
Kashubian,/ˈɡwɛ.dwɔ/
Kashubian,/vɔ̃ˈtrɔ.ba/
Kashubian,/ˈdrɜx/
Kashubian,/ˈɲɛ.drɜx/
Kashubian,/ˈzwɔ.tɔ/
Kashubian,/ˈsklɛp/
Kashubian,/ˈpwɛ.r̝ɔ̃tk/
Kashubian,/t͡ʃɛrˈwɛ.ni/
Kashubian,/ˈɡlɔ.ka/
Kashubian,/ˈwut/
Kashubian,/ˈxlep/
Kashubian,/ˈlɜ.sã/
Kashubian,/ˈmwɛz.drɜx/
Kashubian,/bɛsˈprav.ɲɛ/
Kashubian,/pʂɜˈt͡sɛmk/
Kashubian,/ˈmɛr.kat͡s/
Kashubian,/aˈdrɛ.sɔ̃/
Kashubian,/ˈpa.pjor/
Kashubian,/mwuʃˈke.ta/
Kashubian,/ˈpis.mjɛ/
Kashubian,/ˈbr̝ɞt/
Kashubian,/ˈtʂet͡s/
Kashubian,/ˈjɛ.dɛn/
Kashubian,/pwɛˈtʂeb.ni/
Kashubian,/ˈwur.tɛm.bɛr.ɡa/
Kashubian,/a.priˈkwo.za/
Kashubian,/rɛˈɲi.fɛr/
Kashubian,/ˈfwo.ra/
Kashubian,/ˈzvjɔ̃sk/
Kashubian,/ˈblos/
Kashubian,/skɞ/
Kashubian,/ˈski.zɜ/
Kashubian,/ˈmel.kwɛ/
Kashubian,/zɛpˈtɛm.bɛr/
Kashubian,/sa.tisˈfak.t͡sjɞ/
Kashubian,/barˈɡwɛv.ɲik/
Kashubian,/ˈsɜ.ri/
Kashubian,/xwɛˈd͡zɛ.ɲe/
Kashubian,/ˈdrɔ.ɡa/
Kashubian,/ˈwʒɜ.kfjat/
Kashubian,/ˈʒɔ.na/
Kashubian,/lɜs.tɔˈpad.ɲik/
Kashubian,/ˈɲɛ.mi/
Kashubian,/paˈzu.ra/
Kashubian,/ˈri.xart/
Kashubian,/ˈlɜ.piɲt͡s/
Kashubian,/ˈmɞw.t͡ʃɜt͡s/
Kashubian,/t͡sɛˈka.vi/
Kashubian,/prɞvˈd͡zɜ.vi/
Kashubian,/ˈwa.bɔ̃t͡s/
Kashubian,/kwɛˈmwɛ.rã/
Kashubian,/ˈo.pa/
Kashubian,/ˈkɞw.pjax/
Kashubian,/ˈna.bɜt͡s/
Kashubian,/apˈte.kwom/
Kashubian,/mɛ.diˈt͡si.na/
Kashubian,/ˈʃtrim.pa/
Kashubian,/tɛˈra.sa/
Kashubian,/aˈpwɛs.tow/
Kashubian,/ˈt͡sux/
Kashubian,/ˈdu.ʒi/
Kashubian,/ˈfa.zan/
Kashubian,/ˈspɛ.lɔ.vat͡s/
Kashubian,/pwɛˈkrãt.ɲik/
Kashubian,/ˈkne.vɛl/
Kashubian,/ˈlot/
Kashubian,/ˈɡrɛt͡s.kɞ/
Kashubian,/ˈflu.ɔr/
Kashubian,/ˈdvaj/
Kashubian,/ˈmars.nɔ̃t͡s/
Kashubian,/tɛ.a.trɔvˈɲi.t͡sa/
Kashubian,/ˈklɞʃ.tor/
Kashubian,/ˈvjã.t͡si/
Kashubian,/ˈkã.pat͡s/
Kashubian,/a.bwɛˈna.mɛnt/
Kashubian,/ˈpa.pla/
Kashubian,/ˈʒɔ.kã/
Kashubian,/ˈpwu.pa/
Kashubian,/ˈviʃ.ɲa/
Kashubian,/ˈbar.wok/
Kashubian,/ˈve.da/
Kashubian,/ˈt͡sir.kus/
Kashubian,/ˈwɛ.bwɛk/
Kashubian,/ˈrus.t͡ʃi/
Kashubian,/a.dapˈta.t͡sjɞ/
Kashubian,/ˈra.di.kwu.xɜ/
Kashubian,/dwu.akˈtof.ka/
Kashubian,/ˈlɛk.t͡sjɞ/
Kashubian,/ˈdɔ.lɜ.na/
Kashubian,/a.dɔ.raˈtor.ka/
Kashubian,/kwɛˈɲi.t͡ʃɜ.na/
Kashubian,/ˈbrɔŋks/
Kashubian,/ˈɡruɲt/
Kashubian,/be.dɔˈva.ɲe/
Kashubian,/ˈta.mwɛ/
Kashubian,/ˈdɔl.ma.t͡ʃɜt͡s/
Kashubian,/a.dapˈtɔ.vat͡s/
Kashubian,/ˈmɜʃ/
Kashubian,/aˈkwu.ʃɛr/
Kashubian,/ˈa.ɲow/
Kashubian,/ʃtaˈtu.ra/
Kashubian,/akˈsa.maɲt/
Kashubian,/aˈfri.ka/
Kashubian,/ˈprɔs.ti/
Kashubian,/ˈmi.mwɛ/
Kashubian,/ˈtra.pa/
Kashubian,/ˈkal.mwus/
Kashubian,/ˈba.ʒant/
Kashubian,/ˈmjɛt͡ʃ/
Kashubian,/na.wuˈt͡ʃɜ.t͡sel/
Kashubian,/ˈba.zɛl/
Kashubian,/ˈpra.vi/
Kashubian,/ˈze.d͡ʒɛr/
Kashubian,/ˈɡwɛstk/
Kashubian,/ˈdɞv.ni/
Kashubian,/maˈd͡ʒa.ra/
Kashubian,/ɲɛˈmjɛt͡s.kɞ/
Kashubian,/ˈʃtu.daɲt/
Kashubian,/ˈɡrɜ.bi/
Kashubian,/ˈdwoɲ/
Kashubian,/akˈt͡sɜ.za/
Kashubian,/ˈt͡ʃɛ.lɔ/
Kashubian,/ˈpwɛ.le/
Kashubian,/ˈkwux/
Kashubian,/ˈsusk/
Kashubian,/pʂɜ.jaˈt͡sɛl.ka/
Kashubian,/tiˈma.tis/
Kashubian,/ˈdr̝ɛ.wɛ/
Kashubian,/ˈwɛ.ɡart/
Kashubian,/ˈpar.part͡s/
Kashubian,/diˈli.ʒans/
Kashubian,/ˈbir.na/
Kashubian,/paˈpjɔ.rof/
Kashubian,/ˈbaɲ.kã/
Kashubian,/ˈʃpaɲ.skɞ/
Kashubian,/ˈwɛ.r̝ew/
Kashubian,/ˈfriʃ.tɜk/
Kashubian,/nɞ.pɛvˈɲe.ʃi/
Kashubian,/ˈt͡ʃaʃ.ka/
Kashubian,/ˈi.zi.bɛn/
Kashubian,/ˈkap.ka/
Kashubian,/ˈjeʃ/
Kashubian,/ɔst͡s/
Kashubian,/ˈwɛs.tri/
Kashubian,/ˈka.li/
Kashubian,/jisˈtɔ.ta/
Kashubian,/ˈʃlɛ.jɛr/
Kashubian,/ˈwɛs.trof/
Kashubian,/ˈpjɔ.wa/
Kashubian,/ˈkwul.kwɛ/
Kashubian,/ˈa.prɜl/
Kashubian,/ˈd͡ʒɛr.stla/
Kashubian,/iˈtal.skɞ/
Kashubian,/ˈplɜ.ta/
Kashubian,/ˈdɔl.ka/
Kashubian,/ˈpiʃ/
Kashubian,/ˈspwɛ.dle/
Kashubian,/ˈpis.mwu/
Kashubian,/kɞwˈba.sa/
Kashubian,/ˈmɜr.mwɛt/
Kashubian,/arˈɡwu.mɛnt/
Kashubian,/ˈta.blɜt/
Kashubian,/ˈt͡sɞl/
Kashubian,/ˈt͡ʃɛ.dɜ/
Kashubian,/ˈvɞr/
Kashubian,/ˈlɜ.dat͡s/
Kashubian,/ˈsfjɔ̃.da/
Kashubian,/ˈka.rus/
Kashubian,/ˈɡrɞp/
Kashubian,/ˈris/
Kashubian,/ak.t͡sɛpˈta.t͡sjɞ/
Kashubian,/ˈpa.tʂɜt͡s/
Kashubian,/ˈvɞ.ɡa/
Kashubian,/ˈʒɞw.ɲer̝/
Kashubian,/ˈkne.ɡa/
Kashubian,/ˈstat͡s/
Kashubian,/ˈman.dla/
Kashubian,/raˈdjɔ.vi/
Kashubian,/ˈas.tra/
Kashubian,/ˈtrɜ.kɛr/
Kashubian,/a.t͡sɛˈti.lɛn/
Kashubian,/ˈwɛ.sɛw/
Kashubian,/ˈkaŋ.ɡwur/
Kashubian,/ˈvje.d͡zã/
Kashubian,/ˈwɛjt͡s/
Kashubian,/ˈpɔ̃.xer̝/
Kashubian,/ˈr̝e.ka/
Kashubian,/ˈkwɛ.balt/
Kashubian,/ˈplan/
Kashubian,/ˈpra.vjɛ/
Kashubian,/ˈbɛd.nɞr.ka/
Kashubian,/ˈxɜt͡s/
Kashubian,/ˈʃa.ri/
Kashubian,/baˈr̝ɜx.nɔ/
Kashubian,/lɛˈɔ.part/
Kashubian,/ˈmɔjn/
Kashubian,/ʃpi.jɔˈna.ʒa/
Kashubian,/wɛr.ɡa.ɲiˈza.t͡sjɞ/
Kashubian,/ɡrɔˈxwɛ.vi.na/
Kashubian,/dɔl.nɔˈsɔr.pst͡ʃi/
Kashubian,/tɛˈlɛ.fwon/
Kashubian,/ˈlar.va/
Kashubian,/di.plɔˈma.t͡sjɞ/
Kashubian,/a.bɛˈt͡sa.dwɔ/
Kashubian,/ˈzɲi.ja/
Kashubian,/ap.fɛlˈzi.na/
Kashubian,/kfaˈte.ra/
Kashubian,/ˈda.vat͡s/
Kashubian,/mwuˈʒɞr.ka/
Kashubian,/ˈʃɜ.kat͡s/
Kashubian,/ˈprɔ̃t/
Kashubian,/ˈkwu.li/
Kashubian,/ˈt͡sɛ.ɡwa/
Kashubian,/ˈt͡sɜ.t͡son/
Kashubian,/ˈan.t͡sux/
Kashubian,/ˈpar.pat͡s/
Kashubian,/ˈvar.bɛl/
Kashubian,/nɞˈxwut.t͡ʃi/
Kashubian,/loˈnɔ.vat͡s/
Kashubian,/aˈt͡sɛ.ton/
Kashubian,/ˈvjal.d͡ʒi/
Kashubian,/ˈpwus.ti/
Kashubian,/ˈsfwoj/
Kashubian,/pwɛ.pwaˈva.ma/
Kashubian,/an.tɔˈlɔ.ɡjɞ/
Kashubian,/leˈbɛr.ka/
Kashubian,/ˈdɛl.fin/
Kashubian,/mjɛʃˈka.ɲe/
Kashubian,/wɛˈjɛn.ni/
Kashubian,/ˈʒɔr.ɡat͡s/
Kashubian,/pwɛ.liˈti.ka/
Kashubian,/ˈt͡sknɔ̃t͡s/
Kashubian,/trɔmˈpe.ta/
Kashubian,/kiˈʃɜ.ɲɞf/
Kashubian,/xaˈrak.tɛr/
Kashubian,/ˈblon/
Kashubian,/ˈʃa.se/
Kashubian,/ˈprɔ.t͡sɜm/
Kashubian,/mwɛwˈdaf.skɞ/
Kashubian,/fɛˈlɔ.vat͡s/
Kashubian,/ˈkrɔk/
Kashubian,/ˈnɔr.da/
Kashubian,/raˈdis.ka/
Kashubian,/ˈxra.pat͡s/
Kashubian,/ˈkwɛ.r̝eɲ/
Kashubian,/ˈbi.ɡwɛs/
Kashubian,/ˈpãt͡ʃk/
Kashubian,/ˈnot/
Kashubian,/ˈwɔt/
Kashubian,/ˈɲɛ.bni/
Kashubian,/ˈft͡ʃɔ.ra/
Kashubian,/ˈmjas.tɔ/
Kashubian,/ˈʒɜd͡ʒ.ba/
Kashubian,/ˈmwoj/
Kashubian,/ˈɡas.tus/
Kashubian,/ˈbwur.ɡraf/
Kashubian,/ˈd͡zu.ra/
Kashubian,/ɛ.lɛkˈtri.ka/
Kashubian,/ˈkwu.r̝ɜt͡s/
Kashubian,/ˈjɛ.leɲ/
Kashubian,/ˈt͡sa.mɛr/
Kashubian,/ˈwɛɡ.ɲɞr̝/
Kashubian,/ˈa.u.tɔ.kar/
Kashubian,/spɞvˈɲi.t͡sa/
Kashubian,/ˈmwin/
Kashubian,/ˈkwur.va/
Kashubian,/ba.ziˈliʃk/
Kashubian,/ˈɡwɔs/
Kashubian,/ˈrɜŋ.ka/
Kashubian,/ˈtaj.ra/
Kashubian,/ˈxʃtɞwt/
Kashubian,/ˈpar.miɲ/
Kashubian,/ˈmwɛ.r̝ɜt͡s/
Kashubian,/tɔrˈfʃpɞ.da/
Kashubian,/ˈsɛr.val/
Kashubian,/ˈprɔ.jɛkt/
Kashubian,/ˈda.kɞr̝/
Kashubian,/dɔ‿ˈjiz.bɜ/
Kashubian,/ˈkʂi.dwɔ/
Kashubian,/ˈzbjor/
Kashubian,/ˈʃɜ.mɛl/
Kashubian,/ˈt͡sirk/
Kashubian,/ˈmat.ka/
Kashubian,/ˈme.dɜx/
Kashubian,/rɔˈd͡zɜ.na/
Kashubian,/aˈbwɛ.nɛnt/
Kashubian,/ˈlam.part/
Kashubian,/ˈa.drɛ.sa/
Kashubian,/ˈfax.man/
Kashubian,/ˈprɔ.sɜt͡s/
Kashubian,/ˈbɜ.dwɔ/
Kashubian,/ˈxar.fa/
Kashubian,/ˈna.zva/
Kashubian,/ˈbwu.sa/
Kashubian,/ˈɡwur.ka/
Kashubian,/ˈɡdɜ/
Kashubian,/ˈstrãk/
Kashubian,/pwɛˈpra.va/
Kashubian,/pwusˈti.ɲɞ/
Kashubian,/dɔˈsa.d͡zat͡s/
Kashubian,/ˈvi.tɞj/
Kashubian,/xwuˈtuʃ.kwɛ/
Kashubian,/ˈsfad.ba/
Kashubian,/paɲˈdɔ.vat͡s/
Kashubian,/wɛˈxrɔ.nɔ̃/
Kashubian,/ˈvrok/
Kashubian,/ˈbli.za/
Kashubian,/ˈʃpɜr.pla.ta/
Kashubian,/a.ɡɛnˈtu.ra/
Kashubian,/kan.t͡sɛˈlis.ta/
Kashubian,/ˈvje.d͡zɔ̃/
Kashubian,/ˈxɜft/
Kashubian,/ˈɡwɛ.ril/
Kashubian,/ˈlɜ.som/
Kashubian,/ˈɡlɜm.za/
Kashubian,/ˈwɛn/
Kashubian,/zaˈda.ɲe/
Kashubian,/pwɛˈpwa.vɜ/
Kashubian,/ˈplfat͡s/
Kashubian,/radˈɲi.t͡sa/
Kashubian,/zeˈd͡ʒɛr.ɲik/
Kashubian,/ˈkwɔ.pwɛt/
Kashubian,/ˈvɛwk/
Kashubian,/ˈaɲ.t͡sux/
Kashubian,/ˈdam.ka/
Kashubian,/wɛˈfja.ra/
Kashubian,/ˈti.ɡris/
Kashubian,/ˈdrɜ.lix/
Kashubian,/pwɛˈdɔb.ni/
Kashubian,/kraˈkwɛf.st͡ʃi/
Kashubian,/nɞˈvɜ.ʃi/
Kashubian,/ˈrãt͡ʃ.ɲik/
Kashubian,/apˈtet͡ʃ.ka/
Kashubian,/ˈstɜt͡ʃ.ɲik/
Kashubian,/ˈraɲt/
Kashubian,/ˈsta.vat͡s/
Kashubian,/ˈxi.ʒɛ/
Kashubian,/apˈte.ka/
Kashubian,/ˈbal.ka/
Kashubian,/ˈswot/
Kashubian,/ˈtra.fwuŋk/
Kashubian,/ˈt͡ʃɜ/
Kashubian,/ˈkwo.ra/
Kashubian,/pɛˈdan.tizm/
Kashubian,/ˈfli.za/
Kashubian,/ˈnɔr.dost/
Kashubian,/ˈkrɜ.pɛl/
Kashubian,/t͡seˈxwɛ.vat͡s/
Kashubian,/ˈlã.bwork/
Kashubian,/bwɛˈɡa.ti/
Kashubian,/ˈkwast͡s/
Kashubian,/ˈwɛt͡st/
Kashubian,/ˈpajk/
Kashubian,/draʃˈma.ʃi.na/
Kashubian,/ˈd͡zif/
Kashubian,/aˈpar.tnɔst͡s/
Kashubian,/ˈpwɛrt͡s/
Kashubian,/ˈsɛ.d͡zɛt͡s/
Kashubian,/ˈd͡zɛ.kwon/
Kashubian,/ˈpʂɛ.pis/
Kashubian,/ˈa.ba/
Kashubian,/ˈwu.ja/
Kashubian,/ˈskʂɜp.t͡ʃi/
Kashubian,/miˈnis.tɛr/
Kashubian,/ˈt͡ʃɛj/
Kashubian,/zɞˈlɔ.vat͡s/
Kashubian,/wɛˈtfwɛ.r̝ɜt͡s/
Kashubian,/ˈfiɲ.skɞ/
Kashubian,/ˈspje.vat͡s/
Kashubian,/ˈprin.t͡sof/
Kashubian,/ˈar.fa/
Kashubian,/jin.tɛr.nɛˈtɔ.vi/
Kashubian,/ˈd͡zɛt͡s.kwɛ/
Kashubian,/ˈbwɛ.lɛt͡s/
Kashubian,/anˈtri.kwɛt/
Kashubian,/skʂiˈdla.tɞ ˈmɜʃ/
Kashubian,/ˈtfwoj/
Kashubian,/ˈknɜ.ɡa/
Kashubian,/ˈksãʃ.stfwɛ/
Kashubian,/ˈfɜjn/
Kashubian,/bɛz.wɛ.sɔˈbwɛ.vi/
Kashubian,/ˈwɛ.brot/
Kashubian,/ˈvark/
Kashubian,/ˈd͡zel/
Kashubian,/ˈmɜ.sla/
Kashubian,/ˈʃɛst͡s/
Kashubian,/fɛsˈtiŋ.ɡa/
Kashubian,/ˈskwɛ.rɔ/
Kashubian,/ˈskɔ̃k/
Kashubian,/ˈwɜ.si/
Kashubian,/ˈmɛ.d͡zɜ/
Kashubian,/ˈbɜl.nɔ/
Kashubian,/sisˈtɛ.ma/
Kashubian,/ˈdɜr.ʒɛɲ/
Kashubian,/ˈdef/
Kashubian,/ˈxɜ.ba/
Kashubian,/ˈlɛ.mwɛ.na/
Kashubian,/ˈfwur.ɡwon/
Kashubian,/ˈt͡sit͡s/
Kashubian,/ˈxtɔ/
Kashubian,/ˈbrot/
Kashubian,/ˈka.bɞt/
Kashubian,/ˈkrot.t͡ʃi/
Kashubian,/ˈt͡sɔ.na/
Kashubian,/a.beˈt͡sa.dwɔ/
Kashubian,/ˈpaɲ.stfwɛ/
Kashubian,/kaˈsje.ra/
Kashubian,/ˈpro.ba/
Kashubian,/ˈd͡zɛ/
Kashubian,/maˈʃi.na/
Kashubian,/ˈtʂɛ.t͡si/
Kashubian,/wu.t͡sɛˈmjã.ɡa/
Kashubian,/aˈpa.rat/
Kashubian,/baˈnɔ.vi/
Kashubian,/ˈʃur/
Kashubian,/ˈʃtɞwt/
Kashubian,/ˈtriʃ.t͡ʃɛ/
Kashubian,/ˈklɞt.ka/
Kashubian,/ˈba.ɲa/
Kashubian,/ˈpi.la/
Kashubian,/ˈwɛj.na/
Kashubian,/ˈt͡sɔs/
Kashubian,/ˈspɞr̝.ni/
Kashubian,/ˈvje.d͡zɞ/
Kashubian,/ˈwɛ.bjɞt/
Kashubian,/ˈpjo.rɔ/
Kashubian,/ˈd͡zɛ.jat͡s/
Kashubian,/ˈfɛs.tin/
Kashubian,/ˈmwu.dɛr/
Kashubian,/ˈʒɲi.ja/
Kashubian,/a.tɛsˈtɔ.vat͡s/
Kashubian,/ˈd͡ziv.ni/
Kashubian,/ˈdrɔʃ.ka/
Kashubian,/am.fiˈla.da/
Kashubian,/ˈli.zat͡s/
Kashubian,/ˈlɛ.pi/
Kashubian,/ˈʒɜ.tɔ/
Kashubian,/ˈsfje.t͡sa/
Kashubian,/ˈjak ˈsã ˈmɞʃ/
Kashubian,/ˈɡwowt/
Kashubian,/ɡaˈvɛ.ra/
Kashubian,/ˈduɲ.skɞ/
Kashubian,/ˈri.dɛl/
Kashubian,/nɞˈbɜtk/
Kashubian,/ˈvɛ/
Kashubian,/pwɛˈpwa.wom/
Kashubian,/ɡɔlˈfɔ.vat͡s/
Kashubian,/ˈɛxt/
Kashubian,/ˈax.tɛl/
Kashubian,/ˈmjarz.nɔ̃t͡s/
Kashubian,/ˈʃtu.la/
Kashubian,/ˈrum/
Kashubian,/mɛ.taˈbwɛ.lizm/
Kashubian,/ˈkliŋ.kɛr/
Kashubian,/ˈjaʃ/
Kashubian,/t͡ʃaˈsɔ.vi/
Kashubian,/ˈap.surt/
Kashubian,/ˈrɛm.ni ˈʃnurk/
Kashubian,/ˈjɔ/
Kashubian,/ˈrus.kɞ/
Kashubian,/t͡ʃu.wiŋkˈtɔ.ba.t͡ʃi/
Kashubian,/ˈʃɛs.t͡ssɛt/
Kashubian,/ˈpwɛ.pwɞf/
Kashubian,/ˈlɛ.nɔ/
Kashubian,/ˈvɛs.ta/
Kashubian,/ˈɡraɲ.t͡sa/
Kashubian,/ˈkwum/
Kashubian,/ˈpwurtk/
Kashubian,/ʃɔ.kwɛˈlɞ.da/
Kashubian,/ˈjɛʃ/
Kashubian,/ˈɲiʃ/
Kashubian,/dalˈmat͡s.kɞ/
Kashubian,/ʃtɜ.rɜˈsta/
Kashubian,/ˈlɜ.d͡zɛ/
Kashubian,/ˈwɛs.tre/
Kashubian,/ˈswɔ.wɛ/
Kashubian,/ˈkle.vɛr/
Kashubian,/ˈpraɡ.nɔ̃t͡s/
Kashubian,/ˈprat͡s/
Kashubian,/ˈt͡sɔt.ka/
Kashubian,/ˈmjã.sɔ/
Kashubian,/dwu.kwɛˈwɔ.vi/
Kashubian,/a.dvɛnˈtɔ.vi/
Kashubian,/pwɛˈpwa.vã/
Kashubian,/ˈfakt/
Kashubian,/ˈrɔ̃.kla/
Kashubian,/t͡ʃisˈkwu.la/
Kashubian,/ˈba.zɞr/
Kashubian,/ˈpwɛ.djɔ̃t͡s/
Kashubian,/ˈbjɛ.ɡat͡s/
Kashubian,/ˈpa.mjãt͡s/
Kashubian,/ˈa.fɛxt/
Kashubian,/brifˈta.ʃa/
Kashubian,/ˈrux/
Kashubian,/kaˈʃɜ.ba/
Kashubian,/ˈrɛʃ/
Kashubian,/ad.mi.ɲisˈtrɔ.vat͡s/
Kashubian,/arˈxi.wum/
Kashubian,/ˈwɛ.dɔ̃/
Kashubian,/ˈak.tor/
Kashubian,/ˈɡnat͡s/
Kashubian,/pwɛr.tuˈɡal.st͡ʃi/
Kashubian,/maˈd͡ʒar.skɞ/
Kashubian,/ˈt͡ʃis.ta/
Kashubian,/ˈvãt.ka/
Kashubian,/ˈkwɛn.takt/
Kashubian,/dlɞˈtɛ.ɡwɛ/
Kashubian,/ˈpʂɜ.kwɞt/
Kashubian,/ˈma.xat͡s/
Kashubian,/ˈt͡sɜ.t͡sat͡s/
Kashubian,/at.mwɛs.fɛˈrit͡ʃ.ni/
Kashubian,/ˈskwɔ/
Kashubian,/ka.vaˈlɛ.rjɞ/
Kashubian,/ˈe.ra/
Kashubian,/ˈɲis.t͡ʃi/
Kashubian,/ˈmjɛx/
Kashubian,/ˈt͡sɛm.ʒɞ/
Kashubian,/ˈstɛɡ.na/
Kashubian,/ˈbwu.jon/
Kashubian,/ˈrɛ.tɞr̝/
Kashubian,/ˈtrak/
Kashubian,/sta.nɔˈvis.kwɛ/
Kashubian,/ˈda.nof/
Kashubian,/dɛ.parˈta.mɛnt/
Kashubian,/t͡ʃɞr.nɔˈɡwo.ra/
Kashubian,/ˈbwo.ma/
Kashubian,/ˈbɛt͡ʃ.kã/
Kashubian,/ˈɡra.jɞk/
Kashubian,/ˈsmjɛrt͡s/
Kashubian,/ˈo.riŋk/
Kashubian,/ˈrɜŋk/
Kashubian,/kwɛˈa.la/
Kashubian,/ˈpi.lik/
Kashubian,/swaˈbiz.na/
Kashubian,/ˈpa.ra.dis/
Kashubian,/ˈbr̝ɜt.t͡ʃi/
Kashubian,/ˈzvãk/
Kashubian,/ap.sɔrˈpt͡sɜ.jɞ/
Kashubian,/ˈstaɲ.t͡swof/
Kashubian,/ˈbwost͡s/
Kashubian,/ˈbaj.si.kla/
Kashubian,/ˈdɛj.tɔ.vat͡s/
Kashubian,/ˈkɞw.pjɛ/
Kashubian,/ˈzɞ.la/
Kashubian,/ˈt͡ʃɛst͡s/
Kashubian,/ˈmwɛr.st͡ʃi ˈkwoɲ/
Kashubian,/rɔ.zɛˈɡra.t͡sjɞ/
Kashubian,/ˈkrast͡s/
Kashubian,/ˈmjɔ.nɔ/
Kashubian,/ˈɡbwu.r̝ɜ/
Kashubian,/ˈrɔ.bɛrk/
Kashubian,/ˈfli.ɡɛr/
Kashubian,/ˈt͡ʃɔ̃s.tɛt͡ʃ.ka/
Kashubian,/am.fiˈtɛ.a.tɛr/
Kashubian,/ɞk/
Kashubian,/ˈkas.pɛr/
Kashubian,/paˈlɛt͡ʃ.ɲik/
Kashubian,/ˈɡɛ.nu.a/
Kashubian,/ɛˈdi.tor/
Kashubian,/ˈspruʃ/
Kashubian,/ˈba.lɞr̝/
Kashubian,/aˈʒɛ.bɜ/
Kashubian,/aˈɡɛn.da/
Kashubian,/ˈvi.trɔ/
Kashubian,/ˈpʂɛt.tim/
Kashubian,/ˈtɜ.sɔ̃t͡s/
Kashubian,/a.u.tɔ.jiˈrɔ.ɲɞ/
Kashubian,/ˈinst/
Kashubian,/ˈdur.ʃlax/
Kashubian,/ˈpʂɛt/
Kashubian,/aˈdrɛ.sɔ/
Kashubian,/ˈfwu.tɛr/
Kashubian,/ˈa.dvɛnt/
Kashubian,/ˈʃfɛt͡s.kɞ/
Kashubian,/ˈwɛs.trɞ/
Kashubian,/ˈvã.bwork/
Kashubian,/ˈmwɛr.st͡ʃi/
Kashubian,/ˈkrɛv.ni/
Kashubian,/ˈlɜs/
Kashubian,/ˈnort/
Kashubian,/ˈrɛk/
Kashubian,/ˈpɜ.la/
Kashubian,/a.sɔrˈti.mɛnt/
Kashubian,/ˈpɜ.tɛl/
Kashubian,/aˈɲɛl.st͡ʃi/
Kashubian,/ˈdrɞp.ka/
Kashubian,/ˈrad.ni/
Kashubian,/ˈmi.zɜ/
Kashubian,/ˈpas.tur̝/
Kashubian,/ˈba.bi/
Kashubian,/ˈsut/
Kashubian,/ˈfa.bri.ka/
Kashubian,/baˈra.ɲi/
Kashubian,/ˈsɛr̝.pjeɲ/
Kashubian,/ˈʃtɔf/
Kashubian,/ˈʃɜ.mwɛt/
Kashubian,/ɡrɔ.xwɛˈvi.nã/
Kashubian,/ˈtʂɛ.ba/
Kashubian,/ˈɡwɛ.wɔ̃p/
Kashubian,/ˈfa.na/
Kashubian,/ˈspwɛ.kwoj/
Kashubian,/pwɛˈpra.vɔ̃/
Kashubian,/ˈɲɛ.rɞs/
Kashubian,/ˈan.drɜs/
Kashubian,/ˈɲɛ.bwɛ/
Kashubian,/ˈla.ma/
Kashubian,/ˈt͡ʃi.tɛl/
Kashubian,/ˈpwon/
Kashubian,/ˈpris/
Kashubian,/ˈdɔ.mã/
Kashubian,/bwulˈɡar.skɞ/
Kashubian,/ˈbɜ.t͡se/
Kashubian,/ɡaˈtɜŋk/
Kashubian,/nɞˈwu.ka/
Kashubian,/ˈbɛj.riʃ/
Kashubian,/aˈkfa.rjum/
Kashubian,/ˈmɞl/
Kashubian,/ˈda.lɛk/
Kashubian,/jaˈnu.ar/
Kashubian,/ˈvjɛs/
Kashubian,/ad.mi.ɲisˈtra.tor/
Kashubian,/ˈtʂɜ.mat͡s/
Kashubian,/naˈbɜ.t͡se/
Kashubian,/ˈkne.ra/
Kashubian,/ˈpɜ.tat͡s/
Kashubian,/ˈdɔ.mɜ/
Kashubian,/a.kwuˈrɞt.nɔst͡s/
Kashubian,/ɡarˈdi.na/
Kashubian,/ˈvja.tɛr/
Kashubian,/pwɛˈmwɛr.st͡ʃi/
Kashubian,/in.dusˈtrɜ.jɞ/
Kashubian,/ˈt͡sã.d͡ʒi/
Kashubian,/ˈpri.za/
Kashubian,/ma.ɡaˈʑi.na/
Kashubian,/ˈpar.tjɔ̃/
Kashubian,/ˈfa.ra/
Kashubian,/ˈʃtro.fa/
Kashubian,/a.prɜˈlɔ.vi/
Kashubian,/ˈd͡zɛs/
Kashubian,/ˈsɔ̃t/
Kashubian,/ˈvɞwk/
Kashubian,/pwɛˈpra.vã/
Kashubian,/st͡ʃi/
Kashubian,/ˈsɔ.dwɔ/
Kashubian,/ˈfrɔnt/
Kashubian,/ˈɡrɞpk/
Kashubian,/ˈxwɛ.ri/
Kashubian,/rɛˈzul.tat/
Kashubian,/ˈt͡sex/
Kashubian,/-ɔ-/
Kashubian,/ˈstrɔ.bɛ.ri/
Kashubian,/ˈvjɛd.nɔ/
Kashubian,/ˈpʂɜ/
Kashubian,/ˈaxt.nɔ̃t͡s/
Kashubian,/ˈt͡ʃas/
Kashubian,/ɡrɔ.xwɛˈvi.nɔ̃/
Kashubian,/ˈʃtɛ.jɛr.mark/
Kashubian,/faˈbrɜ.ka/
Kashubian,/ɡrɞˈpwɛ.vi/
Kashubian,/ˈtrɞ.va/
Kashubian,/ˈr̝ɜt͡s/
Kashubian,/ˈmat͡s/
Kashubian,/ˈvro.t͡sɜt͡s/
Kashubian,/ˈfi.t͡sɛl/
Kashubian,/ˈʃpe.d͡ʒɛl/
Kashubian,/ˈpʂɜ.pɞtk/
Kashubian,/ˈdwu.ɡwɛst͡s/
Kashubian,/ˈbɛ.xjɛr/
Kashubian,/ˈrã.ka/
Kashubian,/ˈr̝ã.d͡zɜt͡s/
Kashubian,/ˈʃta.xɛl.drot/
Kashubian,/ˈɡa.sa/
Kashubian,/ˈnɔs/
Kashubian,/ni/
Kashubian,/ˈbwãd.ɲik/
Kashubian,/ˈkʂɛʃ.ɲã/
Kashubian,/ɛˈlɛ.mɛnt/
Kashubian,/kaˈpɞ.vɛn/
Kashubian,/ˈva/
Kashubian,/ˈʃa.bɛl.bwon/
Kashubian,/ˈkwoɲ/
Kashubian,/jiˈslan.djɞ/
Kashubian,/ˈkwɛ.pɛr/
Kashubian,/ˈlɜ.tɛr/
Kashubian,/am.pɛ.rɔˈɡwɛ.d͡zɜ.na/
Kashubian,/zvɜˈt͡sãs.tfwɛ/
Kashubian,/a.djusˈta.t͡sjɞ/
Kashubian,/ˈʃt͡ʃɜ.ka/
Kashubian,/maˈte.wuʃ/
Kashubian,/ˈmjɛʃ.kat͡s/
Kashubian,/ˈdɔ.bri ˈd͡zeɲ/
Kashubian,/nɞˈvɜʃ.ʃi/
Kashubian,/ˈxtɜ.rɛn/
Kashubian,/ˈd͡zef.t͡ʃã/
Kashubian,/ˈban/
Kashubian,/ɲɛˈd͡zɛ.lof/
Kashubian,/ˈɡwɛr̝.t͡ʃi/
Kashubian,/ɔˈt͡sɛ.lɔt/
Kashubian,/kwɛˈpal.ɲɔ̃/
Kashubian,/ˈt͡sa.wɔst͡s/
Kashubian,/ˈji.vɛr/
Kashubian,/ˈvɜ.ʒi/
Kashubian,/ˈbaf/
Kashubian,/ˈkwɛʒ.di/
Kashubian,/ˈnɔt͡s/
Kashubian,/ˈt͡sɛ.ʃɜt͡s/
Kashubian,/ˈdak/
Kashubian,/a.bwɛˈnɛnt.ka/
Kashubian,/ˈst͡ʃɛɲ.d͡ʒɔ.vat͡s/
Kashubian,/ˈjin.djɞk/
Kashubian,/ˈt͡sãʃ.t͡ʃi/
Kashubian,/ˈt͡su.ʃɞ/
Kashubian,/ˈt͡sɛn.t͡ʃi/
Kashubian,/ˈvir.klix/
Kashubian,/ˈdɔs.tat͡s/
Kashubian,/ˈfwuɲt/
Kashubian,/ˈkwuɲʃt/
Kashubian,/ˈmrof.ka/
Kashubian,/ˈa.lɛ/
Kashubian,/ˈdra.pat͡s/
Kashubian,/ˈɛl.zas/
Kashubian,/ˈma.wɔ/
Kashubian,/ˈɡa.lant/
Kashubian,/falˈʃɜ.vi/
Kashubian,/ɡwãˈbwɛ.t͡ʃi/
Kashubian,/ˈstar.ʒa/
Kashubian,/ˈɡwɛ.tof/
Kashubian,/jaˈpwoɲ.skɞ/
Kashubian,/ˈbrɜ.ja/
Kashubian,/lɜ.tɛ.raˈtu.ra/
Kashubian,/ˈxa.wɜ/
Kashubian,/ˈfɛ.la/
Kashubian,/paˈpjɔ.r̝ɛ/
Kashubian,/ˈpʂit.t͡ʃi/
Kashubian,/ˈsap.ka/
Kashubian,/ɲɛˈpʂɜ.t͡sel/
Kashubian,/jivˈrɔ.vat͡s/
Kashubian,/ˈpjɛs/
Kashubian,/barˈɡwɛ.vat͡s/
Kashubian,/ˈpre.t͡ʃɔ.vat͡s/
Kashubian,/ˈdɔ.lar/
Kashubian,/ˈfɞ.dɛr/
Kashubian,/baˈzu.na/
Kashubian,/ˈt͡ʃɜ.ɲit͡s/
Kashubian,/ˈbwo.na/
Kashubian,/ˈflɔ.rɛt/
Kashubian,/ˈvɜ.sɔk/
Kashubian,/ˈkwɛ.za/
Kashubian,/ˈt͡sel/
Kashubian,/bɛzˈbwãd.nɔ/
Kashubian,/ˈpjɛ.ɲɔ̃t͡s/
Kashubian,/ˈdrɔ.bit͡s/
Kashubian,/ˈbɜ.vat͡s/
Kashubian,/ˈnɔkt͡s/
Kashubian,/ˈsɛjm/
Kashubian,/ˈmɞw.ɲɞ/
Kashubian,/ˈdow/
Kashubian,/ˈvɛst/
Kashubian,/ˈrov.ni/
Kashubian,/ˈɡwov.ni/
Kashubian,/ˈɡrat͡s/
Kashubian,/ˈɡraɲ.dowk/
Kashubian,/zaˈba.va/
Kashubian,/bɛdˈnar.st͡ʃi/
Kashubian,/barˈda.vi.t͡sa/
Kashubian,/a.drɛˈsa.ma/
Kashubian,/ˈvjɛr.tɛl/
Kashubian,/ˈʒur/
Kashubian,/wɛˈxrɔ.na/
Kashubian,/aˈɡwust/
Kashubian,/ˈt͡ʃɞr.ni/
Kashubian,/a.dvɛnˈtis.ta/
Kashubian,/ˈɲixt/
Kashubian,/ˈznat͡ʃ.ni/
Kashubian,/ˈar.mjɞ/
Kashubian,/ˈfri/
Kashubian,/ˈɡwo.ra/
Kashubian,/ˈlu.tix/
Kashubian,/miˈmwɛ.za/
Kashubian,/ˈjɔ.dlɜ.na/
Kashubian,/va.sɛrˈvɞ.ɡa/
Kashubian,/ˈwɛp.t͡ʃas/
Kashubian,/ˈpwɛ.kwoj/
Kashubian,/ˈbɛs/
Kashubian,/wuˈmjɛ.rat͡s/
Kashubian,/ˈsfja.twɔ/
Kashubian,/ˈi/
Kashubian,/ˈdol.ni/
Kashubian,/ʃlafˈt͡si.mɛr/
Kashubian,/ˈjɛd.nak/
Kashubian,/ˈɔ.bjɛkt/
Kashubian,/ˈdɜrx/
Kashubian,/ˈtre.ɡɛr/
Kashubian,/ˈt͡sfɜk/
Kashubian,/ˈmɞl.ɲik/
Kashubian,/ˈstrɔ.na/
Kashubian,/ˈlã.pa/
Kashubian,/ˈt͡ʃɔ̃st.ka/
Kashubian,/ˈrɛ.tat͡s/
Kashubian,/ˈba.bjɛt͡s/
Kashubian,/ˈmɛr/
Kashubian,/ˈax.tɛlk/
Kashubian,/ˈt͡sɛ.pwi/
Kashubian,/ˈtrus/
Kashubian,/ˈt͡sɜt͡s/
Kashubian,/kwɛˈmwor.kã/
Kashubian,/ˈvãx/
Kashubian,/ˈznak/
Kashubian,/ˈsmjɞt͡s/
Kashubian,/ˈsɔ̃.sɞt/
Kashubian,/ˈzimk/
Kashubian,/ˈsɛ.bjɛ/
Kashubian,/ˈʃim.pans/
Kashubian,/dɔˈvjɛ.d͡zɛt͡s/
Kashubian,/ˈzɛ/
Kashubian,/ˈa.xɛn/
Kashubian,/ˈwu.t͡ʃeɲ/
Kashubian,/ˈdɞ.ka/
Kashubian,/ˈbaɡ.nɔ/
Kashubian,/ˈvjɛ.t͡ʃor/
Kashubian,/ˈswuʒ.ba/
Kashubian,/ˈdrɛv.nɔ/
Kashubian,/pɛ.pɛrˈlɜʃ.ka/
Kashubian,/ˈt͡sɔʃ/
Kashubian,/paˈpjɔ.rax/
Kashubian,/panˈtɛ.ra/
Kashubian,/ˈlɜst/
Kashubian,/ˈprɔ.t͡sɛnt/
Kashubian,/nɞ.rɔˈdɔ.vi/
Kashubian,/ˈʒu.bɛr/
Kashubian,/kwɛˈpal.ɲɞ/
Kashubian,/ˈt͡sɛ.pɜ/
Kashubian,/luˈbwɛt.ɲik/
Kashubian,/ˈt͡se.sɞr̝/
Kashubian,/ˈtɛn/
Kashubian,/ˈpʃe.ɲi.t͡sa/
Kashubian,/ˈfɛr.tix/
Kashubian,/ˈbjek/
Kashubian,/ˈstra.ta/
Kashubian,/ˈzɛ.za/
Kashubian,/ˈxwot/
Kashubian,/ˈnɔ.sɜt͡s/
Kashubian,/zɛˈlɔ.ni/
Kashubian,/ˈt͡ʃɛ.lɜst͡s/
Kashubian,/ˈdɔ.wot/
Kashubian,/ˈlɛf/
Kashubian,/ˈkwusk/
Kashubian,/wɛˈfja.rɔ̃/
Kashubian,/ˈʃlɔ.sɛr/
Kashubian,/ˈzwon/
Kashubian,/ˈknɔ̃.pa/
Kashubian,/panˈt͡sɛr.ɲik/
Kashubian,/ka.raˈsɛ.la/
Kashubian,/ˈza.t͡ʃit͡s/
Kashubian,/ˈmɞ.we ˈmwɛ.r̝ɛ/
Kashubian,/kwɛ.aˈli.t͡sjɞ/
Kashubian,/ˈra.da/
Kashubian,/ˈa.part/
Kashubian,/ˈɡwor.ni/
Kashubian,/ˈʃtɞ.pɛl/
Kashubian,/aˈxil.lɛs/
Kashubian,/ˈkrol/
Kashubian,/ˈbwu.la/
Kashubian,/ˈxɛ.mjɞ/
Kashubian,/ˈpwɛz.nat͡s/
Kashubian,/ˈkwɛ.wɔ/
Kashubian,/ˈkɞw.pja/
Kashubian,/ˈzwɔ.ti/
Kashubian,/ˈlɜ.xi/
Kashubian,/ˈɜj.nfax/
Kashubian,/ˈt͡sã.ʒɞr/
Kashubian,/ˈt͡ʃɛ.da/
Kashubian,/ˈt͡ʃum/
Kashubian,/dwu/
Kashubian,/dɔˈxwɛ.vat͡s/
Kashubian,/ˈpart/
Kashubian,/ˈbwul.ta/
Kashubian,/pwɛˈvjɛ.d͡zɛt͡s/
Kashubian,/ˈpjãt͡s/
Kashubian,/ˈpi.sat͡s/
Kashubian,/ˈkʂon/
Kashubian,/ˈbjɛ.lɛt͡s/
Kashubian,/ˈfar.va/
Kashubian,/swɔˈvat͡s.kɞ/
Kashubian,/baˈr̝il.kwɛ/
Kashubian,/aˈdju.tant/
Kashubian,/ka.piˈba.ra/
Kashubian,/ˈdɜ.ʃɛr/
Kashubian,/ap.stra.xwɛˈva.ɲe/
Kashubian,/wɛˈsɔ.ba/
Kashubian,/ab.diˈkwɛ.vat͡s/
Kashubian,/ˈdɔ/
Kashubian,/ˈzel.ɲik/
Kashubian,/lɜsˈtɔ.pɞt/
Kashubian,/ˈwɞs.ni/
Kashubian,/arˈtɜ.t͡ʃɔk/
Kashubian,/ˈkra.jat͡s/
Kashubian,/ˈʃtã.pɛl/
Kashubian,/ˈsus/
Kashubian,/zr̝ɜˈʃin.t͡sɜ/
Kashubian,/ˈzo/
Kashubian,/ˈrɔ.d͡zɞt͡ʃ/
Kashubian,/ˈʃɛft͡s/
Kashubian,/ok/
Kashubian,/ˈbar.ʒi/
Kashubian,/ˈd͡zɛ.sãt͡s/
Kashubian,/ˈswa.bi/
Kashubian,/paˈmjã.tat͡s/
Kashubian,/ˈmwɔt/
Kashubian,/ˈzo.lɔ/
Kashubian,/ˈpwɛ.vjɛst͡s/
Kashubian,/ˈdrɔ.sɛl/
Kashubian,/ˈdɛʃt͡ʃ/
Kashubian,/ˈmɔ.rɔ.vat͡s/
Kashubian,/ˈʃtɔr/
Kashubian,/ˈt͡ʃɛ.lɞt͡s/
Kashubian,/ˈjis.tɲik/
Kashubian,/ˈtʂɜ/
Kashubian,/ˈjaɡ.bɜ/
Kashubian,/ˈvik.ʃi/
Kashubian,/ˈnar.val/
Kashubian,/ˈrɔj.bɛr/
Kashubian,/ˈpʂɛ.bɜt͡s/
Kashubian,/ˈpi.lã/
Kashubian,/ˈʒa.ba/
Kashubian,/ˈa.bwɛ/
Kashubian,/mwɛˈtɔ.vi.dwɔ/
Kashubian,/ˈbwu.d͡zɜt͡s/
Kashubian,/ˈkwuɲʃt.mes.tɛr/
Kashubian,/rɔt͡ʃˈɲi.t͡sa/
Kashubian,/ˈɡr̝ɜ.va/
Kashubian,/paˈjit͡ʃ.ɲik/
Kashubian,/kwuˈt͡ʃrɔ.vat͡s/
Kashubian,/ˈor.ka/
Kashubian,/na‿ˈpʂɜ.kwɞt/
Kashubian,/ˈpjɔ.rɜn/
Kashubian,/ˈkʂɛʃ.ɲa/
Kashubian,/ˈɡrɜ.zɞk/
Kashubian,/daˈlɛ.t͡ʃi/
Kashubian,/ˈxmjel/
Kashubian,/t͡ʃɛrˈvjɔ.ni/
Kashubian,/aˈdrɛ.sɛ/
Kashubian,/ˈt͡sfjar.di/
Kashubian,/ˈre.za/
Kashubian,/ˈbɛjrʃ/
Kashubian,/ˈdɜr.dɛst/
Kashubian,/ˈʒɜ.t͡se/
Kashubian,/sɔˈsɛ.ra/
Kashubian,/a.kfaˈrɜ.jɞ/
Kashubian,/a.kfaˈtin.ta/
Kashubian,/ˈfla.ka/
Kashubian,/ˈkɞwp/
Kashubian,/ɡriˈfwɛ.vi/
Kashubian,/ˈbwɛ/
Kashubian,/ˈpʂɛ.mɜsw/
Kashubian,/ˈsu.ʃɞ/
Kashubian,/ˈmwut.ka/
Kashubian,/ˈd͡zup/
Kashubian,/usˈtat.kwɛ.vat͡s/
Kashubian,/ˈptɞx/
Kashubian,/ˈrɔ.bɞk/
Kashubian,/ˈma.mwut/
Kashubian,/ˈfɜst/
Kashubian,/ˈnaʃ/
Kashubian,/ˈswuɲ.t͡sɛ/
Kashubian,/ˈpɛn.zjɞr̝/
Kashubian,/ˈrɔ.d͡zɞj/
Kashubian,/ˈɡwɔ.va/
Kashubian,/ˈt͡ʃãs.t͡ʃi/
Kashubian,/ˈbar.ka.sa/
Kashubian,/zaˈlɛ.dvjɛ/
Kashubian,/ˈɛ.tap/
Kashubian,/ˈɡɞw.va/
Kashubian,/ˈɡviz.dat͡s/
Kashubian,/ˈpwo.ta/
Kashubian,/ɡrɔˈxwɛ.vi/
Kashubian,/dɛˈri.vat/
Kashubian,/ˈɡroŋk/
Kashubian,/ˈbɛ.jɛrʃ/
Kashubian,/ˈstark/
Kashubian,/ˈba.dat͡s/
Kashubian,/stɔˈlɜ.t͡sa/
Kashubian,/ˈta.lɞr/
Kashubian,/maˈdra.t͡sa/
Kashubian,/ˈʃlip.ʃten/
Kashubian,/a.dɔˈra.t͡sjɞ/
Kashubian,/pʂɜˈja.xat͡s/
Kashubian,/ɡwɛˈtɔ.vim/
Kashubian,/ˈdɔ.bri/
Kashubian,/ˈt͡ʃis/
Kashubian,/drɔˈma.dɛr/
Kashubian,/ˈo.ma/
Kashubian,/pwɛˈmwɛr.skɞ/
Kashubian,/ˈɡɛ.vɜrt͡s/
Kashubian,/ˈvɜʃ.ʃi/
Kashubian,/ˈset͡s/
Kashubian,/ˈdwɜ.bat͡s/
Kashubian,/sɔˈbwɛ.tã/
Kashubian,/ˈɲi.kɛl/
Kashubian,/ˈblãk/
Kashubian,/ˈstrɜ.mjeɲ/
Kashubian,/naˈvɛt.ka/
Kashubian,/ˈbɛ.xɛr/
Kashubian,/ˈji.bwuŋk/
Kashubian,/ˈkwɛʃ/
Kashubian,/jɛˈʒɔ.zvjer̝/
Kashubian,/ˈt͡ʃwɔ.vjɛk/
Kashubian,/ˈka.ra/
Kashubian,/ˈkʂik/
Kashubian,/pwɛfˈʃɛd.ni/
Kashubian,/ˈrɔd.ni/
Kashubian,/ˈjin.djɛ/
Kashubian,/ˈsɔs.tra/
Kashubian,/kaˈʃɜp.st͡ʃi/
Kashubian,/dɛˈt͡sɛm.bɛr/
Kashubian,/ˈʒɞ.d͡ʒɛl/
Kashubian,/ˈva.rɜŋk/
Kashubian,/ˈji.ɡra/
Kashubian,/ˈbrɔ.ɲit͡s/
Kashubian,/an.trɔ.pwɛ.lɔˈɡit͡ʃ.ni/
Kashubian,/mwɛˈna.kwɛ/
Kashubian,/ˈbr̝ɜt͡ʃ.ka/
Kashubian,/ˈtɔp/
Kashubian,/ˈkɔ̃.tɛr/
Kashubian,/ˈla.tɔs/
Kashubian,/lɛˈut.nant/
Kashubian,/ˈxʂɛpt/
Kashubian,/ˈpwa.kat͡s/
Kashubian,/ˈa.larm/
Kashubian,/ˈbjɔ.drɔ/
Kashubian,/ˈpar.tjɞ/
Kashubian,/ˈtas.ka/
Kashubian,/ˈra.mɔ̃/
Kashubian,/ˈkɞln/
Kashubian,/ˈklon/
Kashubian,/nɞˈrɔd.ni/
Kashubian,/ˈwɛ.djimk/
Kashubian,/paˈpjɔ.rã/
Kashubian,/ˈbwus.ka/
Kashubian,/ˈpaf/
Kashubian,/ˈka.va/
Kashubian,/ˈpi.sɞr̝/
Kashubian,/wɛˈdwɔ.ʒɜt͡s/
Kashubian,/ˈt͡sɛ.sla/
Kashubian,/ˈɡduɲsk/
Kashubian,/ˈzɜm.ni/
Kashubian,/a.zɛrˈbɛj.d͡ʒan/
Kashubian,/ad.mi.ɲis.traˈtor.ka/
Kashubian,/ˈwɛs.mɜ/
Kashubian,/ˈkur.lɔ.vat͡s/
Kashubian,/ˈvɜ/
Kashubian,/aˈɡɛn.t͡sjɞ/
Kashubian,/ˈɔ.vi/
Kashubian,/zbaˈvjɛ.ɲe/
Kashubian,/ˈt͡ʃɛr.viɲt͡s/
Kashubian,/ɡwɛˈd͡zɜ.na/
Kashubian,/t͡sɛˈt͡sɛ.vjɞ/
Kashubian,/aˈdrɛ.sã/
Kashubian,/ˈpa.rɞt/
Kashubian,/ˈji.ni/
Kashubian,/apˈte.kã/
Kashubian,/ˈʃtɜ.ɲa/
Kashubian,/ˈvɔ̃.xat͡s/
Kashubian,/ˈbiv.rof.ka/
Kashubian,/draˈʃɔ.vat͡s/
Kashubian,/ˈrɔs.t͡sɜ.na/
Kashubian,/kru.tɔˈpwɛ.vi/
Kashubian,/tɛxˈɲi.ka/
Kashubian,/ˈji.lɔst͡s/
Kashubian,/pa.pjɔˈra.ma/
Kashubian,/ˈʒo.dɛn/
Kashubian,/ˈɔs.mwɛs/
Kashubian,/kwɛˈmi.sjɞ/
Kashubian,/ˈʃte.t͡sɛ/
Kashubian,/ˈzmja.na/
Kashubian,/ˈtam.tɛn/
Kashubian,/ˈbwɛr/
Kashubian,/ˈra.mã/
Kashubian,/ˈwɛl.ni/
Kashubian,/swɔˈvjaɲ.st͡ʃi/
Kashubian,/ap.surˈdal.ni/
Kashubian,/ˈrux.nɔ/
Kashubian,/ˈstar.na/
Kashubian,/ˈnɞ.ɡlɛ/
Kashubian,/ˈa.tak/
Kashubian,/arˈti.kɛl/
Kashubian,/ˈstrɔ̃k/
Kashubian,/nɔrˈmal.ni/
Kashubian,/ˈma.kak/
Kashubian,/ˈmwof.t͡sa/
Kashubian,/ˈstre.fla/
Kashubian,/baˈka.lɞr̝/
Kashubian,/ˈxaw.pa/
Kashubian,/ɡwɛsˈpwɛ.da/
Kashubian,/ˈbe.rjɛlt/
Kashubian,/ˈlɜd͡ʒ.ba/
Kashubian,/ˈbit͡s/
Kashubian,/rɛ.wɛˈlu.t͡sjɞ/
Kashubian,/kwɛˈla.nɔ/
Kashubian,/ˈkruk/
Kashubian,/ˈɡrɜ.pa/
Kashubian,/rɛˈfɛ.rat/
Kashubian,/ˈza.r̝ɛt͡s/
Kashubian,/ˈkas.ta/
Kashubian,/ˈbr̝os.ka/
Kashubian,/apˈte.kɔ̃/
Kashubian,/ˈflɔt/
Kashubian,/ˈru.jan/
Kashubian,/ˈtã.pi/
Kashubian,/ˈt͡sut/
Kashubian,/ˈdom/
Kashubian,/ˈɡr̝ex/
Kashubian,/ˈsfi.ɲa/
Kashubian,/ˈrɜx/
Kashubian,/ˈnɜŋ.ka/
Kashubian,/ˈkwɛ.zɛw/
Kashubian,/ˈa.pla.us/
Kashubian,/ˈkwɛ.sa/
Kashubian,/fwuˈtrɔ.vat͡s/
Kashubian,/ˈjiz.ba/
Kashubian,/ˈʃtot/
Kashubian,/ˈbre.tliŋk/
Kashubian,/ˈwɛd.dat͡s/
Kashubian,/ˈt͡sɛl.ɲik/
Kashubian,/jiˈna.t͡ʃi/
Kashubian,/fɛx.tɔˈva.ɲe/
Kashubian,/xʂɛsˈt͡sɜ.jon/
Kashubian,/t͡sɔˈkwɛl.vjɛk/
Kashubian,/ˈbrɛ.tliŋk/
Kashubian,/ˈsin/
Kashubian,/ˈwɛ.nɔ/
Kashubian,/kwɛˈmi.tɛt/
Kashubian,/pwɛ.ɲɛdˈzɞwk/
Kashubian,/ˈɡraf/
Kashubian,/ˈtɛ.rɞ/
Kashubian,/ˈba.ljɞ/
Kashubian,/ˈskɛj.tɜ/
Kashubian,/ˈpwɛ.mwɛt͡s/
Kashubian,/ˈva.xa/
Kashubian,/ˈsfiŋ.ka/
Kashubian,/ˈplɛ.t͡sɜ/
Kashubian,/si.tuˈa.t͡sjɞ/
Kashubian,/ˈxãt͡s/
Kashubian,/ˈklet/
Kashubian,/nɔrˈdɔ.vɞ a.mɛˈri.ka/
Kashubian,/ʃla.biˈzɔ.vat͡s/
Kashubian,/faˈbri.ka/
Kashubian,/ˈvjɞl.d͡ʒe ˈmwɛ.r̝ɛ/
Kashubian,/ˈpra.wɛ/
Kashubian,/ˈkwɛst͡s/
Kashubian,/ˈpliɲt͡s/
Kashubian,/ˈfar.dix/
Kashubian,/ˈt͡se.xwuŋk/
Kashubian,/ˈba.ran/
Kashubian,/ˈplat͡s/
Kashubian,/pwɛˈpwa.wof/
Kashubian,/ˈlɜ.sɛ/
Kashubian,/ˈmɜ/
Kashubian,/pwɛ.datˈkwɛ.vi/
Kashubian,/ˈkwu.la/
Kashubian,/ˈju.ni/
Kashubian,/ˈpil/
Kashubian,/ˈwãk/
Kashubian,/ˈmes.tɛr/
Kashubian,/ˈbik.sa/
Kashubian,/ˈɲi.ʃrɜx/
Kashubian,/xwɛˈraŋ.ka/
Kashubian,/ˈjam.rɔt/
Kashubian,/ˈtɞrk/
Kashubian,/ˈkɞw.pjã/
Kashubian,/ˈd͡zɛ.t͡sã/
Kashubian,/ˈdwu.d͡ʒi/
Kashubian,/ˈbrif.ka/
Kashubian,/ˈtɜl.pa/
Kashubian,/ˈmɞx.nɔ̃t͡s/
Kashubian,/ˈfwɛr.ma/
Kashubian,/pʂɛt.sãˈbjɔr.stfwɛ/
Kashubian,/ˈrɛk.sa/
Kashubian,/ˈkwɔs/
Kashubian,/ˈa.dɛpt/
Kashubian,/ˈɡr̝ɛ.bjeɲ/
Kashubian,/ˈza.r̝ɔ̃t/
Kashubian,/ˈt͡ʃar.d͡ʒɔ.vat͡s/
Kashubian,/ˈblis.t͡ʃi/
Kashubian,/ˈpɞlt͡s/
Kashubian,/ˈr̝ɛ.ʃɜt͡s/
Kashubian,/maˈdrɔ.vat͡s/
Kashubian,/ɡɛˈbwur.stax/
Kashubian,/t͡saˈwɔ.vat͡s/
Kashubian,/ˈt͡ʃãs.ti/
Kashubian,/ˈka.xɛl/
Kashubian,/ˈjaɡ.ɲã/
Kashubian,/ˈmɔ̃.dri/
Kashubian,/ˈɡar.dwɔ/
Kashubian,/ˈrɜ.xwi/
Kashubian,/kaˈpi.ton/
Kashubian,/ˈmwɛ.drɞk/
Kashubian,/ˈdu.ʒɔ/
Kashubian,/a.ɡrɔˈnɔ.mjɞ/
Kashubian,/ˈmwɛst/
Kashubian,/ˈmwɛ.sɔ̃t͡s/
Kashubian,/ˈwɛ.ɲi/
Kashubian,/ˈzmjɛ.ɲit͡s/
Kashubian,/ˈbwãd.ni/
Kashubian,/ˈsɔ.pwɛt/
Kashubian,/ˈmwuʃ.kɛt/
Kashubian,/ˈstra.tɔ̃/
Kashubian,/ˈjɛ.dvɞp/
Kashubian,/ˈʃɜt͡s/
Kashubian,/ˈsis.tɛm/
Kashubian,/ˈmwusk/
Kashubian,/ˈkwux.ɲã/
Kashubian,/ˈfwu.sla.pa/
Kashubian,/ˈmjɛ.d͡zɜ/
Kashubian,/ˈma.lɜ.na/
Kashubian,/ˈwɔ̃.ka/
Kashubian,/t͡siˈmaɲt/
Kashubian,/an.trɔ.pɔˈlɔ.ɡjɞ/
Kashubian,/ˈbwok/
Kashubian,/ˈpwup.ka/
Kashubian,/ˈpɞw.ɲe/
Kashubian,/mrofˈkwɛ.jɞt/
Kashubian,/ˈmjɛt͡s/
Kashubian,/ˈd͡zɛ.jɞr̝/
Kashubian,/ˈpwɛl.skwɛ/
Kashubian,/ˈvã.d͡ʒɛl/
Kashubian,/ˈsɛ.mjã/
Kashubian,/ˈka.mɛl/
Kashubian,/ˈdu.va/
Kashubian,/ˈblask/
Kashubian,/a.t͡sɛ.ti.lɛˈnɔ.vi/
Kashubian,/ˈost/
Kashubian,/ˈvɛr.sjɞ/
Kashubian,/ˈrʒet͡s/
Kashubian,/ap.fɛl.ziˈnɔ.vi/
Kashubian,/ˈdi.trix/
Kashubian,/naˈze.vɞt͡ʃ/
Kashubian,/ɡwor.nɔˈsɔr.pst͡ʃi/
Kashubian,/ˈnɞm.ɲi/
Kashubian,/ˈfɛr.nɜs/
Kashubian,/ˈaw.tɔw/
Kashubian,/ˈd͡zef.ka/
Kashubian,/ˈmaj.pel/
Kashubian,/ˈbwuk.st͡ʃi/
Kashubian,/ˈspat͡s/
Kashubian,/ap.straˈxwɛ.vat͡s/
Kashubian,/ˈla.tat͡s/
Kashubian,/ˈmjɛ.dvjet͡s/
Kashubian,/ba.ɡaˈʒɔ.ve/
Kashubian,/ˈklosk/
Kashubian,/ˈfɛl.dmar.ʃal/
Kashubian,/pa.ra.diˈzɔ.vi/
Kashubian,/ˈjit͡s/
Kashubian,/pwɛ.vjaˈtɔ.vi/
Kashubian,/ˈstʂɔ.da/
Kashubian,/ˈmwɛ.r̝e/
Kashubian,/ˈbɔk/
Kashubian,/ˈftork/
Kashubian,/ˈxɛft/
Kashubian,/ˈti.d͡zeɲ/
Kashubian,/ˈlim/
Kashubian,/ˈt͡sa.wi/
Kashubian,/ˈpwɔm/
Kashubian,/ˈdrɔ.d͡ʒi/
Kashubian,/ˈtɔ.t͡ʃɜt͡s/
Kashubian,/struˈmjan.ɲik/
Kashubian,/wɛrˈɡa.ɲizm/
Kashubian,/ˈt͡ʃfjɞr.ti/
Kashubian,/a.dwɛˈkat͡s.tfwɛ/
Kashubian,/a.pɛˈla.t͡sjɞ/
Kashubian,/ˈbɜ/
Kashubian,/pʂɛ.prɔˈva.d͡zɜt͡s/
Kashubian,/ˈrɞd͡ʒ.ba/
Kashubian,/ˈxwut.kwɛst͡s/
Kashubian,/ˈvzor/
Kashubian,/ˈzɛs/
Kashubian,/ˈkwɔ.ɲi.t͡sa/
Kashubian,/vɛˈlɔ.vat͡s/
Kashubian,/ˈbroz.da/
Kashubian,/s/
Kashubian,/ˈɡwɛsk/
Kashubian,/ˈja.kwɛs/
Kashubian,/ˈʒɜ.vi/
Kashubian,/kɞwˈpja.ma/
Kashubian,/ˈlɜ.sɜ/
Kashubian,/fi.lɔˈzɔŋ.ka/
Kashubian,/ˈwɛ.dã/
Kashubian,/ˈɡãs/
Kashubian,/ˈre.ɡa/
Kashubian,/ˈkwɛt/
Kashubian,/ɛs.pɛˈran.tɔ/
Kashubian,/ˈmwɛ.kwɛʃ/
Kashubian,/ˈʃtrit/
Kashubian,/bwuˈkfi.ta/
Kashubian,/nɞˈt͡ʃãs.t͡ʃi/
Kashubian,/pwɛˈpwa.vjɛ/
Kashubian,/ˈʃnɜ.ka/
Kashubian,/naˈbɜtk/
Kashubian,/aˈpar.tɲik/
Kashubian,/ˈknɞp/
Kashubian,/ˈzɡɲi.wi/
Kashubian,/ˈvɛr.bwum/
Kashubian,/bwor.maˈʃiŋ.ka/
Kashubian,/baˈva.rjɞ/
Kashubian,/ˈbaɡ.ɲɞr̝/
Kashubian,/wɛˈfja.rã/
Kashubian,/a.dvɛnˈtist.ka/
Kashubian,/dɛr.ma.tɔˈlɔ.ɡjɞ/
Kashubian,/ˈnu.dlɛ/
Kashubian,/ˈknɜ.pɛl/
Kashubian,/ˈnɔ.sɞt͡ʃ/
Kashubian,/ˈkɔ.lɔ.vat͡s/
Kashubian,/ˈsɲek/
Kashubian,/apˈte.t͡sɛ/
Kashubian,/ˈtɔ.vɞr/
Kashubian,/ˈa.bɜ/
Kashubian,/ˈd͡zɞt͡s/
Kashubian,/ˈʃtɔ.pat͡s/
Kashubian,/ˈɡrɔx/
Kashubian,/ˈwɛ.lɛt͡s/
Kashubian,/ʃɛˈrɔ.t͡ʃi/
Kashubian,/ˈʒɜ.wa/
Kashubian,/ˈrã.bit͡s/
Kashubian,/ˈkwɔ.ɲi.t͡sɔ̃/
Kashubian,/straˈtɛ.ɡjɞ/
Kashubian,/ˈt͡sik/
Kashubian,/xarˈwãʒ.ɲik/
Kashubian,/ruˈmwuɲ.skɞ/
Kashubian,/ˈkwɛl/
Kashubian,/plaˈne.ta/
Kashubian,/frɜˈxwɛv.ni/
Kashubian,/ˈxi.lɜt͡s/
Kashubian,/dɜtˈkwɛv.ɲi.t͡sa/
Kashubian,/ˈkɔp.sa/
Kashubian,/ˈa.ʒur/
Kashubian,/ˈstar.ka/
Kashubian,/plɛˈbɛ.ja/
Kashubian,/ɲɛˈd͡zɛ.li/
Kashubian,/ˈtɔj.zɜ/
Kashubian,/ˈpwɛt͡ʃ.ta/
Kashubian,/ˈbr̝ɛ.zan/
Kashubian,/ˈa.twas/
Kashubian,/ˈzvjer̝/
Kashubian,/ˈwɛ.nɛ/
Kashubian,/ˈji.ɡwɛ/
Kashubian,/ˈt͡ʃɛs.t͡ʃi/
Kashubian,/ˈrap/
Kashubian,/ˈkla.sa/
Kashubian,/ˈʒurk/
Kashubian,/apˈsɔ.lut/
Kashubian,/ˈnɔ.vɛm.bɛr/
Kashubian,/bwoˈnɛr.ka/
Kashubian,/timˈt͡ʃa.sã/
Kashubian,/ap.stiˈnɛnt.ka/
Kashubian,/ˈza/
Kashubian,/ˈkin.dus/
Kashubian,/ˈstrɔ.ɲit͡s/
Kashubian,/ˈr̝ɔ̃t/
Kashubian,/ˈmar.va/
Kashubian,/kwɛˈbje.tã/
Kashubian,/ˈrɔk/
Kashubian,/ˈsɛr.pskɞ/
Kashubian,/ˈza.ɲim/
Kashubian,/ˈpist͡s/
Kashubian,/ˈbart͡s/
Kashubian,/ˈpa.dat͡s/
Kashubian,/ˈbrɔ.da/
Kashubian,/ˈiŋ.ɡbɛr/
Kashubian,/ˈju.zɔ.vat͡s/
Kashubian,/ˈwu.ʒɜtk/
Kashubian,/ar.xɛ.ɔ.lɔˈɡi.jɞ/
Kashubian,/ˈɡãs.ti/
Kashubian,/ˈbɞt/
Kashubian,/ˈtrɜx.tɛl/
Kashubian,/ˈjaj.t͡sɔ/
Kashubian,/ˈwɔs/
Kashubian,/ˈprɞ.t͡sa/
Kashubian,/ˈprɔ.blɛm/
Kashubian,/ˈvwɔs/
Kashubian,/ˈsfjɔ̃d.ni/
Kashubian,/ˈwɛd.d͡zel/
Kashubian,/ˈɔk.sit/
Kashubian,/ˈd͡zɜ.ba/
Kashubian,/ˈswa.va/
Kashubian,/ˈlɛ.ʒɛt͡s/
Kashubian,/ˈpra.sa/
Kashubian,/ˈfa.brɜ.ka/
Kashubian,/ˈbɔ̃k/
Kashubian,/ˈkwu.link/
Kashubian,/ˈluks/
Kashubian,/ˈxwu.va/
Kashubian,/ˈɡwɛst͡s/
Kashubian,/ˈxwɔp/
Kashubian,/tɔˈma.ta/
Kashubian,/ˈt͡ʃɞr.nɞ jaˈɡwɛ.da/
Kashubian,/ˈxrost/
Kashubian,/ˈʒɜt͡ʃ.ni/
Kashubian,/apˈsti.nɛnt/
Kashubian,/ˈbr̝ɜx/
Kashubian,/ˈkwɛs.t͡sow/
Kashubian,/ˈʃtra.sa/
Kashubian,/ˈwɔkt͡s/
Kashubian,/vɜˈkwɛ.nat͡s/
Kashubian,/aˈɡa.va/
Kashubian,/ˈpwow/
Kashubian,/maˈnɜs.ta/
Kashubian,/nɞˈd͡zɛ.ja/
Kashubian,/ˈt͡siŋk/
Kashubian,/ˈɡrɜ.zjɞ/
Kashubian,/ˈmɜ.ɡa/
Kashubian,/ˈd͡zɜ.d͡zon/
Kashubian,/ˈak.sɛl.bant/
Kashubian,/ˈwɛ.r̝ɛx/
Kashubian,/ˈpi.na.t͡sɜ/
Kashubian,/bɛzˈbar.dni/
Kashubian,/ˈkwɛr.ne/
Kashubian,/ˈkrɛt/
Kashubian,/nɞˈvjã.t͡si/
Kashubian,/bɛrˈlɜ.nɔ/
Kashubian,/ˈswɔ.vjon/
Kashubian,/ˈɲit͡sk/
Kashubian,/akˈt͡si.za/
Kashubian,/kwɛlˈt͡ʃat.ka/
Kashubian,/ɡwɛˈtɔ.vat͡s/
Kashubian,/ˈʃt͡ʃɛt͡s/
Kashubian,/ˈt͡seɲ/
Kashubian,/pwɛsˈtʂed.ni/
Kashubian,/ˈʃɛr.pa/
Kashubian,/ˈkwu.t͡ʃɛr/
Kashubian,/ba.zi.liʃˈkwɛ.vi/
Kashubian,/bwuˈdɔ.va/
Kashubian,/ˈʃtrajk/
Kashubian,/ˈd͡zi.sɞ/
Kashubian,/re.ɡɛnˈmaɲ.tɛl/
Kashubian,/ˈfɛn.stɛr.lɞt.ka/
Kashubian,/kwɛˈr̝ɜs.tat͡s/
Kashubian,/ˈspra.va/
Kashubian,/ˈbã.bɛn/
Kashubian,/ˈrɔz.vij/
Kashubian,/ˈd͡zɛ.wɔ/
Kashubian,/ˈznat͡s/
Kashubian,/briˈtij.st͡ʃi/
Kashubian,/ʃpiˈjɔ.na/
Kashubian,/paˈkwuŋk/
Kashubian,/ˈdɜtk/
Kashubian,/ap.sɔrˈbwɛ.vat͡s/
Kashubian,/ˈsa.nɔ/
Kashubian,/ˈjas.ni/
Kashubian,/ˈba.ɡaʃ/
Kashubian,/pʂɜˈt͡ʃɜ.na/
Kashubian,/ˈmɞ.wi/
Kashubian,/ˈfar.mɞr̝/
Kashubian,/dɛ.wɛ.t͡sjɔˈna.lja/
Kashubian,/arˈba.ta/
Kashubian,/ˈpwɛl.skã/
Kashubian,/ˈja.xat͡s/
Kashubian,/ˈt͡ʃɔ.wɔ/
Kashubian,/ˈba.kwus/
Kashubian,/ˈlɜ.sax/
Kashubian,/ˈja/
Kashubian,/ˈkʂɛʃ.ɲɔ̃/
Kashubian,/ˈfla.ba/
Kashubian,/ˈt͡sɔ/
Kashubian,/ˈtɜ/
Kashubian,/ab.diˈka.t͡sjɞ/
Kashubian,/baˈvɞw.na/
Kashubian,/xaˈno.fɛr/
Kashubian,/ɡwɛsˈpwɛ.dɞr̝/
Kashubian,/ɲɛˈxtɜ.rɛn/
Kashubian,/ˈfax/
Kashubian,/jaˈɡwod.ɲik/
Kashubian,/wuˈt͡ʃãs.tɲik/
Kashubian,/ˈbɜ.ɲɛl/
Kashubian,/ˈmwɛt.tɔ/
Kashubian,/ˈpjɔ̃tk/
Kashubian,/ˈswɔ.vɞr̝/
Kashubian,/ˈmwɔ.di/
Kashubian,/ˈlɜʃ.ɲɞ/
Kashubian,/ˈpwɛ.dat͡s/
Kashubian,/fa.miˈlɜ.jɞ/
Kashubian,/ˈtɞ.fla/
Kashubian,/ˈlɛst͡s/
Kashubian,/ˈkla.vir/
Kashubian,/ˈwud.ba/
Kashubian,/ˈpi.wɛ/
Kashubian,/ˈji.ɡwã/
Kashubian,/ˈblatk/
Kashubian,/ˈzos/
Kashubian,/ˈt͡ʃɛ.dɜs/
Kashubian,/ˈpɛv.ni/
Kashubian,/ˈbɛl.ɡjɞ/
Kashubian,/pwɛ.pwaˈwɛ.vi/
Kashubian,/ˈʃo.nuŋk/
Kashubian,/wɛ.t͡ʃɜˈvis.t͡sɛ/
Kashubian,/ɡarˈne.ra/
Kashubian,/aˈna.nas/
Kashubian,/ˈwiw.ba.ra/
Kashubian,/ˈkrɛf/
Kashubian,/ˈvin.da/
Kashubian,/ˈka.miɲ/
Kashubian,/ˈvr̝ɛ.seɲ/
Kashubian,/ˈkʃtɞwt/
Kashubian,/ba.ɡaˈʒɔ.vi/
Kashubian,/ˈʃtɜ.ruʃk/
Kashubian,/dɛ.t͡sɛmˈbrɔ.vi/
Kashubian,/ˈza.la/
Kashubian,/ˈpis.mwɛ/
Kashubian,/prɞˈt͡sɔ.vat͡s/
Kashubian,/ˈmjɛs.t͡sɛ/
Kashubian,/ˈja.son/
Kashubian,/ˈʃpɞs/
Kashubian,/am.baˈsa.da/
Kashubian,/ˈʃtɜk/
Kashubian,/naˈwɔ.ʒɜt͡s/
Kashubian,/bɜˈnɞm.ɲi/
Kashubian,/pa.jãˈt͡ʃɜ.na/
Kashubian,/ˈtã/
Kashubian,/ˈbi.tfa/
Kashubian,/ˈzwi/
Kashubian,/ˈmwu.t͡sa/
Kashubian,/a.na.tɔˈmit͡ʃ.ni/
Kashubian,/tuˈris.ta/
Kashubian,/ˈwɛs.tat͡s/
Kashubian,/ˈba.ɡɛr/
Kashubian,/apˈte.kwɛ/
Kashubian,/ˈmjɛs.t͡ʃi/
Kashubian,/ˈmwɔ.d͡zeʃ/
Kashubian,/ˈstat.kwɛ.vat͡s/
Kashubian,/ˈvnɛt/
Kashubian,/ˈla.tɔ/
Kashubian,/ˈʃluk/
Kashubian,/ˈnɔr.ka/
Kashubian,/rɔˈbwɛt.ɲik/
Kashubian,/asˈtrɔ.nom/
Kashubian,/ˈlarm/
Kashubian,/ar.t͡si/
Kashubian,/ˈpɞw.ni/
Kashubian,/bwɛˈɡat͡s.tfwɛ/
Kashubian,/ˈʒɛ.brɔ/
Kashubian,/ˈɡr̝ip/
Kashubian,/ˈbla.xa/
Kashubian,/kɔ̃pˈɲi.t͡sa/
Kashubian,/ˈpjɔ̃.ti/
Kashubian,/ˈrɛ.mjã/
Kashubian,/d͡zɛˈvan.na/
Kashubian,/ˈmart͡s/
Kashubian,/ˈpwu.diŋk/
Kashubian,/prinˈt͡sɛ.sa/
Kashubian,/ˈlɜʃt/
Kashubian,/ˈʃpi.ɲa/
Kashubian,/ˈɡvjɞz.da/
Kashubian,/nɔ.miˈna.tif/
Kashubian,/ˈxwɔ̃t/
Kashubian,/ˈmin.d͡zɜ/
Kashubian,/aˈlɛ.ja/
Kashubian,/ˈa.ɡat/
Kashubian,/ˈsu.sat͡s/
Kashubian,/miˈnu.ta/
Kashubian,/ˈskwort͡s/
Kashubian,/ˈdbat͡s/
Kashubian,/ˈdɔz.nat͡s/
Kashubian,/ˈwɛ.kwɛ/
Kashubian,/ˈnɞ.rot/
Kashubian,/ˈsɜ.ɡat͡s/
Kashubian,/ˈʒɞ.ɡa/
Kashubian,/ˈva.ɡwon/
Kashubian,/ˈstatk/
Kashubian,/ˈr̝ɛt͡ʃ/
Kashubian,/ˈa/
Kashubian,/ˈmɜ.slɜt͡s/
Kashubian,/ˈbal.zam/
Kashubian,/t͡sa/
Kashubian,/ɡwɛ.tɔˈvi.ma/
Kashubian,/ˈbrat͡s/
Kashubian,/ˈt͡sɜ.t͡ʃɛr/
Kashubian,/ɛsˈtɔ.ɲɞ/
Kashubian,/ˈna.zɞt/
Kashubian,/ˈtran.spwɛrt/
Kashubian,/ˈnɔ.vi ˈrɔk/
Kashubian,/ˈwɛ.trɔk/
Kashubian,/ˈvjɛ.lɛ/
Kashubian,/ˈlu.bit͡s/
Kashubian,/wɛˈxrɔ.nã/
Kashubian,/siɡ.naˈtu.ra/
Kashubian,/ˈkwɛ.ʃla/
Kashubian,/ˈmɞj/
Kashubian,/ˈsã/
Kashubian,/ʒɜˈwɛt.ni/
Kashubian,/ˈjas.tra/
Kashubian,/kanˈta.ta/
Kashubian,/ba.ziˈli.ka/
Kashubian,/ˈtɛr.min/
Kashubian,/ˈkwɛ.vɞl/
Kashubian,/na.fwuˈtrɔ.vat͡s/
Kashubian,/ˈjap.kwɛ/
Kashubian,/t͡seˈsɞr.ka/
Kashubian,/ˈjas.tʂip/
Kashubian,/ˈt͡ʃɛr̝/
Kashubian,/ˈtiw/
Kashubian,/ˈʃt͡ʃã.ka/
Kashubian,/ʃaˈblo.na/
Kashubian,/loˈrɔ.vat͡s/
Kashubian,/ˈkru.tɔp/
Kashubian,/kraˈjɔ.vi/
Kashubian,/ˈt͡ʃa.sã/
Kashubian,/naˈt͡sɛ.rat͡s/
Kashubian,/d͡ziˈse.ʃi/
Kashubian,/ˈrɔz.woj/
Kashubian,/salˈpe.tɛr/
Kashubian,/ˈʃnaps/
Kashubian,/ˈbwon.t͡ʃi/
Kashubian,/ˈbɜl.ni/
Kashubian,/ˈmwɛ.kri/
Kashubian,/ˈpxat͡s/
Kashubian,/ˈdɛ.ja/
Kashubian,/naˈbɜ.vat͡s/
Kashubian,/ˈda.tif/
Kashubian,/prɔˈpɛ.lɛr/
Kashubian,/ˈt͡ʃfjɞrtk/
Kashubian,/ˈtaɡ.ʒɛ/
Kashubian,/pwɛˈmi.lɜt͡s/
Kashubian,/ˈzɞs/
Kashubian,/ˈɡart/
Kashubian,/ˈbwɛs.ɲɞ ˈɜ xɛr.t͡sɛ.ɡwɛˈvi.na/
Kashubian,/ˈʒɔ.ka/
Kashubian,/ˈjin.zɛ.rat/
Kashubian,/ˈzɜ.ma/
Kashubian,/ʒiˈran.dɔl/
Kashubian,/ap.sɔ.luˈtɔ.rjum/
Kashubian,/ˈv/
Kashubian,/ɔ.raŋˈɡwu.tan/
Kashubian,/ˈbr̝ɜ.tɛf/
Kashubian,/a.dɔˈra.tɔr/
Kashubian,/miˈɲis.tɛr/
Kashubian,/ˈt͡ʃɞwk/
Kashubian,/ˈke.fix/
Kashubian,/in.dɔ.nɛˈzɜj.st͡ʃi/
Kashubian,/ˈʃpaɲ.st͡ʃi/
Kashubian,/ˈxe.ba.ma/
Kashubian,/ˈzmi.sɔ.vat͡s/
Kashubian,/wɛ.jɛˈwot͡s.tfwɛ/
Kashubian,/aˈt͡sɛ.tɔn/
Kashubian,/ˈbwɛ.dɞr̝/
Kashubian,/ˈt͡sɛlt/
Kashubian,/ˈap.ʃɜt/
Kashubian,/ˈʃtrom/
Kashubian,/ˈt͡sfe.tɛr/
Kashubian,/ˈkwoɲ.st͡ʃi/
Kashubian,/bwustˈxal.tɛr/
Kashubian,/ˈʒvat͡s/
Kashubian,/rɔˈva.r̝ɜt͡s/
Kashubian,/ˈwu.xwɛ/
Kashubian,/xwɛˈrɔ.ba/
Kashubian,/ɛ.liˈtar.ni/
Kashubian,/ˈka.pat͡s/
Kashubian,/ˈt͡sɛm.ɲi.t͡sa/
Kashubian,/ˈbjɞ.wi/
Kashubian,/ˈmɔ̃ʃ/
Kashubian,/swɔˈvjoŋ.ka/
Kashubian,/ˈxʂon/
Kashubian,/kaˈpwu.za/
Kashubian,/ˈbwuʃ.ni/
Kashubian,/ˈwɛ.brɞs/
Kashubian,/ɛw.rɔˈpɛj.skɞ wuˈɲi.jɞ/
Kashubian,/mjasˈtɔ.vi/
Kashubian,/ˈdat͡s/
Kashubian,/ˈmɜ.ma/
Kashubian,/ˈɡɲɛst͡s/
Kashubian,/ˈtɜl.pwon/
Kashubian,/pwuˈblit͡ʃ.ni/
Kashubian,/ˈwɛ.blɞk/
Kashubian,/ɡrɔˈmit͡ʃ.ɲik/
Kashubian,/ˈmɜt/
Kashubian,/ˈpjɔ.run/
Kashubian,/pwɛr.tuˈɡal.skɞ/
Kashubian,/na‿ˈvjɛs/
Kashubian,/ˈʃtil/
Kashubian,/ˈlɜft/
Kashubian,/nɔrdˈvɛst/
Kashubian,/pa.pjɔˈrɔ.vi/
Kashubian,/ˈd͡ze.lɜk/
Kashubian,/ˈwɛj.nɔ̃/
Kashubian,/wɛˈsa.da/
Kashubian,/ˈdrɜ.d͡ʒi/
Kashubian,/ˈd͡zɜ.vi/
Kashubian,/wɛr.ɡa.ɲi.zaˈt͡sij.ni/
Kashubian,/nɞˈlɛ.ʒɛt͡s/
Kashubian,/ˈmɜ.ʃɞk/
Kashubian,/ˈʃru.va/
Kashubian,/ˈbaɲ.kɔ̃/
Kashubian,/ˈmjɛ.sɔ̃t͡s/
Kashubian,/aˈdwɛ.kat/
Kashubian,/ˈɡwɛ.ɲit͡s/
Kashubian,/ˈzof.ka/
Kashubian,/ˈaw.tor/
Kashubian,/ˈstɔ.jɛt͡s/
Kashubian,/a.tɔˈmwɛ.vi/
Kashubian,/ˈbwuk.sɜ/
Kashubian,/blɛˈvjɔ̃s.ka/
Kashubian,/a.kwuˈza.tif/
Kashubian,/ɡwɛˈtɔ.vɔ̃/
Kashubian,/ˈɡwɞt.t͡ʃi/
Kashubian,/ˈtfwɛ.r̝ɜt͡s/
Kashubian,/ˈvjɛl.d͡ʒi/
Kashubian,/d͡zɛˈkwɛl.vjɛk/
Kashubian,/ˈt͡ʃãs.tɔ/
Kashubian,/dɔˈtɜ.kat͡s/
Kashubian,/paˈtro.la/
Kashubian,/ˈpis.mwom/
Kashubian,/ˈfar.ni/
Kashubian,/ˈdɔ̃.swɔ/
Kashubian,/ʃurˈʒɛ.jã/
Kashubian,/zo.viˈzo/
Kashubian,/ɡvɜsˈnɔ.ta/
Kashubian,/ˈɛ.dikt/
Kashubian,/ˈfri.kas/
Kashubian,/ap.strakˈt͡sij.ni/
Kashubian,/ˈpla.ti.zɛr/
Kashubian,/ˈɜ/
Kashubian,/ˈkɞw.pjof/
Kashubian,/ˈksã.ʒɜt͡s/
Kashubian,/ˈza.xa/
Kashubian,/dɔˈkwu.mɛnt/
Kashubian,/ˈmjã.d͡zɜ/
Kashubian,/ˈʃpwunt/
Kashubian,/ˈtɜl.kwɛ/
Kashubian,/pwɛ/
Kashubian,/paˈnɛf.ka/
Kashubian,/ˈnat/
Kashubian,/ˈkɞw.pik/
Kashubian,/ˈju.ɡwɛ/
Kashubian,/ˈpwɛ.mɜsw/
Kashubian,/dɔˈstatk/
Kashubian,/ˈmwɛ.dlɜ.tfa/
Kashubian,/ˈstʂed.ni/
Kashubian,/ɲɛ.pʂɜˈja.t͡sel/
Kashubian,/ˈdim/
Kashubian,/ˈmest/
Kashubian,/ˈpwɛ.vjɞt/
Kashubian,/slɔˈvɛɲ.skɞ/
Kashubian,/ˈrot/
Kashubian,/ˈdɔ.tik/
Kashubian,/ˈpra.sã/
Kashubian,/mwuˈzi.ka/
Kashubian,/ˈle.kɞr̝/
Kashubian,/ˈmajs/
Kashubian,/ˈt͡ʃfɞrtk/
Kashubian,/at.mwɛsˈfɛ.ra/
Kashubian,/pwɛˈvjɛ.tʂe/
Kashubian,/ˈvi.t͡si/
Kashubian,/ʃnɜˈkrɔ.vat͡s/
Kashubian,/ˈbwu.tɛn/
Kashubian,/ˈsɜ.wa/
Kashubian,/bjɞ.wɔˈrus.t͡ʃi/
Kashubian,/ˈslɜ.va/
Kashubian,/draˈwɛ.vat͡s/
Kashubian,/na.rɔˈd͡zɛ.ɲe/
Kashubian,/ˈpwɛ.lɛ/
Kashubian,/ˈmjɛ.d͡zvjet͡s/
Kashubian,/ap.strakˈt͡sɜ.jɞ/
Kashubian,/ˈlɛ.jɛr.kas.ta/
Kashubian,/aˈfɛ.ra/
Kashubian,/bwɛˈxa.tɛr/
Kashubian,/ˈsom/
Kashubian,/ˈxwom.pɛl.man/
Kashubian,/ˈrix.tix/
Kashubian,/a.naˈtɔ.mjɞ/
Kashubian,/ˈmɜ.dwɔ/
Kashubian,/ˈkra.jɔ.vi/
Kashubian,/ˈstow/
Kashubian,/ˈbwok ˈza.pwat͡s/
Kashubian,/nɔrˈvɛs.kɞ/
Kashubian,/kaˈmɛ.la/
Kashubian,/ˈsɜ.xi/
Kashubian,/ˈjas.trɜ/
Kashubian,/eˈlɛ.fant/
Kashubian,/ˈt͡ʃɜt.ɲi.t͡sa/
Kashubian,/ˈxwut.kwɛ/
Kashubian,/ma.ɲi.fɛsˈta.t͡sjɞ/
Kashubian,/kwɛˈbje.tɔ̃/
Kashubian,/ˈdu.na/
Kashubian,/ˈʃlɔ̃sk/
Kashubian,/arˈkwun/
Kashubian,/ˈstɜ.t͡ʃeɲ/
Kashubian,/kaˈʃa.lɔt/
Kashubian,/ap.sɔˈlu.t͡sjɞ/
Kashubian,/ˈrɞ.tɜʃ/
Kashubian,/kwɛˈɲɛt͡ʃ.ni/
Kashubian,/rɛˈfrɛ.dr̝ɛ.rɛj.ta/
Kashubian,/pisˈma.ma/
Kashubian,/pwɛˈmiw.ka/
Kashubian,/ˈa.tɛst/
Kashubian,/ˈkwɛ.pat͡s/
Kashubian,/apˈstrak.t͡sjɞ/
Kashubian,/ˈpre.dɛr/
Kashubian,/tiˈma.ti.sa/
Kashubian,/ˈmɛt͡ʃ/
Kashubian,/ˈxwɔd.ni/
Kashubian,/apˈte.kax/
Kashubian,/ˈʃpɜ.tɞl/
Kashubian,/ˈz/
Kashubian,/paˈpjɔ.rɜ/
Kashubian,/a.naˈli.za/
Kashubian,/ˈbrat/
Kashubian,/sɛˈt͡ʃɛ.ra/
Kashubian,/ˈt͡ʃɛrft͡s/
Kashubian,/ˈdrɔb.ni/
Kashubian,/ˈʒɜt͡s/
Kashubian,/ˈdva/
Kashubian,/ˈʃɜ.ja/
Kashubian,/ˈknɞr̝/
Kashubian,/ˈpɛ.in.tɔ.vat͡s/
Kashubian,/wɛˈkwɛ.wɔ/
Kashubian,/ˈprɞv.da/
Kashubian,/ˈna.lɛst͡s/
Kashubian,/ˈskɔ̃t/
Kashubian,/ˈsfjat.t͡ʃɜt͡s/
Kashubian,/ʃɔˈfe.ra/
Kashubian,/ˈvzɡlɔ̃t/
Kashubian,/ˈmwɛv.ni/
Kashubian,/aˈpwɛʃ.tow/
Kashubian,/ɡwɛˈtɔ.vɜx/
Kashubian,/t͡siˈtro.na/
Kashubian,/nɔˈsɔ.rɔʃt͡s/
Kashubian,/ˈrɞs/
Kashubian,/ɡɛˈʃɛft/
Kashubian,/apˈte.t͡ʃi/
Kashubian,/naˈdɔ̃.ʒɜt͡s/
Kashubian,/ˈtrost/
Kashubian,/ˈblo.na/
Kashubian,/ˈraps/
Kashubian,/ˈvil.bwon/
Kashubian,/kaˈʃɜ.bɜ/
Kashubian,/ˈskʂɛ.t͡ʃɛt͡s/
Kashubian,/ˈfsɔ.vi/
Kashubian,/dɜtˈkwɛ.vi/
Kashubian,/sa.mɔ.ʒɜˈt͡sɔ.pis/
Kashubian,/ˈwɛ.krãt/
Kashubian,/bwurˈmes.tɛr/
Kashubian,/ˈɡbwur/
Kashubian,/rɜˈbat͡s.t͡ʃi/
Kashubian,/ˈt͡si.ɡwɔ/
Kashubian,/ˈst͡sa.na/
Kashubian,/ˈkwɛ.xat͡s/
Kashubian,/pɛvˈɲe.ʃi/
Kashubian,/ˈdrost/
Kashubian,/ˈdɔ.xwot/
Kashubian,/ʃfajˈt͡sar.skɞ/
Kashubian,/ɲɛˈd͡zɛ.la/
Kashubian,/wɛˈbrɔ.na/
Kashubian,/ˈʒɞ.wɔ̃t͡s/
Kashubian,/ˈspat͡s ˈjak ˈsus/
Kashubian,/ˈd͡ze.lɜt͡ʃk/
Kashubian,/ˈmwuɲ.ʃtuk/
Kashubian,/ˈɡa.fla/
Kashubian,/ˈd͡zɛt͡s.ni/
Kashubian,/ʃtɜˈrɜs.ta/
Kashubian,/ˈvi.zɛr/
Kashubian,/ˈa.u.tɔ.bwus/
Kashubian,/ˈsta.vit͡s/
Kashubian,/a.djus.taˈtor.ka/
Kashubian,/a.kwuˈʃɛr.ka/
Kashubian,/ˈvaʃ/
Kashubian,/nɔ̃t͡s/
Kashubian,/ˈja.jɛ/
Kashubian,/ˈpwɛl.skɞ/
Kashubian,/ˈpʂɜ.jɞst/
Kashubian,/ɡimˈna.zjɞ/
Kashubian,/wɔˈpa.ta/
Kashubian,/aˈtrak.t͡sjɞ/
Kashubian,/ˈʒif/
Kashubian,/ˈd͡zop/
Kashubian,/ˈaw.tɔ/
Kashubian,/anˈtra.t͡sit/
Kashubian,/ˈfkwow/
Kashubian,/ˈlɜ.t͡ʃɜt͡s/
Kashubian,/viˈzi.ta/
Kashubian,/ˈbrut.ka/
Kashubian,/a.dwɛˈkat.ka/
Kashubian,/naˈzɛ.vat͡s/
Kashubian,/ˈɡɲit͡s/
Kashubian,/ˈbr̝ɔ.za/
Kashubian,/bajˈsi.kɛl/
Kashubian,/ˈdoɲt͡s/
Kashubian,/ˈrov.nak/
Kashubian,/ˈtusk/
Kashubian,/ˈkɔ̃.tɔr/
Kashubian,/ˈwɛ.lɞ/
Kashubian,/z/
Kashubian,/kwɛˈro.na/
Kashubian,/kɞrˈt͡ʃɔv.ɲik/
Kashubian,/ˈta.t͡ʃi/
Kashubian,/ʃoˈnɔ.vat͡s/
Kashubian,/ˈdrɔ.ɡã/
Kashubian,/xwɛrˈvat͡s.kɞ/
Kashubian,/ˈt͡ʃas.ɲik/
Kashubian,/ˈbjɛ.ɡɞt͡ʃ/
Kashubian,/ʃinˈʃi.la/
Kashubian,/ˈmwɛr.st͡ʃi ˈʃt͡ʃir̝/
Kashubian,/ˈzrɔ.bit͡s/
Kashubian,/ˈa.mwon/
Kashubian,/ˈju/
Kashubian,/ˈva.wɜ/
Kashubian,/ˈna/
Kashubian,/deˈrɔ.vat͡s/
Kashubian,/a.fɛˈr̝is.ta/
Kashubian,/apˈte.kwof/
Kashubian,/ˈklɞr/
Kashubian,/ˈʒɞw.ti/
Kashubian,/ˈal.st͡ʃɛ.ta/
Kashubian,/alˈpa.ka/
Kashubian,/akˈsa.mit/
Kashubian,/ˈvar.na/
Kashubian,/baˈvi.dwɔ/
Kashubian,/ˈmwɛ.til/
Kashubian,/arˈʃɛl.ɲik/
Kashubian,/ˈtin.ta/
Kashubian,/ˈxfi.la/
Kashubian,/ˈbwɜ.xa/
Kashubian,/ˈɡwɛd.ɲik/
Kashubian,/ˈfran.t͡sjɞ/
Kashubian,/ˈmar.s/
Kashubian,/ˈskʂi.dwɔ/
Kashubian,/ˈskra/
Kashubian,/ˈvilk/
Kashubian,/ˈzvjɛ.r̝ã/
Kashubian,/kaˈlã.dɞr̝/
Kashubian,/stɔˈjiz.na/
Kashubian,/ˈba.vit͡s/
Kashubian,/nɞˈvi.t͡si/
Kashubian,/ˈpwɞt.ni/
Kashubian,/ˈnɔ.ɡa/
Kashubian,/ka.piˈte.na/
Kashubian,/ˈfilm/
Kashubian,/ˈkar.va/
Kashubian,/ˈva.rat͡s/
Kashubian,/ˈpa.ja/
Kashubian,/ˈɡã.ba/
Kashubian,/ˈbrɜ.lɛ/
Kashubian,/lɜˈsɔ.vi/
Kashubian,/kwɛn.spiˈrɔ.vat͡s/
Kashubian,/ˈpar.tjã/
Kashubian,/ˈɔ.vat͡s/
Kashubian,/ˈa.dam/
Kashubian,/ˈpwa.t͡sɜt͡s/
Kashubian,/ˈʃt͡ʃɛs.t͡se/
Kashubian,/baˈɡaʒ.ɲik/
Kashubian,/ˈmɜt͡s/
Kashubian,/ˈdvje.r̝ɛ/
Kashubian,/ˈwos/
Kashubian,/ne.dɛrˈlan.t͡skɞ/
Kashubian,/ˈda.ma/
Kashubian,/mwɔˈlɛt͡ʃ.ka/
Kashubian,/ˈkwuʃ.kat͡s/
Kashubian,/a.larˈmwɛ.vi/
Kashubian,/ˈdlɞ/
Kashubian,/viˈnɔ.vɞt͡ʃ/
Kashubian,/ˈpwɛ.dɛ/
Kashubian,/ɛˈta.pa/
Kashubian,/ˈt͡ʃɛx/
Kashubian,/ˈwɛ.kwuŋk/
Kashubian,/ˈbaʃ.ta/
Kashubian,/ˈbrut.man/
Kashubian,/aˈmɛ.tist/
Kashubian,/ˈwɛb.man/
Kashubian,/lɔrˈnɛ.ta/
Kashubian,/ˈmwɛt͡s/
Kashubian,/pwɛˈpwa.vax/
Kashubian,/ˈvɔ̃s.t͡ʃi/
Kashubian,/ˈd͡zɜ.bɞk/
Kashubian,/ˈpwɛl.st͡ʃi/
Kashubian,/ˈba.la/
Kashubian,/sfjɔ̃ˈdɔ.vat͡s/
Kashubian,/ˈritm/
Kashubian,/ˈzdr̝a.dwɔ/
Kashubian,/ˈwɔd͡z.mjer̝/
Kashubian,/ˈlipt͡s/
Kashubian,/jirˈlan.djɞ/
Kashubian,/ˈwɛ.ɲɞ/
Kashubian,/ˈɲif/
Kashubian,/xʂɛs.t͡sɜˈjaɲ.stfwɛ/
Kashubian,/ˈna.dɛ/
Kashubian,/ˈd͡zɛ.lɜt͡s/
Kashubian,/aˈdrɛ.sof/
Kashubian,/kwɛˈʃɜ.la/
Kashubian,/ˈɡwɛ.ralk/
Kashubian,/pwɛˈka.zat͡s/
Kashubian,/ˈpjã.ta/
Kashubian,/kanˈdi.dat/
Kashubian,/ˈdɔ.tɔ̃t/
Kashubian,/ˈzɞr.nɔ/
Kashubian,/ˈbwɔ̃t/
Kashubian,/bratˈfa.na/
Kashubian,/ˈkrɜ.ɡat͡s/
Kashubian,/wɛˈstat.ni/
Kashubian,/ˈdɔ̃p/
Kashubian,/wɛtˈta.va/
Kashubian,/ˈpla.ta/
Kashubian,/ˈwɛ.ba/
Kashubian,/wɛˈkrã.ɡwi/
Kashubian,/ˈka.mɜ/
Kashubian,/ɡaˈze.tã/
Kashubian,/ˈbã.bɛŋk/
Kashubian,/ˈbrak/
Kashubian,/wɛˈbra.t͡sat͡s/
Kashubian,/ˈstɔ̃t/
Kashubian,/ˈvjɛ.r̝ɜt͡s/
Kashubian,/na.mjɛˈɲɔ.ni/
Kashubian,/ˈkar.nɔ/
Kashubian,/prɛˈzi.dɛnt/
Kashubian,/leˈzɔ.vat͡s/
Kashubian,/sɔˈbwɛ.ta/
Kashubian,/vɜˈsɔ.t͡ʃi/
Kashubian,/farˈmɔ.vat͡s/
Kashubian,/ˈin.djɛ/
Kashubian,/ˈʃta.bil/
Kashubian,/ˈwu/
Kashubian,/ˈme.bɛl/
Kashubian,/ʃtaˈbil.ni/
Kashubian,/ˈba.roŋk/
Kashubian,/nɔˈsɔ.rok/
Kashubian,/ˈlɞt͡s/
Kashubian,/ˈbwɛ.jɛt͡s/
Kashubian,/ˈtɔr.ma/
Kashubian,/paʃˈte.ta/
Kashubian,/ˈju.trɔ/
