Komi-Zyrian,/ˈʑiʎkɲitnɯ/
Komi-Zyrian,[ˈɕeredä]
Komi-Zyrian,[ˈme]
Komi-Zyrian,[märkˈɕiz(ɘ)m]
Komi-Zyrian,[ˈʑep]
Komi-Zyrian,/ˈpɘlciɲːik/
Komi-Zyrian,[ˈseki]
Komi-Zyrian,[ˈsek]
Komi-Zyrian,[ˈeʒ̺ʋä]
Komi-Zyrian,[ˈko̞d͡ʑuʋko̞t]
Komi-Zyrian,[ˈko̞k]
Komi-Zyrian,[ˈär]
Komi-Zyrian,[ˈjem]
Komi-Zyrian,[ˈɕɘɫä]
Komi-Zyrian,[ʃ̺o̞ko̞ˈɫäd]
Komi-Zyrian,[ˈid͡ʑ]
Komi-Zyrian,/ˈmortanɘj/
Komi-Zyrian,/ˈjed͡ʒɯd ˈoʃ/
Komi-Zyrian,[ˈɕɘkɯ̈d]
Komi-Zyrian,/ˈjaran/
Komi-Zyrian,[ˈkuim]
Komi-Zyrian,/ˈkʋajt/
Komi-Zyrian,/ˈt͡sʲunʲ/
Komi-Zyrian,/ˈʋɯʋ/
Komi-Zyrian,/ˈɕɘlɘm/
Komi-Zyrian,/ˈoʋmɘs/
Komi-Zyrian,/ˈberd/
Komi-Zyrian,[ˈɕo̞jɯ̈ɕ]
Komi-Zyrian,[ˈdrɘb]
Komi-Zyrian,[ˈkɯ̈z]
Komi-Zyrian,[ˈɡo̞ʎä]
Komi-Zyrian,[ˈʋɯ̈ɫnä]
Komi-Zyrian,[ˈo̞mɘʎ]
Komi-Zyrian,/ˈbajdɘɡ/
Komi-Zyrian,[ˈo̞ɡ]
Komi-Zyrian,/ˈɡezjas/
Komi-Zyrian,/ˈpɘrjaʋnɯ/
Komi-Zyrian,[ˈpekɲit͡ɕä]
Komi-Zyrian,[ˈɘɡuret͡ɕ]
Komi-Zyrian,/ˈmɯj ˈnalɘn ˈɲimjasnɯs/
Komi-Zyrian,/ˈkɯʑ/
Komi-Zyrian,/ˈmel/
Komi-Zyrian,/ˈreɡɨd/
Komi-Zyrian,[ˈmɯ̈ʎk]
Komi-Zyrian,[käˈnäʋä]
Komi-Zyrian,/ˈti/
Komi-Zyrian,/ˈɲɯʋ/
Komi-Zyrian,[ˈäd͡ʑʋä]
Komi-Zyrian,[ˈpɯ̈ʋɕän]
Komi-Zyrian,/ˈkuba/
Komi-Zyrian,/ˈmart/
Komi-Zyrian,/arˈmeɲija/
Komi-Zyrian,[ˈɕer]
Komi-Zyrian,/ˈbaʎa/
Komi-Zyrian,[ˈɡäɡ]
Komi-Zyrian,/ˈsubɘta/
Komi-Zyrian,[ˈkuz]
Komi-Zyrian,[ˈmɯ̈j]
Komi-Zyrian,/ˈturipi/
Komi-Zyrian,[ˈsäɟmɯ̈nɯ̈]
Komi-Zyrian,[ˈburɘj ˈo̞ʃ̺]
Komi-Zyrian,[ˈpud]
Komi-Zyrian,[ˈʋɘräʋnɯ̈]
Komi-Zyrian,[ˈɯ̈b]
Komi-Zyrian,/-ɕɯnɯ/
Komi-Zyrian,/ˈmanak/
Komi-Zyrian,[ˈjo̞n]
Komi-Zyrian,/ˈɯstɯnɯ/
Komi-Zyrian,[ˈɫuk]
Komi-Zyrian,/ˈsaɟ/
Komi-Zyrian,/ˈmaʎamuʃ/
Komi-Zyrian,[ˈt͡ɕukt͡ɕi]
Komi-Zyrian,/ˈseki/
Komi-Zyrian,[-ko̞ɟ]
Komi-Zyrian,[ˈmäj]
Komi-Zyrian,/ˈkucan/
Komi-Zyrian,/ˈkɘrt/
Komi-Zyrian,/ˈʋid͡ʑ/
Komi-Zyrian,[ˈdäɲijä]
Komi-Zyrian,[ˈɕɘɫɘm]
Komi-Zyrian,[ˈɘni]
Komi-Zyrian,/ˈkɘin/
Komi-Zyrian,[ˈɡeo̞ɡräfijä]
Komi-Zyrian,/ˈtɘlɯɕ/
Komi-Zyrian,[ˈmäʎämuʃ̺]
Komi-Zyrian,/ˈʋɘrsa/
Komi-Zyrian,/ˈʑep/
Komi-Zyrian,/ˈtopɘdnɯ/
Komi-Zyrian,/ˈbeɟ/
Komi-Zyrian,/uˈt͡ɕiceʎ/
Komi-Zyrian,[ˈdäs]
Komi-Zyrian,[ˈɕɘmɘs]
Komi-Zyrian,[znämeˈnäceʎ]
Komi-Zyrian,/ˈdon/
Komi-Zyrian,[ˈtuɫän]
Komi-Zyrian,/ˈʋod͡ʑːa/
Komi-Zyrian,[ˈpiʋer]
Komi-Zyrian,/ˈziʎun/
Komi-Zyrian,/ˈnɘdkɯʋ/
Komi-Zyrian,[ˈdo̞ɟ]
Komi-Zyrian,[ˈʋuɡ]
Komi-Zyrian,[ˈʋnuk]
Komi-Zyrian,[ˈd͡ʒ̺äd͡ʒ̺]
Komi-Zyrian,[jänˈʋär]
Komi-Zyrian,/ˈpeʋ/
Komi-Zyrian,[ˈjidnɯ̈]
Komi-Zyrian,[ˈro̞t͡ɕmu]
Komi-Zyrian,[ˈɡo̞b]
Komi-Zyrian,/ˈmu/
Komi-Zyrian,[ˈtɯ̈]
Komi-Zyrian,/ˈt͡ɕirk/
Komi-Zyrian,/ˈzer/
Komi-Zyrian,[ˈd͡ʒ̺eɲɯ̈d]
Komi-Zyrian,/ˈjort/
Komi-Zyrian,/ˈpreɲik/
Komi-Zyrian,/ˈt͡ɕukɘr/
Komi-Zyrian,[ˈkutnɯ̈]
Komi-Zyrian,[ˈɕiʑim]
Komi-Zyrian,/ˈsaɟmɯnɯ/
Komi-Zyrian,[ˈʋäd]
Komi-Zyrian,[ˈɲin]
Komi-Zyrian,/ˈʋuz/
Komi-Zyrian,[ˈpiänɘj]
Komi-Zyrian,[-äɕnɯ̈]
Komi-Zyrian,[ˈɕiɕ]
Komi-Zyrian,[ˈt͡ɕeri]
Komi-Zyrian,[ˈʋeʒ̺o̞n]
Komi-Zyrian,/-anɘj/
Komi-Zyrian,[ˈänt͡ɕä]
Komi-Zyrian,[ˈsuo̞mi]
Komi-Zyrian,[-jäs]
Komi-Zyrian,/ˈtaz/
Komi-Zyrian,[ˈɲekɯ̈mɯ̈n]
Komi-Zyrian,/ˈɕir/
Komi-Zyrian,/ˈɕojnɯ/
Komi-Zyrian,/ˈaj/
Komi-Zyrian,/ˈʒɘɲik/
Komi-Zyrian,[ˈd͡ʒ̺ek]
Komi-Zyrian,/ˈɘmid͡ʑ/
Komi-Zyrian,/ˈjɘzʋi/
Komi-Zyrian,[ˈʋit͡ɕko̞]
Komi-Zyrian,/ˈɕojɯɕ/
Komi-Zyrian,/ˈoz/
Komi-Zyrian,/ˈpoʎ/
Komi-Zyrian,[ˈnɘd]
Komi-Zyrian,/ˈt͡ɕukɘrtt͡ɕɯnɯ/
Komi-Zyrian,/ˈjurɕi/
Komi-Zyrian,/ˈbaʎapi/
Komi-Zyrian,/ˈez/
Komi-Zyrian,/ˈʋeɕkoɟ/
Komi-Zyrian,/ˈpɯʒ/
Komi-Zyrian,/ˈpej/
Komi-Zyrian,[ˈtäz]
Komi-Zyrian,/ˈkod͡ʑnɯ/
Komi-Zyrian,[ˈuksus]
Komi-Zyrian,/ˈme/
Komi-Zyrian,/ˈɲekod/
Komi-Zyrian,[ˈdro̞b]
Komi-Zyrian,[ˈkurɘɡ]
Komi-Zyrian,[ˈʋizuʋ]
Komi-Zyrian,/-aʋnɯ/
Komi-Zyrian,/ˈɡat͡ɕ/
Komi-Zyrian,/ˈkɯzta/
Komi-Zyrian,/ˈrot͡ɕaɕnɯ/
Komi-Zyrian,[ˈt͡ɕɘsmäɕnɯ̈]
Komi-Zyrian,[ˈpɯ̈ːɕän]
Komi-Zyrian,[ˈsɯ̈]
Komi-Zyrian,/ˈpop/
Komi-Zyrian,/ˈt͡ɕaɡ/
Komi-Zyrian,/ˈpaɲ/
Komi-Zyrian,[ˈnɯ̈r]
Komi-Zyrian,[ˈmɘs]
Komi-Zyrian,/ˈʋarɯʃ/
Komi-Zyrian,/ʎeɟeˈɲet͡s/
Komi-Zyrian,[ˈɡɘɡ]
Komi-Zyrian,/ˈkɘʋ/
Komi-Zyrian,/ˈʋod͡ʑir/
Komi-Zyrian,/ˈkuʑ/
Komi-Zyrian,/ˈʋot͡ɕa/
Komi-Zyrian,/ˈɡeb/
Komi-Zyrian,[ˈsɫɘn]
Komi-Zyrian,/ˈar/
Komi-Zyrian,/ˈlonɯ/
Komi-Zyrian,[ˈko̞jnɯ̈]
Komi-Zyrian,[ˈɡɯ̈rɕä]
Komi-Zyrian,/ˈkɯz/
Komi-Zyrian,[ˈzɯ̈r]
Komi-Zyrian,/ˈʋurnɯ/
Komi-Zyrian,/ˈɕuʋ/
Komi-Zyrian,[po̞ˈʎärnɘj]
Komi-Zyrian,[ˈkukäɲä]
Komi-Zyrian,/ˈlɯ/
Komi-Zyrian,/ˈmusa/
Komi-Zyrian,/ˈpaʃkan/
Komi-Zyrian,[ˈjur]
Komi-Zyrian,/ˈeʒ/
Komi-Zyrian,/ˈɡozja/
Komi-Zyrian,/ˈʋɘɕ/
Komi-Zyrian,/ˈuna/
Komi-Zyrian,[ˈpɘdruɡä]
Komi-Zyrian,[ˈjo̞ɡ]
Komi-Zyrian,/ˈstaʋ/
Komi-Zyrian,[äˈo̞rtä]
Komi-Zyrian,[ˈkärtupeʎ]
Komi-Zyrian,/roˈɕija/
Komi-Zyrian,[ˈt͡ɕetʋerɡ]
Komi-Zyrian,/ˈem/
Komi-Zyrian,/ˈsɘp/
Komi-Zyrian,/ˈaskomɯɕ/
Komi-Zyrian,[ˈʋo̞än päˈɟeʒ̺]
Komi-Zyrian,/ˈɘta ˈmɘd/
Komi-Zyrian,/ˈmaʎazi/
Komi-Zyrian,[ˈko̞ʋ]
Komi-Zyrian,[ˈkɘkjämɯ̈s]
Komi-Zyrian,[ˈmedʋo̞d͡ʑːä]
Komi-Zyrian,/ˈɕam/
Komi-Zyrian,[ˈkɘt͡ɕ]
Komi-Zyrian,[ˈsuk]
Komi-Zyrian,/ˈrɯtɯʋʋɯʋ/
Komi-Zyrian,[ˈt͡ɕät͡ɕä]
Komi-Zyrian,[ɟeˈkäb]
Komi-Zyrian,[ˈɕurs]
Komi-Zyrian,/ˈros/
Komi-Zyrian,[ˈjɘzʋi]
Komi-Zyrian,[ˈkɘʋ]
Komi-Zyrian,/ˈʋon/
Komi-Zyrian,[ˈpi]
Komi-Zyrian,[ˈʋid͡ʑnɯ̈]
Komi-Zyrian,/ˈrot͡ɕɘdnɯ/
Komi-Zyrian,[ˈt͡ɕipäm]
Komi-Zyrian,[äbˈzät͡s]
Komi-Zyrian,/ˈɲuːɕiɕ/
Komi-Zyrian,/ˈʋok/
Komi-Zyrian,[ˈʃ̺udä]
Komi-Zyrian,[ˈpetäs]
Komi-Zyrian,/ˈkɘr/
Komi-Zyrian,[ˈmo̞rtänɘj]
Komi-Zyrian,/ˈutka(ʔ)aɕnɯ/
Komi-Zyrian,/ˈmam/
Komi-Zyrian,/ˈsur/
Komi-Zyrian,[ˈʋo̞t͡ɕä]
Komi-Zyrian,/ˈsɯktɯʋkar/
Komi-Zyrian,[ˈpo̞ʎe]
Komi-Zyrian,/ˈʋoʒ/
Komi-Zyrian,/janˈʋar/
Komi-Zyrian,/ˈʋinɯ/
Komi-Zyrian,[ˈuʋ]
Komi-Zyrian,[ˈro̞t͡ɕäʋnɯ̈]
Komi-Zyrian,/ˈpoʒ/
Komi-Zyrian,/ˈjuɡɯd/
Komi-Zyrian,/ˈjortlun/
Komi-Zyrian,[ˈbo̞n]
Komi-Zyrian,/ˈjurka/
Komi-Zyrian,/ˈt͡ʃɯɡ/
Komi-Zyrian,/ˈplaɡ/
Komi-Zyrian,/ˈɕɘkta/
Komi-Zyrian,/ˈloː/
Komi-Zyrian,/ˈkaɲpi/
Komi-Zyrian,[ˈɡɯ̈ʒ̺]
Komi-Zyrian,/ˈanbur/
Komi-Zyrian,[ˈʋädo̞r]
Komi-Zyrian,/ˈbɯd/
Komi-Zyrian,/esˈtoɲija/
Komi-Zyrian,[ˈpɯ̈zän]
Komi-Zyrian,/ˈʋaʒ/
Komi-Zyrian,[dʋo̞ˈret͡s]
Komi-Zyrian,[äɫfäˈʋit]
Komi-Zyrian,[ˈkɯ̈r]
Komi-Zyrian,/ˈʋɯlɯn/
Komi-Zyrian,[ˈt͡ɕo̞ʒ̺iɲ]
Komi-Zyrian,/ˈjəktɨnɨ/
Komi-Zyrian,/ˈunajasɘs/
Komi-Zyrian,/ˈoʋnɯ/
Komi-Zyrian,/ˈtɯː/
Komi-Zyrian,[ˈzo̞b]
Komi-Zyrian,[ˈʋeɕko̞ɟ]
Komi-Zyrian,[ˈnä]
Komi-Zyrian,/ˈjɘjuk/
Komi-Zyrian,/ˈt͡ɕoʒiɲ/
Komi-Zyrian,[-änɘj]
Komi-Zyrian,[ˈʋeʒ̺]
Komi-Zyrian,/znameˈnaceʎ/
Komi-Zyrian,[ˈbɘʒ̺ä]
Komi-Zyrian,[-ɯ̈ɕ]
Komi-Zyrian,/ˈt͡ɕuʋ/
Komi-Zyrian,/ˈsreda/
Komi-Zyrian,/ˈʎeʋ/
Komi-Zyrian,[ˈʋinɯ̈]
Komi-Zyrian,[ˈsutnɯ̈]
Komi-Zyrian,/ˈʋit͡ɕko/
Komi-Zyrian,/ˈabat͡ɕa/
Komi-Zyrian,/ˈmɘd/
Komi-Zyrian,/ˈdaɲija/
Komi-Zyrian,/ˈɲekɯmɯn/
Komi-Zyrian,/ˈʋɯj/
Komi-Zyrian,[ˈdä]
Komi-Zyrian,[ˈi]
Komi-Zyrian,[ˈkeʋ]
Komi-Zyrian,[ˈjidi]
Komi-Zyrian,[ˈpo̞n]
Komi-Zyrian,/ˈsos/
Komi-Zyrian,/ˈʋɘʋnɯ/
Komi-Zyrian,/ˈjoɡ/
Komi-Zyrian,/isˈtorija/
Komi-Zyrian,/ˈpur/
Komi-Zyrian,[ˈtɯ̈rp]
Komi-Zyrian,/ˈsi/
Komi-Zyrian,[ˈsäd]
Komi-Zyrian,/ˈkɘkjamɯsdas/
Komi-Zyrian,/ʋeˈtɯmɯn/
Komi-Zyrian,[ˈʃ̺utnɯ̈]
Komi-Zyrian,[ˈbeɟ]
Komi-Zyrian,/ˈkartupeʎ/
Komi-Zyrian,[ˈʋo̞nɯ̈]
Komi-Zyrian,[ˈto̞ʃ̺]
Komi-Zyrian,/ˈpɯdna/
Komi-Zyrian,[ɲeˈʎämɯ̈n]
Komi-Zyrian,/ˈɕɯʋnɯ/
Komi-Zyrian,/ˈɕɘd ˈoʃ/
Komi-Zyrian,[ˈd͡ʑo̞rid͡ʑ]
Komi-Zyrian,[ˈmɘɕɘr]
Komi-Zyrian,/ˈjon/
Komi-Zyrian,[ˈset͡ʃ̺ɘm]
Komi-Zyrian,/ˈkʋajtɯmɯn/
Komi-Zyrian,/ˈʋoɕkoʋ/
Komi-Zyrian,[ˈʃ̺eɡ]
Komi-Zyrian,/ˈkokɕar/
Komi-Zyrian,/ˈkaɲ/
Komi-Zyrian,/ˈkuci/
Komi-Zyrian,/ˈɕun/
Komi-Zyrian,/aˈorta/
Komi-Zyrian,/ˈaɲ/
Komi-Zyrian,/ˈd͡ʒek/
Komi-Zyrian,[ˈɡäʒ̺]
Komi-Zyrian,/ˈkukaɲa/
Komi-Zyrian,[ˈɕin]
Komi-Zyrian,[ˈkubä]
Komi-Zyrian,[ˈʋo̞n]
Komi-Zyrian,[-ɕɯ̈nɯ̈]
Komi-Zyrian,/ˈoɡ/
Komi-Zyrian,[ˈkʎut͡ɕ]
Komi-Zyrian,[ˈpo̞ʎɘ]
Komi-Zyrian,/ˈɘci ˈmɘd/
Komi-Zyrian,[ˈkɲiɡä]
Komi-Zyrian,[ˈäd͡ʑːɯ̈nɯ̈]
Komi-Zyrian,/ˈɲur/
Komi-Zyrian,/ˈnaʎk/
Komi-Zyrian,[ˈpɘrjäɕän ˈɫun]
Komi-Zyrian,/ˈkɲiɡa/
Komi-Zyrian,[ˈɲep]
Komi-Zyrian,[ˈpuː]
Komi-Zyrian,/ˈkɘt͡ɕiʎ/
Komi-Zyrian,[ʋeˈtɯ̈mɯ̈n]
Komi-Zyrian,/ɟiaɡoˈnaʎ/
Komi-Zyrian,[ˈʋuʒ̺]
Komi-Zyrian,[ˈʋɘrpo̞rɕ]
Komi-Zyrian,/ˈbɯk/
Komi-Zyrian,/ˈʋina/
Komi-Zyrian,/ˈʋɯlna/
Komi-Zyrian,/ˈsunʲis/
Komi-Zyrian,[ˈpɘt͡ɕ]
Komi-Zyrian,/ˈkurɘɡ/
Komi-Zyrian,/ˈʃɘrt/
Komi-Zyrian,[ˈɫebnɯ̈]
Komi-Zyrian,[ˈno̞ko̞]
Komi-Zyrian,[ˈɯ̈ʒ̺]
Komi-Zyrian,[ˈänbur]
Komi-Zyrian,[ˈɲɯ̈ʋ]
Komi-Zyrian,[ˈit͡ɕiɲ]
Komi-Zyrian,[ˈɕiʑimdäs]
Komi-Zyrian,[ˈʋo̞j]
Komi-Zyrian,[ˈkerkä]
Komi-Zyrian,/ˈnɯr/
Komi-Zyrian,/ˈjidnɯ/
Komi-Zyrian,/ˈʋɘrkaɲ/
Komi-Zyrian,[ˈɕir]
Komi-Zyrian,/ˈt͡ɕɯʃjan/
Komi-Zyrian,/ˈʃʎapa/
Komi-Zyrian,[ˈdo̞n]
Komi-Zyrian,[ˈpeɫɯ̈ɕ]
Komi-Zyrian,/ˈkʎut͡ɕ/
Komi-Zyrian,/ˈɡaɟ/
Komi-Zyrian,[ˈät͡ɕɯ̈d]
Komi-Zyrian,[ˈɕikt]
Komi-Zyrian,[ˈenɫɘj]
Komi-Zyrian,/ˈpelɯɕ/
Komi-Zyrian,/ˈuniɲ/
Komi-Zyrian,[ˈɘtkɯ̈mɯ̈n]
Komi-Zyrian,/ˈrezɘb/
Komi-Zyrian,/ˈozɯɕ/
Komi-Zyrian,[ˈɡrezd]
Komi-Zyrian,/ˈɡruʑija/
Komi-Zyrian,[ˈɫo̞ʋ]
Komi-Zyrian,[ˈʒ̺ɯ̈r]
Komi-Zyrian,/ˈɡɘɲet͡s/
Komi-Zyrian,/ˈɡɘɡ/
Komi-Zyrian,/ˈpurtɘs/
Komi-Zyrian,/ˈkoʋnɯ/
Komi-Zyrian,[ˈjed͡ʒ̺ɯ̈d ˈo̞ʃ̺]
Komi-Zyrian,[ˈäɕnɯ̈d]
Komi-Zyrian,/ˈbɯɡ/
Komi-Zyrian,[ˈʋɯ̈ʎɫun]
Komi-Zyrian,[ˈtenäd]
Komi-Zyrian,[ˈrɯ̈ɕ]
Komi-Zyrian,/kaˈnaʋa/
Komi-Zyrian,/ˈmɯj ˈtenad ˈɲimɯd/
Komi-Zyrian,/ˈsuʋtnɯ/
Komi-Zyrian,[ˈujnɯ̈]
Komi-Zyrian,[ˈkäʎä]
Komi-Zyrian,/ˈjaj/
Komi-Zyrian,/ˈʋoʎ/
Komi-Zyrian,/ˈkukaɲ/
Komi-Zyrian,/ˈʋod͡ʑkɯʋ/
Komi-Zyrian,[ˈt͡ɕäɡ]
Komi-Zyrian,[ˈpärmä]
Komi-Zyrian,[ˈmä]
Komi-Zyrian,/ˈkɘinpi/
Komi-Zyrian,[näˈro̞d]
Komi-Zyrian,[ˈʋɘt]
Komi-Zyrian,/ˈt͡ɕom/
Komi-Zyrian,[ˈäsɯ̈]
Komi-Zyrian,[ˈkärtäfeʎ]
Komi-Zyrian,[ˈkucu]
Komi-Zyrian,/ˈʋɘr/
Komi-Zyrian,/ˈrut͡ɕ/
Komi-Zyrian,[ˈʃ̺o̞mɘs]
Komi-Zyrian,/ˈpoʒɘm/
Komi-Zyrian,[äbäˈʒ̺ur]
Komi-Zyrian,[ˈbo̞rd]
Komi-Zyrian,[no̞ˈjäb]
Komi-Zyrian,/ˈzonka/
Komi-Zyrian,/ˈenlɯ/
Komi-Zyrian,/ˈas/
Komi-Zyrian,/ˈʋis/
Komi-Zyrian,/noˈjab/
Komi-Zyrian,/ˈpomka/
Komi-Zyrian,[ˈnäʎk]
Komi-Zyrian,/ˈlebat͡ɕ/
Komi-Zyrian,[ˈɡuʎeɲ]
Komi-Zyrian,/ˈrɯt/
Komi-Zyrian,/ˈkɯɲ/
Komi-Zyrian,/ˈtiʎ/
Komi-Zyrian,[ˈbo̞k]
Komi-Zyrian,[ˈmo̞rtɕo̞jɯ̈ɕ]
Komi-Zyrian,/ˈnɘd/
Komi-Zyrian,[ˈpo̞s]
Komi-Zyrian,[ˈɫebät͡ɕ]
Komi-Zyrian,[ˈʋɯ̈ʎ]
Komi-Zyrian,/ˈpiʋ/
Komi-Zyrian,/ˈʋɘraʋnɯ/
Komi-Zyrian,[-ʑɯ̈nɯ̈]
Komi-Zyrian,/ˈnɯʋ/
Komi-Zyrian,[ˈt͡ɕɯ̈ʃ̺jän]
Komi-Zyrian,[ʒ̺iˈʋo̞tnɘj]
Komi-Zyrian,/-uk/
Komi-Zyrian,[ˈsubɘtä]
Komi-Zyrian,/ˈpɨd/
Komi-Zyrian,/ˈsad/
Komi-Zyrian,[ˈjuɡɯ̈d]
Komi-Zyrian,[ˈɡurinä]
Komi-Zyrian,/ˈnɘb/
Komi-Zyrian,[ˈtuːso̞ː]
Komi-Zyrian,/ˈjoma/
Komi-Zyrian,/ˈtoʃ/
Komi-Zyrian,/ˈtɑjə/
Komi-Zyrian,[ˈmunːɯ̈]
Komi-Zyrian,[ˈmɘsʋid͡ʑɯ̈ɕ]
Komi-Zyrian,/ˈkiɕ/
Komi-Zyrian,[ˈɡo̞zjä]
Komi-Zyrian,/ˈkɯː/
Komi-Zyrian,[ˈtuʋso̞ʋ]
Komi-Zyrian,/ˈmoj/
Komi-Zyrian,/ˈpɘɕ/
Komi-Zyrian,/ˈɲoʎ/
Komi-Zyrian,[ˈpɘʋ]
Komi-Zyrian,[ˈsuʋtnɯ̈]
Komi-Zyrian,/ˈpi/
Komi-Zyrian,/ˈʋeʒon/
Komi-Zyrian,/ˈʋoz/
Komi-Zyrian,/ˈkɯza/
Komi-Zyrian,[ˈnɘdkɯ̈ʋ]
Komi-Zyrian,/ˈkorek/
Komi-Zyrian,[ˈpɯ̈ʃ̺]
Komi-Zyrian,[ˈʋɘɕ]
Komi-Zyrian,/ˈɡɯt͡ɕ/
Komi-Zyrian,/ˈɯd͡ʒda/
Komi-Zyrian,[ˈtät͡ʃ̺ɘm]
Komi-Zyrian,[ˈʋeʒ̺äjkä]
Komi-Zyrian,/ˈstrɘpilɘ/
Komi-Zyrian,[ˈkɯ̈ʋnɯ̈]
Komi-Zyrian,[ˈɯ̈ɫnä]
Komi-Zyrian,/ˈlun/
Komi-Zyrian,/ˈmit͡ɕa/
Komi-Zyrian,/ˈkuim/
Komi-Zyrian,[ˈpäʎäjkä]
Komi-Zyrian,[peʋˈräʎ]
Komi-Zyrian,[ˈäd͡ʑ]
Komi-Zyrian,[ˈt͡ɕo̞j]
Komi-Zyrian,[ˈtäɫun]
Komi-Zyrian,[ˈko̞dkɘ]
Komi-Zyrian,/ˈʋit/
Komi-Zyrian,[-sä]
Komi-Zyrian,[ˈʋit͡ɕ]
Komi-Zyrian,[ˈɡɘrd]
Komi-Zyrian,/ˈmɑmuk/
Komi-Zyrian,/ˈtat͡ʃɘm/
Komi-Zyrian,/ˈtɯrp/
Komi-Zyrian,/ˈporoz/
Komi-Zyrian,/ˈluk/
Komi-Zyrian,[ˈbɯ̈k]
Komi-Zyrian,/ˈɕedlɘ/
Komi-Zyrian,/ˈkeʋ/
Komi-Zyrian,[ˈpɘrjäɕän]
Komi-Zyrian,/ˈɘʃiɲ/
Komi-Zyrian,/ˈɡɯrɕa/
Komi-Zyrian,/ˈɲeʋesta/
Komi-Zyrian,[ˈjunɯ̈]
Komi-Zyrian,[ˈʎɘb]
Komi-Zyrian,/ˈsarid͡ʑ/
Komi-Zyrian,/ˈtuʋ/
Komi-Zyrian,/abˈzat͡s/
Komi-Zyrian,[ˈɕurä]
Komi-Zyrian,/ˈd͡ʑoɲ/
Komi-Zyrian,/ˈma/
Komi-Zyrian,/ˈɡɘn/
Komi-Zyrian,[ˈpo̞ʎ]
Komi-Zyrian,/ˈmɯj ˈsɯlɘn ˈɲimɯs/
Komi-Zyrian,[ˈɫäpɘd]
Komi-Zyrian,[ˈʃ̺ʎäpä]
Komi-Zyrian,[ˈez]
Komi-Zyrian,/ˈpet͡ɕora/
Komi-Zyrian,[ˈʋo̞ʎɘs]
Komi-Zyrian,[ˈzärɲi]
Komi-Zyrian,[ˈjäjesɲit͡ɕä]
Komi-Zyrian,[ˈʎeʋ]
Komi-Zyrian,[ˈbäjdɘɡ]
Komi-Zyrian,/ˈplɘtɲik/
Komi-Zyrian,[ˈt͡ɕuʒ̺ɘm]
Komi-Zyrian,[ˈʋo̞d͡ʑ]
Komi-Zyrian,/ˈɕiɕ/
Komi-Zyrian,[ˈɡɘɡiɲ]
Komi-Zyrian,/ˈkɯʋt͡ɕukɘr/
Komi-Zyrian,[ˈɕur]
Komi-Zyrian,/ˈtɯɕat͡ɕa/
Komi-Zyrian,/ˈdoz/
Komi-Zyrian,[äʋˈto̞bus]
Komi-Zyrian,/iˈjuɲ/
Komi-Zyrian,/ˈtupɨlʲ/
Komi-Zyrian,/ˈlebnɯ/
Komi-Zyrian,[ˈunä]
Komi-Zyrian,/ˈpu/
Komi-Zyrian,[ˈɫɯ̈s]
Komi-Zyrian,[-ä]
Komi-Zyrian,/ˈbac/
Komi-Zyrian,[ˈro̞t]
Komi-Zyrian,/ˈkodi/
Komi-Zyrian,[ˈko̞z]
Komi-Zyrian,/ˈɡɘlɘs/
Komi-Zyrian,/ˈkɘkjamɯs/
Komi-Zyrian,[ˈɘnɯ̈r]
Komi-Zyrian,[ˈʋɘtnɯ̈]
Komi-Zyrian,[ˈpuʋ]
Komi-Zyrian,[ceʎeˈfo̞n]
Komi-Zyrian,/finˈʎanɟija/
Komi-Zyrian,/ˈɕinkɯm/
Komi-Zyrian,/ˈkomi/
Komi-Zyrian,/ˈd͡ʑod͡ʑɘɡ/
Komi-Zyrian,[ˈkɘkjämɯ̈zdäs]
Komi-Zyrian,/ˈkomiaɕnɯ/
Komi-Zyrian,[ˈʋo̞ɕtɯ̈nɯ̈]
Komi-Zyrian,[ˈko̞ʑin]
Komi-Zyrian,/ˈoːnɯ/
Komi-Zyrian,/ˈnoko/
Komi-Zyrian,/ˈasɯʋɯː/
Komi-Zyrian,/ˈʎɘb/
Komi-Zyrian,/ˈeɲka/
Komi-Zyrian,/ˈʋɘtnɯ/
Komi-Zyrian,/raʋˈɲina/
Komi-Zyrian,[ˈʋɯ̈ʋ]
Komi-Zyrian,/ˈʋal/
Komi-Zyrian,[ˈɕo̞r]
Komi-Zyrian,/ˈʋid͡ʑnɯ/
Komi-Zyrian,[ʋerbˈʎud]
Komi-Zyrian,[ˈʋo̞äʋnɯ̈]
Komi-Zyrian,/ʎitˈʋa/
Komi-Zyrian,[ˈrut͡ɕiʎ]
Komi-Zyrian,[ˈro̞t͡ɕäko̞miäɕnɯ̈]
Komi-Zyrian,/ˈpɯʋɕɯnɯ/
Komi-Zyrian,/naˈrod/
Komi-Zyrian,/ˈfin/
Komi-Zyrian,/ʒiˈʋotnɘj/
Komi-Zyrian,/ˈtor/
Komi-Zyrian,/ˈʃajt/
Komi-Zyrian,[ˈɕo̞]
Komi-Zyrian,/ˈɡort/
Komi-Zyrian,/-ɘs/
Komi-Zyrian,/ˈʋetɯmɯn/
Komi-Zyrian,/ˈpuʒ/
Komi-Zyrian,/ˈɘkmɯsdas/
Komi-Zyrian,[uˈt͡ɕiceʎ]
Komi-Zyrian,[ˈpɫäɡ]
Komi-Zyrian,/ˈmenam ˈɲimɘj/
Komi-Zyrian,[ˈtɯ̈ː]
Komi-Zyrian,/-ʑɯnɯ/
Komi-Zyrian,[ˈturipi]
Komi-Zyrian,[ˈmäm]
Komi-Zyrian,/ˈʋtorɲik/
Komi-Zyrian,/arˈterija/
Komi-Zyrian,/-aɕnɯ/
Komi-Zyrian,/ˈpɘʎ/
Komi-Zyrian,[ˈkɯ̈j]
Komi-Zyrian,[ˈziʎ]
Komi-Zyrian,/ˈt͡ɕetʋerɡ/
Komi-Zyrian,[ˈo̞ʃ̺]
Komi-Zyrian,[ˈfin]
Komi-Zyrian,/ˈd͡ʒɯn/
Komi-Zyrian,[ˈʃ̺o̞mjɘʋ]
Komi-Zyrian,[ˈjen]
Komi-Zyrian,[ˈko̞di]
Komi-Zyrian,/ˈʋotnɯ/
Komi-Zyrian,/ˈɕorɲi/
Komi-Zyrian,/-ɘm/
Komi-Zyrian,/ˈʋir/
Komi-Zyrian,/ˈsod/
Komi-Zyrian,[ˈkukäɲ]
Komi-Zyrian,/markˈɕiz(ɘ)m/
Komi-Zyrian,/ˈɯlna/
Komi-Zyrian,/iˈjuʎ/
Komi-Zyrian,[ˈɘci]
Komi-Zyrian,[ˈdo̞r]
Komi-Zyrian,[ɟiˈämet(ɘ)r]
Komi-Zyrian,[ˈɫɯ̈jnɯ̈]
Komi-Zyrian,/ˈat͡ɕɯs/
Komi-Zyrian,/ˈʃomɘs/
Komi-Zyrian,/ˈtulɯs/
Komi-Zyrian,[ˈt͡ɕäʎ]
Komi-Zyrian,/ˈkɯt͡ɕi/
Komi-Zyrian,[-ät͡ɕ]
Komi-Zyrian,[ˈt͡ɕäɲ]
Komi-Zyrian,[ˈʋiɯ̈ɕ]
Komi-Zyrian,/buˈtɯlka/
Komi-Zyrian,[ˈpɘʎ]
Komi-Zyrian,/ˈporɕpi/
Komi-Zyrian,[ˈʋo̞ʒ̺]
Komi-Zyrian,/ˈʋiʒ/
Komi-Zyrian,/ˈɲeʎamɯn/
Komi-Zyrian,[isˈto̞rijä]
Komi-Zyrian,[ˈbäʎä]
Komi-Zyrian,/ˈɕiʑim/
Komi-Zyrian,[ˈɕɘktä]
Komi-Zyrian,/ɕenˈcab/
Komi-Zyrian,/ˈʋid͡ʑa ˈolan/
Komi-Zyrian,[ˈkɯ̈mɘs]
Komi-Zyrian,[ˈpo̞z]
Komi-Zyrian,/ˈɲep/
Komi-Zyrian,[ˈbäɟ]
Komi-Zyrian,[ˈɕedɫɘ]
Komi-Zyrian,/ˈki/
Komi-Zyrian,/ˈte/
Komi-Zyrian,[fudˈbo̞ɫ]
Komi-Zyrian,/ˈlɯs/
Komi-Zyrian,/ˈʋedra/
Komi-Zyrian,[ˈʋäɫ]
Komi-Zyrian,[ˈʃ̺ʋet͡sijä]
Komi-Zyrian,[ˈäbutɘm]
Komi-Zyrian,[ˈɡɘtɯ̈r]
Komi-Zyrian,[ˈɯ̈d͡ʒ̺dä]
Komi-Zyrian,/-ɘdnɯ/
Komi-Zyrian,[ˈɕäm]
Komi-Zyrian,/ˈʋɘralɯɕ/
Komi-Zyrian,[ˈkɯ̈]
Komi-Zyrian,/ˈʋɯʎːun/
Komi-Zyrian,/ˈpiʋiɯɕ/
Komi-Zyrian,/ˈʋonɯ/
Komi-Zyrian,[ˈɯ̈d͡ʒ̺ɯ̈d]
Komi-Zyrian,[ˈt͡ʃ̺ɘkä]
Komi-Zyrian,/ˈɘd/
Komi-Zyrian,[ˈäsko̞mɯ̈ɕ]
Komi-Zyrian,[ˈo̞z]
Komi-Zyrian,/ˈɲiʑ/
Komi-Zyrian,[ˈeɡ]
Komi-Zyrian,[ˈpur]
Komi-Zyrian,/ˈmɯʃ/
Komi-Zyrian,/ˈtɘlun/
Komi-Zyrian,/ˈʋeɕ/
Komi-Zyrian,/ˈdorɘs/
Komi-Zyrian,/ˈkulɘm/
Komi-Zyrian,/ˈdrob/
Komi-Zyrian,/ˈɘciɘn ˈd͡ʒɯnjɘn/
Komi-Zyrian,[ˈät͡ɕɯ̈m]
Komi-Zyrian,/ˈzob/
Komi-Zyrian,/ˈlapɘd/
Komi-Zyrian,[ˈstrɘpiɫɘ]
Komi-Zyrian,[ˈʋeʋt]
Komi-Zyrian,[ˈzo̞nkä]
Komi-Zyrian,/ˈmɯɕkɯnɯ/
Komi-Zyrian,[ˈɡɘp]
Komi-Zyrian,[ˈbɯ̈ɡ]
Komi-Zyrian,[ˈbuɫkä]
Komi-Zyrian,[ˈuʑnɯ̈]
Komi-Zyrian,/ˈʋorsnɯ/
Komi-Zyrian,/uˈt͡ɕeɲije/
Komi-Zyrian,/-kɘ/
Komi-Zyrian,/ˈmoɡ/
Komi-Zyrian,/ˈpiɕmɘ/
Komi-Zyrian,/ˈtʲɑvɡɨnɨ/
Komi-Zyrian,/ˈd͡ʒud͡ʒɯd/
Komi-Zyrian,[ˈɫɯ̈m]
Komi-Zyrian,/ˈludik/
Komi-Zyrian,/ˈʃom/
Komi-Zyrian,[ˈno̞m]
Komi-Zyrian,[ˈʋem]
Komi-Zyrian,/ˈrɯtɯʋ/
Komi-Zyrian,/ˈbajar/
Komi-Zyrian,[ˈciɡ(ɘ)r]
Komi-Zyrian,/ˈrot͡ɕakomiaɕnɯ/
Komi-Zyrian,/ˈɲefc/
Komi-Zyrian,/ˈt͡ɕat͡ɕa/
Komi-Zyrian,/ˈʋena/
Komi-Zyrian,[ˈpɘɕ]
Komi-Zyrian,/ˈlɯd/
Komi-Zyrian,/ˈiz/
Komi-Zyrian,[ˈɡɘtɯ̈rä]
Komi-Zyrian,[ˈkɯ̈ɲ]
Komi-Zyrian,[ˈkucän]
Komi-Zyrian,[ˈjo̞rtɫun]
Komi-Zyrian,/ˈzarɲi/
Komi-Zyrian,/abaˈʒur/
Komi-Zyrian,[ˈbɘʒ̺]
Komi-Zyrian,[ˈjuɘr]
Komi-Zyrian,[ˈɲit͡ʃ̺]
Komi-Zyrian,[ˈɫäp]
Komi-Zyrian,[ˈcɘt]
Komi-Zyrian,[ˈturi]
Komi-Zyrian,[ˈko̞mɯ̈n]
Komi-Zyrian,/ˈʋɯʎ/
Komi-Zyrian,/ˈus/
Komi-Zyrian,/ˈʃondi/
Komi-Zyrian,[ˈɡo̞rt]
Komi-Zyrian,/ˈkidas/
Komi-Zyrian,[kɘkˈjämɯ̈s]
Komi-Zyrian,/ˈpoʎe/
Komi-Zyrian,/ˈkuʃman/
Komi-Zyrian,[-ɘm]
Komi-Zyrian,/ˈpom/
Komi-Zyrian,[ˈen]
Komi-Zyrian,[ˈte]
Komi-Zyrian,[ˈɕɘdbɘʒ̺]
Komi-Zyrian,[-äʋnɯ̈]
Komi-Zyrian,[ˈʋurd]
Komi-Zyrian,/ˈɘɡuret͡ɕ/
Komi-Zyrian,[ˈʋud͡ʒ̺ɘr]
Komi-Zyrian,/ˈrot͡ɕ/
Komi-Zyrian,[ˈʋɯ̈j]
Komi-Zyrian,/ˈt͡ɕukɘrtnɯ/
Komi-Zyrian,[ˈpo̞ʒ̺]
Komi-Zyrian,/ˈmɯjkɘ/
Komi-Zyrian,[ˈɲeko̞d]
Komi-Zyrian,/ˈakajtnɯ/
Komi-Zyrian,[ˈpɘk]
Komi-Zyrian,/pinɡˈʋinpi/
Komi-Zyrian,[ˈko̞d]
Komi-Zyrian,[ˈɕɘm]
Komi-Zyrian,[ˈrut͡ɕ]
Komi-Zyrian,[ˈperʋo̞j]
Komi-Zyrian,/ˈʋeʒalun/
Komi-Zyrian,/ˈkat͡ʃa(ʔ)anɘj/
Komi-Zyrian,/ˈpɘdruɡa/
Komi-Zyrian,[äpˈreʎ]
Komi-Zyrian,/ˈdoɟ/
Komi-Zyrian,[ˈʋid͡ʑ]
Komi-Zyrian,/ˈkoʎta/
Komi-Zyrian,[ˈiʑʋä]
Komi-Zyrian,[ˈɫɯ̈m ˈmo̞rt]
Komi-Zyrian,/ˈtɯʃ/
Komi-Zyrian,[ˈɕɯ̈ːnɯ̈]
Komi-Zyrian,/ˈjuk/
Komi-Zyrian,[ˈmärt]
Komi-Zyrian,/ˈzon/
Komi-Zyrian,/ˈacːɘaʋnɯ/
Komi-Zyrian,/ˈuʋ/
Komi-Zyrian,/ˈolan/
Komi-Zyrian,/ˈbord/
Komi-Zyrian,/ˈʋeʒa/
Komi-Zyrian,[ˈpiɕmɘ]
Komi-Zyrian,[ˈpäɕtä]
Komi-Zyrian,/ˈjasɯd/
Komi-Zyrian,/ˈpɯdɘs/
Komi-Zyrian,[ˈʋo̞k]
Komi-Zyrian,[ˈɕɘd ˈo̞ʃ̺]
Komi-Zyrian,/ˈen/
Komi-Zyrian,/ˈpaʎajka/
Komi-Zyrian,/ˈɕɯːnɯ/
Komi-Zyrian,/ˈparma/
Komi-Zyrian,/ˈtuːsoː/
Komi-Zyrian,/ˈmortʋiɯɕ/
Komi-Zyrian,/ˈt͡ʃəɡ/
Komi-Zyrian,/ˈʃɯd/
Komi-Zyrian,/ˈmit͡ɕ/
Komi-Zyrian,/ˈflaɡ/
Komi-Zyrian,[ˈɕi]
Komi-Zyrian,/ˈʋasa/
Komi-Zyrian,[ˈjurkä]
Komi-Zyrian,[ˈtɘʋär]
Komi-Zyrian,[ˈʋo̞ʎ]
Komi-Zyrian,[ˈkuk]
Komi-Zyrian,/ˈbaba/
Komi-Zyrian,/ˈras/
Komi-Zyrian,/ˈkɯj/
Komi-Zyrian,[ˈro̞s]
Komi-Zyrian,/ancibiˈocik/
Komi-Zyrian,[ˈnɯ̈ɫänɘj]
Komi-Zyrian,/ˈrud ˈoʃ/
Komi-Zyrian,/ˈujnɯ/
Komi-Zyrian,[ˈo̞ʋnɯ̈]
Komi-Zyrian,[ˈpo̞rɕ]
Komi-Zyrian,/ˈɘɡuret͡s/
Komi-Zyrian,[ˈpet͡ɕo̞rä]
Komi-Zyrian,/ˈɕor/
Komi-Zyrian,/ˈpɘʋ/
Komi-Zyrian,/ˈtulan/
Komi-Zyrian,/ˈomɘʎ/
Komi-Zyrian,[ˈʋɘrkäɕ]
Komi-Zyrian,[ˈʋɘskreɕeɲːɘ]
Komi-Zyrian,[ˈrud]
Komi-Zyrian,[ˈezɯ̈ɕ]
Komi-Zyrian,[ˈsɯ̈ktɯ̈ʋ]
Komi-Zyrian,/ˈpuː/
Komi-Zyrian,[uˈt͡ɕeɲije]
Komi-Zyrian,[ˈäɡäs]
Komi-Zyrian,[ˈjɘjuk]
Komi-Zyrian,[ˈɫɯ̈]
Komi-Zyrian,[ˈzɘr]
Komi-Zyrian,[ˈko̞mi]
Komi-Zyrian,[ˈɡäʒ̺ä]
Komi-Zyrian,[ˈɡezjäs]
Komi-Zyrian,/ˈmusuk/
Komi-Zyrian,[ˈmo̞j]
Komi-Zyrian,[ˈko̞dɕurɘ]
Komi-Zyrian,[ˈäʋɡust]
Komi-Zyrian,/ˈt͡ʃɘt͡ʃɯd/
Komi-Zyrian,/ˈɕur/
Komi-Zyrian,[ˈɡät͡ɕ]
Komi-Zyrian,/ˈaist/
Komi-Zyrian,/ˈjur/
Komi-Zyrian,/-ɕurɘ/
Komi-Zyrian,/ˈʑiʎɡɯnɯ/
Komi-Zyrian,/piˈlot/
Komi-Zyrian,[ˈtuj]
Komi-Zyrian,/ˈɕinlap/
Komi-Zyrian,/ˈkoʑin/
Komi-Zyrian,[ˈʋo̞ɕsä]
Komi-Zyrian,/ˈkaɕ/
Komi-Zyrian,/ˌnʲɑnʲ ˈʃoməs/
Komi-Zyrian,[cuˈʎeɲ]
Komi-Zyrian,/ˈrot͡ɕmu/
Komi-Zyrian,/ˈɲit͡ʃ/
Komi-Zyrian,[ˈo̞ːnɯ̈]
Komi-Zyrian,[ˈʋer]
Komi-Zyrian,[ˈso̞bo̞ʎ]
Komi-Zyrian,/ˈaski/
Komi-Zyrian,/ˈuʋtɯs/
Komi-Zyrian,[ˈro̞t͡ɕɘdnɯ̈]
Komi-Zyrian,[duriˈän]
Komi-Zyrian,[ˈkɘt͡ɕiʎ]
Komi-Zyrian,[ˈuʋtɯ̈s]
Komi-Zyrian,/ˈʃud/
Komi-Zyrian,[ˈɡɘɫɘs]
Komi-Zyrian,/ˈʋeʋtɘs/
Komi-Zyrian,[ˈʋo̞jʋɯ̈ʋ]
Komi-Zyrian,/ˈɡoʒem/
Komi-Zyrian,/ˈabutɘm/
Komi-Zyrian,[ˈʋit]
Komi-Zyrian,[ˈɡɘsc]
Komi-Zyrian,/ˈʋot͡ɕa ˈt͡ɕoj/
Komi-Zyrian,[ˈmusuk]
Komi-Zyrian,/ˈrut͡ɕiʎ/
Komi-Zyrian,[ˈro̞t͡ɕ]
Komi-Zyrian,/ˈmɘɕɘr/
Komi-Zyrian,/ˈtɯ/
Komi-Zyrian,[äʋto̞ˈbus]
Komi-Zyrian,[ˈt͡ɕɘd]
Komi-Zyrian,/ˈeʒa/
Komi-Zyrian,[ˈʎɘm]
Komi-Zyrian,[ˈɘciɘn ˈd͡ʒ̺ɯ̈njɘn]
Komi-Zyrian,/ˈmort/
Komi-Zyrian,/poˈʎarnɘj/
Komi-Zyrian,[ˈkɯ̈d͡ʑ]
Komi-Zyrian,/-sa/
Komi-Zyrian,/ˈnɯː/
Komi-Zyrian,[ˈɲid͡ʑuʋ]
Komi-Zyrian,[ˈʎek]
Komi-Zyrian,[ˈeɲkä]
Komi-Zyrian,[ˈpo̞ʒ̺ɘm]
Komi-Zyrian,[ˈo̞ɫɘm]
Komi-Zyrian,[ˈɡo̞ʒ̺ɘm]
Komi-Zyrian,[ˈɡɘɡɘrä]
Komi-Zyrian,[ɕenˈcäb]
Komi-Zyrian,/ˈɕer/
Komi-Zyrian,[ˈɘʃ̺]
Komi-Zyrian,/ˈpoz/
Komi-Zyrian,[ˈuʋt]
Komi-Zyrian,/ˈtuj/
Komi-Zyrian,/ˈɡɘr/
Komi-Zyrian,[ˈkäd]
Komi-Zyrian,[beˈɫo̞k]
Komi-Zyrian,/ˈpɯʃ/
Komi-Zyrian,/ˈkɯrnɯʃ/
Komi-Zyrian,[ˈduʎ]
Komi-Zyrian,[ˈɟäɟ]
Komi-Zyrian,/ˈt͡ɕuʃ/
Komi-Zyrian,[ˈpo̞rɕpi]
Komi-Zyrian,/ˈʋnut͡ɕka/
Komi-Zyrian,[ˈɘt͡ɕereɟ]
Komi-Zyrian,[ˈɲo̞ʎ]
Komi-Zyrian,/ˈloʋ/
Komi-Zyrian,[ˈkuci]
Komi-Zyrian,[po̞ˈʎärnɘj ˈkɘin]
Komi-Zyrian,[ˈbɯ̈d]
Komi-Zyrian,[ˈʃ̺ɯ̈]
Komi-Zyrian,[ˈʋo̞d͡ʑkɯ̈ʋ]
Komi-Zyrian,/ˈɡɯʒ/
Komi-Zyrian,/ˈʃɯdɘs/
Komi-Zyrian,[ˈpɯ̈ʑ]
Komi-Zyrian,/ˈkɯt͡ɕan/
Komi-Zyrian,[ˈɯ̈ʋɫä]
Komi-Zyrian,[ˈpɘrt]
Komi-Zyrian,[ˈäsɯ̈ʋʋɯ̈ʋ]
Komi-Zyrian,/ˈbobuʋ/
Komi-Zyrian,/-koɟ/
Komi-Zyrian,/ˈlaɕit͡ɕa/
Komi-Zyrian,/-jas/
Komi-Zyrian,[ˈmenäm ˈɲimɘj]
Komi-Zyrian,/ˈʃːeʎ/
Komi-Zyrian,/ˈtərɨt/
Komi-Zyrian,[ˈɘ]
Komi-Zyrian,[ˈʋɘrsä]
Komi-Zyrian,/ˈsʲorən/
Komi-Zyrian,/ˈkad/
Komi-Zyrian,[ˈkäɲ]
Komi-Zyrian,[ˈdäɟ]
Komi-Zyrian,[ˈɘkmɯ̈zdäs]
Komi-Zyrian,/ˈʋeʒlɘɡ/
Komi-Zyrian,[ˈʋo̞t͡ɕä ˈt͡ɕo̞j]
Komi-Zyrian,[ˈɡɯ̈rɯ̈ɕ]
Komi-Zyrian,[ˈjɯ̈ʋ]
Komi-Zyrian,/ˈɲebɘɡ/
Komi-Zyrian,/ˈkoʎk/
Komi-Zyrian,[ˈmɯ̈jɕurɘ]
Komi-Zyrian,[ˈsʋo̞d]
Komi-Zyrian,[ˈjäɡ]
Komi-Zyrian,[ˈunäjäs]
Komi-Zyrian,[ˈäski]
Komi-Zyrian,/ˈɡɯrd/
Komi-Zyrian,[-kä]
Komi-Zyrian,/ˈpeʎ/
Komi-Zyrian,/ˈbok/
Komi-Zyrian,/ˈɕord/
Komi-Zyrian,/ˈrot͡ɕaʋnɯ/
Komi-Zyrian,[ˈpiɲ]
Komi-Zyrian,[ˈɘci ˈmɘd]
Komi-Zyrian,/ˈɡɯr/
Komi-Zyrian,[ˈpej]
Komi-Zyrian,[ˈɘcik]
Komi-Zyrian,/ˈduʎ/
Komi-Zyrian,[ˈnɘk]
Komi-Zyrian,/duriˈan/
Komi-Zyrian,[-iʎ]
Komi-Zyrian,/ˈmilɘɕt/
Komi-Zyrian,/ˈmɘda ˈmɘd/
Komi-Zyrian,[ˈko̞s]
Komi-Zyrian,/ˈlat͡ʃɘɡ/
Komi-Zyrian,/ˈɲaɲ/
Komi-Zyrian,/ˈjɘɡra/
Komi-Zyrian,/poˈʎarnɘj ˈkɘin/
Komi-Zyrian,[ˈʃ̺ːeʎ]
Komi-Zyrian,/ʃokoˈlad/
Komi-Zyrian,/ˈt͡ɕoj/
Komi-Zyrian,/ˈbʎud/
Komi-Zyrian,[-kɘ]
Komi-Zyrian,/ˈban/
Komi-Zyrian,[ˈjäj]
Komi-Zyrian,/-iʎ/
Komi-Zyrian,[ˈäd͡ʑːɯ̈ʋnɯ̈]
Komi-Zyrian,[ˈjeneʒ̺]
Komi-Zyrian,[ˈkɘin]
Komi-Zyrian,[ˈsijɘ]
Komi-Zyrian,/ˈbɘʒ/
Komi-Zyrian,[ˈkidäs]
Komi-Zyrian,/ˈʎek/
Komi-Zyrian,/ˈkuʑa/
Komi-Zyrian,/ˈd͡ʒad͡ʒ/
Komi-Zyrian,/ˈt͡ɕeraɲ/
Komi-Zyrian,[ˈkuʑä]
Komi-Zyrian,[ˈmu]
Komi-Zyrian,/ˈob/
Komi-Zyrian,[ˈprud]
Komi-Zyrian,/ˈʒeʎ/
Komi-Zyrian,[ˈtɘɫun]
Komi-Zyrian,[ˈt͡ɕo̞ʒ̺]
Komi-Zyrian,[ˈɡɘscä]
Komi-Zyrian,[ˈbo̞buʋ]
Komi-Zyrian,/ˈʋeʒajka/
Komi-Zyrian,/ˈbon/
Komi-Zyrian,[ˈkät͡ʃ̺ä(ʔ)änɘj]
Komi-Zyrian,/ˈolɘm/
Komi-Zyrian,/ˈolanːɯd/
Komi-Zyrian,[ˈpäɲ]
Komi-Zyrian,/kʋajˈtɯmɯn/
Komi-Zyrian,[ˈʋud͡ʒ̺]
Komi-Zyrian,[piˈɫo̞t]
Komi-Zyrian,/ˈsov/
Komi-Zyrian,/ˈt͡ɕuʒmɘr/
Komi-Zyrian,[ˈäcːɘäʋnɯ̈]
Komi-Zyrian,[ˈɕɘd]
Komi-Zyrian,[ˈmɘdnɯ̈]
Komi-Zyrian,[buˈtɯ̈ɫkä]
Komi-Zyrian,[ˈkuʃ̺män]
Komi-Zyrian,[ˈbäjär]
Komi-Zyrian,[ˈʋid͡ʑɯ̈ɕ]
Komi-Zyrian,[ˈem]
Komi-Zyrian,[ˈʃ̺ko̞ɫä]
Komi-Zyrian,/ˈud͡ʒ/
Komi-Zyrian,/ˈɕɘmɘs/
Komi-Zyrian,/ˈsek/
Komi-Zyrian,/ˈɲɘʋ/
Komi-Zyrian,[ˈäsɯ̈ʋ]
Komi-Zyrian,/ˈɡaʒ/
Komi-Zyrian,[ˈpo̞ro̞z]
Komi-Zyrian,/ˈjɯʋ/
Komi-Zyrian,[ˈjɘz]
Komi-Zyrian,[ˈkʋäjtɯ̈mɯ̈n]
Komi-Zyrian,[ˈpreɲik]
Komi-Zyrian,[ˈtɯ̈ɕät͡ɕä]
Komi-Zyrian,[ˈʋärt͡ɕːɯ̈nɯ̈]
Komi-Zyrian,[ˈɕinɫɯ̈s]
Komi-Zyrian,/ˈɡɘɡiɲ/
Komi-Zyrian,/ˈɡez/
Komi-Zyrian,[ˈkɘrt]
Komi-Zyrian,[ˈʑiʎkɲitnɯ̈]
Komi-Zyrian,[ˈɡo̞ʒ̺]
Komi-Zyrian,[ˈpo̞m]
Komi-Zyrian,/ˈpɯːɕan/
Komi-Zyrian,[ˈɫun]
Komi-Zyrian,[ˈʋärɯ̈ʃ̺]
Komi-Zyrian,/ˈboɕtnɯ/
Komi-Zyrian,[ˈsäɟ]
Komi-Zyrian,[ˈpɘrjäʋnɯ̈]
Komi-Zyrian,[ˈʋɯ̈ɫɯ̈n]
Komi-Zyrian,/ˈɕuʑ/
Komi-Zyrian,[ˈʃ̺ɘrt]
Komi-Zyrian,/ˈi/
Komi-Zyrian,/ˈzi/
Komi-Zyrian,/ˈʋeʋt/
Komi-Zyrian,[ˈäbäj]
Komi-Zyrian,[ˈpuʒ̺]
Komi-Zyrian,[ˈɕuʋ]
Komi-Zyrian,/ˈnajɘ/
Komi-Zyrian,[ˈmɯ̈j ˈsɯ̈ɫɘn ˈɲimɯ̈s]
Komi-Zyrian,/ˈjona/
Komi-Zyrian,[äncibiˈo̞cik]
Komi-Zyrian,[ˈuniɲ]
Komi-Zyrian,/ˈʋɯʎlun/
Komi-Zyrian,[ˈʋɘʋnɯ̈]
Komi-Zyrian,[ˈunäjäsɘs]
Komi-Zyrian,/d͜ʒ/
Komi-Zyrian,[ˈrud ˈo̞ʃ̺]
Komi-Zyrian,[ˈmiɫɘɕt]
Komi-Zyrian,[ˈo̞ɫän]
Komi-Zyrian,[ˈɕo̞rɲi]
Komi-Zyrian,[ˈtɯ̈ʃ̺]
Komi-Zyrian,[ˈsän]
Komi-Zyrian,[ˈpɫɘtɲik]
Komi-Zyrian,[ˈʋo̞t͡ɕä ˈʋo̞k]
Komi-Zyrian,/ˈɕɘkɯd/
Komi-Zyrian,/ˈpɯzan/
Komi-Zyrian,/ˈkaɡa/
Komi-Zyrian,[ˈʋid͡ʑä ˈo̞ɫänːɯ̈d]
Komi-Zyrian,/ˈasɯʋ/
Komi-Zyrian,[ˈɲeʋestä]
Komi-Zyrian,/ˈʋem/
Komi-Zyrian,[ˈɫo̞nɯ̈]
Komi-Zyrian,/ˈponpi/
Komi-Zyrian,[ˈmit͡ɕä]
Komi-Zyrian,[ˈäbu]
Komi-Zyrian,/ˈabar/
Komi-Zyrian,/ˈaɕnɯm/
Komi-Zyrian,[ˈɲäɲ]
Komi-Zyrian,[ˈsur]
Komi-Zyrian,/ˈpɯʑ/
Komi-Zyrian,[ˈnɯ̈ʋkä]
Komi-Zyrian,/ˈʋador/
Komi-Zyrian,[ärˈterijä]
Komi-Zyrian,/ˈt͡ɕoʒ/
Komi-Zyrian,[kʋäjˈtɯ̈mɯ̈n]
Komi-Zyrian,[ˈko̞r]
Komi-Zyrian,[ˈʋo̞rsnɯ̈]
Komi-Zyrian,[ˈjɘɡrä]
Komi-Zyrian,/ˈʋojʋɯʋ/
Komi-Zyrian,[ˈnɯ̈ʋbäbä]
Komi-Zyrian,[ˈfɫäɡ]
Komi-Zyrian,/ˈɲim/
Komi-Zyrian,[ˈstäʋ]
Komi-Zyrian,[ˈʋɘː]
Komi-Zyrian,[ˈkäɕ]
Komi-Zyrian,/ˈmɯj/
Komi-Zyrian,/-at͡ɕ/
Komi-Zyrian,[ˈɡo̞rdä]
Komi-Zyrian,[ˈjɘj]
Komi-Zyrian,[ˈus]
Komi-Zyrian,/ˈʋotorɲik/
Komi-Zyrian,[ˈmed]
Komi-Zyrian,/ˈməvp/
Komi-Zyrian,[ˈpu]
Komi-Zyrian,[ˈzmej]
Komi-Zyrian,/ˈɘkmɯs/
Komi-Zyrian,[ˈjenmänɘj]
Komi-Zyrian,/ˈt͡ɕɘʒ/
Komi-Zyrian,/ˈt͡ɕɘrɘs/
Komi-Zyrian,/futˈbol/
Komi-Zyrian,[ˈkɯ̈t͡ɕän]
Komi-Zyrian,[ˈʋnut͡ɕkä]
Komi-Zyrian,[ˈmɯ̈r]
Komi-Zyrian,/ˈɡorda/
Komi-Zyrian,/mʎekopiˈtajuʃːɘj/
Komi-Zyrian,/ɟiˈamet(ɘ)r/
Komi-Zyrian,[ˈnɯ̈ː]
Komi-Zyrian,[ˈkɯ̈rnɯ̈ʃ̺]
Komi-Zyrian,/-a/
Komi-Zyrian,/ˈpɘrjaɕan/
Komi-Zyrian,[ˈmenäm]
Komi-Zyrian,[ˈki]
Komi-Zyrian,[-tnɯ̈]
Komi-Zyrian,/ˈkod/
Komi-Zyrian,/ˈdorɯn/
Komi-Zyrian,[ˈeʒ̺ä]
Komi-Zyrian,[ˈso̞k]
Komi-Zyrian,/ˈnɯʋbaba/
Komi-Zyrian,/ˈɡɘsca/
Komi-Zyrian,/ˈlɯɟːɯnɯ/
Komi-Zyrian,/ˈpoʎɘ/
Komi-Zyrian,/ˈʋojdɘr/
Komi-Zyrian,[ˈɯ̈d͡ʒ̺ɯ̈d ˈbäc]
Komi-Zyrian,[ˈpeʎɲäɲ]
Komi-Zyrian,[ro̞ˈɕijä]
Komi-Zyrian,[ˈpo̞mkä]
Komi-Zyrian,/ˈʋuɡ/
Komi-Zyrian,/ˈbaɟ/
Komi-Zyrian,[pinɡˈʋinpi]
Komi-Zyrian,/ˈʋuʒ/
Komi-Zyrian,[pinɡˈʋin]
Komi-Zyrian,/alfaˈʋit/
Komi-Zyrian,[ˈʋä]
Komi-Zyrian,[ˈäɲ]
Komi-Zyrian,/ˈʋom/
Komi-Zyrian,[ˈko̞miäɕnɯ̈]
Komi-Zyrian,[ˈɫunʋɯ̈ʋ]
Komi-Zyrian,[ˈo̞ʋmɘs]
Komi-Zyrian,/ˈʃutnɯ/
Komi-Zyrian,[ˈkʋäjt]
Komi-Zyrian,[ˈäbär]
Komi-Zyrian,/ˈad͡ʑːɯnɯ/
Komi-Zyrian,[ˈju]
Komi-Zyrian,/ˈʋad/
Komi-Zyrian,/ˈkar/
Komi-Zyrian,/ˈmaj/
Komi-Zyrian,/ˈmojd/
Komi-Zyrian,[ˈt͡ɕuʒ̺]
Komi-Zyrian,/ˈburɘj/
Komi-Zyrian,[ˈʋeʒ̺äɫun]
Komi-Zyrian,[ˈmit͡ɕ]
Komi-Zyrian,[ˈʋɘräɫɯ̈ɕ]
Komi-Zyrian,/ˈbɘʒa/
Komi-Zyrian,[ˈmo̞rt]
Komi-Zyrian,[ˈzʋer]
Komi-Zyrian,[ˈpäɕkɯ̈d]
Komi-Zyrian,/ˈpaɕkɯd/
Komi-Zyrian,/ˈkɯt͡ʃ/
Komi-Zyrian,/ˈkut͡ʃ/
Komi-Zyrian,/ˈd͡ʒud͡ʒda/
Komi-Zyrian,/ˈpɘt͡ɕ/
Komi-Zyrian,/ˈacːɘ/
Komi-Zyrian,/ˈʃomjɘʋ/
Komi-Zyrian,[ˈko̞ʎk]
Komi-Zyrian,/ˈɕinlɯs/
Komi-Zyrian,/ˈɡɯrk/
Komi-Zyrian,/ˈʋoʎɘs/
Komi-Zyrian,/ˈpiuk/
Komi-Zyrian,/ˈtɘb/
Komi-Zyrian,[ˈmɯ̈jkɘ]
Komi-Zyrian,/ˈkod͡ʑuʋ/
Komi-Zyrian,/apˈreʎ/
Komi-Zyrian,/ˈit͡ɕiɲ/
Komi-Zyrian,/ˈmukɘd/
Komi-Zyrian,[ˈbäʎäpi]
Komi-Zyrian,[ˈt͡ɕɘrɘs]
Komi-Zyrian,/ˈoʃ/
Komi-Zyrian,/ˈɘʃ/
Komi-Zyrian,/ˈaʋɡust/
Komi-Zyrian,/ˈsok/
Komi-Zyrian,/ˈunajas/
Komi-Zyrian,/dʋoˈret͡s/
Komi-Zyrian,[ˈt͡ɕeʎäɟ]
Komi-Zyrian,[ˈpɘɫciɲːik]
Komi-Zyrian,/-ɯs/
Komi-Zyrian,[ˈko̞ɕ]
Komi-Zyrian,/-ɯɕ/
Komi-Zyrian,/ˈd͡ʒod͡ʒ/
Komi-Zyrian,[ˈʋid͡ʑä ˈo̞ɫän]
Komi-Zyrian,[ˈʋo̞z]
Komi-Zyrian,[ˈʋɘʋ]
Komi-Zyrian,[ˈiz]
Komi-Zyrian,/ˈsan/
Komi-Zyrian,[ˈjärän]
Komi-Zyrian,[ˈbän]
Komi-Zyrian,/ˈʋiɯɕ/
Komi-Zyrian,[ˈʋo̞]
Komi-Zyrian,/t͡ɕ/
Komi-Zyrian,/ˈkat͡ʃa/
Komi-Zyrian,/ˈʃkola/
Komi-Zyrian,[ˈko̞d͡ʑnɯ̈]
Komi-Zyrian,/ˈnem/
Komi-Zyrian,/ˈsoboʎ/
Komi-Zyrian,/ˈjen/
Komi-Zyrian,[ˈɫudik]
Komi-Zyrian,/ˈɘci/
Komi-Zyrian,[ˈti]
Komi-Zyrian,[o̞kˈcäb]
Komi-Zyrian,/ˈtɑ/
Komi-Zyrian,/ˈutka(ʔ)aʋnɯ/
Komi-Zyrian,/ˈbus/
Komi-Zyrian,[ˈmo̞jd]
Komi-Zyrian,/ˈɘʃpi/
Komi-Zyrian,[ˈɲɯ̈ʋk]
Komi-Zyrian,/ˈɡeoɡrafija/
Komi-Zyrian,[ˈkɘr]
Komi-Zyrian,[ˈɲinɘm]
Komi-Zyrian,[ˈd͡ʒ̺ud͡ʒ̺dä]
Komi-Zyrian,[ˈäj]
Komi-Zyrian,/ˈɘ/
Komi-Zyrian,[ˈtuɫɯ̈s]
Komi-Zyrian,[ˈnäjɘ]
Komi-Zyrian,/ˈʋid͡ʑa ˈolanːɯd/
Komi-Zyrian,/ˈkɯːnɯ/
Komi-Zyrian,/turkˈmen/
Komi-Zyrian,[ˈɡruʑijä]
Komi-Zyrian,[ˈpeʎ]
Komi-Zyrian,[ˈʋo̞d͡ʑir]
Komi-Zyrian,[ˈt͡ɕɘʒ̺]
Komi-Zyrian,[ˈtɘʋ]
Komi-Zyrian,[ˈʋɘrkäɲ]
Komi-Zyrian,[ˈɕinɫäp]
Komi-Zyrian,/ˈpɘrt/
Komi-Zyrian,/ceʎeˈfon/
Komi-Zyrian,/ˈɘt͡ɕereɟ/
Komi-Zyrian,[ˈkɯ̈ztä]
Komi-Zyrian,/ˈsɯktɯʋ/
Komi-Zyrian,[räʋˈɲinä]
Komi-Zyrian,[ˈʋɘrk]
Komi-Zyrian,/ˈɕikt/
Komi-Zyrian,/ˈʋizuʋ/
Komi-Zyrian,[ˈro̞t͡ɕäɕnɯ̈]
Komi-Zyrian,/ˈnɯlanɘj/
Komi-Zyrian,[ˈpäʃ̺kän]
Komi-Zyrian,[ˈko̞ɟ]
Komi-Zyrian,[ˈtɯ̈ʋ]
Komi-Zyrian,/ˈkoɕ/
Komi-Zyrian,/ˈɕo/
Komi-Zyrian,[ˈpiʋ]
Komi-Zyrian,/ˈʋer/
Komi-Zyrian,/pinɡˈʋin/
Komi-Zyrian,[ˈid]
Komi-Zyrian,[ˈkɯ̈nɯ̈]
Komi-Zyrian,[ˈkut͡ʃ̺]
Komi-Zyrian,[iˈjuɲ]
Komi-Zyrian,/ɟeˈkab/
Komi-Zyrian,/ˈsudno/
Komi-Zyrian,[ˈkuɫɘm]
Komi-Zyrian,/d͡ʑ/
Komi-Zyrian,/ˈkoʎ/
Komi-Zyrian,[ˈuɲɘ]
Komi-Zyrian,[ˈjuɡɘr]
Komi-Zyrian,/ˈt͡ɕɘskɯd/
Komi-Zyrian,[ˈʋɯ̈ʎːɘʋ]
Komi-Zyrian,/ˈun/
Komi-Zyrian,[ˈʑiʎɡɯ̈nɯ̈]
Komi-Zyrian,/ˈkerɘs/
Komi-Zyrian,[ˈt͡ɕɘskɯ̈d]
Komi-Zyrian,/ˈad͡ʑːɯʋnɯ/
Komi-Zyrian,/ˈpeʎa/
Komi-Zyrian,/ˈʋerɘs/
Komi-Zyrian,/ˈzib/
Komi-Zyrian,[ˈo̞ɫänːɯ̈d]
Komi-Zyrian,/ˈdi/
Komi-Zyrian,/ˈbur/
Komi-Zyrian,[-ɘdnɯ̈]
Komi-Zyrian,/ˈsɯ/
Komi-Zyrian,/ˈlɯjnɯ/
Komi-Zyrian,[kɘkˈjämɯ̈zdäs]
Komi-Zyrian,/ˈtenad/
Komi-Zyrian,[ˈmɯ̈ɕkɯ̈nɯ̈]
Komi-Zyrian,/ˈpud/
Komi-Zyrian,/ˈtɘʋar/
Komi-Zyrian,/ˈkok/
Komi-Zyrian,/ˈt͡ʃak/
Komi-Zyrian,/ˈpɘrjaɕan ˈlun/
Komi-Zyrian,[ˈt͡ɕuʃ̺]
Komi-Zyrian,/ˈkɯmɘs/
Komi-Zyrian,/ˈpos/
Komi-Zyrian,/ˈɡɘɡɘra/
Komi-Zyrian,[ˈberd]
Komi-Zyrian,/ˈɡɘp/
Komi-Zyrian,/ˈʋud͡ʒɘr/
Komi-Zyrian,/ˈjɘj/
Komi-Zyrian,[ˈkɯ̈ːnɯ̈]
Komi-Zyrian,[ˈtɘdnɯ̈]
Komi-Zyrian,[ˈt͡ɕukɘrt͡ɕːɯ̈nɯ̈]
Komi-Zyrian,[ˈsi]
Komi-Zyrian,[ˈɡɯ̈rk]
Komi-Zyrian,[ˈʋeʒ̺äɲ]
Komi-Zyrian,[ˈʋis]
Komi-Zyrian,/ˈt͡ɕɘsmaɕnɯ/
Komi-Zyrian,/ˈpar/
Komi-Zyrian,/ˈmɘsʋid͡ʑɯɕ/
Komi-Zyrian,/ɲeˈʎamɯn/
Komi-Zyrian,/ˈmɯj ˈtijan ˈɲimnɯd/
Komi-Zyrian,[ˈäɕnɯ̈s]
Komi-Zyrian,[ˈdo̞rɘs]
Komi-Zyrian,/ˈmore/
Komi-Zyrian,[ˈɲuːɕiɕ]
Komi-Zyrian,[ˈsɘn]
Komi-Zyrian,/ˈɡɘtɯra/
Komi-Zyrian,[ˈɘd]
Komi-Zyrian,/ˈʋojdɘrlun/
Komi-Zyrian,[ˈnɘb]
Komi-Zyrian,/ˈenlɘj/
Komi-Zyrian,/ˈʋa/
Komi-Zyrian,/ˈturi/
Komi-Zyrian,/ˈɯd͡ʒɯd/
Komi-Zyrian,/ˈʋo/
Komi-Zyrian,/ˈkɯs/
Komi-Zyrian,/ˈd͡ʒeɲɯd/
Komi-Zyrian,/ˈdrɘb/
Komi-Zyrian,/okˈcab/
Komi-Zyrian,/ˈdaʋ/
Komi-Zyrian,[ˈpemɯ̈d]
Komi-Zyrian,/ˈpemɯd/
Komi-Zyrian,[ˈjuk]
Komi-Zyrian,/ˈkerka/
Komi-Zyrian,[ˈunäj]
Komi-Zyrian,[ˈt͡ɕo̞ʃ̺ɘ]
Komi-Zyrian,/ˈt͡ɕuʒ/
Komi-Zyrian,/ˈeʒʋa/
Komi-Zyrian,/ˈt͡ʃɘka/
Komi-Zyrian,[ˈät͡ɕɯ̈s]
Komi-Zyrian,[äbriˈko̞s]
Komi-Zyrian,/ˈsʋod/
Komi-Zyrian,[ˈt͡ɕirk]
Komi-Zyrian,/ˈtuʋsoʋ/
Komi-Zyrian,[ˈbän ˈbo̞k]
Komi-Zyrian,[ˈmɯ̈ʃ̺]
Komi-Zyrian,/ˈɡrezd/
Komi-Zyrian,[ʋiˈnä]
Komi-Zyrian,/ˈətʲiˌmədəs/
Komi-Zyrian,[ˈko̞rek]
Komi-Zyrian,[ˈjuɕ]
Komi-Zyrian,[ˈkɯ̈ʑ]
Komi-Zyrian,[ˈdo̞z]
Komi-Zyrian,/ˈur/
Komi-Zyrian,/ˈʃeɡ/
Komi-Zyrian,/ˈt͡ɕipam/
Komi-Zyrian,[ˈɕo̞jnɯ̈]
Komi-Zyrian,/ˈpuʋ/
Komi-Zyrian,/ˈkɯd͡ʑ/
Komi-Zyrian,[ˈʋo̞jdɘr]
Komi-Zyrian,[ˈsɘp]
Komi-Zyrian,/ˈɯʒ/
Komi-Zyrian,[ˈkäɲpi]
Komi-Zyrian,/ˈkoʋ/
Komi-Zyrian,/ˈutka/
Komi-Zyrian,[ˈɡeb]
Komi-Zyrian,[ˈt͡ɕɘr]
Komi-Zyrian,[ˈkɘinpi]
Komi-Zyrian,/aʋtoˈbus/
Komi-Zyrian,/ˈɕɘla/
Komi-Zyrian,[ˈʒ̺eʎ]
Komi-Zyrian,/ˈkomɯn/
Komi-Zyrian,[ˈo̞n]
Komi-Zyrian,[ˈɡɯ̈rd]
Komi-Zyrian,/ˈkuk/
Komi-Zyrian,/ˈabu/
Komi-Zyrian,[ˈpɯ̈dnä]
Komi-Zyrian,/ˈkɯnɯ/
Komi-Zyrian,[ˈʃ̺o̞t͡ɕ]
Komi-Zyrian,/ˈmek/
Komi-Zyrian,/ˈpoːnɯ/
Komi-Zyrian,[ˈdi]
Komi-Zyrian,[ˈkɯ̈s]
Komi-Zyrian,[ˈko̞dɯ̈r]
Komi-Zyrian,/ˈɘtkɯmɯn/
Komi-Zyrian,/ˈkodɯr/
Komi-Zyrian,[ˈɫo̞ː]
Komi-Zyrian,[ˈɘɡuret͡s]
Komi-Zyrian,/ˈzmej/
Komi-Zyrian,[ˈpɘrjäɕnɯ̈]
Komi-Zyrian,/ˈnom/
Komi-Zyrian,/ˈɕura/
Komi-Zyrian,/ʋiˈna/
Komi-Zyrian,[ˈkuʑ]
Komi-Zyrian,[ˈker]
Komi-Zyrian,[turkˈmen]
Komi-Zyrian,[ˈkɯ̈k]
Komi-Zyrian,/ˈuksus/
Komi-Zyrian,/ˈpiɲ/
Komi-Zyrian,/ˈcɘt/
Komi-Zyrian,[ˈɫɯ̈ɟːɯ̈nɯ̈]
Komi-Zyrian,[ˈmo̞rtʋiɯ̈ɕ]
Komi-Zyrian,[ˈʃ̺ɯ̈d]
Komi-Zyrian,/ˈɯb/
Komi-Zyrian,[ˈɡɯ̈r]
Komi-Zyrian,/ˈʋɘː/
Komi-Zyrian,[ˈʒ̺ɘɲik]
Komi-Zyrian,[ˈbʎud]
Komi-Zyrian,[ˈɡɯ̈t͡ɕ]
Komi-Zyrian,[ˈʋo̞jdɘrɫun]
Komi-Zyrian,[änciˈceɫɘ]
Komi-Zyrian,[ˈʋir]
Komi-Zyrian,/ˈkuz/
Komi-Zyrian,/ˈpɘrjaɕnɯ/
Komi-Zyrian,/ˈkaʎa/
Komi-Zyrian,[ˈɯ̈d͡ʒ̺ɯ̈d ˈäj]
Komi-Zyrian,/ˈzɘr/
Komi-Zyrian,/ˈprud/
Komi-Zyrian,/ˈasɯ/
Komi-Zyrian,[ˈʋetɯ̈mɯ̈n]
Komi-Zyrian,/ˈeɡ/
Komi-Zyrian,/ˈkɯʋnɯ/
Komi-Zyrian,[ˈrɯ̈t]
Komi-Zyrian,/sim/
Komi-Zyrian,/ˈɡoʒɘm/
Komi-Zyrian,[ˈpätɲit͡sä]
Komi-Zyrian,[ˈpurt]
Komi-Zyrian,/ˈʋoaʋnɯ/
Komi-Zyrian,[ɟiäɡo̞ˈnäʎ]
Komi-Zyrian,/ˈjenmanɘj/
Komi-Zyrian,/ˈɲid͡ʑuʋ/
Komi-Zyrian,[ˈʋto̞rɲik]
Komi-Zyrian,/ˈt͡ɕeʎaɟ/
Komi-Zyrian,/ˈʒɯr/
Komi-Zyrian,[ˈɡo̞ʒ̺em]
Komi-Zyrian,[ˈmɘd]
Komi-Zyrian,[ˈutkä(ʔ)äʋnɯ̈]
Komi-Zyrian,/ˈjajesɲit͡ɕa/
Komi-Zyrian,/ˈt͡ɕeri/
Komi-Zyrian,/ˈtɘʋ/
Komi-Zyrian,[ˈzo̞n]
Komi-Zyrian,/ˈlɘd͡ʑ/
Komi-Zyrian,[ˈʋɯ̈ʎːun]
Komi-Zyrian,[ˈɕun]
Komi-Zyrian,/ˈat͡ɕɯd/
Komi-Zyrian,[ˈäcːɘ]
Komi-Zyrian,/ˈsɘn/
Komi-Zyrian,[ˈʋo̞to̞rɲik]
Komi-Zyrian,/ˈon/
Komi-Zyrian,[ˈjo̞rt]
Komi-Zyrian,[ˈʋuz]
Komi-Zyrian,/ˈpelɯɕkaj/
Komi-Zyrian,/aʋˈtobus/
Komi-Zyrian,[ˈʋɘr]
Komi-Zyrian,/ˈtab/
Komi-Zyrian,/resˈpubʎika/
Komi-Zyrian,/ˈlɯm/
Komi-Zyrian,[ˈmek]
Komi-Zyrian,/ˈɡaʒa/
Komi-Zyrian,/-ka/
Komi-Zyrian,[ˈɘʃ̺iɲ]
Komi-Zyrian,[ˈso̞s]
Komi-Zyrian,/ˈad͡ʑ/
Komi-Zyrian,[ˈpeʋ]
Komi-Zyrian,[ˈo̞zɯ̈ɕ]
Komi-Zyrian,/ˈpeʎɲaɲ/
Komi-Zyrian,[ˈɲefc]
Komi-Zyrian,/ˈat͡ɕɯm/
Komi-Zyrian,/ˈlunʋɯʋ/
Komi-Zyrian,[ˈpeɫɯ̈ɕkäj]
Komi-Zyrian,/ˈkutnɯ/
Komi-Zyrian,[ˈbäc]
Komi-Zyrian,[ˈziʎun]
Komi-Zyrian,/ˈjidi/
Komi-Zyrian,[ˈmeɫ]
Komi-Zyrian,/ˈporɕ/
Komi-Zyrian,[ˈɲebɘɡ]
Komi-Zyrian,/ˈɡɯrɯɕ/
Komi-Zyrian,[ˈʋeʒ̺ɫɘɡ]
Komi-Zyrian,[ˈɲur]
Komi-Zyrian,/ˈɡuʎeɲ/
Komi-Zyrian,[ˈɫɯ̈d]
Komi-Zyrian,/ˈʋid͡ʑɯɕ/
Komi-Zyrian,/ˈmɘdnɯ/
Komi-Zyrian,[ˈmi]
Komi-Zyrian,/ˈɕi/
Komi-Zyrian,/ˈmi/
Komi-Zyrian,[ˈdäʋ]
Komi-Zyrian,[ˈɡäɟ]
Komi-Zyrian,[ˈt͡ɕukɘr]
Komi-Zyrian,/peʋˈraʎ/
Komi-Zyrian,[esˈto̞ɲijä]
Komi-Zyrian,/ˈzɯr/
Komi-Zyrian,[ˈmänäk]
Komi-Zyrian,/ˈlebzʲɨnɨ/
Komi-Zyrian,[ˈɡɘr]
Komi-Zyrian,[ˈdrɘbitnɯ̈]
Komi-Zyrian,/ˈʋɘrk/
Komi-Zyrian,/ˈʋɯʎːɘʋ/
Komi-Zyrian,/ˈkodɕurɘ/
Komi-Zyrian,/ˈɲin/
Komi-Zyrian,[ˈpo̞ːnɯ̈]
Komi-Zyrian,/ˈpon/
Komi-Zyrian,/ˈdrɘbitnɯ/
Komi-Zyrian,[ˈjurɕi]
Komi-Zyrian,/ˈant͡ɕa/
Komi-Zyrian,[ˈbus]
Komi-Zyrian,[ˈbur]
Komi-Zyrian,[ˈɡo̞z]
Komi-Zyrian,[ˈɫät͡ʃ̺ɘɡ]
Komi-Zyrian,/ˈker/
Komi-Zyrian,/ˈʋɘskreɕeɲːɘ/
Komi-Zyrian,/ˈkod͡ʑuʋkot/
Komi-Zyrian,[ˈt͡ʃ̺ɘt͡ʃ̺ɯ̈d]
Komi-Zyrian,/ˈkojnɯ/
Komi-Zyrian,[ˈt͡ɕuʋ]
Komi-Zyrian,/ˈjeneʒ/
Komi-Zyrian,/ˈjuɕ/
Komi-Zyrian,[ˈt͡ʃ̺ɯ̈ɡ]
Komi-Zyrian,[ˈätä]
Komi-Zyrian,/ˈt͡ɕoʃɘ/
Komi-Zyrian,/ˈjuɡɘr/
Komi-Zyrian,[ˈäbät͡ɕä]
Komi-Zyrian,[ˈto̞r]
Komi-Zyrian,[ˈd͡ʑo̞ɲ]
Komi-Zyrian,/ˈezɯɕ/
Komi-Zyrian,/ˈɲinɘm/
Komi-Zyrian,/ˈasɯʋʋɯʋ/
Komi-Zyrian,/ˈɯʋla/
Komi-Zyrian,[ˈd͡ʑo̞d͡ʑɘɡ]
Komi-Zyrian,[ˈzib]
Komi-Zyrian,/ˈd͡ʑorid͡ʑ/
Komi-Zyrian,[ˈʋeʋtɘs]
Komi-Zyrian,/ˈɘnɯr/
Komi-Zyrian,[ˈt͡ɕukɘrtnɯ̈]
Komi-Zyrian,/ˈt͡ɕukt͡ɕi/
Komi-Zyrian,/ˈoʋ/
Komi-Zyrian,/ˈpovnɨ/
Komi-Zyrian,[ˈpo̞npi]
Komi-Zyrian,/ˈɡob/
Komi-Zyrian,[ˈɘtä ˈmɘd]
Komi-Zyrian,/ˈparcija/
Komi-Zyrian,[ˈʋärtnɯ̈]
Komi-Zyrian,/ˈpɨdɨn/
Komi-Zyrian,/ˈɡoʎa/
Komi-Zyrian,/ˈɲek/
Komi-Zyrian,/ˈʋartnɯ/
Komi-Zyrian,[ˈɫɘd͡ʑ]
Komi-Zyrian,/ˈʋartt͡ɕɯnɯ/
Komi-Zyrian,/ˈʃot͡ɕ/
Komi-Zyrian,/ˈjunɯ/
Komi-Zyrian,[ˈʋo̞ɕko̞ʋ]
Komi-Zyrian,[ˈzi]
Komi-Zyrian,[ˈt͡ɕo̞m]
Komi-Zyrian,[ˈto̞pɘdnɯ̈]
Komi-Zyrian,/ˈɡurina/
Komi-Zyrian,/ˈpurt/
Komi-Zyrian,[ˈʋerɘs]
Komi-Zyrian,[ˈko̞ʋnɯ̈]
Komi-Zyrian,/ˈrɯɕ/
Komi-Zyrian,[ˈʋinä]
Komi-Zyrian,[ˈburɘj]
Komi-Zyrian,/ˈɕereda/
Komi-Zyrian,/ˈlop/
Komi-Zyrian,[ˈmɯ̈j ˈnäɫɘn ˈɲimjäsnɯ̈s]
Komi-Zyrian,[iˈjuʎ]
Komi-Zyrian,[-ɘs]
Komi-Zyrian,/ˈʋej/
Komi-Zyrian,/ˈkɯʋ/
Komi-Zyrian,[ˈɡɘn]
Komi-Zyrian,/ˈset͡ʃɘm/
Komi-Zyrian,[ˈpeʎä]
Komi-Zyrian,[ˈrezɘb]
Komi-Zyrian,[ˈʋeɕ]
Komi-Zyrian,/ˈunaj/
Komi-Zyrian,/ˈt͡ɕɘr/
Komi-Zyrian,[ˈmɯ̈j ˈtijän ˈɲimnɯ̈d]
Komi-Zyrian,[ˈkät͡ʃ̺ä]
Komi-Zyrian,/ˈɡoz/
Komi-Zyrian,[ˈpo̞p]
Komi-Zyrian,[ˈjäsɯ̈d]
Komi-Zyrian,/ˈnɯʋka/
Komi-Zyrian,[ˈʃ̺ɯ̈dɘs]
Komi-Zyrian,/ˈʋɘʋ/
Komi-Zyrian,/ˈpet͡sʲkɨnɨ/
Komi-Zyrian,/ˈciɡ(ɘ)r/
Komi-Zyrian,/ˈpetas/
Komi-Zyrian,[ˈutkä(ʔ)äɕnɯ̈]
Komi-Zyrian,/ˈʃʋet͡sija/
Komi-Zyrian,/ˈpiʋer/
Komi-Zyrian,/ˈʋeʒaɲ/
Komi-Zyrian,/ˈʋit͡ɕ/
Komi-Zyrian,/ˈtʲɑvzɨnɨ/
Komi-Zyrian,[ˈkuːnɯ̈]
Komi-Zyrian,/-mɯnɯ/
Komi-Zyrian,[ˈunäjɘs]
Komi-Zyrian,/ˈpɯʋɕan/
Komi-Zyrian,/ˈʃuda/
Komi-Zyrian,[ʋo̞skreˈɕeɲje]
Komi-Zyrian,[ˈkɯ̈ʋt͡ɕukɘr]
Komi-Zyrian,[ˈɡo̞rs]
Komi-Zyrian,[ˈko̞d͡ʑuʋ]
Komi-Zyrian,[ˈtiʎ]
Komi-Zyrian,/ˈʋɘrporɕ/
Komi-Zyrian,/ˈvid͡zʲɑ/
Komi-Zyrian,/ˈjuɘr/
Komi-Zyrian,[ˈkɯ̈t͡ʃ̺]
Komi-Zyrian,/ˈuʋt/
Komi-Zyrian,/ˈuʑnɯ/
Komi-Zyrian,/ˈʋoɕsa/
Komi-Zyrian,/abriˈkos/
Komi-Zyrian,/ˈunajɘs/
Komi-Zyrian,[ˈkɯ̈t͡ɕi]
Komi-Zyrian,[ˈun]
Komi-Zyrian,[ˈjed͡ʒ̺ɯ̈d]
Komi-Zyrian,/ˈkotərtnɨ/
Komi-Zyrian,[ˈʃ̺o̞m]
Komi-Zyrian,/ʋoskreˈɕeɲje/
Komi-Zyrian,[ˈɡez]
Komi-Zyrian,[ärˈmeɲijä]
Komi-Zyrian,/ˈʋoan paˈɟeʒ/
Komi-Zyrian,[ˈäkäjtnɯ̈]
Komi-Zyrian,/ˈɡoʒ/
Komi-Zyrian,[ˈäist]
Komi-Zyrian,/ˈdas/
Komi-Zyrian,/ˈiʑʋa/
Komi-Zyrian,/ˈsijɘ/
Komi-Zyrian,[ˈmɯ̈j ˈtenäd ˈɲimɯ̈d]
Komi-Zyrian,/ˈɕurs/
Komi-Zyrian,/ˈɨlɨn/
Komi-Zyrian,/ˈʋɘt/
Komi-Zyrian,[ˈeɲ]
Komi-Zyrian,[ˈjo̞mä]
Komi-Zyrian,[-ɯ̈s]
Komi-Zyrian,/kɘkˈjamɯs/
Komi-Zyrian,[ˈd͡ʒ̺o̞d͡ʒ̺]
Komi-Zyrian,[ˈko̞ʎ]
Komi-Zyrian,[ˈʋenä]
Komi-Zyrian,[ˈtuʋ]
Komi-Zyrian,/ˈrot/
Komi-Zyrian,/ˈbulka/
Komi-Zyrian,/ˈʃɯ/
Komi-Zyrian,/ˈmed/
Komi-Zyrian,/ˈt͡ɕaʎ/
Komi-Zyrian,/ˈdaɟ/
Komi-Zyrian,/ˈjed͡ʒɯd/
Komi-Zyrian,/cuˈʎeɲ/
Komi-Zyrian,/ˈkodkɘ/
Komi-Zyrian,/ˈt͡ɕuʒɘm/
Komi-Zyrian,/ˈjem/
Komi-Zyrian,[ˈpär]
Komi-Zyrian,[ˈmäʎäzi]
Komi-Zyrian,[ˈpɯ̈ʋɕɯ̈nɯ̈]
Komi-Zyrian,[ˈäs]
Komi-Zyrian,[päˈɟeʒ̺]
Komi-Zyrian,[ˈtɘɫɯ̈ɕ]
Komi-Zyrian,/ˈda/
Komi-Zyrian,/ˈʋnuk/
Komi-Zyrian,/ˈmunːɯ/
Komi-Zyrian,[ˈäjänɯ̈ʋ]
Komi-Zyrian,[ˈnɯ̈ʋ]
Komi-Zyrian,[ˈɲeʎämɯ̈n]
Komi-Zyrian,[ˈʋiʒ̺]
Komi-Zyrian,/ˈlap/
Komi-Zyrian,[ˈdo̞rɯ̈n]
Komi-Zyrian,[-mɯ̈nɯ̈]
Komi-Zyrian,/ˈban ˈbok/
Komi-Zyrian,/ˈaɡas/
Komi-Zyrian,[ˈɘkmɯ̈s]
Komi-Zyrian,/ˈabaj/
Komi-Zyrian,/ˈtɯʋ/
Komi-Zyrian,/ˈɕɘd/
Komi-Zyrian,/ˈjɘz/
Komi-Zyrian,[ˈpɯ̈ʒ̺]
Komi-Zyrian,/kɘkˈjamɯsdas/
Komi-Zyrian,[ˈɕuʑ]
Komi-Zyrian,[ˈʃ̺ud]
Komi-Zyrian,[ˈɘʃ̺pi]
Komi-Zyrian,/ʋerbˈʎud/
Komi-Zyrian,/ˈmortɕojɯɕ/
Komi-Zyrian,[ˈpurtɘs]
Komi-Zyrian,/ˈpatɲit͡sa/
Komi-Zyrian,/ˈʋurd/
Komi-Zyrian,/ˈkoz/
Komi-Zyrian,[ˈʋäʒ̺]
Komi-Zyrian,[ˈʋej]
Komi-Zyrian,/ˈkɘt͡ɕ/
Komi-Zyrian,/ˈt͡ɕɘd/
Komi-Zyrian,[ˈtäb]
Komi-Zyrian,[ˈkerɘs]
Komi-Zyrian,[ˈäɕnɯ̈m]
Komi-Zyrian,/ˈjɘʋ/
Komi-Zyrian,/anciˈcelɘ/
Komi-Zyrian,[ˈso̞d]
Komi-Zyrian,/ˈɘni/
Komi-Zyrian,/ˈkucu/
Komi-Zyrian,/ˈmus/
Komi-Zyrian,/ˈpaɕta/
Komi-Zyrian,/ˈajanɯʋ/
Komi-Zyrian,[ˈʋo̞tnɯ̈]
Komi-Zyrian,/ˈpekɲit͡ɕa/
Komi-Zyrian,[ˈäsɯ̈ʋɯ̈ː]
Komi-Zyrian,[ˈsudno̞]
Komi-Zyrian,/beˈlok/
Komi-Zyrian,[ˈo̞ʋ]
Komi-Zyrian,[ˈtɘb]
Komi-Zyrian,[ˈbäbä]
Komi-Zyrian,/ˈɕɘdbɘʒ/
Komi-Zyrian,/ˈmɯr/
Komi-Zyrian,/ˈkɯr/
Komi-Zyrian,[ˈʋurnɯ̈]
Komi-Zyrian,/ˈkɯk/
Komi-Zyrian,/ˈtalun/
Komi-Zyrian,/ˈɡɘsc/
Komi-Zyrian,/ˈjokɯʃ/
Komi-Zyrian,[ˈʋo̞m]
Komi-Zyrian,[ˈɕinkɯ̈m]
Komi-Zyrian,/ˈɟaɟ/
Komi-Zyrian,[ˈd͡ʒ̺ud͡ʒ̺ɯ̈d]
Komi-Zyrian,[ˈpɯ̈dɘs]
Komi-Zyrian,/ˈsuk/
Komi-Zyrian,/ˈrud/
Komi-Zyrian,/ˈmɯjɕurɘ/
Komi-Zyrian,/ˈid͡ʑ/
Komi-Zyrian,[ˈeʒ̺]
Komi-Zyrian,/ˈsuomi/
Komi-Zyrian,/ˈkos/
Komi-Zyrian,[ˈud͡ʒ̺]
Komi-Zyrian,[ˈutkäpi]
Komi-Zyrian,[ˈsredä]
Komi-Zyrian,/ˈuɲɘ/
Komi-Zyrian,/ˈperʋoj/
Komi-Zyrian,[finˈʎänɟijä]
Komi-Zyrian,/ˈaɕnɯd/
Komi-Zyrian,[ˈpärcijä]
Komi-Zyrian,[ˈbo̞ɕtnɯ̈]
Komi-Zyrian,/ˈkuːnɯ/
Komi-Zyrian,/ˈɡors/
Komi-Zyrian,/ˈɡaɡ/
Komi-Zyrian,[ˈsɯ̈ktɯ̈ʋkär]
Komi-Zyrian,[ˈkiɕ]
Komi-Zyrian,/ˈju/
Komi-Zyrian,/ˈɯd͡ʒɯd ˈaj/
Komi-Zyrian,/ˈna/
Komi-Zyrian,/ˈʎɘm/
Komi-Zyrian,[ˈko̞kɕär]
Komi-Zyrian,/ˈʋod͡ʑ/
Komi-Zyrian,[ˈd͡ʒ̺ɯ̈n]
Komi-Zyrian,[ˈur]
Komi-Zyrian,/ˈɯd͡ʒɯd ˈbac/
Komi-Zyrian,[ˈsärid͡ʑ]
Komi-Zyrian,[ˈmo̞re]
Komi-Zyrian,/ˈdɯʃ/
Komi-Zyrian,[ˈʋäsä]
Komi-Zyrian,[ˈt͡ʃ̺äk]
Komi-Zyrian,[ˈräs]
Komi-Zyrian,[ˈkär]
Komi-Zyrian,[ˈt͡ɕeräɲ]
Komi-Zyrian,/ˈɡɘtɯr/
Komi-Zyrian,/ˈslɘn/
Komi-Zyrian,[ˈrɯ̈tɯ̈ʋʋɯ̈ʋ]
Komi-Zyrian,[ʎeɟeˈɲet͡s]
Komi-Zyrian,/ˈpianɘj/
Komi-Zyrian,/ˈmenam/
Komi-Zyrian,[ˈjɘʋ]
Komi-Zyrian,[ˈenɫɯ̈]
Komi-Zyrian,[ˈmukɘd]
Komi-Zyrian,/ˈɕiʑimdas/
Komi-Zyrian,[ˈʋeʒ̺ä]
Komi-Zyrian,[ˈɫo̞p]
Komi-Zyrian,/ˈkartafeʎ/
Komi-Zyrian,/ˈmɯʎk/
Komi-Zyrian,/ˈata/
Komi-Zyrian,/ˈpɘk/
Komi-Zyrian,[ˈkɯ̈zä]
Komi-Zyrian,/ˈt͡sʲunʲjɑs/
Komi-Zyrian,/ˈaɕnɯs/
Komi-Zyrian,/ˈmedʋod͡ʑːa/
Komi-Zyrian,/ˈsutnɯ/
Komi-Zyrian,[ˈʋo̞än]
Komi-Zyrian,/ˈkɯ/
Komi-Zyrian,[ˈɕo̞rd]
Komi-Zyrian,[ˈutkä]
Komi-Zyrian,[ˈdɯ̈ʃ̺]
Komi-Zyrian,/ˈt͡ɕaɲ/
Komi-Zyrian,/ˈburɘj ˈoʃ/
Komi-Zyrian,/ˈʋeʒ/
Komi-Zyrian,/ˈʋoɕtɯnɯ/
Komi-Zyrian,[ˈjo̞nä]
Komi-Zyrian,[ˈjo̞kɯ̈ʃ̺]
Komi-Zyrian,[ˈɫäɕit͡ɕä]
Komi-Zyrian,[-uk]
Komi-Zyrian,[ˈmɘdä ˈmɘd]
Komi-Zyrian,/ˈeɲ/
Komi-Zyrian,[ˈkɯ̈ː]
Komi-Zyrian,/ˈnɘk/
Komi-Zyrian,[ˈɲek]
Komi-Zyrian,/-tnɯ/
Komi-Zyrian,/ˈmɘs/
Komi-Zyrian,[ˈkäɡä]
Komi-Zyrian,/ˈʋɘrkaɕ/
Komi-Zyrian,[resˈpubʎikä]
Komi-Zyrian,[ˈkɯ̈ʋ]
Komi-Zyrian,[ˈʋo̞d͡ʑːä]
Komi-Zyrian,[ˈt͡ɕuʒ̺mɘr]
Komi-Zyrian,/ˈad͡ʑʋa/
Komi-Zyrian,[ˈɕɯ̈ʋnɯ̈]
Komi-Zyrian,/ˈkoɟ/
Komi-Zyrian,/ˈid/
Komi-Zyrian,/ˈʋot͡ɕa ˈʋok/
Komi-Zyrian,/ˈdor/
Komi-Zyrian,/ˈzʋer/
Komi-Zyrian,[ˈmus]
Komi-Zyrian,/ˈɡɘrd/
Komi-Zyrian,[ʎitˈʋä]
Komi-Zyrian,[ˈʃ̺äjt]
Komi-Zyrian,/ˈɘcik/
Komi-Zyrian,/ˈkor/
Komi-Zyrian,[ˈmusä]
Komi-Zyrian,[ˈko̞ʎtä]
Komi-Zyrian,/ˈɕin/
Komi-Zyrian,/ˈziʎ/
Komi-Zyrian,[ˈɲiʑ]
Komi-Zyrian,[mʎeko̞piˈtäjuʃ̺ːɘj]
Komi-Zyrian,[ˈpiʋiɯ̈ɕ]
Komi-Zyrian,[ˈo̞b]
Komi-Zyrian,/ˈutkapi/
Komi-Zyrian,[ˈʃ̺o̞ndi]
Komi-Zyrian,/ˈʋud͡ʒ/
Komi-Zyrian,[ˈɘmid͡ʑ]
Komi-Zyrian,/ˈtɘdnɯ/
Komi-Zyrian,[ˈrɯ̈tɯ̈ʋ]
Komi-Zyrian,[ˈɲim]
Komi-Zyrian,/ˈʋoj/
Komi-Zyrian,/ˈʋoan/
Komi-Zyrian,[ˈpiuk]
Komi-Zyrian,[ˈɡɘɲet͡s]
Komi-Zyrian,/ˈlɯm ˈmort/
Komi-Zyrian,[ˈʋedrä]
Komi-Zyrian,/ˈjaɡ/
Komi-Zyrian,/ˈɕɘm/
Komi-Zyrian,[-ɕurɘ]
Komi-Zyrian,/paˈɟeʒ/
Komi-Zyrian,[ˈɲɘʋ]
Komi-Zyrian,[ˈɯ̈stɯ̈nɯ̈]
Komi-Zyrian,/ˈɲɯʋk/
