Northern Mansi,[toβləŋ uːj]
Northern Mansi,[iɕxepəŋ]
Northern Mansi,[βaːs]
Northern Mansi,[oːtər]
Northern Mansi,[sakil]
Northern Mansi,[numi sup oxsa]
Northern Mansi,[muwinʲt]
Northern Mansi,[ɕar]
Northern Mansi,[βoːrtoːlnut]
Northern Mansi,[muwlaxi]
Northern Mansi,[toːwa]
Northern Mansi,[pora]
Northern Mansi,[tinalaxtuŋkʷe]
Northern Mansi,[aɣtne]
Northern Mansi,[towəl]
Northern Mansi,[saranpaːβəl]
Northern Mansi,[osəŋ]
Northern Mansi,[pasan]
Northern Mansi,[xoːmɕi]
Northern Mansi,[muːj xoːtpa]
Northern Mansi,[puwuŋkʷe]
Northern Mansi,[lʲaːm]
Northern Mansi,[uːləɕ]
Northern Mansi,[kaːsasim]
Northern Mansi,[aːwraxəŋ]
Northern Mansi,[naːnkːen]
Northern Mansi,[mirkol]
Northern Mansi,[maːŋkʷla]
Northern Mansi,[tus]
Northern Mansi,[is]
Northern Mansi,[maːnkːeβ]
Northern Mansi,[xuri]
Northern Mansi,[uːjχul]
Northern Mansi,[samxulʲumpunət]
Northern Mansi,[joχtuŋkʷe]
Northern Mansi,[akʷtorɪɣ]
Northern Mansi,[lʲoːŋx]
Northern Mansi,[oŋtʲil]
Northern Mansi,[aɣt]
Northern Mansi,[samolʲoːt]
Northern Mansi,[pusːən]
Northern Mansi,[ɕoːs]
Northern Mansi,[aːwraχəŋ]
Northern Mansi,[lotəx]
Northern Mansi,[palət]
Northern Mansi,[sakuŋkʷe]
Northern Mansi,[juw-xulʲtɞ̝m]
Northern Mansi,[pun]
Northern Mansi,[uːsinʲtaŋkʷe]
Northern Mansi,[akʷmatnakt]
Northern Mansi,[seːməl]
Northern Mansi,[keːnt]
Northern Mansi,[akʷkeːməl]
Northern Mansi,[βitəŋ]
Northern Mansi,[luβ]
Northern Mansi,[aːwraχ]
Northern Mansi,[alpi]
Northern Mansi,[paɕaːrjiw]
Northern Mansi,[ulʲa]
Northern Mansi,[aːŋχa]
Northern Mansi,[akʷxurip]
Northern Mansi,[χuːl]
Northern Mansi,[oːβas]
Northern Mansi,[seːjsam]
Northern Mansi,[xoːwt]
Northern Mansi,[eːrɞ̯ptaŋkʷe]
Northern Mansi,[nʲaːxɕamβoːlʲ]
Northern Mansi,[reːɣəl]
Northern Mansi,[solβaliŋ]
Northern Mansi,[tot]
Northern Mansi,[noːŋχalʲ]
Northern Mansi,[suːp]
Northern Mansi,[seːj]
Northern Mansi,[suːkər]
Northern Mansi,[aːlmajaŋkʷe]
Northern Mansi,[aɣtɪɣlaːluŋkʷe]
Northern Mansi,[tinalaχtən]
Northern Mansi,[taːn]
Northern Mansi,[ɕulkin]
Northern Mansi,[aːŋxʷuŋkʷe]
Northern Mansi,[totuŋkʷe]
Northern Mansi,[ɕoːliŋnuw]
Northern Mansi,[reːɣβit]
Northern Mansi,[kaːt]
Northern Mansi,/aː/
Northern Mansi,[ruma]
Northern Mansi,[waːŋən]
Northern Mansi,[joxtuŋkʷe]
Northern Mansi,[akʷsər]
Northern Mansi,[turəŋ suj]
Northern Mansi,[ala]
Northern Mansi,[piləɕmaŋwaːrmalʲ]
Northern Mansi,[saranpaːwəl]
Northern Mansi,[mirəl waːrnut]
Northern Mansi,[joːrn]
Northern Mansi,[saːkmet]
Northern Mansi,[nʲaːlʲɕ]
Northern Mansi,[alnut]
Northern Mansi,[cow]
Northern Mansi,[eːtβit]
Northern Mansi,[maːnki]
Northern Mansi,[teːŋkʷe taŋxeːɣɞ̝m]
Northern Mansi,[oχ]
Northern Mansi,[coβ]
Northern Mansi,[χoːwt]
Northern Mansi,[paːp]
Northern Mansi,[akʷtop]
Northern Mansi,[puwtuŋkʷe]
Northern Mansi,[sirəl]
Northern Mansi,[aːɣmaltaŋkʷe]
Northern Mansi,[aːlɞ̝mtaŋkʷe]
Northern Mansi,[urtχatəl]
Northern Mansi,[eːkʷa]
Northern Mansi,[sortβa]
Northern Mansi,[turtal suj]
Northern Mansi,[majimut]
Northern Mansi,[soule]
Northern Mansi,[ospa]
Northern Mansi,[jaɣ]
Northern Mansi,[nʲoːβəlʲ]
Northern Mansi,[noːn]
Northern Mansi,[poːsluŋkʷe]
Northern Mansi,[ɕuŋkərlaŋkʷe]
Northern Mansi,[alisaːm]
Northern Mansi,[aːtʲa]
Northern Mansi,[muːjneː]
Northern Mansi,[waːlm]
Northern Mansi,[atiŋ]
Northern Mansi,[tulʲoːβəl]
Northern Mansi,[teːnki]
Northern Mansi,[juːntɞ̝p]
Northern Mansi,[eːtwit]
Northern Mansi,[aːjt]
Northern Mansi,[ul]
Northern Mansi,[nʲimsareːkʷa]
Northern Mansi,[-ɞ̝p]
Northern Mansi,[βiːlʲtsusne keːr]
Northern Mansi,[minil]
Northern Mansi,[eːrɞ̯psa]
Northern Mansi,[eŋən]
Northern Mansi,[kocuŋkʷe]
Northern Mansi,[waːj]
Northern Mansi,[jaːŋk]
Northern Mansi,[kakər]
Northern Mansi,[nʲaːβram]
Northern Mansi,[sislu]
Northern Mansi,[aːɣməŋəɕ]
Northern Mansi,[xaːr]
Northern Mansi,[sirtep]
Northern Mansi,[xalnəl]
Northern Mansi,[saχi]
Northern Mansi,[χoːtaljaːt]
Northern Mansi,[oːjka]
Northern Mansi,[kaːsor]
Northern Mansi,[χuːrɞ̝m]
Northern Mansi,[kaːsnakol]
Northern Mansi,[xanʲiɕtaxtuŋkʷe]
Northern Mansi,[kitɪɣ]
Northern Mansi,[eːlmxoːlas]
Northern Mansi,[akʷtikuːmt]
Northern Mansi,[teːnkːeten]
Northern Mansi,[nʲoχəs]
Northern Mansi,[teːp]
Northern Mansi,[tuːrxul]
Northern Mansi,[χasneːχum]
Northern Mansi,[ajxatuŋkʷe]
Northern Mansi,[χotaŋ]
Northern Mansi,[saːlʲ]
Northern Mansi,[ɕakwit]
Northern Mansi,[kant]
Northern Mansi,[eːt]
Northern Mansi,[saran]
Northern Mansi,[oːwas]
Northern Mansi,[jiːkʷuŋkʷe]
Northern Mansi,[unsaχ]
Northern Mansi,[luɕ]
Northern Mansi,[nʲoːtne]
Northern Mansi,[sup]
Northern Mansi,[xoːβt]
Northern Mansi,[aːɣiriɕ]
Northern Mansi,[maːnkːew]
Northern Mansi,[muβlaxi]
Northern Mansi,[suːnt]
Northern Mansi,[xotjut]
Northern Mansi,[neːmxoːt]
Northern Mansi,[lʲoːmwoj]
Northern Mansi,[akʷχujpəlow]
Northern Mansi,[muːj χoːtpa]
Northern Mansi,[βaːrtul]
Northern Mansi,[aːwi]
Northern Mansi,[iɕxepəŋ ut]
Northern Mansi,[taŋkər]
Northern Mansi,[ɕaːnʲ]
Northern Mansi,[aːŋxa]
Northern Mansi,[tulmanti]
Northern Mansi,[ti]
Northern Mansi,[nʲeːlɞ̝m]
Northern Mansi,[poːlʲuŋkʷe]
Northern Mansi,[aːwrax]
Northern Mansi,[nʲaːxɕamwoːlʲ]
Northern Mansi,[ajeːβ]
Northern Mansi,[suːr]
Northern Mansi,[xal]
Northern Mansi,[soːlʲ]
Northern Mansi,[xuːɕ]
Northern Mansi,[βuɕramiŋ]
Northern Mansi,[susːəltaŋkʷe]
Northern Mansi,[pusmaltan kol]
Northern Mansi,[woːwta]
Northern Mansi,[taːlpora]
Northern Mansi,[woːr]
Northern Mansi,[aːɣməŋ]
Northern Mansi,[ut]
Northern Mansi,[poːx]
Northern Mansi,[suj]
Northern Mansi,[xurip]
Northern Mansi,[jaːtʲil]
Northern Mansi,[konəloːwəl]
Northern Mansi,[caːβsir]
Northern Mansi,[alne]
Northern Mansi,[meːnkːemen]
Northern Mansi,[oːβəltət]
Northern Mansi,[saːj]
Northern Mansi,[nʲololow]
Northern Mansi,[joːβt]
Northern Mansi,[oːnʲɕunkʷe]
Northern Mansi,[joːŋχɞ̝p]
Northern Mansi,[ontsəl]
Northern Mansi,[uːsxuli]
Northern Mansi,[kʷaːlɪɣ]
Northern Mansi,[aːtβos]
Northern Mansi,[samβit]
Northern Mansi,[saːkːon]
Northern Mansi,[aːlmtaːluŋkʷe]
Northern Mansi,[puŋk]
Northern Mansi,[ruɕ]
Northern Mansi,[pi̯ːj]
Northern Mansi,[kaːtpatːa]
Northern Mansi,[poːlʲam]
Northern Mansi,[eːtiɣ]
Northern Mansi,[aːkar]
Northern Mansi,[χuli]
Northern Mansi,[paɕarjiw]
Northern Mansi,[iɕχepəŋ]
Northern Mansi,[oːs]
Northern Mansi,[toːβa]
Northern Mansi,[rakʷuŋkʷe]
Northern Mansi,[kuːtʲuβriɕ]
Northern Mansi,[kuːtʲuwriɕ]
Northern Mansi,[ajχatɪɣlaŋkʷe]
Northern Mansi,[potər]
Northern Mansi,[χuːrɞ̝msaːmput]
Northern Mansi,[paːsnəl]
Northern Mansi,[xuːl]
Northern Mansi,[ɕipɣuŋkʷe]
Northern Mansi,[seːnɪɣ]
Northern Mansi,[tinalaxtən]
Northern Mansi,[tuːjt]
Northern Mansi,[jiːw]
Northern Mansi,[ɕaːraɕ]
Northern Mansi,[xuːlʲəm]
Northern Mansi,[saːra]
Northern Mansi,[lonʲɕəŋ]
Northern Mansi,[akanʲlaχtuŋkʷe]
Northern Mansi,[βaːrnut]
Northern Mansi,[kar]
Northern Mansi,[laːpka]
Northern Mansi,[keːrlʲoːx]
Northern Mansi,[nʲaːnʲ]
Northern Mansi,[paːwəl]
Northern Mansi,[surɞ̯m]
Northern Mansi,[lowinʲtankʷe]
Northern Mansi,[ujɣalaŋkʷe]
Northern Mansi,[muːnʲɞ̝mβit]
Northern Mansi,[lʲaːmjiw]
Northern Mansi,[wiːlʲt]
Northern Mansi,[knʲiːɡa]
Northern Mansi,[laːχəs]
Northern Mansi,[susneː]
Northern Mansi,[sam]
Northern Mansi,[tujt]
Northern Mansi,[aːnisan]
Northern Mansi,[tʲipuŋkʷe]
Northern Mansi,[eːlmχoːlas]
Northern Mansi,[maːnʲsak]
Northern Mansi,[uːsmacam]
Northern Mansi,[simtaːl-maːjtːaːl]
Northern Mansi,[laːxəs]
Northern Mansi,[peːntxatne]
Northern Mansi,[matər teːŋkʷe taŋχeːɣən]
Northern Mansi,[sorum]
Northern Mansi,[kiːβtalap]
Northern Mansi,[postaːl]
Northern Mansi,[oːluŋkʷe]
Northern Mansi,[akʷpisɪɣ]
Northern Mansi,[polx]
Northern Mansi,[χanəlpatːa]
Northern Mansi,[sorɞ̯m]
Northern Mansi,[aːŋkʷpɪɣ]
Northern Mansi,[aːltaːɣəl]
Northern Mansi,[toːsam]
Northern Mansi,[aɣtuŋkʷe]
Northern Mansi,[minuŋkʷ]
Northern Mansi,[akʷtamlʲe]
Northern Mansi,[minəŋke]
Northern Mansi,[χulaχ]
Northern Mansi,[amkːem]
Northern Mansi,[aːβi]
Northern Mansi,[keːrəŋχomlaχ]
Northern Mansi,[pitʲmi]
Northern Mansi,[takʷəs]
Northern Mansi,[unsuŋkʷe]
Northern Mansi,[maː janətəl]
Northern Mansi,[tʲuːpəŋ]
Northern Mansi,[xurup]
Northern Mansi,[aːji]
Northern Mansi,[soːlʲəŋ]
Northern Mansi,[koltaːɣəl]
Northern Mansi,[aːtʲi]
Northern Mansi,[juw-χulʲtuŋkʷe]
Northern Mansi,[sis]
Northern Mansi,[uːjxul]
Northern Mansi,[sakʷ]
Northern Mansi,[alimaː]
Northern Mansi,[waːta]
Northern Mansi,[xanʲiɕtaŋkʷe]
Northern Mansi,[siltalaŋkʷe]
Northern Mansi,[tuːuŋkʷe]
Northern Mansi,[patːəjiɣ]
Northern Mansi,[maːnʲɕilaːtəŋ]
Northern Mansi,[ɕoxri-xoːxri]
Northern Mansi,[palʲtuβ]
Northern Mansi,[mutraŋ]
Northern Mansi,[soːpakɪɣ]
Northern Mansi,[lʲeːkːar]
Northern Mansi,[maːt teːlne ut]
Northern Mansi,[ɕeːkuːnda]
Northern Mansi,[ur]
Northern Mansi,[maːxɞ̯m]
Northern Mansi,[maː janətəl oːlne mirət akʷan-potərtaxtam mirkol]
Northern Mansi,[tolmaɕ]
Northern Mansi,[iːnɪɣjiːw]
Northern Mansi,[muwinʲtaŋkʷe]
Northern Mansi,[ruːtəŋəɕ]
Northern Mansi,[maːnʲɕi]
Northern Mansi,[βoːt]
Northern Mansi,[aːln]
Northern Mansi,[akʷan-potərtaxtam]
Northern Mansi,[aːlpəl]
Northern Mansi,[keːlɞ̝p]
Northern Mansi,[soːt]
Northern Mansi,[xoːtəl]
Northern Mansi,[jejaːji]
Northern Mansi,[eːlʲɞ̝m]
Northern Mansi,[xosa]
Northern Mansi,[juβ-xulʲtɞ̝m]
Northern Mansi,[naːjiŋtujt]
Northern Mansi,[xaːlʲuːs]
Northern Mansi,[χaːr]
Northern Mansi,[patːa]
Northern Mansi,[neːmχunʲt]
Northern Mansi,[surum]
Northern Mansi,[iɕχepəŋ ut]
Northern Mansi,[akʷtaxurip]
Northern Mansi,[maːnʲɕimaːxum]
Northern Mansi,[tolmaɕlaŋkʷe]
Northern Mansi,[maːxum]
Northern Mansi,[aːkʷeːkʷa]
Northern Mansi,[jaːnteβ]
Northern Mansi,[maːjka]
Northern Mansi,[oːnʲiɣ]
Northern Mansi,[ta]
Northern Mansi,[ajχatuŋkʷe]
Northern Mansi,[aːlmtanut]
Northern Mansi,[sipɣuŋkʷe]
Northern Mansi,[akʷta]
Northern Mansi,[ajxatɪɣlaŋkʷe]
Northern Mansi,[akanʲlaxtuŋkʷe]
Northern Mansi,[xasneːxum]
Northern Mansi,[akʷ-paːln]
Northern Mansi,[peːlp]
Northern Mansi,[βaːtʲi]
Northern Mansi,[kuːm]
Northern Mansi,[ox]
Northern Mansi,[toluŋkʷe]
Northern Mansi,[oːlupsa]
Northern Mansi,[isnas]
Northern Mansi,[sukːari]
Northern Mansi,[ɕuŋkərtaxtuŋkʷe]
Northern Mansi,[joːŋxɞ̝p]
Northern Mansi,[waːŋkʷe]
Northern Mansi,[aji]
Northern Mansi,[woːj]
Northern Mansi,[akʷkeːmt]
Northern Mansi,[mirəl βaːrnut]
Northern Mansi,[tulmantaŋkʷe]
Northern Mansi,[woɕramiŋ]
Northern Mansi,[aːχwtas]
Northern Mansi,[xoːtpa]
Northern Mansi,[neːnki]
Northern Mansi,[nʲoːwəlʲ]
Northern Mansi,[aːɣmχarəŋ]
Northern Mansi,[kirtɪɣ]
Northern Mansi,[lʲaːχːal]
Northern Mansi,[akʷtaporat]
Northern Mansi,[neːmxuːnʲt]
Northern Mansi,[neːpak]
Northern Mansi,[wi̬ɣːər]
Northern Mansi,[saːli]
Northern Mansi,[leːɣ]
Northern Mansi,[teːluŋkʷe]
Northern Mansi,[maː janətəl oːlne mirət akʷan-potərtaχtam mirkol]
Northern Mansi,[jomas oːtərnəl aːmp neːmxuːnʲt atoji]
Northern Mansi,[jiːβ]
Northern Mansi,[ɕaːj]
Northern Mansi,[ɕoːliŋnuβ]
Northern Mansi,[molʲax]
Northern Mansi,[paɕar]
Northern Mansi,[waːrtul]
Northern Mansi,[taːrwitiŋ]
Northern Mansi,[konəloːβəl]
Northern Mansi,[paɕaːrjiβ]
Northern Mansi,[xoːrxa]
Northern Mansi,[uːɕɞ̝m]
Northern Mansi,[βiːlʲt]
Northern Mansi,[βaːrmalʲ]
Northern Mansi,[pum]
Northern Mansi,/ŋ/
Northern Mansi,[waːps]
Northern Mansi,[aːɣmxarəŋ]
Northern Mansi,[ɕoχri-χoːχri]
Northern Mansi,[poːslaχtuŋkʷe]
Northern Mansi,[maː]
Northern Mansi,[matər teːŋkʷe taŋxeːɣən]
Northern Mansi,[waːrmalʲ]
Northern Mansi,[tit]
Northern Mansi,[kiːwtalap]
Northern Mansi,[keːrəŋxomlax]
Northern Mansi,[ajeːɣɞ̝m]
Northern Mansi,[ajeːɣət]
Northern Mansi,[amki]
Northern Mansi,[xara]
Northern Mansi,[waːs]
Northern Mansi,[sakilsuj]
Northern Mansi,[eːtʲipaːlaɣ]
Northern Mansi,[eːrɪɣ]
Northern Mansi,[nʲaːwram]
Northern Mansi,[χuri]
Northern Mansi,[kaŋk]
Northern Mansi,[luw]
Northern Mansi,[ajeːɣ]
Northern Mansi,[χɞ̝m]
Northern Mansi,[βi̬ɣːər]
Northern Mansi,[jomaɕakʷeɣ]
Northern Mansi,[βiːlʲtjat]
Northern Mansi,[anʲeːjʷa]
Northern Mansi,[loβinʲtankʷe]
Northern Mansi,[simiŋ kakər]
Northern Mansi,[alpisoβ]
Northern Mansi,[aːβrax]
Northern Mansi,[ɕiɕnoj]
Northern Mansi,[xoːtaljat]
Northern Mansi,[puːt]
Northern Mansi,[pusmaltaŋkʷe]
Northern Mansi,[sasɪɣ]
Northern Mansi,[xaːjtɞ̝p]
Northern Mansi,[laːwuŋkʷe]
Northern Mansi,[aːxʷtas]
Northern Mansi,[kastəl]
Northern Mansi,[peːntχatne waːrmalʲ]
Northern Mansi,[pi̬ɣː]
Northern Mansi,[muːŋi]
Northern Mansi,[woɕɪɣ]
Northern Mansi,[saːŋkʷəltap]
Northern Mansi,[χaːsɕi]
Northern Mansi,[maːjt]
Northern Mansi,[akʷtuw]
Northern Mansi,[samwit]
Northern Mansi,[weːrmuŋkʷe]
Northern Mansi,[tipoːr]
Northern Mansi,[puːmaɕtaːl]
Northern Mansi,[xoːtal xuːltne neːpak]
Northern Mansi,[ˈtipjiw]
Northern Mansi,[maːxarpil]
Northern Mansi,[βeːrmuŋkʷe]
Northern Mansi,[paːjt]
Northern Mansi,[tur]
Northern Mansi,[nʲiːla]
Northern Mansi,[anʲ]
Northern Mansi,[maːɣəs]
Northern Mansi,[βaːps]
Northern Mansi,[eːtkotʲilʲ]
Northern Mansi,[χoːɕman]
Northern Mansi,[aːrsən]
Northern Mansi,[waːrnut]
Northern Mansi,[βaːj]
Northern Mansi,[maːɣ]
Northern Mansi,[peːntχatne]
Northern Mansi,[alɣalʲ]
Northern Mansi,[minuŋkʷe]
Northern Mansi,[βaːlm]
Northern Mansi,[juw-xulʲtuŋkʷe]
Northern Mansi,[aɣəltːaŋkʷe]
Northern Mansi,[soːlʲəŋəɕ]
Northern Mansi,[maːkol]
Northern Mansi,[ajeɣiːn]
Northern Mansi,[lʲuːnʲɕβit]
Northern Mansi,[xoːɕman]
Northern Mansi,[uːlɞ̝m]
Northern Mansi,[akʷal-akʷal]
Northern Mansi,[tulmantanut]
Northern Mansi,[pil]
Northern Mansi,[tarɪɣ]
Northern Mansi,[xuːrɞ̝m]
Northern Mansi,[kosne]
Northern Mansi,[peːntxatne waːrmalʲ]
Northern Mansi,[morax]
Northern Mansi,[oːwəltət]
Northern Mansi,[xulax]
Northern Mansi,[nupəl]
Northern Mansi,[xoːtaljaːt]
Northern Mansi,[muβinʲt]
Northern Mansi,[wiːlʲtsusne keːr]
Northern Mansi,[aːnax]
Northern Mansi,[numi sup oχsa]
Northern Mansi,[jiw]
Northern Mansi,[poləɕ]
Northern Mansi,[suːkərja]
Northern Mansi,[oːlne]
Northern Mansi,[χaːjtɞ̝p]
Northern Mansi,[sus]
Northern Mansi,[akʷχurip]
Northern Mansi,[koni-paːl]
Northern Mansi,[xɞ̝m]
Northern Mansi,[ɕoləŋ]
Northern Mansi,[juβan]
Northern Mansi,[βaːta]
Northern Mansi,[akʷxujpəlow]
Northern Mansi,[joli-paːl]
Northern Mansi,[aːŋxʷɪɣlaŋkʷe]
Northern Mansi,[eːruŋkʷe]
Northern Mansi,[tinalaχtuŋkʷe]
Northern Mansi,[juw-χulʲtɞ̝m]
Northern Mansi,[toːreβ]
Northern Mansi,[maːxar]
Northern Mansi,[toβəl]
Northern Mansi,[naŋkːen]
Northern Mansi,[am ɕar xot-tɞ̝psɞ̝m]
Northern Mansi,[tuːja]
Northern Mansi,[wiːlʲtjat]
Northern Mansi,[χoːtəl]
Northern Mansi,[takːete]
Northern Mansi,[palʲ]
Northern Mansi,[aɣtːaːl]
Northern Mansi,[kit]
Northern Mansi,[βoːr]
Northern Mansi,[teːpka]
Northern Mansi,[saːnspuŋk]
Northern Mansi,[neːmxunʲt]
Northern Mansi,[eːtʲipaːla]
Northern Mansi,[mutra]
Northern Mansi,[aːtwos]
Northern Mansi,[mirkolanəl]
Northern Mansi,[woːtuŋkʷe]
Northern Mansi,[japak]
Northern Mansi,[saxi]
Northern Mansi,[kosneːjiw]
Northern Mansi,[maːnʲ]
Northern Mansi,[kaːstaːl]
Northern Mansi,[takʷi]
Northern Mansi,[ajmeːn]
Northern Mansi,[uːj]
Northern Mansi,[xuli]
Northern Mansi,[moɕ]
Northern Mansi,[saŋkʷlipil]
Northern Mansi,[eːlmi]
Northern Mansi,[aːŋkʷaːɣi]
Northern Mansi,[kol]
Northern Mansi,[χoːtal χuːltne neːpak]
Northern Mansi,[numi-paːl]
Northern Mansi,[neːmxoːtpa]
Northern Mansi,[aːβraxəŋ]
Northern Mansi,[jaːntew]
Northern Mansi,[kuːtʲuw]
Northern Mansi,[ajnut]
Northern Mansi,[wuɕramiŋ]
Northern Mansi,[tulʲoːwəl]
Northern Mansi,[χoːtaljat]
Northern Mansi,[tulʲa]
Northern Mansi,[lʲalʲt]
Northern Mansi,[teːŋkʷe taŋχeːɣɞ̝m]
Northern Mansi,[βoɕɪɣ]
Northern Mansi,[ɕuŋkərtaχtuŋkʷe]
Northern Mansi,[manʲ]
Northern Mansi,[saːŋkʷaːxʷtas]
Northern Mansi,[maːporsuj]
Northern Mansi,[unsax]
Northern Mansi,[nʲoxəs]
Northern Mansi,[paːβəl]
Northern Mansi,[nʲaːl]
Northern Mansi,[uːsχuli]
Northern Mansi,[lʲaːxːal]
Northern Mansi,[akʷa]
Northern Mansi,[majim]
Northern Mansi,[puːrəɕ]
Northern Mansi,[aːni]
Northern Mansi,[poləx]
Northern Mansi,[taːnkːenəl]
Northern Mansi,[piləɕmaŋβaːrmalʲ]
Northern Mansi,[tinalaxtən kan]
Northern Mansi,[palʲtuw]
Northern Mansi,[naːiŋ]
Northern Mansi,[aːnʲt]
Northern Mansi,[iːnɪɣ]
Northern Mansi,[iskola]
Northern Mansi,[ruːpitaŋkʷe]
Northern Mansi,[xanʲiɕtaxtinkol]
Northern Mansi,[sortwa]
Northern Mansi,[maːɣəl]
Northern Mansi,[paːrt]
Northern Mansi,[ajuŋkʷe taŋχeːɣɞ̝m]
Northern Mansi,[jiβ]
Northern Mansi,[xoːŋxa]
Northern Mansi,[aːɣɞ̝m]
Northern Mansi,[joːrnkol]
Northern Mansi,[latəŋ]
Northern Mansi,[χanəl]
Northern Mansi,[palt]
Northern Mansi,[akʷti]
Northern Mansi,[akʷtɪɣ]
Northern Mansi,[poːslaxtuŋkʷe]
Northern Mansi,[soːpak]
Northern Mansi,[taːrβitiŋ]
Northern Mansi,[xuːlɞ̯p]
Northern Mansi,[neːnkːen]
Northern Mansi,[sim]
Northern Mansi,[taːnki]
Northern Mansi,[ojuŋkʷe]
Northern Mansi,[kaːs]
Northern Mansi,[xoːluŋkʷe]
Northern Mansi,[eːtiɣ hoːtaliɣ]
Northern Mansi,[liliep]
Northern Mansi,[ɕaːlteːtʲeːn]
Northern Mansi,[janɪɣ]
Northern Mansi,[aːŋχwuŋkʷe]
Northern Mansi,[ˈpuːlʲnʲit͡sa]
Northern Mansi,[χotjut]
Northern Mansi,[nʲaːxɕam]
Northern Mansi,[puːmaɕtaːlnuβ]
Northern Mansi,[poːs]
Northern Mansi,[xanəlpatːa]
Northern Mansi,[lʲuːnʲɕwit]
Northern Mansi,[aːlimalɪɣlaŋkʷe]
Northern Mansi,[muːnʲɞ̝mwit]
Northern Mansi,[naːj]
Northern Mansi,[jaɣpɪɣəŋəɕ-jaɣaːɣiŋəɕ]
Northern Mansi,[ɕoːpitaŋkʷe]
Northern Mansi,[xuːrɞ̝msaːmput]
Northern Mansi,[wiːjrataŋkʷ]
Northern Mansi,[jomas]
Northern Mansi,[kaːɕ]
Northern Mansi,[jomaɕakʷ]
Northern Mansi,[paɕa oːlen]
Northern Mansi,[aːt]
Northern Mansi,[neː]
Northern Mansi,[sun]
Northern Mansi,[woːt]
Northern Mansi,[iːnɪɣjiːβ]
Northern Mansi,[toːrɞ̝m]
Northern Mansi,[taːkɞ̝m]
Northern Mansi,[χuːlʲəm]
Northern Mansi,[akʷan-potərtaxtuŋkʷe]
Northern Mansi,[anʲeːka]
Northern Mansi,[ajeːɣən]
Northern Mansi,[akʷjot]
Northern Mansi,[aːrtalaŋkʷe]
Northern Mansi,[aːŋχwɪɣlaŋkʷe]
Northern Mansi,[xotaŋ]
Northern Mansi,[at]
Northern Mansi,[ajɞ̝m]
Northern Mansi,[akʷtipəl]
Northern Mansi,[kitit]
Northern Mansi,[akʷontsəl]
Northern Mansi,[peːntxatne βaːrmalʲ]
Northern Mansi,[susne]
Northern Mansi,[uːs]
Northern Mansi,[seːripos]
Northern Mansi,[xunʲ]
Northern Mansi,[siməŋəɕ]
Northern Mansi,[xanəl]
Northern Mansi,[witəŋ]
Northern Mansi,[uːnluŋkʷe]
Northern Mansi,[towliŋxap]
Northern Mansi,[aːnaχ]
Northern Mansi,[noːŋxalʲ]
Northern Mansi,[naŋki]
Northern Mansi,[muːjχum]
Northern Mansi,[alpisow]
Northern Mansi,[akʷkeːm]
Northern Mansi,[jurt]
Northern Mansi,[janətəl]
Northern Mansi,[toβliŋxap]
Northern Mansi,[naːnki]
Northern Mansi,[juwan]
Northern Mansi,[aːɣi]
Northern Mansi,[uːsmorax]
Northern Mansi,[saːɣrapnal]
Northern Mansi,[mus]
Northern Mansi,[teːrpikol]
Northern Mansi,[aːɕ]
Northern Mansi,[ɕoːrtnʲiteːp]
Northern Mansi,[akʷaɣ]
Northern Mansi,[jaːrmak]
Northern Mansi,[nʲas]
Northern Mansi,[sort]
Northern Mansi,[aki]
Northern Mansi,[am ɕar χot-tɞ̝psɞ̝m]
Northern Mansi,[xaːsɕi]
Northern Mansi,[siməŋ]
Northern Mansi,[aːmp]
Northern Mansi,[loːmt]
Northern Mansi,[reːɣwit]
Northern Mansi,[suːj]
Northern Mansi,[xasli]
Northern Mansi,[lʲaːmjiβ]
Northern Mansi,[χoːŋχa]
Northern Mansi,[aːŋkʷataŋkʷe]
Northern Mansi,[oɕːa]
Northern Mansi,[neːmχoːt]
Northern Mansi,[poləχ]
Northern Mansi,[aːlmuŋkʷe]
Northern Mansi,[ajuŋkʷe taŋxeːɣɞ̝m]
Northern Mansi,[paːsːa]
Northern Mansi,[lu]
Northern Mansi,[ɕaɕeːkʷa]
Northern Mansi,[waːtʲi]
Northern Mansi,[tuw]
Northern Mansi,[woːrtoːlnut]
Northern Mansi,[βoɕramiŋ]
Northern Mansi,[oːpariɕnam]
Northern Mansi,[akʷtopmat]
Northern Mansi,[molʲaχ]
Northern Mansi,[nomt]
Northern Mansi,[piləɕmaŋ]
Northern Mansi,[-əŋ]
Northern Mansi,[neːmχoːtpa]
Northern Mansi,[susːəltap]
Northern Mansi,[urtxatəl]
Northern Mansi,[jot]
Northern Mansi,[ajtuŋkʷe]
Northern Mansi,[aːŋkʷataːluŋkʷe]
Northern Mansi,[laːpanti]
Northern Mansi,[poːχ]
Northern Mansi,[χalnəl]
Northern Mansi,[joːwt]
Northern Mansi,[waːtuŋkʷe]
Northern Mansi,[muwinʲtaːptuŋkʷe]
Northern Mansi,[meːnki]
Northern Mansi,[tut͡ɕaŋ]
Northern Mansi,[toːrew]
Northern Mansi,[laːtəŋ]
Northern Mansi,[aːŋkʷal]
Northern Mansi,[muwlaχi]
Northern Mansi,[soːttaːl]
Northern Mansi,[taːɣəl]
Northern Mansi,[paɕarjiβ]
Northern Mansi,[eːlə-paːlt]
Northern Mansi,[towləŋ uːj]
Northern Mansi,[nʲaːχɕamwoːlʲ]
Northern Mansi,[solwaliŋ]
Northern Mansi,[tinalaŋkʷe]
Northern Mansi,[lʲoːmβoj]
Northern Mansi,[aːkanʲ]
Northern Mansi,[nʲolat]
Northern Mansi,[tʲit]
Northern Mansi,[ajeːw]
Northern Mansi,[jaltuŋkʷe]
Northern Mansi,[xoːpsi]
Northern Mansi,[caːwsir]
Northern Mansi,[kuːtʲuβ]
Northern Mansi,[am]
Northern Mansi,[ɕaːrəɕ]
Northern Mansi,[kosneːjiβ]
Northern Mansi,[taːl]
Northern Mansi,[jolalʲ]
Northern Mansi,[akʷan-potərtaχtam]
Northern Mansi,[saːŋkʷaːχwtas]
Northern Mansi,[lʲoːmːuj]
Northern Mansi,[aːŋkʷ]
Northern Mansi,[akʷan-potərtaχtuŋkʷe]
Northern Mansi,[jaːmsək]
Northern Mansi,[hoːtaliɣ]
Northern Mansi,[muːjxum]
Northern Mansi,[susneːtur]
Northern Mansi,[luːimaː]
Northern Mansi,[teːrpi]
Northern Mansi,[larəɕ]
Northern Mansi,[χoːluŋkʷe]
Northern Mansi,[polχ]
Northern Mansi,[tinalaχtən kan]
