Odia,/pʰɔ/
Odia,/kaʈʰuɾia/
Odia,/pɔɾit͡ʃit̪ɔ/
Odia,/n̪ɔd̪i/
Odia,/maɡiba/
Odia,/bisɔɾɡɔ/
Odia,/koɽie/
Odia,/ɡoa/
Odia,/sɔɾiba/
Odia,/beɳu/
Odia,/n̪ua/
Odia,/mukt̪i/
Odia,/ɔlabu/
Odia,/bʱoɾɔ/
Odia,/piɔɾɔ/
Odia,/ʈikɔʈɔ/
Odia,/t͡ʃaɾi/
Odia,/mesɔ/
Odia,/ɔɡn̪i/
Odia,/ɾipoɾʈɔ/
Odia,/t̪ʰakiba/
Odia,/ɻɔ/
Odia,/pɔn̪t̪aɽɔ/
Odia,/ɾad͡ʒɔpɔt̪n̪i/
Odia,/ɔɳɖiɾa/
Odia,/kʰɔɾaʈi/
Odia,/d̪ɔmiba/
Odia,/mɔhasɔja/
Odia,/ɡɔmɔn̪ɔ/
Odia,/hɔʈʰat̪/
Odia,/ɖʱiŋki/
Odia,/kiɔɳɔ/
Odia,/t͡ʃɔn̪t͡ʃɔɭɔ/
Odia,/mɔĩsaɭɔ/
Odia,/ɔʈʰaisɔ/
Odia,/baɽʱiba/
Odia,/bɔhiɾɡɔmɔn̪ɔ/
Odia,/uɾbi/
Odia,/pɔɖʱiba/
Odia,/mɔhabʱaɾɔt̪ɔ/
Odia,/ɡaɳʈʰiba/
Odia,/in̪d̪ɾɔ/
Odia,/pokʰɔɾi/
Odia,/t͡ʃʰat̪ɾɔ/
Odia,/ɡʱɔsiba/
Odia,/piʈʰa/
Odia,/hɔɾiɳɔ/
Odia,/t̪ʰokɔ/
Odia,/muɳɖaiba/
Odia,/pʰaɽiba/
Odia,/baũsɔ/
Odia,/bed͡ʒi/
Odia,/mit͡ʃʰua/
Odia,/ɔd̪ʱikãsɔ/
Odia,/t̪elɔ/
Odia,/kuɽalɔ/
Odia,/saɾa/
Odia,/sɔpʰed̪ɔ/
Odia,/kau/
Odia,/paũsɔ/
Odia,/mɔĩsi/
Odia,/swami/
Odia,/pin̪d̪ʱiba/
Odia,/bikiba/
Odia,/pɾɔɳɔt̪i/
Odia,/ɾupa/
Odia,/pʰuliba/
Odia,/mat̪a/
Odia,/sɔŋɡe/
Odia,/baisi/
Odia,/spʰit̪ɔ/
Odia,/kɔmeɽi/
Odia,/kʰɔsiba/
Odia,/sɔt̪ɔɾkɔ/
Odia,/pɔt͡ʃaɾiba/
Odia,/pɔt̪ʰikɔ/
Odia,/bjad̪an̪ɔ/
Odia,/pʰɔɭa/
Odia,/d͡ʒud͡ʒd͡ʒʱiba/
Odia,/luɳia/
Odia,/sɔd͡ʒaibɔ/
Odia,/ɡɔt͡ʃʰɔ/
Odia,/bud͡ʒʱabud͡ʒʱi heba/
Odia,/ɡaiaɭɔ/
Odia,/kakʰɔ/
Odia,/bʱokɔ/
Odia,/ɔɡɔsʈ(ɔ)/
Odia,/ud̪d̪ʱaɾɔ/
Odia,/pɾɔt̪jekɔ/
Odia,/bin̪t͡ʃiba/
Odia,/t͡ʃabi/
Odia,/pɔɽiba/
Odia,/t͡ʃʰɔn̪d̪iba/
Odia,/ɡad͡ʒiba/
Odia,/bɔst̪a/
Odia,/n̪ist͡ʃɔjɔ/
Odia,/ain̪a/
Odia,/bit͡ʃaɾɔ/
Odia,/t͡ʃɔud̪ɔ/
Odia,/st̪ɔn̪ɔ/
Odia,/ɔd̪ʱa/
Odia,/ɔɳɔosaɾɔ/
Odia,/ɡʱɔɳʈi/
Odia,/d̪ʱula/
Odia,/ɔbʱimɔn̪ju/
Odia,/kɔla/
Odia,/d͡ʒɔmbu/
Odia,/t͡ʃiɾiba/
Odia,/t͡ʃup heba/
Odia,/ɾepʰɔ/
Odia,/ɔi̯swɔɾd͡ʒjɔ/
Odia,/laʈʰi/
Odia,/ɔ/
Odia,/ɡɔɽʱiba/
Odia,/d̪ɔksiɳɔ/
Odia,/ɔʈɔkiba/
Odia,/d̪ekʰaiba/
Odia,/d̪ʱɔbɔɭɔ/
Odia,/ɡɾismɔ/
Odia,/ɡoɽɔ/
Odia,/pʰopaɽiba/
Odia,/mot̪i/
Odia,/mukɔ/
Odia,/bɔn̪t͡ʃiba/
Odia,/babu/
Odia,/t͡ʃʰut͡ʃʰa/
Odia,/ɾɔkt̪ɔ/
Odia,/mɔhaɾad͡ʒɔ/
Odia,/ʋisɳu/
Odia,/sɔt̪iɾisɔ/
Odia,/ɾaut̪ɔ/
Odia,/t̪aiba/
Odia,/bʱaɭiba/
Odia,/d̪ʱuã/
Odia,[pɔn̠ʲd͡ʒuɾi]
Odia,/bɾusʈi/
Odia,[bɔn̠ʲt͡ʃiba]
Odia,/bʱikaɾi/
Odia,/mat̪ɾɔ/
Odia,/sɔhɔɾia/
Odia,/kaɾt̪t̪ikejɔ/
Odia,/bʱul/
Odia,/ɾe/
Odia,/seo/
Odia,/ɔpad̪an̪ɔ/
Odia,/ɾakʰɔs/
Odia,/d͡ʒoɖa/
Odia,/paĩ/
Odia,/ɡɔd̪ʱuɳi/
Odia,/bɔĩsi/
Odia,/sun̪a/
Odia,/sukɾɔ/
Odia,/bʱaɭeɳi/
Odia,/piala/
Odia,/kʰiɽiki/
Odia,/d̪ʱɔ/
Odia,/t̪ʰeɳʈɔ/
Odia,/pɔt̪ɔɭa/
Odia,/lɔɽʱiba/
Odia,/t͡ʃʰɔt̪a/
Odia,/aju/
Odia,/pokɔ/
Odia,/loʈɔɳi/
Odia,/t͡ʃʰɔkoɳi/
Odia,/ut̪t̪ɔɾɔ/
Odia,/sɔpt̪ahɔ/
Odia,/ɾuhaiba/
Odia,/seman̪e/
Odia,/ɡaiba/
Odia,/ɾasi/
Odia,/sun̪jɔ/
Odia,/n̪iɡaɽiba/
Odia,/ekɔ/
Odia,/man̪ɔbɔ/
Odia,[ɾɔn̠ʲd͡ʒ]
Odia,/bʱaɾɔt̪ijɔ/
Odia,/mukʰɔ/
Odia,/mat͡ʃʰɔ/
Odia,/sɔbd̪ɔ/
Odia,/ɔpeksa/
Odia,/pɾat͡ʃin̪ɔ/
Odia,/mɔi/
Odia,/ɡã/
Odia,/bɔt̪isɔ/
Odia,/ɡumuʈɔ/
Odia,/mit̪ɔ/
Odia,/ɔsɾu/
Odia,/koʈi/
Odia,/d͡ʒɔɭɔt͡ʃɔɾɔ/
Odia,/d͡ʒuba/
Odia,/ʈa/
Odia,/ekɔt̪iɾisɔ/
Odia,/besi/
Odia,/bahaɾiba/
Odia,/d̪ebɔ/
Odia,/mɔhasɔjɔ/
Odia,/iɳʈɔɾɔn̪eʈɔ/
Odia,/eʈʰaɾe/
Odia,[un̠ʲt͡ʃaiba]
Odia,/pulisbala/
Odia,/ɡaɖɔ/
Odia,/kɔt̪uɾi/
Odia,/ib/
Odia,/mapiba/
Odia,[kʰen̠ʲt͡ʃiba]
Odia,/bʱumi/
Odia,/pɔd̪ɔ/
Odia,/ɖɔŋka/
Odia,/bin̪t͡ʃɔɳa/
Odia,/n̪ɔmun̪a/
Odia,/t̪ʰoiba/
Odia,/papɔɽɔ/
Odia,/t̪ɔɾɔkaɾi/
Odia,/ɔʈɔt̪iɾisɔ/
Odia,/pɔt̪ʰɔɾɔ/
Odia,/hɾud̪ɔjɔ/
Odia,/pɔɾibɔɾt̪t̪e/
Odia,/sɔt̪ɔɾɔn̪d͡ʒɔ/
Odia,/ɔ̃sɔ/
Odia,/t͡ʃin̪t̪a/
Odia,/t͡ʃɔut̪aɭɔ/
Odia,/laibɾeɾi/
Odia,/ɾɔmɔd͡ʒan̪/
Odia,/t̪ɔn̪t̪i/
Odia,/d͡ʒɔjɔ/
Odia,/mɔiɭa/
Odia,/t̪ihaɾ/
Odia,[mɔn̠ʲd͡ʒɔ]
Odia,/ɡɔhɔmɔ/
Odia,/t̪iɔɳɔ/
Odia,/kɔhiba/
Odia,/mail/
Odia,/baʈɔ/
Odia,/laɡiba/
Odia,/d̪eɽʱɔ/
Odia,/ɔn̪d͡ʒɔn̪ɔ/
Odia,/biɾɔpɔɳɔ/
Odia,/baɾɔ̃baɾɔ/
Odia,/d͡ʒaɳiba/
Odia,/ɾad͡ʒjɔ/
Odia,/ban̪d͡ʒʱɔ/
Odia,/kumbʱɔkaɾɔ/
Odia,/kɔɾt̪t̪ɾukaɾɔkɔ/
Odia,/puɾɔskaɾɔ/
Odia,/ĩɾad͡ʒɔ/
Odia,/saɾi/
Odia,/t̪oɭɔ/
Odia,/d͡ʒun̪/
Odia,[bin̠ʲt͡ʃɔɳa]
Odia,/kɔɾɔɳi ɔksɔɾɔ/
Odia,/pɔɭaiba/
Odia,/maɾt͡ʃː(ɔ)/
Odia,/n̪at̪uɳi/
Odia,/ɔjɔn̪ɔ/
Odia,/sɔbut̪ʰiɾe/
Odia,/sud̪ʱaiba/
Odia,/akʰu/
Odia,/pɔɾibaɾɔ/
Odia,/mɔn̪d̪iɾɔ/
Odia,/hɔɭɔd̪ia/
Odia,/muɾkʰɔ/
Odia,/hɔt̪iaɾɔ/
Odia,/d͡ʒulai/
Odia,/hɔɭɔ/
Odia,/swɔɾɡɔ/
Odia,/likʰit̪ɔ/
Odia,/ɾad͡ʒi/
Odia,/ɡʱɔɾɔ/
Odia,/mɔid̪an̪ɔ/
Odia,/d̪ʱɔɳɖi/
Odia,/kaɾɔkɔ/
Odia,/ɖakiba/
Odia,/ɔn̪d̪ʱaɾɔ/
Odia,/mɔd̪ʱjɔɾe/
Odia,/sɔmɔst̪ɔ/
Odia,/t̪aɾa/
Odia,/sesɔ/
Odia,/ɔd̪ʱikaɾɔ/
Odia,/ɾubɔlɔ/
Odia,/ɾɔbibaɾɔ/
Odia,/ut͡ʃit̪ɔ/
Odia,/n̪ɔsiba/
Odia,/uʈʰaiba/
Odia,/bohiba/
Odia,/sut̪ɔkasɔut͡ʃɔ/
Odia,/pɔɾaɳi/
Odia,/pad̪ɔ/
Odia,/aɳiba/
Odia,/kʰɔʈa/
Odia,/bɔɽɔpɔɳɔ/
Odia,/ɔbʱisekɔ/
Odia,/t̪uɾɔn̪t̪ɔ/
Odia,/t̪eisi/
Odia,/mɔhiɭa/
Odia,/ekabɔn̪ɔ/
Odia,/mɔhapat̪ɾɔ/
Odia,/kali/
Odia,/d̪ʱikkaɾiba/
Odia,/masʈɔɾɔ/
Odia,/pud͡ʒɔn̪ɔ/
Odia,/d̪ʱɔd͡ʒa/
Odia,/n̪aɾi/
Odia,/ɾad͡ʒɔmɔhisi/
Odia,/t̪aɭɔ/
Odia,/bʱaɡɔ kɔɾiba/
Odia,/bamɔ/
Odia,/ɾɔ/
Odia,/beɽʱa/
Odia,/d̪ʱɔuɭaiba/
Odia,/d̪ɔn̪t̪jɔ/
Odia,/kɔɾɔt̪ɔ/
Odia,/puɾbijɔ/
Odia,[pɔn̠ʲd͡ʒɔɾa]
Odia,/d̪ɔuɽiba/
Odia,/heŋɡu/
Odia,/kukuɽa/
Odia,/t̪uʈʰɔ/
Odia,/pɾut̪ʰwi/
Odia,/ɡɔt͡ʃʰiba/
Odia,/sekiba/
Odia,/t͡ʃakʰiba/
Odia,/kiɳiba/
Odia,/kuɾan̪/
Odia,/lɔŋɡʱiba/
Odia,/d͡ʒaɭiba/
Odia,/t̪ɾusa/
Odia,/pakʰɔɾe/
Odia,[mɔn̠ʲd͡ʒi]
Odia,/mo/
Odia,/d͡ʒɔn̪mɔ/
Odia,/ket̪ebele/
Odia,/paʈi/
Odia,/ekɔd̪ɔm/
Odia,/ɭɔ/
Odia,/ɾud̪ɾaksɔ/
Odia,/masɔ/
Odia,/mɔɳɖɔpɔ/
Odia,/ki/
Odia,/pɔisa/
Odia,/sɔ/
Odia,/t͡ʃuɾɔ/
Odia,/ɡʱɔɽi/
Odia,/ɖeĩba/
Odia,/d͡ʒɔn̪ɔn̪i/
Odia,/iɳɖa/
Odia,/oʈʰɔ/
Odia,/n̪ɔhɔɾa/
Odia,/maɽiba/
Odia,/luɡa/
Odia,/bʱikɔ/
Odia,[ɔn̠ʲt͡ʃɔɭa]
Odia,/ɡɔɡɔn̪ɔ/
Odia,/ɾad͡ʒa/
Odia,/sɔt̪abɔn̪ɔ/
Odia,/d̪ɔulɔt̪ɔ/
Odia,/t̪isʈʰiba/
Odia,/ʈʰakuɾaɳi/
Odia,/d͡ʒamaika/
Odia,/ɔʈɔt͡ʃaɭisɔ/
Odia,/t͡ʃʰua/
Odia,/pɔiʈʰi/
Odia,/t͡ʃʰai/
Odia,/pʰeɾiba/
Odia,/d͡ʒʱiŋkiba/
Odia,/hɔd͡ʒaɾɔ/
Odia,/swɔsuɾɔ/
Odia,/kʰoi/
Odia,/puɾubɔ/
Odia,/sɾi/
Odia,/bɔŋɡaɭi/
Odia,/t̪ʰɔɾiba/
Odia,/ket̪e/
Odia,/n̪iswasɔ n̪eba/
Odia,/bid͡ʒuɭi/
Odia,/ekaʈʰeĩ/
Odia,/lɔbɔŋɡɔ/
Odia,/mɔhɔmːɔd̪ɔ/
Odia,/besʈɔn̪ɔ/
Odia,/uɖaɳɔ/
Odia,/d͡ʒɔɭɔ/
Odia,/sɾesʈʰɔ/
Odia,/bjapiba/
Odia,/lɔbd̪ʱɔ/
Odia,/pɾɔpʰesɔɾ/
Odia,/bɔhubɔt͡ʃɔn̪ɔ/
Odia,/kamuɽiba/
Odia,/t͡ʃʰalɔ/
Odia,/piiba/
Odia,/bɾud̪d̪ʱi/
Odia,/kɔpit̪ɔ/
Odia,/n̪at͡ʃiba/
Odia,/pɔkeʈ/
Odia,/aʈʰɔ/
Odia,/ɔd̪a/
Odia,/ɖeɾi/
Odia,/mɔɳɖɔɭɔ/
Odia,/t̪in̪i/
Odia,/haʈɔ/
Odia,/ɡɔn̪d͡ʒa/
Odia,/siksa/
Odia,/mɔŋɡɔɭɔbaɾɔ/
Odia,/ɔŋkit̪ɔ/
Odia,/koʈʰi/
Odia,/ɔɳɔt͡ʃaɭisɔ/
Odia,/kat͡ʃʰa/
Odia,/ɖɔmɔɾu/
Odia,/ʈie/
Odia,/t͡ʃʰapiba/
Odia,/bɾahmɔɳɔ/
Odia,/olɔʈeiba/
Odia,/pit̪ɾu/
Odia,/d͡ʒaipʰɔɭɔ/
Odia,/d͡ʒɔŋɡʱɔ/
Odia,/d̪uɾɔ/
Odia,/kaid̪a/
Odia,/maɾi/
Odia,/d͡ʒud̪d̪ʱɔ/
Odia,/pɔt͡ʃisi/
Odia,/ɾaɳi/
Odia,/ʈʰakuɾɔ/
Odia,/pɾut̪ʰibi/
Odia,/misɔr/
Odia,/kʰɔɳɖɔɳɔ/
Odia,/d̪ʱɔn̪i/
Odia,/kɔʈʰɔlɔ/
Odia,/sikʰaiba/
Odia,/bilkul/
Odia,/d͡ʒuɡɔ/
Odia,/ɡai/
Odia,/ɡʱaʈia/
Odia,/hele/
Odia,/spɔɾsɔ/
Odia,/t͡ʃɔumuhã/
Odia,/hĩ/
Odia,/ɡuɽa/
Odia,/d̪il/
Odia,/ɡʱɔɾɔbala/
Odia,/t̪iksɳɔ/
Odia,/heba/
Odia,/baan̪ɔ/
Odia,/bʱeɽɔ/
Odia,/t̪et̪isɔ/
Odia,/kɾusɳɔ/
Odia,/ɾu/
Odia,/ɡʱɔʈʈɔ/
Odia,/kud̪ɔ/
Odia,/t̪ɔmakʰu/
Odia,/osaɾɔ/
Odia,/bipuɭɔ/
Odia,/hɔɭɔn̪t̪ɔ/
Odia,/d͡ʒɔɭiba/
Odia,/saɡua/
Odia,/pɔhɔ̃ɾa/
Odia,/pɔut̪ɾɔ/
Odia,/mapuɳi/
Odia,/kɔt͡ʃiɾi/
Odia,/kɔʈɔki/
Odia,/buɽiba/
Odia,/t͡ʃapiba/
Odia,/t͡ʃakɔɾɔ/
Odia,/lɔksɔ/
Odia,/mãmã/
Odia,/sɔt̪uɾi/
Odia,/ɔn̪t̪/
Odia,/bist̪aɾɔ/
Odia,/ʈi/
Odia,/d͡ʒʱɔɾɔka/
Odia,/saŋɡe/
Odia,/ɾad͡ʒɔput̪ɾɔ/
Odia,/kɔpuɾɔ/
Odia,/d̪isembɔɾ/
Odia,/t͡ʃa/
Odia,/kʰɔd͡ʒuɾɔ/
Odia,/t͡ʃɔubɔn̪ɔ/
Odia,/muhɔ̃/
Odia,/t̪ejaɭisɔ/
Odia,/mɔd̪ɔt̪/
Odia,/t͡ʃʰɔn̪d̪ɔɳi/
Odia,/kud̪iba/
Odia,/supɔɾɔs/
Odia,/ɔn̪t͡ʃɔɭa/
Odia,/kɔn̪d̪ʱi/
Odia,/muɡɔ/
Odia,/iman̪/
Odia,/ɔŋɡaɾɔkɔ/
Odia,/ɔkʰɔ/
Odia,[ɡun̠ʲd͡ʒiba]
Odia,/ɾɔkʰuaɭɔ/
Odia,/kan̪un̪ɡo/
Odia,/t͡ʃʰɔɔ/
Odia,/kaʈʰipokɔ/
Odia,/kʰɔt͡ʃt͡ʃɔɾɔ/
Odia,/luha/
Odia,/bɔɾsa/
Odia,/mũ/
Odia,/uʈʰiba/
Odia,/ʈʰokɔ/
Odia,/d͡ʒɔmid̪aɾɔ/
Odia,/biɾɔ/
Odia,/d̪ehɔ/
Odia,/kɔmaɾɔ/
Odia,/baɡʱɔ/
Odia,/t̪ala/
Odia,/bʱɔlɔ paiba/
Odia,/ɡuʈʰɔ/
Odia,/d͡ʒaɾi/
Odia,/misaɳɔ/
Odia,/t̪ʰɔn̪ɔ/
Odia,/d̪iɾɡʱɔ/
Odia,/beʈʰia/
Odia,/baɾaɳɔsi/
Odia,/t͡ʃuɭa/
Odia,/ɾɔkʰiba/
Odia,/usɳɔ/
Odia,/t͡ʃauɭɔ/
Odia,/bibʱɾaʈɔ/
Odia,/ɾae/
Odia,/t͡ʃuɭi/
Odia,/aŋɡuɭi/
Odia,/bit͡ʃʰɔɳa/
Odia,/d͡ʒɔt̪ʰesʈɔ/
Odia,/d̪ɔsɔ/
Odia,/bʱukiba/
Odia,/ʈikie/
Odia,/bjɔbɔhaɾɔ/
Odia,/bjapt̪i/
Odia,/t͡ʃut͡ʃumiba/
Odia,/ɡʱaʈiba/
Odia,/bid͡ʒn̪an̪ɔ/
Odia,/huet̪ɔ/
Odia,/himaɭɔjɔ/
Odia,/kʰasiba/
Odia,/t͡ʃabiba/
Odia,/mɔɳɖa/
Odia,/bʱoʈɔ/
Odia,/ɖɔŋɡa/
Odia,/ɡuɳɖaiba/
Odia,/n̪ikɔʈɔ/
Odia,/ɔu̯sɔd̪ʱɔ/
Odia,/misiba/
Odia,/d̪waɾa/
Odia,/n̪ɔɡɔɾɔ/
Odia,/mɔn̪d͡ʒɔ/
Odia,/d̪ɔɳɖad͡ʒn̪a/
Odia,/mat͡ʃʰi/
Odia,/buliba/
Odia,/t͡ʃaɭisɔ/
Odia,/d̪ui/
Odia,/sɔhi/
Odia,/ʈelibʱid͡ʒɔn̪ɔ/
Odia,/ɔɳu/
Odia,/ɡɔɾd͡ʒɔn̪ɔ/
Odia,/lɔkʰiba/
Odia,/n̪un̪i/
Odia,/hin̪d̪ust̪ʰan̪ɔ/
Odia,/saɡuɳa/
Odia,/haɖɔ/
Odia,/asiba/
Odia,/boli/
Odia,/kɔit̪ʰɔ/
Odia,/t̪ɾut̪ijãsɔ/
Odia,/ʈʰika/
Odia,/kʰjɔ.ma/
Odia,/aɡũ/
Odia,/t͡ʃʰoɽiba/
Odia,/mɔɳɖɔ/
Odia,/seu/
Odia,/saɭika/
Odia,/t͡ʃiŋɡuɽi/
Odia,/ɔkʰat̪ɔ/
Odia,/bɔɖɔ/
Odia,/pũliŋɡɔ/
Odia,/pɔin̪t͡ʃaɭisɔ/
Odia,/n̪ɔmɔst̪e/
Odia,/n̪ɔbe/
Odia,/ɡɔɽɔ/
Odia,/sɔbubeɭe/
Odia,/kɔɳa/
Odia,/ad̪ʱun̪ikɔ/
Odia,/pɾɔhaɾɔ kɔɾiba/
Odia,/baɽeiba/
Odia,/ɡuĩd͡ʒ/
Odia,/paɭit̪ɔ/
Odia,/hat̪i/
Odia,/pɔt͡ʃasɔ/
Odia,/bɔn̪d̪aɳɔ/
Odia,/d͡ʒubɔt̪i/
Odia,/sɔmud̪ɾɔ/
Odia,/mɾut̪ju/
Odia,/d͡ʒʱɔʈ/
Odia,/d͡ʒɔmi/
Odia,/ɡosaĩ/
Odia,/ɖahaɳɔ/
Odia,/n̪aa/
Odia,/baɾu/
Odia,/bʱasiba/
Odia,/ɾad͡ʒɔput̪ɔ/
Odia,/bʱat̪uaɳi/
Odia,/puɔ/
Odia,/d͡ʒɔɡɔt̪/
Odia,/kɔlɔmɔ/
Odia,/ʈɾen̪/
Odia,/d̪wɔjɔ/
Odia,/t͡ʃɔukɔʈʰɔ/
Odia,/pʰeɾe/
Odia,/bʱɾat̪ɾu/
Odia,/mit̪ʰiɭa/
Odia,/hɔɭia/
Odia,/ɔʈa/
Odia,/d̪an̪t̪ɔ/
Odia,/kɔkʰaɾu/
Odia,/ɡoɽaiba/
Odia,/pimpuɖi/
Odia,/sit̪ɔmbɔɾɔ/
Odia,/min̪ɔ/
Odia,/ɾampuɽiba/
Odia,/kisɔ/
Odia,/pud͡ʒa/
Odia,/n̪ɔkɔsa/
Odia,/ɔd̪ʱun̪a/
Odia,/bɔt͡ʃɔn̪ɔ/
Odia,/kɔɔ̃ɳɔ/
Odia,/piad͡ʒɔ/
Odia,/n̪id͡ʒ/
Odia,/ut̪aɾiba/
Odia,/kʰad̪jɔ/
Odia,/d͡ʒn̪an̪ɔ/
Odia,/kʰali/
Odia,/n̪iʈʰa/
Odia,/t͡ʃusiba/
Odia,/ut͡ʃt͡ʃɔ/
Odia,/n̪jun̪ɔ/
Odia,[pɔhɔn̠ʲt͡ʃiba]
Odia,/ɾat̪i/
Odia,/t̪epɔn̪ɔ/
Odia,/pɾɔput̪ɾɔ/
Odia,/in̪d̪uɾɔ/
Odia,/d̪ɔɳɖuasi/
Odia,/saɾʈɔ/
Odia,/kʰɔɾapɔ/
Odia,/bʱan̪d͡ʒiba/
Odia,/bɔɳid͡ʒaɾɔ/
Odia,/t̪eli/
Odia,/swad̪ɔ/
Odia,/mut̪ʰɔ/
Odia,/ɡoɾu/
Odia,/d͡ʒɔɳaiba/
Odia,/sosɔ/
Odia,/kɾumi/
Odia,/ĩlɔɳɖɔ/
Odia,/pat͡ʃiɾi/
Odia,/sɔbud͡ʒɔ/
Odia,/n̪amɔ/
Odia,/d͡ʒoɡjɔ/
Odia,/baɭɔkɔ/
Odia,/piba/
Odia,/hin̪d̪i/
Odia,/t͡ʃali/
Odia,/d̪ʱusɔɾɔ/
Odia,/pʰɔɭɔ/
Odia,/d̪waɾɔ/
Odia,/maɡuɳi/
Odia,/hɾut̪piɳɖɔ/
Odia,/pɔn̪d͡ʒɔɾa/
Odia,/siŋɡɔ/
Odia,/mɔɳiba/
Odia,/kɔt̪uɾiba/
Odia,/ɾad͡ʒn̪i/
Odia,/t͡ʃɔɭaiba/
Odia,/bɔt̪aiba/
Odia,/aŋɡuʈʰi/
Odia,/n̪ɔbʱembɔɾɔ/
Odia,/t͡ʃihn̪iba/
Odia,/sɔ̃kʰja/
Odia,/sit̪ɔɭɔ/
Odia,/t͡ʃɔuʈʰɔ/
Odia,/ɖʱaŋkiba/
Odia,/kɔhuɳi/
Odia,/sud̪d̪ʱa/
Odia,/ɡɔɳʈʰi/
Odia,/d͡ʒɔu/
Odia,/mãsɔ/
Odia,/pɔn̪d͡ʒuɾi/
Odia,/d̪okan̪i/
Odia,/kiʈɔ/
Odia,/pʰɔɾasɔ/
Odia,/d̪ʱwɔd͡ʒɔ/
Odia,/aŋkiba/
Odia,/suskɔ/
Odia,/paʈɔ/
Odia,/kʰoliba/
Odia,/sapɔ/
Odia,/mit͡ʃʰɔ/
Odia,/ɔɡɔuɳɔ/
Odia,/d͡ʒɔhn̪ɔ/
Odia,/aɾman̪i/
Odia,/pɔsɔn̪d̪ɔ/
Odia,/ɖaɭimbɔ/
Odia,/bɾɔhmɔput̪ɾɔ/
Odia,/haʈua/
Odia,/ho/
Odia,/lɔpʰapʰa/
Odia,/mɔhad̪ebɔ/
Odia,/kɔɾt̪t̪a/
Odia,/ɡad͡ʒɔɾɔ/
Odia,/mɔjuɾɔ/
Odia,/t͡ʃobaiba/
Odia,/ɾamajɔɳɔ/
Odia,/labʱɔ/
Odia,/pɔɳiba/
Odia,/d͡ʒahad͡ʒɔ/
Odia,/beŋɡaɭuɾu/
Odia,/d̪ɔuɾa/
Odia,/bilat̪/
Odia,/bɔhu/
Odia,/d̪ʋipɔ/
Odia,/baksɔ/
Odia,/t͡ʃʰɔt̪isɔɡɔɽɔ/
Odia,/hiŋɡu/
Odia,/ɡoɳi/
Odia,/t͡ʃɔɾbi/
Odia,/ɔn̪d̪ʱɔ/
Odia,/iɡɔlɔ/
Odia,/puɾɳɳɔt͡ʃt͡ʃʰed̪ɔ/
Odia,/pɾɔsn̪ɔ/
Odia,/t̪in̪t̪a/
Odia,/belɔ/
Odia,/bʱumikɔmpɔ/
Odia,/hɔsiba/
Odia,/mɔɳihaɾi/
Odia,/hɔ̃ː/
Odia,/bɾud̪d̪ʱipɾapt̪ɔ/
Odia,/apɔɳɔ/
Odia,/d̪ʱoiba/
Odia,/mat̪iba/
Odia,/ɔpɔsɔɾiba/
Odia,/ekuʈia/
Odia,/kesɔ/
Odia,/d͡ʒiba/
Odia,/kɔŋɡɾes/
Odia,/ɔbɔɡɾɔhɔ/
Odia,/hɔɾɔkɔt̪/
Odia,/kɔɾmɔkaɾɔkɔ/
Odia,/kɔuɽia/
Odia,/t͡ʃʰaiba/
Odia,/t͡ʃʰoʈɔ/
Odia,/mɔhɔkuma/
Odia,/t͡ʃun̪a/
Odia,/sin̪ema/
Odia,/mɔd̪ʱuɾɔ/
Odia,/d͡ʒaɡiba/
Odia,/mut̪ɾɔ/
Odia,/pɾapt̪ɔ/
Odia,/t̪ɔt̪ʰaɡɔt̪ɔ/
Odia,/t̪umɔɽi/
Odia,/d͡ʒʱiɔ/
Odia,/kʰub/
Odia,/t͡ʃʰut̪i/
Odia,/t͡ʃit̪a/
Odia,/d͡ʒɔɖi/
Odia,/n̪aɾɔɳɔ/
Odia,/ebɔ̃/
Odia,/keũd͡ʒʱɔɾɔ/
Odia,/lu/
Odia,/ut͡ʃt͡ʃɔt̪a/
Odia,/bɾahmɔɳi/
Odia,/ɡilasɔ/
Odia,/kosat̪ɔkɔ/
Odia,/bɔd̪ʱiɾɔ/
Odia,/ɡit̪ɔ/
Odia,/u/
Odia,/palɔŋki/
Odia,/pɔn̪t͡ʃabɔn̪ɔ/
Odia,/bapa/
Odia,/ɔbʱjud̪ɔjɔ/
Odia,/ɡɔẽʈʰ/
Odia,/bɔllɔɾi/
Odia,/d͡ʒoe/
Odia,/sɔɳɖɔ/
Odia,/d̪ʱikkaɾɔ/
Odia,/n̪ɔd͡ʒɔɾɔ/
Odia,/bed͡ʒu/
Odia,/d̪uɾɡa/
Odia,/ut͡ʃt͡ʃaɾit̪ɔ/
Odia,/n̪ɔ/
Odia,/d̪ʱikaɾɔ/
Odia,/bibahit̪ɔ/
Odia,/bʱɔsaɳi/
Odia,/d͡ʒʱulɔɳɔ/
Odia,/ohlaiba/
Odia,/boliba/
Odia,/pɾɔbesɔ/
Odia,/ɾamɔ/
Odia,/pɾɔsɔst̪ɔ/
Odia,/aɾɔmbʱɔ/
Odia,/paɡɔɭɔ/
Odia,/mɔn̪usjɔ/
Odia,/ken̪d̪ɾɔ/
Odia,/sɔhajɔt̪a/
Odia,/kɔd͡ʒɔɭɔ/
Odia,/pen̪t̪ʰa/
Odia,/libʱiba/
Odia,/swɔɾɔ/
Odia,/n̪imɔn̪t̪e/
Odia,/ɖakt̪ɔɾɔ/
Odia,/ɡosaɭɔ/
Odia,/ukuɳi/
Odia,/bekɔ/
Odia,[lan̠ʲd͡ʒɔ]
Odia,/t̪iɾisɔ/
Odia,/pɾɔsid̪d̪ʱi/
Odia,/kɔn̪d̪ʱɔ/
Odia,/beɭe/
Odia,/bod̪ʱe/
Odia,/d͡ʒat̪ɔ/
Odia,/t̪ɔ/
Odia,/t͡ʃʰapa/
Odia,/kakɔ/
Odia,/ɔpʰis/
Odia,/ɡolapɔ/
Odia,/lɔ/
Odia,/ban̪t̪i kɔɾiba/
Odia,/d͡ʒɔd̪i/
Odia,/mɔha/
Odia,/pɾɔɳɔjɔ/
Odia,/d͡ʒɔɳɔ/
Odia,/kan̪d̪iba/
Odia,/kʰɔiɾa/
Odia,/pɔlɔ/
Odia,/ɾoiba/
Odia,/sɔɽiba/
Odia,/n̪ɔd͡ʒɔɾan̪a/
Odia,/ɖaɭɔ/
Odia,/pʰaʈiba/
Odia,/d͡ʒaɭeɳi/
Odia,/ɡɔŋɡa/
Odia,/ekɔbɔt͡ʃɔn̪ɔ/
Odia,/t͡ʃʰeli/
Odia,/ʈɔŋka/
Odia,/upɔɽiba/
Odia,/lalɔ/
Odia,/t͡ʃʰat̪ɔ/
Odia,/pɔid̪a/
Odia,/kʰɔɳɖɔ/
Odia,/lekʰɔ/
Odia,/upɔd͡ʒɔn̪t̪a/
Odia,/paɾua/
Odia,/n̪eba/
Odia,/sat̪ɔ/
Odia,/mat̪ɾubʱumi/
Odia,/kɔlikɔt̪a/
Odia,/ɡot͡ʃʰa/
Odia,/kɔɔ̃ɭɔ/
Odia,/muɾd̪d̪ʱɔn̪jɔ/
Odia,/bjɔkt̪i/
Odia,/d͡ʒae/
Odia,/pila/
Odia,/kumbʱɔ/
Odia,/t̪ʰɔɾɔ/
Odia,/kasiba/
Odia,/un̪n̪ɔt̪i/
Odia,/bʱɔɾiba/
Odia,/ɔkʰi/
Odia,/t͡ʃamɔt͡ʃɔ/
Odia,/t̪a/
Odia,/papɔɽa/
Odia,/maʈi/
Odia,/sit̪ɔ/
Odia,/ɔn̪t̪e/
Odia,/kiã/
Odia,/bʱid͡ʒa/
Odia,/od͡ʒʱa/
Odia,/sɔɾɔmɔ/
Odia,/o/
Odia,/sod͡ʒa/
Odia,/bjɔbɔhɾut̪ɔ/
Odia,/baluka/
Odia,/pet͡ʃa/
Odia,/het̪u/
Odia,/kʰeɭiba/
Odia,/akʰɔɾɔ/
Odia,/t͡ʃʰuɾi/
Odia,/bemaɾia/
Odia,/paɡɔɭami/
Odia,/mɔd̪ʱjɔ/
Odia,/lɔŋɡɔɭa/
Odia,/pɔɾɔmeswɔɾɔ/
Odia,/d͡ʒaɡa/
Odia,/t̪ɔɭe/
Odia,/meɡʱɔ/
Odia,/kamɔ/
Odia,/bɔn̪aɾɔsɔ/
Odia,/sɔmbod̪ʱɔn̪ɔ/
Odia,/od̪ʱɔ/
Odia,/lɔhu/
Odia,/baɭika/
Odia,/d̪ɔuɽi/
Odia,/bist̪ɾut̪i/
Odia,/baɭɔ/
Odia,/maɳikjɔ/
Odia,/kuheɭika/
Odia,/aɾɔbi/
Odia,/pɔt̪n̪i/
Odia,/d̪ʱaĩba/
Odia,/t͡ʃun̪d̪i/
Odia,/pɾɔt̪isʈʰa/
Odia,/sĩhɔ/
Odia,/pimpuɽi/
Odia,/t͡ʃɔ/
Odia,/n̪aʈɔkɔ/
Odia,/swɔpn̪ɔ/
Odia,/n̪un̪n̪i/
Odia,/pɔhɔn̪t͡ʃiba/
Odia,/ʈʰaɾu/
Odia,/d̪ʱat̪ɾi/
Odia,/kan̪ɔ/
Odia,/t̪usaɾɔ/
Odia,/palɔʈiba/
Odia,/kahaɳi/
Odia,/kaɳɖɔ/
Odia,/ɡʱaʈɔ/
Odia,/ban̪d̪ʱiba/
Odia,/d͡ʒʱɔɾiba/
Odia,/st̪ɾɔiɳɔ/
Odia,/pan̪ɔ/
Odia,/suɳaɳi/
Odia,/kʰoɭiba/
Odia,/ɡʱosɔ/
Odia,/kʰɔʈɔɳi/
Odia,/pɔt͡ʃiba/
Odia,/posakɔ/
Odia,/bud̪ʱi/
Odia,/ɡad̪ʱiba/
Odia,/d͡ʒiiba/
Odia,/bjaŋk/
Odia,/lekʰiba/
Odia,/ɾɔn̪d͡ʒ/
Odia,/ʈapu/
Odia,/kɔd̪ɔɭi/
Odia,/lɔɳɖɔn̪/
Odia,/ɡʱɔʈɔ/
Odia,/puɾɳɳɔ/
Odia,/n̪ɔɡɔd̪ɔ/
Odia,/ɔn̪jɔ/
Odia,/pɔst͡ʃimɔ/
Odia,/ekoisɔ/
Odia,/t͡ʃʰan̪t͡ʃɔ/
Odia,/kaʈʰi/
Odia,/sukɾɔbaɾɔ/
Odia,/hemaɭɔ/
Odia,/ɡʱɔɳʈɔ/
Odia,/bʱit̪ɔɾe/
Odia,/ma/
Odia,/pɔɽi ɾɔhiba/
Odia,/ɾusia/
Odia,/baju/
Odia,/iba/
Odia,/moʈɔɾɔ/
Odia,/ʈʰekua/
Odia,/kɔɾɔt̪iba/
Odia,/beɭɔ/
Odia,/sɔɾɔt̪/
Odia,/pʰuŋkiba/
Odia,/bʱubɔn̪eswɔɾɔ/
Odia,/kaila/
Odia,/ɔd̪ʱɔ/
Odia,/ɡɔɭa/
Odia,/ɔd̪ʱikɔ/
Odia,/sahad͡ʒjɔ/
Odia,/bɔɽʱiba/
Odia,/d͡ʒwaĩ/
Odia,/d͡ʒou/
Odia,[pɔin̠ʲt͡ʃaɭisɔ]
Odia,/kʰusi/
Odia,/ɔmɭɔd͡ʒan̪ɔ/
Odia,/pʰɔɾasi/
Odia,/d̪ʱɔɾmɔ/
Odia,/baʈua/
Odia,/kʰɔpuɾi/
Odia,/mɔkɾi/
Odia,/koʈʰɔɾi/
Odia,/suɾd͡ʒjɔ/
Odia,/t͡ʃoɾi/
Odia,/pampɔɽɔ/
Odia,/koili/
Odia,/bʱokila/
Odia,/maɳikɔ/
Odia,/d̪eu/
Odia,/ɡoʈʰɔ/
Odia,/ɡɔbʱiɾɔ/
Odia,/leŋɡeɽa/
Odia,/pɔɽʱiba/
Odia,/d͡ʒot̪a/
Odia,/saɽʱe/
Odia,/ad͡ʒi/
Odia,/sikaɾɔ/
Odia,/sɾiman̪/
Odia,/ɡʱɔ/
Odia,/t͡ʃʰɔɳi/
Odia,/a/
Odia,/ɖʱɔ/
Odia,/d̪ebi/
Odia,/kʰod͡ʒiba/
Odia,/paiʈi/
Odia,/bou/
Odia,/lɔɽʱeiba/
Odia,/d͡ʒʱuʈa/
Odia,/musɔɭɔ/
Odia,/ɖʱaɭɔ/
Odia,/ɡɔt͡ʃʰaiba/
Odia,/bʱabiba/
Odia,/d̪ʱiɾe/
Odia,/t͡ʃikɔɳa/
Odia,/kɔɔ̃ɭiba/
Odia,/t͡ʃipuɽiba/
Odia,/t͡ʃɔɭiba/
Odia,/n̪id̪ɾad͡ʒiba/
Odia,/kɔ/
Odia,/pas/
Odia,/lekʰaẽ/
Odia,/sɔd͡ʒaɽiba/
Odia,/pɔʈʰaiba/
Odia,/ɡʱen̪iba/
Odia,/ɾaɡiba/
Odia,/d̪ebɔd̪aɾu/
Odia,/kahĩki/
Odia,/ɽʱɔ/
Odia,/aiba/
Odia,/pʰaɭɔ/
Odia,/pɔɾɔ̃bɾɔhmɔ/
Odia,/bʱaud͡ʒɔ/
Odia,/kɔmbɔɭɔ/
Odia,/pɾajɔ/
Odia,/t͡ʃʰɔt̪isɔ/
Odia,/ɔst̪ʰi/
Odia,/kʰɔbɔɾɔkaɡɔd͡ʒɔ/
Odia,/kʰua/
Odia,/kʰɔʈɔ/
Odia,/poɽiba/
Odia,/d̪ʱuɭi/
Odia,/kɔɭiŋɡɔ/
Odia,/ɾɔsɔ/
Odia,/ɔʈʰabɔn̪ɔ/
Odia,/ɔn̪uswaɾɔ/
Odia,/bʱat̪ɔ/
Odia,/swad̪ʱin̪ɔ/
Odia,/t̪ad͡ʒikist̪an̪ɔ/
Odia,/ɡɔn̪d͡ʒai/
Odia,/kan̪hɔ/
Odia,/t͡ʃɔɽʱai/
Odia,/pɔɖiba/
Odia,/d̪okan̪ɔ/
Odia,/pulis/
Odia,/d͡ʒɔlɔd̪i/
Odia,/sɔn̪ibaɾɔ/
Odia,/paʈɔɾa/
Odia,/pɾaɳɔd̪ɔɳɖad͡ʒn̪a/
Odia,/d͡ʒɔn̪ad͡ʒa/
Odia,/ɔt̪iɾekɔ/
Odia,/pɔɳɖa/
Odia,/pen̪d̪i/
Odia,/saɡɔɾɔ/
Odia,/kumbʱaɾɔ/
Odia,/pɔhɔ̃ɾiba/
Odia,/t͡ʃɔn̪d̪ɾɔ/
Odia,/siɾɔ/
Odia,/lɔɡalɔɡi/
Odia,/ɡoʈa/
Odia,/in̪spekʈɔɾ/
Odia,/d̪ʱɔɾad̪ʱɔɾi/
Odia,/bɔhiba/
Odia,/ɔi̯/
Odia,/kimbʱiɾɔ/
Odia,/bʱekɔʈa/
Odia,/bɔt̪ɔkɔ/
Odia,/ɡɔd̪ʱa/
Odia,/peʈɔ/
Odia,/pɔsu/
Odia,/mɔd͡ʒa/
Odia,/kʰaiba/
Odia,/lɔʈiba/
Odia,/lɔhuɽa/
Odia,[sɔt̪ɔɾɔn̠ʲd͡ʒɔ]
Odia,/lomɔ/
Odia,/an̪d͡ʒuɭa/
Odia,/d͡ʒɔɡɔn̪n̪at̪ʰɔ/
Odia,/bad̪amɔ/
Odia,/ʈʰaɾe/
Odia,/sɔmbɔn̪d̪ʱɔ/
Odia,/ɡɔt̪ɔkali/
Odia,/bɔjaɭisɔ/
Odia,/kʰoɖa/
Odia,/osaɾia/
Odia,/pʰebɾuaɾi/
Odia,/t͡ʃɔbisi/
Odia,/ad͡ʒn̪a/
Odia,/t͡ʃʰat̪i/
Odia,/n̪at̪i/
Odia,/d̪esi/
Odia,/sɔt̪ɔɾɔ/
Odia,/bud͡ʒʱiba/
Odia,/jɔ/
Odia,/sɔ̃skɾut̪ɔ/
Odia,/ɔɳɔsɔʈʰi/
Odia,/ɔbɔsjɔ/
Odia,/kat͡ʃɔ/
Odia,/sen̪a/
Odia,/kɔɾmɔ/
Odia,/kʰud̪ɔ/
Odia,/ɖʱaŋkuɳi/
Odia,/au/
Odia,/d̪ewal/
Odia,/sakʰa/
Odia,/osʈʰjɔ/
Odia,/ɖɔɾiba/
Odia,/pɔɾɔspɔɾɔ/
Odia,/ɡɔd̪ʱɔ/
Odia,/t̪akid̪/
Odia,/d̪ʱɔɭa/
Odia,/ʈiɳa/
Odia,/put͡ʃʰiba/
Odia,/ɾɔŋɡɔ/
Odia,/ɔpɾel(ɔ)/
Odia,/pɔt̪i/
Odia,/ut͡ʃt͡ʃaɾiba/
Odia,/d̪ʱɔɳɖa/
Odia,/kʰɔ/
Odia,/kaʈʰɔ/
Odia,/t͡ʃɔʈia/
Odia,/t͡ʃikkɔɳɔ/
Odia,/akɾɔmɔɳɔ/
Odia,/kɔɳʈʰjɔ/
Odia,/muɳɖɔ/
Odia,/beɽʱɔ/
Odia,/t͡ʃɔuɽa/
Odia,/bipuɭa/
Odia,/t͡ʃoɾɔ/
Odia,/sut͡ʃi/
Odia,/wɔ/
Odia,/mɔhu/
Odia,/ɔɽʱai/
Odia,/n̪ɔkɔlɔ/
Odia,/kɔmiba/
Odia,/t͡ʃeɾɔ/
Odia,/bɔhiɳi/
Odia,/ɔŋɡɔʈʰi/
Odia,/epiɖemik/
Odia,/ai/
Odia,/ɔʈʰɔɾɔ/
Odia,[bin̠ʲt͡ʃiba]
Odia,/bisɳu/
Odia,/maɾiba/
Odia,/buɾa/
Odia,/kaɾɔɳɔ/
Odia,/ɖalɔma/
Odia,/beɡi/
Odia,/pɔʈʰaɳɔ/
Odia,/man̪e/
Odia,/ɡobɔɾɔ/
Odia,/ɔpʰimɔ/
Odia,/kɾusɳɔsaɾɔ/
Odia,/bibʱɔkt̪i/
Odia,/kɔʈaiba/
Odia,/pakʰɔ/
Odia,[ɡɔn̠ʲd͡ʒa]
Odia,/mausɔ/
Odia,/ɔɡɔɳa/
Odia,/upɔt͡ʃit̪ɔ/
Odia,/ɡʱɔn̪ɔ/
Odia,/ɡuhaɭɔ/
Odia,/kusɔ/
Odia,/at̪ʰɔ/
Odia,/moʈa/
Odia,/sun̪aɾi/
Odia,/kɔʈɔkɔ/
Odia,/pɔɾa/
Odia,/mat̪ɾa/
Odia,/t͡ʃiʈʰi/
Odia,/paɭɔŋɡɔ/
Odia,/mɔɾɔɳɔ/
Odia,/ɖɔkaiba/
Odia,/uikipiɽia/
Odia,/bɔd͡ʒaɾɔ/
Odia,/paɳi/
Odia,/d͡ʒɔɡiba/
Odia,/in̪d̪ʱɔn̪ɔ/
Odia,/auɾi/
Odia,/he/
Odia,/ɔn̪ekɔ/
Odia,/d͡ʒɔkɾut̪ɔ/
Odia,/d͡ʒʱɔ/
Odia,/pɔɾi/
Odia,/kʰoɽɔ/
Odia,/ɖakt̪ɔɾɔkʰan̪a/
Odia,/t͡ʃɔut̪iɾisɔ/
Odia,/ɔɭɔt̪a/
Odia,/aɳʈʰu/
Odia,/kan̪d̪ɔɳa/
Odia,/ʈʰia heba/
Odia,/paɭiba/
Odia,/maɳɖuɔ/
Odia,/pɔt͡ʃʰɔ/
Odia,/d̪ɔ/
Odia,/d͡ʒʱɔɳɖa/
Odia,/t͡ʃɔuki/
Odia,/pɔt̪aka/
Odia,/ɖakɔbala/
Odia,[ɡɔn̠ʲd͡ʒai]
Odia,/t͡ʃin̪iba/
Odia,/pɾan̪t̪ɔ/
Odia,/pʰulɔ/
Odia,/n̪ikɔʈɔɾe/
Odia,/t̪ɔɾad͡ʒu/
Odia,/d̪eba/
Odia,/polɔ/
Odia,/sukʰila/
Odia,/d̪in̪ɔ/
Odia,/t̪oɭiba/
Odia,/mɔn̪ɔ/
Odia,/d͡ʒʱulaiba/
Odia,/pɾɔd͡ʒapɔt̪i/
Odia,/ɔɳɔt͡ʃasɔ/
Odia,/saɾiba/
Odia,/mihɔ/
Odia,/bamuɳɔ/
Odia,/bʱai/
Odia,/miʈʰa/
Odia,/mɔn̪d͡ʒaɾi/
Odia,/t̪uʈiba/
Odia,/ket͡ʃʰu/
Odia,/bɔn̪aɾɔsi/
Odia,/mɔɾeiba/
Odia,/bɔɡit͡ʃa/
Odia,/kebɔɭɔ/
Odia,/muɡuɾɔ/
Odia,/libʱaiba/
Odia,/moka/
Odia,/d͡ʒɔn̪mɔɡɾɔhɔɳɔ/
Odia,/kumbʱaɾuɳi/
Odia,/t͡ʃoɾaiba/
Odia,/bɔkɔɭɔ/
Odia,/ʈʰikɔ/
Odia,/kuʈiba/
Odia,/ɔbat͡ʃika/
Odia,/upɔɾe/
Odia,/kɔuɳɔsi/
Odia,/ʈɔ/
Odia,/n̪iɾɡɔmɔ/
Odia,/ambɔ/
Odia,/d͡ʒɔn̪t̪u/
Odia,/i/
Odia,/kɔɭa/
Odia,/bʱubɔn̪ɔ/
Odia,/kɔt̪ʰa/
Odia,/pʰuʈbɔl/
Odia,/bid̪jaɭɔjɔ/
Odia,/ʈaɳiba/
Odia,/peɳʈʰa/
Odia,[ɔfis]
Odia,/bʱɔd͡ʒɔn̪ɔ/
Odia,/d̪un̪ia/
Odia,/holɔ/
Odia,/pɔɽʱaiba/
Odia,/pɔkaiba/
Odia,/bid͡ʒn̪an̪i/
Odia,/bɔɾɔpʰɔ/
Odia,/siksɔkɔ/
Odia,/lɔksmi/
Odia,/ɔɭpɔ/
Odia,/hɔ/
Odia,/t̪at̪iba/
Odia,/ɡɔt̪ɔ/
Odia,/kɔmaiba/
Odia,/pɔn̪d̪ɔɾɔ/
Odia,/t̪ɔɾɔ/
Odia,/ɡʱusuɾi/
Odia,/alot͡ʃɔn̪ɔ/
Odia,/mut͡ʃʰɔ/
Odia,/osa/
Odia,/keki/
Odia,/alokɔ/
Odia,/ke/
Odia,/maɡɔɳɔ/
Odia,/maikin̪a/
Odia,/soɾisɔ/
Odia,/sɔbu/
Odia,/ʈʰɔkiba/
Odia,/ɔd̪ʱjapɔkɔ/
Odia,/baʈɔɳɔ/
Odia,/bʱɔd̪ɾɔkaɭi/
Odia,/t̪ʰukiba/
Odia,/pɔŋɡɔpaɭɔ/
Odia,/t͡ʃumbiba/
Odia,/bɔd̪ɔɭiba/
Odia,/sid̪ʱa/
Odia,/ɡiɾi/
Odia,/ɡopaɭɔ/
Odia,/ɔkʰɔɾoʈɔ/
Odia,/silai kɔɾiba/
Odia,/t͡ʃɔpiba/
Odia,/aɭu/
Odia,/piusi/
Odia,/kɔɭahaɳɖi/
Odia,/sɔmpɔt̪t̪i/
Odia,/mɔt̪sd͡ʒɔ/
Odia,/be/
Odia,/d̪illi/
Odia,/ɔʈɔkaiba/
Odia,/sɔɽʱa/
Odia,/t̪ɔkɔ/
Odia,/d̪ʱai/
Odia,/piʈiba/
Odia,/ɡuɾubaɾɔ/
Odia,/un̪n̪ɔt̪ɔ/
Odia,/pɾaɳɔ/
Odia,/kɔɾɔɳi/
Odia,/kɔɾiba/
Odia,/t͡ʃin̪i/
Odia,/ɖɔɾɔ/
Odia,/suɳiba/
Odia,/d̪ekʰiba/
Odia,/bɔɽɔ/
Odia,/t͡ʃʰɔɳɔ/
Odia,/t̪aɽiba/
Odia,/ɔn̪t͡ʃɔɭɔ/
Odia,/ɔmɾut̪ɔbʱɔɳɖa/
Odia,/ɾan̪d̪ʱiba/
Odia,/ɡɔɾɔmɔ/
Odia,/t͡ʃipiba/
Odia,/mai/
Odia,/ɔɳɔt̪iɾisɔ/
Odia,/t͡ʃuɾiba/
Odia,/n̪ɔkʰɔ/
Odia,/ʈʰaɳa/
Odia,/lɔmba/
Odia,/bɔd̪ʱu/
Odia,/eɡaɾɔ/
Odia,/akʰi/
Odia,/siɡaɾeʈ/
Odia,/t͡ʃuʈi/
Odia,/koʈʰa/
Odia,/sɔn̪d͡ʒɔ/
Odia,/mɔd͡ʒʱi/
Odia,/bikaɭi/
Odia,/d̪ud̪ʱɔ/
Odia,/kɔɭpɔn̪a/
Odia,/suŋɡʱiba/
Odia,/loʈiba/
Odia,/oʈɔ/
Odia,/pɔɾikʰiba/
Odia,/t̪ɔmɔ/
Odia,/spʰit̪i/
Odia,/kilomiʈɔɾɔ/
Odia,/t͡ʃʰɔ/
Odia,/ape/
Odia,/bat͡ʃʰɔɾa/
Odia,/t͡ʃʰaʈiba/
Odia,/ɔ̃hɾi/
Odia,/t͡ʃʰɔlli/
Odia,/pahaɽɔ/
Odia,/d̪ʱiʈɔ/
Odia,/pan̪t͡ʃɔ/
Odia,/ket̪ɔki/
Odia,/paɳɖu/
Odia,/bat͡ʃʰiba/
Odia,/kɔmpjuʈɔɾɔ/
Odia,/se/
Odia,[mɔn̠ʲd͡ʒaɾi]
Odia,/pin̪i/
Odia,/ɡun̪d͡ʒiba/
Odia,/kukuɾɔ/
Odia,/hid͡ʒɔɽɔ/
Odia,/t̪iaɾi/
Odia,/kahĩ/
Odia,/t͡ʃɔn̪d̪ɾɔbin̪d̪u/
Odia,/oʈaɾiba/
Odia,/sɔupɔ/
Odia,/kusid̪ɔ/
Odia,/t͡ʃaku/
Odia,/n̪ihat̪i/
Odia,/pɔ/
Odia,/puɾusot̪t̪ɔmɔpuɾɔ/
Odia,/ut̪ɔɾiba/
Odia,/kɔt͡ʃaɽiba/
Odia,/bikɾi/
Odia,/sahit̪jɔ/
Odia,/d̪usʈɔ/
Odia,/t͡ʃahĩba/
Odia,/ɡosaɭa/
Odia,/hat̪ɔ/
Odia,/-ku/
Odia,/kuhuɭiba/
Odia,/pɾɔkasɔ/
Odia,/ɾast̪a/
Odia,/pit̪a/
Odia,/t͡ʃɔukid̪aɾɔ/
Odia,/hɔiɾaɳɔ/
Odia,/ɡʱɔʈi/
Odia,/ɡuɳɖɔ/
Odia,/bʱaŋɡiba/
Odia,/sad̪ɔ/
Odia,/t͡ʃʰepɔ pɔkaiba/
Odia,/put͡ʃʰɔ/
Odia,/kʰɔd̪ɔɽɔ/
Odia,/uĩba/
Odia,/ɡuɳɖa/
Odia,/oɽisa/
Odia,/pɾɔsaɾɔ/
Odia,/mɔid̪a/
Odia,/beʈʰi/
Odia,/hɔɾi/
Odia,/d͡ʒed͡ʒebapa/
Odia,/n̪ali/
Odia,/bʱalu/
Odia,/sad̪ʱɔ/
Odia,/bɔbuɾɔ/
Odia,/bali/
Odia,/hɔ̃ɡ/
Odia,/ɖakɔ/
Odia,/t͡ʃaliba/
Odia,/ken̪d̪ud͡ʒʱɔɾɔ/
Odia,/min̪iʈ/
Odia,/ɽɔ/
Odia,/d͡ʒɔ/
Odia,/kɔʈu/
Odia,/puɳɖɾɔ/
Odia,/d̪ʱɔn̪jɔbad̪ɔ/
Odia,/d͡ʒɔn̪t̪ɾɔ/
Odia,/sɔbuʈʰi/
Odia,/d͡ʒubɔkɔ/
Odia,/sɔkʰa/
Odia,/bʱɔɭi/
Odia,/t̪ikt̪ɔ/
Odia,/ɔsɔn̪a/
Odia,/iswɔɾɔ/
Odia,/t͡ʃɔɾmɔ/
Odia,/beɭabʱumi/
Odia,/ɖɔɾaɳɔ/
Odia,/t̪eɾɔ/
Odia,/d̪ɾɔupɔd̪i/
Odia,/bɔsɔn̪t̪ɔ/
Odia,/susɳɔ/
Odia,/ad̪ʱikjɔ/
Odia,/musɔlɔman̪(ɔ)/
Odia,/t̪ume/
Odia,/d͡ʒiɾa/
Odia,/muɭɔ/
Odia,/pɔɾɔ/
Odia,/t͡ʃʰaɽiba/
Odia,/bɾuksɔ/
Odia,/aɽɔ/
Odia,/sɾimɔt̪i/
Odia,/buɽʱa/
Odia,/ɔn̪un̪asikɔ/
Odia,/pʰɔʈo/
Odia,/ɡɔɾɔmɔ heba/
Odia,/ubʱɔjɔ/
Odia,/ɔɳɖa/
Odia,/bʱit̪ɔɾ/
Odia,/pɔt̪ɾɔ/
Odia,/sikaɾi/
Odia,/ɡɔhũ/
Odia,/ʈʰɔ/
Odia,/seʈʰaɾe/
Odia,/sɔt̪aisɔ/
Odia,/sibɔ/
Odia,/muʈʰa/
Odia,/pɔt͡ʃa/
Odia,/ekɔt͡ʃaɭisɔ/
Odia,[bʱan̠ʲd͡ʒiba]
Odia,/bod̪ʱɔ hue/
Odia,/bɔd̪ɔɭɔɾe/
Odia,/n̪ɔɔ/
Odia,/kat͡ʃɔɾa/
Odia,/t͡ʃɔmɔkiba/
Odia,/kameɾa/
Odia,/d̪ʱoba/
Odia,/pɾɔt̪i/
Odia,/kubeɾɔ/
Odia,/ɔn̪t̪i/
Odia,/sun̪aɾɔ/
Odia,/mɔɡɔɾɔ/
Odia,/ame/
Odia,/d̪ʱwɔ̃sɔ/
Odia,/pɾat͡ʃiɾɔ/
Odia,/paʈʰɔ/
Odia,/t͡ʃɔit̪ɾɔ/
Odia,/t͡ʃʰeɭi/
Odia,/saʈʰie/
Odia,/puɾuɳa/
Odia,/seɳi/
Odia,/puɾusɔ/
Odia,/ɔkɔuɽia/
Odia,/mɔd̪ʱuɾɔt̪a/
Odia,/ekɔsɔʈʰi/
Odia,/liŋɡɔ/
Odia,/kou/
Odia,/h/
Odia,/bʱɔuɳi/
Odia,/paɾa/
Odia,/bud̪ʱɔbaɾɔ/
Odia,/pɔt͡ʃʰaiba/
Odia,/d͡ʒibɔn̪ɔ/
Odia,/bʱit̪ɔɾɔɾɔ/
Odia,/kʰɔɳi/
Odia,/lɔŋɡɔɾɔ/
Odia,/kʰɔbɔɾɔ/
Odia,/sɔhit̪ɔ/
Odia,/sɔhɔɾɔ/
Odia,/kʰat̪a/
Odia,/akasɔ/
Odia,/kɔɳʈa/
Odia,/san̪t̪aɭɔ/
Odia,/pot͡ʃʰiba/
Odia,/sui/
Odia,/pɔbɔn̪ɔ/
Odia,/bist̪ɾut̪ɔ/
Odia,/pɔksi/
Odia,/d̪ɔuhit̪ɾɔ/
Odia,/ɡaɽi/
Odia,/pɔɾɔd̪a/
Odia,/ulɔ/
Odia,/ɔt̪ɔɾɔ/
Odia,/uʈɔd͡ʒɔ/
Odia,/kʰɔʈia/
Odia,/ɖeɳa/
Odia,/bɔɾɡɔ/
Odia,/hin̪d̪ust̪an̪ɔ/
Odia,/kɔlid͡ʒa/
Odia,/t͡ʃʰapakʰan̪a/
Odia,/lipi/
Odia,/pʰɔn̪ɔsɔ/
Odia,/t͡ʃɔlaiba/
Odia,[t͡ʃɔn̠ʲt͡ʃɔɭɔ]
Odia,/lo/
Odia,/t͡ʃʰan̪t͡ʃiba/
Odia,/ɔɭait͡ʃɔ/
Odia,/koila/
Odia,/ulɔŋɡɔ/
Odia,/t͡ʃɔkɔ/
Odia,/uɽiba/
Odia,/d̪ɔɾɔkaɾ/
Odia,/ɖeŋɡa/
Odia,[pɔn̠ʲt͡ʃabɔn̪ɔ]
Odia,/bɔɭɔɾamɔ/
Odia,/d͡ʒibʱɔ/
Odia,/e/
Odia,/paɾia/
Odia,/kʰɔʈiba/
Odia,/ɡɔd̪a/
Odia,/meɡʱɔn̪a/
Odia,/ɡiɭiba/
Odia,/mat̪ʰɔ/
Odia,/hɔlɔ/
Odia,/t͡ʃʰin̪d̪iba/
Odia,/kʰɔɳɖiba/
Odia,/hɔɾɔ/
Odia,/ɖɔ/
Odia,/ud̪ɔɾɔ/
Odia,/n̪ist͡ʃe/
Odia,/sɾid͡ʒukt̪ɔ/
Odia,/ɡolɔ/
Odia,/t͡ʃikɔɳɔ/
Odia,/hin̪d̪ust̪an̪i/
Odia,/hɾɔd̪ɔ/
Odia,/bɔŋɡɔɭad̪esɔ/
Odia,/d̪esijɔ/
Odia,/t͡ʃɔuɾaɭisɔ/
Odia,/ubʱa/
Odia,/huɳɖi/
Odia,/kʰen̪t͡ʃiba/
Odia,/t͡ʃiʈʰa/
Odia,/kɔʈuaɭɔ/
Odia,/un̪t͡ʃaiba/
Odia,/piʈʰi/
Odia,/mulɔkɔ/
Odia,/ɖakt̪ɔɾi/
Odia,/ɡuhɔ/
Odia,/musa/
Odia,/sisu/
Odia,/pʰeɳɔ/
Odia,/bi/
Odia,/il/
Odia,/t̪ɔiɭɔ/
Odia,/soɭɔ/
Odia,/pɔɾe/
Odia,/ɡʱɔʈiba/
Odia,/kuhuɽi/
Odia,/d̪ɔɾid̪ɾɔ/
Odia,/t͡ʃɔmpa/
Odia,[an̠ʲd͡ʒuɭa]
Odia,/at̪ma/
Odia,/mɔsɔlad͡ʒukt̪ɔ/
Odia,/ɡaɽibala/
Odia,/sɔt̪ɔt͡ʃaɭisɔ/
Odia,/n̪ɔɾɔ/
Odia,/d̪ʱibɔɾɔ/
Odia,/t͡ʃɔt̪uɾmasɔ/
Odia,/aɡɔ/
Odia,/bʱaɾɔt̪ɔ/
Odia,/muɳɖuɭa/
Odia,/sin̪a/
Odia,/t̪ʰɔɳɖa/
Odia,/aɳʈʰeiba/
Odia,/sikʰiba/
Odia,/sɔst̪a/
Odia,/n̪iʈʰaiba/
Odia,/ɔd̪ɔɾsɔ/
Odia,/d͡ʒe/
Odia,/ʈʰikad̪aɾ/
Odia,/t̪amɔɭi/
Odia,/bɔɳɔ/
Odia,/ɡɔɳiba/
Odia,/t̪oɭa/
Odia,/t͡ʃan̪d̪i/
Odia,/sad̪ʱiba/
Odia,/ʈʰeliba/
Odia,/bulubulu/
Odia,/ɾɔkʰaiba/
Odia,/bʱaɾɔ/
Odia,/d͡ʒɔmɔ/
Odia,/bud̪d̪ʱɔ/
Odia,/d͡ʒoɾ/
Odia,/uʈɔ/
Odia,/mɔɾiba/
Odia,/od̪a/
Odia,/ɡʱasɔ/
Odia,/bat̪ɔ/
Odia,/lɔhɔɽi/
Odia,/t͡ʃʰɔpɔn̪ɔ/
Odia,/sɔmɾud̪d̪ʱɔ/
Odia,/upaɽiba/
Odia,/upɔd̪esɔ/
Odia,/t̪aŋkɔ/
Odia,/ʈukɔn̪a/
Odia,/t͡ʃukiba/
Odia,/paiʈaɭɔ/
Odia,/osaɾiba/
Odia,/ɡan̪t̪ʰiba/
Odia,/bɔkʰaɳɔ/
Odia,/lut͡ʃiba/
Odia,/d͡ʒʱuliba/
Odia,/ɳi/
Odia,/ɔn̪t̪ɔ/
Odia,/sɔbd̪aɾt̪ʰɔ/
Odia,/t͡ʃʰid̪ɾɔ/
Odia,/hiɾuã/
Odia,/t̪u/
Odia,/sɔhɔ/
Odia,/t͡ʃʰiŋkiba/
Odia,/t̪ʰaɭia/
Odia,/kɔɾpuɾɔ/
Odia,/mɔɳisɔ/
Odia,/pɾapt̪i/
Odia,/ukʰɔɭɔ/
Odia,/bʱɔ/
Odia,/t͡ʃɔmɔɽa/
Odia,/siksa d̪eba/
Odia,/pɔɽaiba/
Odia,/ɔbɔʈɔ/
Odia,/sɔmɾud̪d̪ʱi/
Odia,/paiba/
Odia,/makʰɔn̪ɔ/
Odia,/t͡ʃin̪ɔ/
Odia,/pɔut̪ɾi/
Odia,/kɔbit̪a/
Odia,/kʰɔd͡ʒa/
Odia,/ɾɔd̪d̪/
Odia,/sɔɾbot̪t̪ɔmɔ/
Odia,/ɡɔɾɔd͡ʒiba/
Odia,/st̪ɾi/
Odia,/t͡ʃʰɔjaɭisɔ/
Odia,/ut̪kɾusʈɔ/
Odia,/ɡʱoɽa/
Odia,/baɾɔ/
Odia,/n̪akʰus/
Odia,/n̪aɾajɔɳɔ/
Odia,/ɾɔksa/
Odia,/ɔd̪ʱikɔɾɔɳɔ/
Odia,/aɡuɭiba/
Odia,/mɔu mat͡ʃʰi/
Odia,/luɳɔ/
Odia,/d̪ʱusuɾiba/
Odia,/d͡ʒud̪d̪ʱɔ kɔɾiba/
Odia,/ɔsʈɾelia/
Odia,/n̪akɔ/
Odia,[ban̠ʲd͡ʒʱɔ]
Odia,/mɔn̪d͡ʒi/
Odia,/mukam/
Odia,/uɳeisɔ/
Odia,/t̪ɔɾɔbɔɾɔ/
Odia,/swɔjɔ̃/
Odia,/ɔɳɔ/
Odia,/bɔɾsɔ/
Odia,/kʰod͡ʒakʰod͡ʒi/
Odia,/kia/
Odia,/d͡ʒakɔ/
Odia,/bɔsiba/
Odia,/pɔɾid̪in̪ɔ/
Odia,/d͡ʒan̪uaɾi/
Odia,/d̪usʈami/
Odia,/d͡ʒukt̪ɔɾad͡ʒjɔ/
Odia,/swad̪ʱin̪ɔt̪a/
Odia,/d͡ʒʱaɖu/
Odia,/sɔɽʱiba/
Odia,/ɔɭeit͡ʃɔ/
Odia,/kaʈiba/
Odia,/t̪ʰaɭi/
Odia,/hɾɔswɔ/
Odia,/d͡ʒoɡa/
Odia,/ba/
Odia,[pan̠ʲt͡ʃɔ]
Odia,/ɡʱoʈiba/
Odia,/somɔbaɾɔ/
Odia,/bibʱut̪i/
Odia,/mut̪ɔ/
Odia,/ahuɾi/
Odia,/n̪ut̪ɔn̪ɔ/
Odia,/hɔsɔ/
Odia,/ɔsi/
Odia,/pʰɔɽiŋɡɔ/
Odia,/bɔhi/
Odia,/ut̪sɔbɔ/
Odia,/soiba/
Odia,/kɔŋkaɭɔ/
Odia,/bʱasa/
Odia,/bʱɔɳɖaɾɔ/
Odia,/ɔu̯/
Odia,/pʰaɳi/
Odia,/ɔkʈobɔɾɔ/
Odia,/bɔn̪d̪iba/
Odia,/kiboɾɽɔ/
Odia,/mɔhɔŋɡa/
Odia,/d͡ʒibɔ/
Odia,/pʰaɾɔ/
Odia,/sɔɽɔkɔ/
Odia,/ɔʈɔkɔɭɔ/
Odia,/n̪ɔsʈɔ/
Odia,/bɔ/
Odia,[ɔn̠ʲd͡ʒɔn̪ɔ]
Odia,/sɔkaɭɔ/
Odia,/ɡɔ/
Odia,/lan̪d͡ʒɔ/
Odia,/iʈa/
Odia,/t̪alɔbjɔ/
Odia,/kɔm/
Odia,/pɔn̪t̪aɾɔ/
Odia,[t͡ʃʰan̠ʲt͡ʃiba]
Odia,[t͡ʃʰan̠ʲt͡ʃɔ]
Odia,/man̪ɔ/
Odia,/t͡ʃʰuĩba/
Odia,/bʱuɔ/
Odia,/ɡɔɭiba/
Odia,/sɔst̪ɾɔ/
Odia,/kɔʈiba/
Odia,/ku/
Odia,[ɔn̠ʲt͡ʃɔɭɔ]
Odia,/d̪esɔ/
Odia,/sɔmpɾɔd̪an̪ɔ/
Odia,/ʋɔ/
Odia,/ʈebul/
Odia,/lokɔ/
Odia,/swɔpn̪aiba/
Odia,/ɡʱɔɳʈa/
Odia,/himɔ/
Odia,/mɔhumat͡ʃʰi/
Odia,/n̪iɾmit̪ɔ/
Odia,/bilei/
Odia,/ɔd͡ʒa/
Odia,/ɡad̪ʱeiba/
Odia,/kɔpa/
Odia,/bʱɔlɔ/
Odia,/n̪iã/
Odia,/t͡ʃuɭɔ/
Odia,/d̪aɾu/
Odia,/ŋɔ/
Odia,[sɔn̠ʲd͡ʒɔ]
Odia,/ɳɔ/
Odia,/balɔʈi/
Odia,/ast̪e/
Odia,/sasɔn̪ɔ/
Odia,/t͡ʃʰɔbisɔ/
Odia,/oɽia/
Odia,/t̪ʰɔ/
Odia,/siɡʱɾɔ/
Odia,/d̪aɡɔ/
Odia,/t̪o/
Odia,/d̪ipt̪ɔ/
Odia,/ambiɭia/
Odia,/kɔɾɔɳɔ/
Odia,/d̪aɽʱi/
Odia,/seʈʰɔ/
Odia,/bʱaɾi/
Odia,/t̪ʰakɔ/
Odia,/kʰid͡ʒiba/
Odia,/n̪ɔĩba/
Odia,/-d̪ei/
Odia,/bʱɔɡɔban̪/
Odia,/mɔ/
Odia,/d͡ʒɔŋɡɔlɔ/
Odia,/kaɡɔd͡ʒɔ/
Odia,/sikaɾɔ kɔɾiba/
Odia,/pɔĩt̪iɾisɔ/
Odia,/d̪ʱɔɾiba/
Odia,/d̪ɔuhɔt̪ɾi/
Odia,/t͡ʃaɭiba/
Odia,/d̪ɔɭɔ/
