Old Galician-Portuguese,/ˈa.ʎo/
Old Galician-Portuguese,/ko.ɾa.ˈt͡sõ/
Old Galician-Portuguese,/ɡãˈado/
Old Galician-Portuguese,/maˈrɔ.kos/
Old Galician-Portuguese,/ˈfɾi.ʊ/
Old Galician-Portuguese,/ˈnɔ.βo/
Old Galician-Portuguese,/ˈlɛ.do/
Old Galician-Portuguese,/lo.ˈoɾ/
Old Galician-Portuguese,/sãntaˈɾẽ/
Old Galician-Portuguese,/nu.ˈd͡ziɾ/
Old Galician-Portuguese,/t͡seˈbo.la/
Old Galician-Portuguese,/alˈfat͡sa/
Old Galician-Portuguese,/ka.βa.ˈlej.ɾʊ/
Old Galician-Portuguese,/ˈdu.as̺/
Old Galician-Portuguese,/ˈbɾa.t͡sos/
Old Galician-Portuguese,/ˈbõ ˈdi.a ˈβɔs̺.ko/
Old Galician-Portuguese,/loˈɡaɾ/
Old Galician-Portuguese,/es̺ˈtɾela/
Old Galician-Portuguese,/komũˈɡaɾ/
Old Galician-Portuguese,/d͡ʒuˈjão/
Old Galician-Portuguese,/fa.ˈlaɾ/
Old Galician-Portuguese,/t͡saˈpa.to/
Old Galician-Portuguese,/ˈβaɾβaɾo/
Old Galician-Portuguese,/anoˈd͡ʒaɾ/
Old Galician-Portuguese,[ˈd͡ʒɔ.ɡʊs̠]
Old Galician-Portuguese,/ka.βa.ˈlej.ɾo/
Old Galician-Portuguese,/espaˈɲɔl/
Old Galician-Portuguese,/ˈtu/
Old Galician-Portuguese,[aˈʎẽ.o]
Old Galician-Portuguese,/ˈu ˈɔw.tɾa ˈrẽ nõ ˈd͡ʒat͡s/
Old Galician-Portuguese,[ko.ˈs̺a.ɾi.o]
Old Galician-Portuguese,/a.ˈd͡ze.do/
Old Galician-Portuguese,/ˈsu.fɾe/
Old Galician-Portuguese,/ˈnĩ.o/
Old Galician-Portuguese,/so.iˈda.de/
Old Galician-Portuguese,/kaˈbet͡sa/
Old Galician-Portuguese,/do.ˈmĩ.ɡo/
Old Galician-Portuguese,/ˈaɾ.ma/
Old Galician-Portuguese,/me.ˈdes̺/
Old Galician-Portuguese,/kan.ˈde.a/
Old Galician-Portuguese,/d͡ʒa.ˈnɛ.la/
Old Galician-Portuguese,/t͡seɾ.ˈkaɾ/
Old Galician-Portuguese,/d͡ʒe.ˈa.da/
Old Galician-Portuguese,/adiˈano/
Old Galician-Portuguese,/ˈoi̯.to/
Old Galician-Portuguese,/ˈlej.to/
Old Galician-Portuguese,/ˈpɾata/
Old Galician-Portuguese,/a.lu.mẽˈaɾ/
Old Galician-Portuguese,/ˈpa.ʎa/
Old Galician-Portuguese,/no.ˈd͡zeɾ/
Old Galician-Portuguese,/ˈpe.ɾa/
Old Galician-Portuguese,/ˈej/
Old Galician-Portuguese,/d͡ʒẽ.ˈo.ʎo/
Old Galician-Portuguese,/ˈd͡ze.bɾo/
Old Galician-Portuguese,/baˈril/
Old Galician-Portuguese,/ˈsu.a/
Old Galician-Portuguese,/ˈt͡ʃoɾ/
Old Galician-Portuguese,/ro.ˈmew/
Old Galician-Portuguese,/la.ˈβɾaɾ/
Old Galician-Portuguese,/pa.ˈla.βɾa/
Old Galician-Portuguese,/ˈd͡ʒu.ɲo/
Old Galician-Portuguese,/uˈzaɾ/
Old Galician-Portuguese,[ˈkal]
Old Galician-Portuguese,/ɛlβas/
Old Galician-Portuguese,/sowˈɾit͡so/
Old Galician-Portuguese,/aˈbe.ʎa/
Old Galician-Portuguese,/ˈru.a/
Old Galician-Portuguese,/se.ˈnõ/
Old Galician-Portuguese,/ˈstaɾ/
Old Galician-Portuguese,/ˈmama/
Old Galician-Portuguese,/ˈaɾ/
Old Galician-Portuguese,/podɾeˈdũe/
Old Galician-Portuguese,/kɾe.o/
Old Galician-Portuguese,/d͡ʒaɾˈdĩ/
Old Galician-Portuguese,/ˈpato/
Old Galician-Portuguese,/ˈfẽ.o/
Old Galician-Portuguese,/ˈmaj.ʊ/
Old Galician-Portuguese,/ˈɡɾis̺/
Old Galician-Portuguese,/ˈkɾud͡z/
Old Galician-Portuguese,/ˈdano/
Old Galician-Portuguese,/ˈmɛɾ.ko.ɾes̺/
Old Galician-Portuguese,[ˈd͡ʒo.ɡʊ]
Old Galician-Portuguese,/ad͡ziˈɲejɾa/
Old Galician-Portuguese,/fe.ˈβɾej.ɾʊ/
Old Galician-Portuguese,/ˈβẽ.a/
Old Galician-Portuguese,/ˈnõ/
Old Galician-Portuguese,/aˈba.de/
Old Galician-Portuguese,/aˈmoɾ/
Old Galician-Portuguese,/ˈma.o/
Old Galician-Portuguese,[s̺e.ˈeɾ]
Old Galician-Portuguese,/ˈkow.z̺a/
Old Galician-Portuguese,[ɡeˈrejɾo]
Old Galician-Portuguese,/kɾeˈeɾ/
Old Galician-Portuguese,/t͡sibˈda.de/
Old Galician-Portuguese,/ˈrej.no/
Old Galician-Portuguese,/ri.ˈiɾ/
Old Galician-Portuguese,/ˈmua/
Old Galician-Portuguese,/sɛu̯s/
Old Galician-Portuguese,/ˈis̺.la/
Old Galician-Portuguese,/deˈze.d͡ʒo/
Old Galician-Portuguese,/ˈpɛ.dɾa/
Old Galician-Portuguese,/be.ˈβeɾ/
Old Galician-Portuguese,/a.d͡ze.ˈβi.ɲo/
Old Galician-Portuguese,/ɡi.ma.ˈɾã.es/
Old Galician-Portuguese,/kaˈmiza/
Old Galician-Portuguese,/ɡaˈli.d͡za/
Old Galician-Portuguese,/ˈβi.t͡so/
Old Galician-Portuguese,/ˈliŋ.ɡu̯a/
Old Galician-Portuguese,/ˈsɛs̺.ta ˈfej.ɾa/
Old Galician-Portuguese,/a.t͡ʃa.aɾ/
Old Galician-Portuguese,/ˈal̪.βa/
Old Galician-Portuguese,/es̺.ˈka.no/
Old Galician-Portuguese,/ɡa.ˈlĩ.j̃a/
Old Galician-Portuguese,/ad͡zĩˈejɾa/
Old Galician-Portuguese,/mõˈeda/
Old Galician-Portuguese,/ẽ.ˈa.to/
Old Galician-Portuguese,/a.mẽ.ˈa.t͡sa/
Old Galician-Portuguese,/deˈβeɾ/
Old Galician-Portuguese,/ta.ˈfuɾ/
Old Galician-Portuguese,/manˈtei̯ɡa/
Old Galician-Portuguese,/ˈlej.tʊ/
Old Galician-Portuguese,/luˈʃaɾ/
Old Galician-Portuguese,/ka.ˈme.lo/
Old Galician-Portuguese,/a.ˈɾaɾ/
Old Galician-Portuguese,/ˈβa.ʊ/
Old Galician-Portuguese,/apeˈdɾaɾ/
Old Galician-Portuguese,/ˈfa.me/
Old Galician-Portuguese,/d͡ʒeˈzu/
Old Galician-Portuguese,/ˈĩ.so.a/
Old Galician-Portuguese,/kaˈtiβo/
Old Galician-Portuguese,/ˈmaɾ.t͡sʊ/
Old Galician-Portuguese,/ˈfoɾ.no/
Old Galician-Portuguese,/ˈmã.ʊ/
Old Galician-Portuguese,/ˈde.do/
Old Galician-Portuguese,/diˈd͡zeɾ/
Old Galician-Portuguese,/ˈã.d͡ʒo/
Old Galician-Portuguese,/ˈon.da/
Old Galician-Portuguese,/ba.ˈbow/
Old Galician-Portuguese,/mẽ.a.ˈt͡saɾ/
Old Galician-Portuguese,/ˈnɛ.βo.a/
Old Galician-Portuguese,/alˈtaɾ/
Old Galician-Portuguese,/lẽˈɡwa.d͡ʒe/
Old Galician-Portuguese,/ko.ˈt͡saɾ/
Old Galician-Portuguese,/t͡seɾ.t͡se.ˈaɾ/
Old Galician-Portuguese,/d͡ʒo.ˈɡɾaɾ/
Old Galician-Portuguese,/aˈd͡zuɾ/
Old Galician-Portuguese,/o.ˈi.do/
Old Galician-Portuguese,/rokamaˈdoɾ/
Old Galician-Portuguese,/ˈbõ.a/
Old Galician-Portuguese,/liʃ.ˈbõ.a/
Old Galician-Portuguese,/ˈdot͡se/
Old Galician-Portuguese,/ro.ˈt͡sĩ/
Old Galician-Portuguese,/ˈu.ɲa/
Old Galician-Portuguese,/soɾ.ˈtej.ɾa/
Old Galician-Portuguese,/a.ba.ˈde.s̺a/
Old Galician-Portuguese,/bẽ.ˈej.to/
Old Galician-Portuguese,/be.ˈfu.a/
Old Galician-Portuguese,/ˈmuj.tas̺ ˈɡɾa.t͡sas̺/
Old Galician-Portuguese,/ẽˈtõ/
Old Galician-Portuguese,/es̺.ˈpi.ɡa/
Old Galician-Portuguese,/ˈbõ.o/
Old Galician-Portuguese,/a.ba.ˈdi.a/
Old Galician-Portuguese,/poɾtuˈɡal/
Old Galician-Portuguese,/paˈɡã.ŋo/
Old Galician-Portuguese,/an.do.ˈɾi.ɲa/
Old Galician-Portuguese,/ˈɡɾaŋ/
Old Galician-Portuguese,/ˈmũj̃/
Old Galician-Portuguese,/ˈã.d͡ʒe.o/
Old Galician-Portuguese,/sẽ.ˈʎej.ɾo/
Old Galician-Portuguese,/fe.ˈβɾej.ɾo/
Old Galician-Portuguese,/ã.ˈdaɾ/
Old Galician-Portuguese,/ˈe.los/
Old Galician-Portuguese,[ez̺.leˈeɾ]
Old Galician-Portuguese,/ˈkaɾ.de.o/
Old Galician-Portuguese,/ˈɔɾ.to/
Old Galician-Portuguese,/tẽ.ˈɛ.βɾas̺/
Old Galician-Portuguese,/ˈs̺ẽ.pɾe/
Old Galician-Portuguese,/ˈsiɾ.ɡo/
Old Galician-Portuguese,[mes]
Old Galician-Portuguese,/a.ˈbɾiɾ/
Old Galician-Portuguese,/low.ˈβoɾ/
Old Galician-Portuguese,/ˈã.t͡ʃʊ/
Old Galician-Portuguese,/iˈmad͡ʒẽ/
Old Galician-Portuguese,/ˈpa.d̪ɾe/
Old Galician-Portuguese,/ri.ˈkɔ.me/
Old Galician-Portuguese,/dɾaˈɡõ/
Old Galician-Portuguese,/ˈuβa/
Old Galician-Portuguese,/ˈpo.o/
Old Galician-Portuguese,/d͡ʒuˈdew/
Old Galician-Portuguese,/ˈa.βe/
Old Galician-Portuguese,/seˈɡaɾ/
Old Galician-Portuguese,/don.ˈd͡zɛ.la/
Old Galician-Portuguese,/a.βe.ˈlã.a/
Old Galician-Portuguese,/koŋ.fiˈaɾ/
Old Galician-Portuguese,/ˈka.ma/
Old Galician-Portuguese,/ˈoɾ.d͡ʒo/
Old Galician-Portuguese,/a.ˈɾa.ɲa/
Old Galician-Portuguese,/kaˈmĩ.o/
Old Galician-Portuguese,/aɡiˈõ/
Old Galician-Portuguese,/ˈmoska/
Old Galician-Portuguese,/t͡ʃe.ˈɡaɾ/
Old Galician-Portuguese,/soˈbe.d͡ʒo/
Old Galician-Portuguese,/ɡo.ˈiɾ/
Old Galician-Portuguese,/pa.ˈɾa.βo.a/
Old Galician-Portuguese,/aˈɡojɾo/
Old Galician-Portuguese,/an.do.ˈɾĩ.a/
Old Galician-Portuguese,/mi.ˈni.ɲo/
Old Galician-Portuguese,[tɛ.ra]
Old Galician-Portuguese,/ˈri.ʊ/
Old Galician-Portuguese,/βi.ˈt͡so.zo/
Old Galician-Portuguese,/ˈt͡sɛ.o/
Old Galician-Portuguese,/lã.ˈt͡saɾ/
Old Galician-Portuguese,/laˈɡaɾto/
Old Galician-Portuguese,/nẽˈɡũ/
Old Galician-Portuguese,/ow.ˈɾi.βet͡s/
Old Galician-Portuguese,/al.maˈfi/
Old Galician-Portuguese,/ˈã.ad.e/
Old Galician-Portuguese,/koˈmeɾ/
Old Galician-Portuguese,/deˈd͡zembɾo/
Old Galician-Portuguese,/meeˈd͡zĩ.j̃a/
Old Galician-Portuguese,/lisboŋa/
Old Galician-Portuguese,/ˈɡɾan.de/
Old Galician-Portuguese,/suˈɾi.a/
Old Galician-Portuguese,/ˈpɛɾ.na/
Old Galician-Portuguese,/t͡se.ˈzaj.ɾa/
Old Galician-Portuguese,/ˈde.mo/
Old Galician-Portuguese,/aˈt͡sukaɾ/
Old Galician-Portuguese,/a.ˈβẽ.a/
Old Galician-Portuguese,/ka.ˈẽ.te/
Old Galician-Portuguese,/ˈβa.o/
Old Galician-Portuguese,/ˈpɾe.ɲe/
Old Galician-Portuguese,/peɾ.ˈpõ.to/
Old Galician-Portuguese,/βo.ˈaɾ/
Old Galician-Portuguese,/a.d͡ze.ˈβe.do/
Old Galician-Portuguese,/ɡɾa.ˈɲõ/
Old Galician-Portuguese,/fa.aɾoŋ/
Old Galician-Portuguese,[ˈmi.s̺ɐ]
Old Galician-Portuguese,/ˈɡɾã.u/
Old Galician-Portuguese,/pou̯ˈzaɾ/
Old Galician-Portuguese,/a.d͡ziˈɲei̯.ɾa/
Old Galician-Portuguese,/koɾ.noˈa.ʎa/
Old Galician-Portuguese,/poˈdɾẽe/
Old Galician-Portuguese,/ˈe.la/
Old Galician-Portuguese,/balˈdon/
Old Galician-Portuguese,/ˈsõ.o/
Old Galician-Portuguese,/ˈma.a/
Old Galician-Portuguese,/de/
Old Galician-Portuguese,/ˈpasaɾo/
Old Galician-Portuguese,/moˈʎɛɾ/
Old Galician-Portuguese,/ˈtɾes̺/
Old Galician-Portuguese,/iɾ.ˈmã.u/
Old Galician-Portuguese,/kamˈpã.a/
Old Galician-Portuguese,/mõ.es.ˈtej.ɾo/
Old Galician-Portuguese,/a.doɾ.meˈt͡seɾ/
Old Galician-Portuguese,/ba.ɛs̺.ˈtej.ɾo/
Old Galician-Portuguese,/ˈbɔ.be.da/
Old Galician-Portuguese,/lo.ˈaɾ/
Old Galician-Portuguese,/ˈa/
Old Galician-Portuguese,/des̺/
Old Galician-Portuguese,/ˈɡaɾ.t͡sa/
Old Galician-Portuguese,/a.ˈβɛ/
Old Galician-Portuguese,/meeˈd͡zi.ɲa/
Old Galician-Portuguese,/kabeˈt͡son/
Old Galician-Portuguese,/ˈnu.βe/
Old Galician-Portuguese,/ˈmuu/
Old Galician-Portuguese,/oˈɾeʎa/
Old Galician-Portuguese,/paˈβio/
Old Galician-Portuguese,/ma.ˈt͡si.t͡so/
Old Galician-Portuguese,/baˈɲaɾ/
Old Galician-Portuguese,/ˈkaɾ.ne/
Old Galician-Portuguese,/ˈkɾu.a/
Old Galician-Portuguese,/ˈnɔ.βʊ/
Old Galician-Portuguese,/ˈβi.l̪a/
Old Galician-Portuguese,/a.fli.ˈkã.u/
Old Galician-Portuguese,/maˈɾi.do/
Old Galician-Portuguese,/aβonˈdant͡sa/
Old Galician-Portuguese,/ˈbes̺.t͡ʃa/
Old Galician-Portuguese,/ˈei̯.ɾe/
Old Galician-Portuguese,/alˈmoɾt͡so/
Old Galician-Portuguese,/koˈʎeɾ/
Old Galician-Portuguese,/ˈdo.no/
Old Galician-Portuguese,/ˈod͡ʒe/
Old Galician-Portuguese,/es̺.kɾi.ˈβiɾ/
Old Galician-Portuguese,/tɾa.ˈd͡ʒeɾ
Old Galician-Portuguese,/fiˈʎaɾ/
Old Galician-Portuguese,/e.ˈd͡ʒip.to/
Old Galician-Portuguese,/emperaˈdoɾ/
Old Galician-Portuguese,/ˈd͡ʒẽ.ro/
Old Galician-Portuguese,/ˈbɾã.kʊ/
Old Galician-Portuguese,/ˈnɔs̺.tɾʊ/
Old Galician-Portuguese,/esˈpi.ɲa/
Old Galician-Portuguese,/ˈfɾu.me/
Old Galician-Portuguese,/ˈrã.a/
Old Galician-Portuguese,/ˈfẽ.ʊ/
Old Galician-Portuguese,/baˈteɾ/
Old Galician-Portuguese,/ˈti.o/
Old Galician-Portuguese,/ˈponte/
Old Galician-Portuguese,/laˈdɾõ/
Old Galician-Portuguese,/ˈɛβoɾa/
Old Galician-Portuguese,/βeɾ.ˈme.ʎo/
Old Galician-Portuguese,/tɾa.e.ˈdoɾ/
Old Galician-Portuguese,/des̺.kal.ˈt͡saɾ/
Old Galician-Portuguese,/aleŋkɛɾ/
Old Galician-Portuguese,/mil.ɡɾã.ˈa.da/
Old Galician-Portuguese,/ˈfɾɔta/
Old Galician-Portuguese,/ˈβɛɾ.nes̺/
Old Galician-Portuguese,[ˈs̺ẽ.a]
Old Galician-Portuguese,/ẽ.pe.ɾa.ˈdɾid͡z/
Old Galician-Portuguese,/naˈt͡seɾ/
Old Galician-Portuguese,/ˈɛ/
Old Galician-Portuguese,/i.zo.ˈpa.do/
Old Galician-Portuguese,/tɾe.be.ˈʎaɾ/
Old Galician-Portuguese,/kanˈt͡sõ/
Old Galician-Portuguese,/ˈtã ˈbõ ˈdi.a ˈβɔs̺.ko/
Old Galician-Portuguese,/oˈiɾ/
Old Galician-Portuguese,/roˈt͡saɾ/
Old Galician-Portuguese,/ˈd͡ʒu.ʎo/
Old Galician-Portuguese,tɾa.ˈʒeɾ/
Old Galician-Portuguese,/fo.ˈli.a/
Old Galician-Portuguese,/ˈɡu̯aɾda/
Old Galician-Portuguese,/ẽ.eˈmi.ɡo/
Old Galician-Portuguese,/ˈkej.ʒo/
Old Galician-Portuguese,/βeɾˈd͡ʒɛw/
Old Galician-Portuguese,/ˈkɔ.lo/
Old Galician-Portuguese,/ˈei̯.ɾa/
Old Galician-Portuguese,/ˈfɾã.des/
Old Galician-Portuguese,[pɾaˈd͡zer]
Old Galician-Portuguese,/soˈõ.bɾa/
Old Galician-Portuguese,/a.ˈd͡ze.βo/
Old Galician-Portuguese,/a.t͡ʃã.aɾ/
Old Galician-Portuguese,/ˈejɾo/
Old Galician-Portuguese,/ˈt͡ʃã.u/
Old Galician-Portuguese,/ˈo.ʎo/
Old Galician-Portuguese,/deˈɾei̯.to/
Old Galician-Portuguese,/rei̯ˈmũ.do/
Old Galician-Portuguese,/e/
Old Galician-Portuguese,/ˈsẽ.a/
Old Galician-Portuguese,/t͡ʃoˈβeɾ/
Old Galician-Portuguese,/men.ti.ˈɾal/
Old Galician-Portuguese,/ɡa.ˈli.ɲa/
Old Galician-Portuguese,/seˈɲoɾ/
Old Galician-Portuguese,[pos̺.tɾe.ˈmej.ɾo]
Old Galician-Portuguese,/ˈfɔ.ɡo/
Old Galician-Portuguese,/mu-/
Old Galician-Portuguese,/ˈt͡sẽ.a/
Old Galician-Portuguese,/t͡sẽ.ˈaɾ/
Old Galician-Portuguese,/tẽˈeɾ/
Old Galician-Portuguese,/kwaɾaˈezma/
Old Galician-Portuguese,/esˈte.o/
Old Galician-Portuguese,/ˈβẽ.to/
Old Galician-Portuguese,/ˈβɛɾ.mẽ/
Old Galician-Portuguese,/ˈli.βro/
Old Galician-Portuguese,/aˈβeɾ/
Old Galician-Portuguese,[sanˈdew]
Old Galician-Portuguese,/ĩ.fã.ˈt͡sõ/
Old Galician-Portuguese,/ˈkow.t͡se/
Old Galician-Portuguese,/mo.ˈlej.ɾa/
Old Galician-Portuguese,/se.ˈɲej.ɾo/
Old Galician-Portuguese,/ˈuso/
Old Galician-Portuguese,/saˈtuɾno/
Old Galician-Portuguese,/ˈbai̯.ʃo/
Old Galician-Portuguese,/kaˈdea/
Old Galician-Portuguese,/ˈro.ma/
Old Galician-Portuguese,/t͡siɾuɾd͡ʒiˈã.u/
Old Galician-Portuguese,/ˈpe.ʃe/
Old Galician-Portuguese,/sẽˈɛs̺tɾu/
Old Galician-Portuguese,/kas̺.ˈta.ɲo/
Old Galician-Portuguese,/ˈpa.ʊ/
Old Galician-Portuguese,/raˈid͡z/
Old Galician-Portuguese,/a.niˈma.ʎa/
Old Galician-Portuguese,/ˈto.dʊ/
Old Galician-Portuguese,/aˈbɾil/
Old Galician-Portuguese,/fu.ˈd͡ʒiɾ/
Old Galician-Portuguese,/ˈt͡ʃa.ɡa/
Old Galician-Portuguese,/ˈt͡sɛ.ʊ/
Old Galician-Portuguese,/ˈlej.te/
Old Galician-Portuguese,/a.t͡sẽˈdeɾ/
Old Galician-Portuguese,/ˈdɛs.tɾo/
Old Galician-Portuguese,/ˈnɔs̺.tɾo/
Old Galician-Portuguese,/fɛ/
Old Galician-Portuguese,/tɾe.ˈbe.ʎo/
Old Galician-Portuguese,/ˈto.do.los̺/
Old Galician-Portuguese,/ˈmaɾ/
Old Galician-Portuguese,/ˈfonte/
Old Galician-Portuguese,/ˈtɾi.i.ɡo/
Old Galician-Portuguese,/aˈʎẽŋ.o/
Old Galician-Portuguese,[reˈĩ.j̃a]
Old Galician-Portuguese,[pɾaˈz̻er]
Old Galician-Portuguese,/sol.da.ˈdej.ɾa/
Old Galician-Portuguese,/ˈpɾe.t͡so/
Old Galician-Portuguese,/li.ˈʃo.zo/
Old Galician-Portuguese,/ˈfɛ.ro/
Old Galician-Portuguese,/ˈo.re.o/
Old Galician-Portuguese,/ˈfi.zi.ko/
Old Galician-Portuguese,/kaˈreta/
Old Galician-Portuguese,/fal.ka.ˈtɾu.a/
Old Galician-Portuguese,/ni.ˈũ/
Old Galician-Portuguese,/i.ˈda.de/
Old Galician-Portuguese,/raˈβjoso/
Old Galician-Portuguese,/ˈmula/
Old Galician-Portuguese,/le.ˈβaɾ/
Old Galician-Portuguese,/kɾisˈt͡ʃã.u/
Old Galician-Portuguese,/paɾtikuˈlaɾ/
Old Galician-Portuguese,/oˈõ.te/
Old Galician-Portuguese,/d͡ʒenˈd͡ʒiβɾe/
Old Galician-Portuguese,/ˈũ.ʎa/
Old Galician-Portuguese,/noˈβembɾo/
Old Galician-Portuguese,/lej.ˈɾẽ.a/
Old Galician-Portuguese,/peˈoʎo/
Old Galician-Portuguese,/es̺.kɾe.ˈβeɾ/
Old Galician-Portuguese,/ˈtem.plo/
Old Galician-Portuguese,/ˈmɛl/
Old Galician-Portuguese,/ˈã.t͡ʃo/
Old Galician-Portuguese,/a.la.ˈma.ɲa/
Old Galician-Portuguese,/ˈɔs̺a/
Old Galician-Portuguese,/ˈdows̺/
Old Galician-Portuguese,/aˈveɾ/
Old Galician-Portuguese,/ˈto.do/
Old Galician-Portuguese,/ˈẽ/
Old Galician-Portuguese,/andoˈɾiɲa/
Old Galician-Portuguese,/pa.ˈɾiɾ/
Old Galician-Portuguese,/ũa/
Old Galician-Portuguese,/a.kal.ˈt͡saɾ/
Old Galician-Portuguese,/ɡolˈpeʎa/
Old Galician-Portuguese,/ˈã.saɾ/
Old Galician-Portuguese,/kabaˈat͡sa/
Old Galician-Portuguese,/de.us/
Old Galician-Portuguese,/faˈɾi.ɲa/
Old Galician-Portuguese,/d͡ʒo.ˈɡaɾ/
Old Galician-Portuguese,/aˈɡos̺.to/
Old Galician-Portuguese,/ˈɔ.me/
Old Galician-Portuguese,/ˈi.ʎa/
Old Galician-Portuguese,/mi.ˈnĩ.j̃o/
Old Galician-Portuguese,/ba.ti.ˈt͡saɾ/
Old Galician-Portuguese,/tẽ.e.ˈβɾo.zo/
Old Galician-Portuguese,/ˈmuj/
Old Galician-Portuguese,/ˈse.d͡ʒo/
Old Galician-Portuguese,/ˈlɔ.ɡʊ/
Old Galician-Portuguese,/ˈrɔ.ɡo/
Old Galician-Portuguese,/li.ˈʃo.zʊ/
Old Galician-Portuguese,/ˈkaɾ.t͡seɾ/
Old Galician-Portuguese,/kaˈrejra/
Old Galician-Portuguese,/fa.ɾa.ˈõ/
Old Galician-Portuguese,/ˈlɛβe/
Old Galician-Portuguese,/ka.ˈβa.lʊ/
Old Galician-Portuguese,/pe.ˈka.d̪o/
Old Galician-Portuguese,/bẽ.ejˈd͡zeɾ/
Old Galician-Portuguese,/le.da.ˈĩ.a/
Old Galician-Portuguese,[ˈs̺u.a]
Old Galician-Portuguese,/ˈpɾeto/
Old Galician-Portuguese,/ˈɡow.t͡so/
Old Galician-Portuguese,/nẽ.ˈʎuɾ/
Old Galician-Portuguese,/fu.du.dã.ˈku.a/
Old Galician-Portuguese,/ˈũ.u/
Old Galician-Portuguese,/pɾeˈt͡saɾ/
Old Galician-Portuguese,/a.o.ˈʎaɾ/
Old Galician-Portuguese,/aˈbɾat͡so/
Old Galician-Portuguese,/ˈbes̺.ta/
Old Galician-Portuguese,/ˈlã.a/
Old Galician-Portuguese,/ˈmond͡ʒe/
Old Galician-Portuguese,/ˈmal/
Old Galician-Portuguese,/βẽnˈtaɾ/
Old Galician-Portuguese,/ko.ˈsa.ɾi.o/
Old Galician-Portuguese,/ˈlĩ.o/
Old Galician-Portuguese,/se.ˈɡun.da ˈfej.ɾa/
Old Galician-Portuguese,/ˈros̺.tɾo/
Old Galician-Portuguese,/poɾtuɡaˈes/
Old Galician-Portuguese,/ˈmaɾ.t͡so/
Old Galician-Portuguese,/ˈaw.ɡa/
Old Galician-Portuguese,/ma.ˈt͡sã.a/
Old Galician-Portuguese,/seˈɾẽ.a/
Old Galician-Portuguese,/i.zo.ˈpaɾ/
Old Galician-Portuguese,/ˈmaɾ.tes̺/
Old Galician-Portuguese,/ˈmuɾ/
Old Galician-Portuguese,/ˈkɾas̺/
Old Galician-Portuguese,/mi.ˈɾa.ɡɾe/
Old Galician-Portuguese,/pa.ɾa.ˈi.zo/
Old Galician-Portuguese,/ˈa.ʎʊ/
Old Galician-Portuguese,/ˈpɔ.bo.o/
Old Galician-Portuguese,/aˈβo.o/
Old Galician-Portuguese,/ãˈdɾɛu̯/
Old Galician-Portuguese,/βiˈlã.u/
Old Galician-Portuguese,/a.le.ˈma.ɲa/
Old Galician-Portuguese,/ˈbes̺.tja/
Old Galician-Portuguese,/pe.ˈle.d͡ʒa/
Old Galician-Portuguese,/ˈβi.a/
Old Galician-Portuguese,/kɾe.a.ˈtu.ɾa/
Old Galician-Portuguese,/ˈlũ.a/
Old Galician-Portuguese,/tɾo.ba.ˈdoɾ/
Old Galician-Portuguese,/bɾu.ˈtus/
Old Galician-Portuguese,/ko.ˈɔ.bɾa/
Old Galician-Portuguese,/ˈsono/
Old Galician-Portuguese,/meɾˈkado/
Old Galician-Portuguese,/ow.ˈi.do/
Old Galician-Portuguese,/ˈɡɛ.ra/
Old Galician-Portuguese,/lũˈaɾ/
Old Galician-Portuguese,/floˈɾido/
Old Galician-Portuguese,/ˈfi.ʊ/
Old Galician-Portuguese,/a.ˈt͡ʃaɾ/
Old Galician-Portuguese,/koˈd͡zi.ɲa/
Old Galician-Portuguese,/i.ˈɡɾe.d͡ʒa/
Old Galician-Portuguese,/a.ˈde.ɡa/
Old Galician-Portuguese,/ˈsa.ba.do/
Old Galician-Portuguese,/ˈmi.ʎo/
Old Galician-Portuguese,/t͡ʃo.ˈɾaɾ/
Old Galician-Portuguese,/ˈt͡sumo/
Old Galician-Portuguese,/ˈpaj/
Old Galician-Portuguese,/ˈne.ɡɾo/
Old Galician-Portuguese,/owˈβiɾ/
Old Galician-Portuguese,/kã.ˈtaɾ/
Old Galician-Portuguese,/aˈɡujɾo/
Old Galician-Portuguese,/le.da.ˈi.ɲa/
Old Galician-Portuguese,/fo.ˈʎɔ.a/
Old Galician-Portuguese,/ˈteɾ.t͡sa ˈfej.ɾa/
Old Galician-Portuguese,/a.kaeˈt͡seɾ/
Old Galician-Portuguese,/ˈfɾoɾ/
Old Galician-Portuguese,/fiˈit͡s/
Old Galician-Portuguese,/me.ˈni.ɲo/
Old Galician-Portuguese,/aˈdu.fe/
Old Galician-Portuguese,/ˈpɛ.e/
Old Galician-Portuguese,/anuˈblaɾ/
Old Galician-Portuguese,/ˈt͡ʃan.to/
Old Galician-Portuguese,/es̺ˈpa.ɲa/
Old Galician-Portuguese,[ˈka.lid͡z]
Old Galician-Portuguese,/kaˈmi.ɲo/
Old Galician-Portuguese,/reˈĩ.a/
Old Galician-Portuguese,/maˈɾi.dʊ/
Old Galician-Portuguese,/a.t͡seɾ.ˈtaɾ/
Old Galician-Portuguese,/ˈsi/
Old Galician-Portuguese,/seˈtembɾo/
Old Galician-Portuguese,/mẽ.ˈa.t͡sa/
Old Galician-Portuguese,/saˈɾa.βe.a/
Old Galician-Portuguese,/ˈfi.o/
Old Galician-Portuguese,/ɡondiˈanda/
Old Galician-Portuguese,/boˈɾõ.a/
Old Galician-Portuguese,/ˈnẽ/
Old Galician-Portuguese,/rei̯ˈmũ.dʊ/
Old Galician-Portuguese,/ˈd͡ʒɔ.ɡos̠/
Old Galician-Portuguese,/ˈβã.u/
Old Galician-Portuguese,/aɾˈkejɾo/
Old Galician-Portuguese,/aɾ.ˈkã.d͡ʒe.o/
Old Galician-Portuguese,/ˈnome/
Old Galician-Portuguese,/ˈt͡ʃuβja/
Old Galician-Portuguese,/d͡ʒenˈd͡ʒibɾes/
Old Galician-Portuguese,/βe.ˈd͡zi.ɲo/
Old Galician-Portuguese,/to.ˈmaɾ/
Old Galician-Portuguese,/ˈɛw/
Old Galician-Portuguese,/ˈpei̯.ʃe/
Old Galician-Portuguese,/ko.ˈɾõ.a/
Old Galician-Portuguese,/taɾ.ˈdaɾ/
Old Galician-Portuguese,/aˈmi.ɡo/
Old Galician-Portuguese,/t͡ʃej.ˈɾaɾ/
Old Galician-Portuguese,/lej.ˈʃaɾ/
Old Galician-Portuguese,/aɾmeˈnia/
Old Galician-Portuguese,/ˈkaɾ.dẽ.o/
Old Galician-Portuguese,/pẽ.ˈso.zo/
Old Galician-Portuguese,/ˈβej.ɾo/
Old Galician-Portuguese,/re.t͡se.ˈaɾ/
Old Galician-Portuguese,/koɾˈtina/
Old Galician-Portuguese,/ˈt͡ʃaβe/
Old Galician-Portuguese,/βe.ˈli.do/
Old Galician-Portuguese,/eɾ.ˈmi.da/
Old Galician-Portuguese,/ˈtɾa.βe/
Old Galician-Portuguese,/ˈowɾo/
Old Galician-Portuguese,/so.ˈeɾ/
Old Galician-Portuguese,/ˈkɾu.u/
Old Galician-Portuguese,/as̺ˈtɾozo/
Old Galician-Portuguese,/ataˈβake/
Old Galician-Portuguese,/ˈβen.tɾe/
Old Galician-Portuguese,/ˈbɾa.t͡so/
Old Galician-Portuguese,/ˈpa.a/
Old Galician-Portuguese,/ˈne.ɡɾʊ/
Old Galician-Portuguese,/ˈli.ɲo/
Old Galician-Portuguese,/baraˈɡãa/
Old Galician-Portuguese,/pɾoˈfɛ.sʊ/
Old Galician-Portuguese,/peɾ.d̪õ.ˈaɾ/
Old Galician-Portuguese,/kas̺.teˈlã.u/
Old Galician-Portuguese,/kam.paˈi.ɲa/
Old Galician-Portuguese,/nu.ˈd͡zeɾ/
Old Galician-Portuguese,/leˈeɾ/
Old Galician-Portuguese,/a.ˈt͡soɾ/
Old Galician-Portuguese,/foɾ.ˈt͡saɾ/
Old Galician-Portuguese,/kõ/
Old Galician-Portuguese,/d͡ʒaˈnejɾo/
Old Galician-Portuguese,/ˈma.ʊ/
Old Galician-Portuguese,/ˈɛs̺.ta/
Old Galician-Portuguese,/dɛu̯s/
Old Galician-Portuguese,/ɡãˈaɾ/
Old Galician-Portuguese,/esˈpeʎo/
Old Galician-Portuguese,/βẽˈtaɾ/
Old Galician-Portuguese,/be.ˈd͡ze.rʊ/
Old Galician-Portuguese,/ka.ˈβa.lo/
Old Galician-Portuguese,/do.ˈoɾ/
Old Galician-Portuguese,/ˈrɔ.za/
Old Galician-Portuguese,/ɡabɾi.ɛl/
Old Galician-Portuguese,/ˈmulo/
Old Galician-Portuguese,/ˈu/
Old Galician-Portuguese,/tɾa.i.ˈt͡sõ/
Old Galician-Portuguese,/ˈkin.ta ˈfej.ɾa/
Old Galician-Portuguese,/ˈko.mo/
Old Galician-Portuguese,/ˈse.ʒo/
Old Galician-Portuguese,[ˈt͡ʃɔ.t͡sa]
Old Galician-Portuguese,/sa/
Old Galician-Portuguese,/ˈnu.a/
Old Galician-Portuguese,/ˈlũ.es̺/
Old Galician-Portuguese,/ˈɡoj.o/
Old Galician-Portuguese,/ˈis̺.ʎa/
Old Galician-Portuguese,/ˈfɾi.o/
Old Galician-Portuguese,/ˈkɾɛ.ɾi.ɡo/
Old Galician-Portuguese,/ˈbɾi.ʊ/
Old Galician-Portuguese,/ko.me.ˈt͡saɾ/
Old Galician-Portuguese,/ˈleɾ/
Old Galician-Portuguese,/fẽˈɛs̺tɾa/
Old Galician-Portuguese,/ˈfloɾ/
Old Galician-Portuguese,/ˈfɾɛt͡ʃa/
Old Galician-Portuguese,/des̺.ko.ˈbɾiɾ/
Old Galician-Portuguese,/dej.ˈtaɾ/
Old Galician-Portuguese,/ˈka.ma.ɾa/
Old Galician-Portuguese,[ˈβĩ.j̃o]
Old Galician-Portuguese,/a.t͡ʃe.ˈɡaɾ/
Old Galician-Portuguese,/t͡siˈda.de/
Old Galician-Portuguese,/ˈɛɾ.βa/
Old Galician-Portuguese,/aɾˈdeɾ/
Old Galician-Portuguese,/ˈros̺.to/
Old Galician-Portuguese,/ˈo.ʎʊ/
Old Galician-Portuguese,/βĩˈiɾ/
Old Galician-Portuguese,/t͡ʃa.ˈɡaɾ/
Old Galician-Portuguese,/ˈmaj.o/
Old Galician-Portuguese,/kaˈɡaɾ/
Old Galician-Portuguese,/a.mẽ.a.ˈt͡saɾ/
Old Galician-Portuguese,/ˈd͡ʒu.ljo/
Old Galician-Portuguese,/ˈrɔ.ɡʊ/
Old Galician-Portuguese,/ˈɔ.mẽ.e/
Old Galician-Portuguese,/ˈsɔl/
Old Galician-Portuguese,/baˈlẽa/
Old Galician-Portuguese,/ẽ.aˈdeɾ/
Old Galician-Portuguese,/tɾo.ˈbaɾ/
Old Galician-Portuguese,/ˈnu.u/
Old Galician-Portuguese,/la.ˈβaɾ/
Old Galician-Portuguese,/ˈku.u/
Old Galician-Portuguese,/be.ˈd͡ze.ro/
Old Galician-Portuguese,/kol.ˈmẽ.a/
Old Galician-Portuguese,/ˈβe.d͡ʒo/
Old Galician-Portuguese,/ˈβeɾ.de/
Old Galician-Portuguese,/ko.ˈe.ʎo/
Old Galician-Portuguese,/ˈka.no/
Old Galician-Portuguese,/ˈd͡ʒɔ.βes̺/
Old Galician-Portuguese,/ˈpata/
Old Galician-Portuguese,/ˈmãj/
Old Galician-Portuguese,/ˈbɾã.ko/
Old Galician-Portuguese,/fi.ˈaɾ/
Old Galician-Portuguese,/d͡ʒoɾˈnada/
Old Galician-Portuguese,/estɾeˈmod͡z/
Old Galician-Portuguese,/ˈnɛ.ɾo/
Old Galician-Portuguese,/low.ˈt͡sã.u/
Old Galician-Portuguese,/raˈβʲoso/
Old Galician-Portuguese,/fɾant͡sa/
Old Galician-Portuguese,/pe.ˈsõ.a/
Old Galician-Portuguese,/so.ˈbɾi.ɲo/
Old Galician-Portuguese,/pos.tɾe.ˈmej.ɾo/
Old Galician-Portuguese,/ˈbol.sa/
Old Galician-Portuguese,/d͡ʒenˈd͡ʒibɾe/
Old Galician-Portuguese,/low.ˈaɾ/
Old Galician-Portuguese,/ˈmisa/
Old Galician-Portuguese,/ˈkã/
Old Galician-Portuguese,/t͡ser.ˈtã.u/
Old Galician-Portuguese,/ãdalud͡zia/
Old Galician-Portuguese,/ojˈtubɾo/
Old Galician-Portuguese,/βeˈɾã.u/
Old Galician-Portuguese,/ˈt͡ʃẽ.o/
Old Galician-Portuguese,/apɾoβejˈtaɾ/
Old Galician-Portuguese,/deˈt͡seɾ/
Old Galician-Portuguese,/aˈɡos̺.tʊ/
Old Galician-Portuguese,[kaˈmij̃o]
Old Galician-Portuguese,/bɾeˈtaɲa/
Old Galician-Portuguese,/a.ˈd͡ze.dʊ/
Old Galician-Portuguese,/ˈse.endo/
Old Galician-Portuguese,/li.ˈβɾaɾ/
Old Galician-Portuguese,/ˈβĩ.o/
Old Galician-Portuguese,/t͡ʃus̺/
Old Galician-Portuguese,/a.d͡zej.ˈto.na/
Old Galician-Portuguese,/alβaˈɾit͡sa/
Old Galician-Portuguese,/pɾi.ˈmej.ɾo/
Old Galician-Portuguese,/aˈd͡zei̯.te/
Old Galician-Portuguese,/ˈri.o/
Old Galician-Portuguese,/a.ˈmaɾ/
Old Galician-Portuguese,/ˈs̺tɾela/
Old Galician-Portuguese,/ˈpa.o/
Old Galician-Portuguese,/ˈtou̯.ɾo/
Old Galician-Portuguese,/βẽˈtã.a/
Old Galician-Portuguese,/ˈlɔ.ɡo/
Old Galician-Portuguese,/ow.ˈβi.do/
Old Galician-Portuguese,/ko.ˈbɾaɾ/
Old Galician-Portuguese,/se.ɡuˈɾan.t͡sa/
Old Galician-Portuguese,/se.aˈɾej.ɾo/
Old Galician-Portuguese,/ˈɡoj.βo/
Old Galician-Portuguese,/ka.ˈme.lʊ/
Old Galician-Portuguese,/sas/
Old Galician-Portuguese,/ˈda.do/
Old Galician-Portuguese,/ˈmã.o/
Old Galician-Portuguese,/re.t͡se.s̺i.ˈũ.do/
Old Galician-Portuguese,/awˈt͡sõ/
Old Galician-Portuguese,/pa.ˈa.t͡so/
Old Galician-Portuguese,/ˈd͡zeβɾo/
Old Galician-Portuguese,/ˈd͡ʒo.ɡo/
Old Galician-Portuguese,/ameˈnejɾo/
Old Galician-Portuguese,/ˈden.te/
Old Galician-Portuguese,/nĩ.ˈũ/
Old Galician-Portuguese,/t͡se.ˈɡaɾ/
Old Galician-Portuguese,/ˈd̪ews̺/
Old Galician-Portuguese,[ˈuzo]
Old Galician-Portuguese,/ˈaw.ɡwa/
Old Galician-Portuguese,/nemˈbɾaɾ/
Old Galician-Portuguese,/re.s̺u.t͡si.ˈtaɾ/
Old Galician-Portuguese,/sɛu̯/
Old Galician-Portuguese,/ˈkã.u/
Old Galician-Portuguese,/ta.ˈful/
Old Galician-Portuguese,/t͡ʃa.ˈmaɾ/
Old Galician-Portuguese,/ˈpɾe.t͡sʊ/
Old Galician-Portuguese,/le.ˈẽ.da/
Old Galician-Portuguese,/saˈeta/
Old Galician-Portuguese,/ˈnoj.te/
Old Galician-Portuguese,/mẽˈso.ɲa/
Old Galician-Portuguese,/moɾ.ˈt͡sɛ.ɡwo/
Old Galician-Portuguese,/ˈβa.ka/
Old Galician-Portuguese,/ˈti.ʊ/
Old Galician-Portuguese,/poɾ.tu.ɡeˈes/
Old Galician-Portuguese,/alˈfalfa/
Old Galician-Portuguese,/d͡ʒẽ.ˈo.ʎʊ/
Old Galician-Portuguese,/ˈpɾato/
Old Galician-Portuguese,/baˈes.ta/
Old Galician-Portuguese,/e-/
Old Galician-Portuguese,/esˈpeʎʊ/
Old Galician-Portuguese,/ˈfi.ʎo/
Old Galician-Portuguese,/o/
Old Galician-Portuguese,/muɾ.ˈt͡sɛ.ɡo/
Old Galician-Portuguese,/fi.aˈdoɾ/
Old Galician-Portuguese,/meɾkui̯ɾo/
Old Galician-Portuguese,/ˈaɾ.βol/
Old Galician-Portuguese,/leˈdit͡sa/
Old Galician-Portuguese,/βiˈnino/
Old Galician-Portuguese,/aˈkes.te/
Old Galician-Portuguese,/fɾãˈt͡ses/
Old Galician-Portuguese,/βeˈeɾ/
Old Galician-Portuguese,[ˈnĩ.j̃o]
Old Galician-Portuguese,/ka.ˈtaɾ/
Old Galician-Portuguese,/me.ˈes.tɾe/
Old Galician-Portuguese,/ˈmɛɾda/
Old Galician-Portuguese,/ɡow.ˈt͡so.zo/
Old Galician-Portuguese,/aɾ.ˈkã.d͡ʒo/
Old Galician-Portuguese,/teˈt͡seɾ/
Old Galician-Portuguese,/low.ˈβaɾ/
Old Galician-Portuguese,/ˈal̪.ma/
Old Galician-Portuguese,/fɾoˈlido/
Old Galician-Portuguese,/koɾˈtiɲa/
Old Galician-Portuguese,/foɾˈmiɡa/
Old Galician-Portuguese,/eskusaˈt͡sõ/
Old Galician-Portuguese,/ˈfa.la/
Old Galician-Portuguese,/ˈbɔ.βe.da/
Old Galician-Portuguese,[s̺eˈɾẽ.a]
Old Galician-Portuguese,/ˈfi.zi.kʊ/
Old Galician-Portuguese,/no.ˈd͡ziɾ/
Old Galician-Portuguese,/ˈpɔ.blo/
Old Galician-Portuguese,[ˈaj]
Old Galician-Portuguese,/va.ˈs̺a.l̪o/
Old Galician-Portuguese,/ˈkwaɾ.ta ˈfej.ɾa/
Old Galician-Portuguese,/ˈroʃo/
Old Galician-Portuguese,/ˈbɛd͡ʒa/
Old Galician-Portuguese,/ˈsi.no/
Old Galician-Portuguese,/owˈiɾ/
Old Galician-Portuguese,/keˈɾeɾ/
Old Galician-Portuguese,/ˈfɾa.ko/
Old Galician-Portuguese,/kaˈbetsa/
Old Galician-Portuguese,/a.ɾẽˈal/
Old Galician-Portuguese,/t͡sĩ.ˈi.za/
Old Galician-Portuguese,/ˈrej/
Old Galician-Portuguese,/bẽ.ˈej.tʊ/
Old Galician-Portuguese,/ˈfɔɾ.te/
Old Galician-Portuguese,/aˈmi.ɡʊ/
Old Galician-Portuguese,/ˈkã.a/
Old Galician-Portuguese,/ˈnada/
Old Galician-Portuguese,/ẽemid͡zade/
Old Galician-Portuguese,/a.d͡ʒu.ˈdaɾ/
Old Galician-Portuguese,/ˈoʎo do ˈkuu/
Old Galician-Portuguese,/oˈmad͡ʒẽ/
Old Galician-Portuguese,/ˈkɔ.lʊ/
Old Galician-Portuguese,/pɾoˈfɛ.so/
Old Galician-Portuguese,/ko.ˈoɾ/
Old Galician-Portuguese,/nemiˈɡaʎa/
Old Galician-Portuguese,/ˈni.o/
Old Galician-Portuguese,/paˈɡã.u/
Old Galician-Portuguese,/ĩ.ˈfan.te/
Old Galician-Portuguese,/pai̯ˈʃõ/
Old Galician-Portuguese,/ta.ˈma.ɲo/
Old Galician-Portuguese,/se.ˈeɾ/
Old Galician-Portuguese,/ˈsil.βe/
Old Galician-Portuguese,/kã.ˈti.ɡa/
Old Galician-Portuguese,/eŋˈβe.d͡ʒa/
Old Galician-Portuguese,/ˈa.ɡwa/
Old Galician-Portuguese,/a.βi.d͡zi.ˈma.o/
Old Galician-Portuguese,/sãˈaɾ/
Old Galician-Portuguese,/as̺.tẽ.ˈẽn.t͡sa/
Old Galician-Portuguese,/alde.a/
Old Galician-Portuguese,/ˈmow.ɾa/
Old Galician-Portuguese,/ˈmadɾe/
Old Galician-Portuguese,/a.ˈʎuɾ/
Old Galician-Portuguese,/ˈaɾ.βoɾ/
Old Galician-Portuguese,/al.ˈt͡saɾ/
Old Galician-Portuguese,/amaˈɾɛlo/
Old Galician-Portuguese,/ˈfɔ.ɡʊ/
Old Galician-Portuguese,/miˈɾaɾ/
Old Galician-Portuguese,/me.ˈnĩ.j̃o/
Old Galician-Portuguese,/a.βi.d͡zi.ˈma.ʊ/
Old Galician-Portuguese,/ˈkaro/
Old Galician-Portuguese,/ˈβe.a/
Old Galician-Portuguese,/se.me.ˈʎaɾ/
Old Galician-Portuguese,/ˈflu.me/
Old Galician-Portuguese,/kõ.ˈe.ʎo/
Old Galician-Portuguese,/a.ˈɾẽ.a/
Old Galician-Portuguese,/ma.ˈɲã.a/
Old Galician-Portuguese,/le.al.ˈda.de/
Old Galician-Portuguese,/es.ˈtaɾ/
Old Galician-Portuguese,/t͡si.da.ˈdã.u/
