Pashto,/mza.raˈɪ/
Pashto,/ɕkor/
Pashto,/zda kəwəl/
Pashto,/ç/
Pashto,/ɺ˞/
Pashto,/d̪ə həɣui/
Pashto,/a.bɑ.d̪aˈwəl/
Pashto,/bɑˈt͡ʃɑ/
Pashto,/raŋɡ/
Pashto,/la.pɑ.ra/
Pashto,/də məxa tər/
Pashto,/ki.nax.xi/
Pashto,/wəɡəɻ pohəna/
Pashto,/d͡ʒa.kaɽ/
Pashto,/krəʈ/
Pashto,/rənˈɖəi̯/
Pashto,/bad̪ru/
Pashto,/amˈluk/
Pashto,/poˈlis/
Pashto,/ˈha.ɣə/
Pashto,/zeˈʐeˈdəl/
Pashto,/pəŋd͡z pohəna/
Pashto,/kɑˈli/
Pashto,/wɑˈwraˈt̪un/
Pashto,/wəjipɑŋɡa/
Pashto,/biˈwəl/
Pashto,/ʃərˈməx/
Pashto,/ʃuˈmer/
Pashto,/wa.ˈt̪əl/
Pashto,/raˈxəm/
Pashto,/ˈd̪ona/
Pashto,/d̪ə həɣə/
Pashto,/sareʂ/
Pashto,/ˈwoɺ̢kəi/
Pashto,/wəd̪ˈɑn/
Pashto,/as.mɑn/
Pashto,/poˈheɡi/
Pashto,/ɣuʃˈtəl/
Pashto,/lutsˈtjɑ/
Pashto,/tsanɡ/
Pashto,/ɣwaʐ/
Pashto,/ɣarˈiz/
Pashto,/waˈd͡ʒəl/
Pashto,/orˈloˈba/
Pashto,/ts/
Pashto,/meˈɻə/
Pashto,/ko.ʈa/
Pashto,/leˈwə/
Pashto,/ʃɑ.li/
Pashto,/mal/
Pashto,/mɑɳo/
Pashto,/kɑl/
Pashto,/rəˈɳɑ/
Pashto,/dʒiˈnəi/
Pashto,/pɑˈyaˈwəl/
Pashto,/aɣa.ɡəl/
Pashto,/ˈklaka je/
Pashto,/ɡərd͡zaˈwəl/
Pashto,/ba.d̪a.laˈwəl/
Pashto,/bel/
Pashto,/bart.ɑn.ja/
Pashto,/ɡə.ɺ̢an.ɖai/
Pashto,/bɑdaˈwəl/
Pashto,/bɑɣˈwɑn/
Pashto,/zɣara/
Pashto,/məˈ.ɽa/
Pashto,/ɡen.ɖaɪ/
Pashto,/par.t̪a.la/
Pashto,/ʒbɑ.ɻəl/
Pashto,/pənˈɖus/
Pashto,/ʈo.kiˈ/
Pashto,[χə]
Pashto,/t͡sɑ.peˈ.ɽa/
Pashto,/ˈʃpɑɺ˞əs/
Pashto,/swel/
Pashto,/kun.ɡraɪ/
Pashto,/ʃpaʒ/
Pashto,/sin̪d̪/
Pashto,/bəˈlɑ/
Pashto,/barɑˈbar/
Pashto,/ʂədziˈna je/
Pashto,/aɣ.ʐəl/
Pashto,/ˈloba kəwəl/
Pashto,/ar.zɑ.na/
Pashto,/weʃˈt̪ɑn/
Pashto,/melˈma/
Pashto,/rəsənai/
Pashto,/badˈstərɡai/
Pashto,/bat͡ʃ/
Pashto,/pəxedəl/
Pashto,/ˈwoɺ˞ai/
Pashto,/ʃɑ.mɑˈr/
Pashto,/ke.ˈdəl/
Pashto,/d̪wajəm/
Pashto,/albɑnˈjɑ/
Pashto,/t̪ənur/
Pashto,/xə/
Pashto,/ʃɑˈhed/
Pashto,/muɡək/
Pashto,/ɣəçˈt̪əl/
Pashto,/lmar/
Pashto,/loʃi/
Pashto,/də.pɑ.ra/
Pashto,/kɑf/
Pashto,/wɑk/
Pashto,/ɣam.d͡ʒaˈn/
Pashto,/ʈe/
Pashto,/d͡ʒo.ɽa.ˈwəl/
Pashto,/ʂin/
Pashto,/ˈberta/
Pashto,/ɡa.ˈʈəl/
Pashto,/weraˈwəl/
Pashto,/ɡərd/
Pashto,/rɑ/
Pashto,/ˈme/
Pashto,/bəd/
Pashto,/t͡salwor/
Pashto,/d͡zirak/
Pashto,/marɡ/
Pashto,/zɻə/
Pashto,/nə/
Pashto,/məx.we.jəˈ.na/
Pashto,/d͡ʒa.war/
Pashto,/ɣun/
Pashto,/darwaˈləm/
Pashto,/xət̪/
Pashto,/huʂjɑr/
Pashto,/rusja/
Pashto,/nwar/
Pashto,/pəxˈt̪o/
Pashto,/d͡ʒɑ.ru kəʃ/
Pashto,/ɖanɖ/
Pashto,/d̪ruŋd̪/
Pashto,/ʔ/
Pashto,/ɣwa.jaˈɪ/
Pashto,/bɑrəkzai/
Pashto,/daˈreɡəm/
Pashto,/tsalˈwext/
Pashto,/dɑˈna/
Pashto,/a.pin/
Pashto,/dz/
Pashto,/t͡ʃɑiˈnək/
Pashto,/sɑˈx.ka/
Pashto,/m̩sa/
Pashto,/zar/
Pashto,/həwɑji ɖəɡər/
Pashto,/baˈxəl/
Pashto,/əɻˈin/
Pashto,/dzim/
Pashto,/ɣ/
Pashto,/ob.ˈd̪əl/
Pashto,/ar.zəʃt̪/
Pashto,/nʊt̪ˈfa/
Pashto,/məˈ.ɽe/
Pashto,/buzeˈdəl/
Pashto,/d͡ʒəˈɡəɺ˞a/
Pashto,/pə/
Pashto,/mənd͡zənəi/
Pashto,/as.ta.ˈwəl/
Pashto,/səɻa/
Pashto,/tə/
Pashto,/ɡoˈrəl/
Pashto,/baˈheɡəm/
Pashto,/leˈʐəl/
Pashto,/ʐm̩əŋd͡z/
Pashto,[x]
Pashto,/ˈoʃa/
Pashto,/lɑm/
Pashto,/tæl/
Pashto,/mjer/
Pashto,/bret̪/
Pashto,/t͡səka/
Pashto,/xwɑʐə/
Pashto,/ⁿmuŋd͡z/
Pashto,/klak.wɑ.laɪ/
Pashto,/zɑi/
Pashto,/mɪˈnəʈ/
Pashto,/ja.mɑ pɑ.t͡ʃɑ/
Pashto,/d͡zwɑn/
Pashto,/pəʃˈt̪o/
Pashto,/ʃpeʝ/
Pashto,/ʂɑˈyi/
Pashto,/ɑjɑt̪/
Pashto,/ʒwand poˈhəna/
Pashto,/nə.mɑs.xo.tan/
Pashto,/muʈək wəhəl/
Pashto,/çkɑˈra/
Pashto,/ziʐ/
Pashto,/er/
Pashto,/ˈlutslaɣaɻ/
Pashto,/ˈmunɡ/
Pashto,/sreʂ/
Pashto,/a.t̪aɳ/
Pashto,/naɽəiwɑla ɣaɡiza abet͡se/
Pashto,/iɣ.lu/
Pashto,/xwaˈɽəl/
Pashto,/lumbəɽ/
Pashto,/oɻaɪ/
Pashto,/zwe/
Pashto,/çɑ.roˈ/
Pashto,/muʐ/
Pashto,/bɑˈdɑm/
Pashto,[xə]
Pashto,/wəɡe/
Pashto,/paiˈse/
Pashto,/ʃpeˈtə/
Pashto,/afɣɑn/
Pashto,/ʃʊrˈməʃ/
Pashto,/po.hanˈt̪un/
Pashto,/ɑr/
Pashto,/pohəna/
Pashto,/ʃmerˈpoˈhəˈna/
Pashto,/səmˈənˈd̪ər/
Pashto,/a.xis.təl/
Pashto,/ɣeɡ/
Pashto,/ʒɪɡˈɑɡ/
Pashto,/mɑŋ.ˈɡər/
Pashto,/roɣˈtjɑ/
Pashto,/t͡sɑ.wɑˈr/
Pashto,/zeˈɡeˈdəl/
Pashto,/xwəˈd͡zənˈd̪a anˈd͡zor/
Pashto,/ˈləre/
Pashto,/ʃəˈɖəl/
Pashto,/ʂowənˈdzai/
Pashto,/ˈbjɑjəm/
Pashto,/wuˈloŋɡ t͡ʃɑi/
Pashto,/hədəw/
Pashto,/xo.ˈwun.kaɪ/
Pashto,/ləɡ/
Pashto,/ap.ri.d̪aɪ/
Pashto,/wɒk/
Pashto,/nɑɻawɘlai/
Pashto,/uˈwə/
Pashto,/pəʃ.t̪a.na/
Pashto,/kə/
Pashto,/d͡zel/
Pashto,/hɑɻ/
Pashto,/wor/
Pashto,/niʝˈde/
Pashto,/ɡ/
Pashto,/bɑˈbɑ/
Pashto,/xə.ma.t͡ʃe/
Pashto,/zəbər d͡zwɑk/
Pashto,/kwəs/
Pashto,/lewaˈnai/
Pashto,/spaɪ/
Pashto,/aisˈləŋɖ/
Pashto,/rɑwˈɽəl/
Pashto,[χ]
Pashto,/t͡ʃɑi/
Pashto,/ʈuspɑrɘy/
Pashto,/d͡ʒɪɡ/
Pashto,/məʈunɡai/
Pashto,/xkənd͡zəl/
Pashto,/ʒabakəi/
Pashto,/kəɻ je/
Pashto,/ʒwənˈd̪ai/
Pashto,/dʒ/
Pashto,/təwduxi/
Pashto,/xɑr/
Pashto,/awˈjɑ/
Pashto,/pɪlm/
Pashto,/lwəs.t̪əˈl/
Pashto,/paç.t̪a.na/
Pashto,/sɑk/
Pashto,[pre.xo.ˈdəl]
Pashto,/bol.ɣɑ.rɪs.t̪ɑn/
Pashto,/kwə.na/
Pashto,/xpa/
Pashto,/belcha/
Pashto,/balɣɑrja/
Pashto,/zʊ.ləi.xa/
Pashto,/xɑˈɣəˈlai/
Pashto,/k/
Pashto,/alˈwəˈtəl/
Pashto,/ʃpeʒ/
Pashto,/ˈçəd͡za/
Pashto,/ʈoˈ.ka/
Pashto,/munɡ/
Pashto,/səˈ.ʒaɪ/
Pashto,/bəˈrɑˈji/
Pashto,/çɑ.mɑˈr/
Pashto,/ˈdzine/
Pashto,/lmər t̪ənˈd̪ra/
Pashto,/ɣo/
Pashto,/rɑˈwəsˈt̪əl/
Pashto,/ruˈɳɑ/
Pashto,/ɪs.lɑm/
Pashto,wrus.t̪a/
Pashto,/isˈtəl/
Pashto,/d͡zəŋɡəl/
Pashto,/plɑzˈmeˈna/
Pashto,/ɣəxˈt̪əl/
Pashto,/a.t̪ə.la/
Pashto,/pasˈta je/
Pashto,/oʐa/
Pashto,/meˈ.ʂa/
Pashto,/ʐaɣeˈdəl/
Pashto,/ɣajn/
Pashto,/ma.nəˈl/
Pashto,/bəɣwər/
Pashto,/ʂɑr/
Pashto,/lik.wɑl/
Pashto,/an.d͡zor/
Pashto,/aˈnɑr/
Pashto,/ɣuxˈtəl/
Pashto,/dzanɖ/
Pashto,/st̪oˈ.raɪ/
Pashto,/huçjɑr/
Pashto,/d̪obai/
Pashto,/bi.jaɪ/
Pashto,/sɑ/
Pashto,/jum/
Pashto,[ˈt͡səŋˌɡa]
Pashto,/bərˈbəŋɖ/
Pashto,/u.lə.si d͡ʒar.ɡaˈ/
Pashto,/ɣəʂˈt̪əl/
Pashto,/ɖɑŋɖ/
Pashto,/ɣuŋɖ/
Pashto,/bɑm/
Pashto,/ze/
Pashto,/zɑl/
Pashto,/hoˈkɻa/
Pashto,/jeʒa/
Pashto,/d̪əɺ˞d̪/
Pashto,/pa.xa.ˈwəl/
Pashto,/wri.ʒe/
Pashto,/kɑˈbəl/
Pashto,/manz/
Pashto,/kəˈlaɪ/
Pashto,/miʒ/
Pashto,/meˈ.ça/
Pashto,/çədziˈna je/
Pashto,/meʃt̪/
Pashto,/ɳ/
Pashto,/spe.laˈni/
Pashto,/d͡ʒɑ.ru kəx/
Pashto,/lɑmbəl/
Pashto,/mis.ar/
Pashto,/aˈlif/
Pashto,/roɣt̪ɑnə/
Pashto,/t̪od̪/
Pashto,/d̪ar.ˈzi/
Pashto,/ɣoˈba/
Pashto,/ˈzɣəra/
Pashto,/mirˈzɑ/
Pashto,/ʃə/
Pashto,/pɑi.la/
Pashto,/ɣeʐ/
Pashto,/meˈ.ʃa/
Pashto,/marxeˈɺ̢ai/
Pashto,/re/
Pashto,/wələswɑləi/
Pashto,/t̪aɳəi/
Pashto,aɣasˈtəl/
Pashto,/proˈɻe/
Pashto,/ʂɑjsta/
Pashto,/bluk/
Pashto,/paʂ.t̪un/
Pashto,/ʂɑ.roˈ/
Pashto,/ɣwaʒ/
Pashto,/sareç/
Pashto,/srex/
Pashto,/ɖer/
Pashto,/uˈbɑsəm/
Pashto,/jaw/
Pashto,/be la/
Pashto,/wor.ɡɑ.ɖaɪ/
Pashto,/nuɳ/
Pashto,/ˈkəsəm/
Pashto,/bɑˈzu/
Pashto,/maˈni/
Pashto,/ʈupaˈkai/
Pashto,/ɡə.ɖaɪ/
Pashto,/ˈtɑso/
Pashto,/x/
Pashto,/mim/
Pashto,/wəzirɪst̪ɑn/
Pashto,/lɑs/
Pashto,/ni.liˈ/
Pashto,/ˈtswɑrlas/
Pashto,/apˈɣɑnˈɪsˈtɑn/
Pashto,/ʂ/
Pashto,/ɣuʂˈtəl/
Pashto,/ʃərˈməʂ/
Pashto,/d̪ɑwa/
Pashto,/spəra/
Pashto,/belˈt̪un/
Pashto,/ɣɑɻai/
Pashto,/ˈax.ʂai/
Pashto,/osed̪unkaɪ/
Pashto,/la.ʃaˈ/
Pashto,/ˈd͡ʒəmaɪ/
Pashto,/buj/
Pashto,/koʈ/
Pashto,/lut͡s/
Pashto,/ha.ˈɣe/
Pashto,/maŋ.ˈɡər/
Pashto,/t̪awd̪a/
Pashto,/d͡ʒəɡˈt̪jɑ/
Pashto,/ɖaŋˈɡər/
Pashto,/tʃiˈtʃəl/
Pashto,/ko.ra.nəi̯/
Pashto,/ɑsp.ɑn.jɑ/
Pashto,/ɖɑŋɡ/
Pashto,/a.ˈxəl/
Pashto,/kɻə/
Pashto,/bəˈdi/
Pashto,/ˈqatər/
Pashto,/məɣʒai/
Pashto,/ɡəɻ.d̪od̪/
Pashto,/xəˈd͡za/
Pashto,/xwɑˈʃinai/
Pashto,/ta/
Pashto,/d̪aɪ/
Pashto,/ˈzɑɳa/
Pashto,/ʝe/
Pashto,/beˈxi/
Pashto,/nəʂˈt̪ar/
Pashto,/ɣuçˈtəl/
Pashto,/plɑ.la/
Pashto,/bəɳ.kaˈɪ/
Pashto,/uˈləs/
Pashto,/ʃal.t̪ɑ.lu/
Pashto,/t͡sɑˈç.ka/
Pashto,/meˈʃiˈko/
Pashto,/pula/
Pashto,/məɡa/
Pashto,/ar.mɑn/
Pashto,/nɑ.rən.d͡ʒiˈ/
Pashto,/tsim/
Pashto,/zɪkər/
Pashto,/oʝa/
Pashto,/ləˈ.ɽa/
Pashto,/aˈhuɽ/
Pashto,/ˈwera/
Pashto,/ɣwaʝ/
Pashto,/pɑˈɳa/
Pashto,/poˈt͡sa/
Pashto,/wəm/
Pashto,/t͡sərˈɡəŋd̪/
Pashto,/daˈreʐəm/
Pashto,/ɡʊl/
Pashto,/ʂa/
Pashto,/nɑ/
Pashto,/ɣwɑ/
Pashto,/tojaˈwəl/
Pashto,/bəheˈdəl/
Pashto,/ɣə.ɳa/
Pashto,/wɑk.maˈn/
Pashto,/n/
Pashto,/kɪt̪.ɑb/
Pashto,/ʒm̩əŋd͡z/
Pashto,/parˈt̪uɡ/
Pashto,/sur/
Pashto,/r/
Pashto,/jhak/
Pashto,/ˈd̪jɑrləs/
Pashto,/ˈxwəʈa/
Pashto,/səm/
Pashto,/pxa/
Pashto,/a.pim/
Pashto,[wəˈɳai̯]
Pashto,/as/
Pashto,/ʐa.ɣe.d̪əl/
Pashto,/nəxˈt̪ar/
Pashto,/rol/
Pashto,/heˈwɑd̪/
Pashto,/ʈiŋɡ/
Pashto,/ʒo poˈhəna/
Pashto,/ʃoˈnai/
Pashto,/d͡ʒinəkəi/
Pashto,/zər/
Pashto,/wəɡəɻai/
Pashto,/ɡəˈmənz/
Pashto,/t͡sa.lor/
Pashto,/naɽəiwɑla ɣaʐiza abet͡se/
Pashto,/t͡sɑ.d̪aˈr/
Pashto,/aw.ɽe.ˈdəl/
Pashto,/pat̪/
Pashto,/eˈmiʒ/
Pashto,/um/
Pashto,/t͡sumˈra/
Pashto,/twe/
Pashto,/loi/
Pashto,/kuɳ/
Pashto,/nə.mɑs.pe.xin/
Pashto,/bɑˈɳə/
Pashto,/t͡sʂɑk/
Pashto,/pax.t̪a.na/
Pashto,/zd̪a/
Pashto,/bɑˈləʂt/
Pashto,/d̪/
Pashto,/ˈaxai/
Pashto,/ɣɑx/
Pashto,/ɡan.ˈɖəl/
Pashto,/t/
Pashto,/mə.ˈɡər/
Pashto,/tskal/
Pashto,/ʃin/
Pashto,/xdɑj/
Pashto,/ʒəb.po.həˈ.na/
Pashto,/sa.ʈak/
Pashto,/anɡoɺ˞ai/
Pashto,/baxˈʂəl/
Pashto,/ɣar.t͡sə.nai/
Pashto,/ˈɖəɡa/
Pashto,/spe(ː)/
Pashto,/ʒe/
Pashto,/pəʂˈt̪o/
Pashto,/tsarxaˈwəl/
Pashto,/kʊlˈt̪ur/
Pashto,/j/
Pashto,/tsalˈweçt/
Pashto,/spin/
Pashto,/ˈzbərɡ/
Pashto,/xowənˈzai/
Pashto,/uɡa/
Pashto,/buˈdaː.ja/
Pashto,/ɖawl/
Pashto,/məˈnɘ.nə/
Pashto,/xwəɻˈənˈd͡zaɪ/
Pashto,/nɑˈsəm/
Pashto,/ekwɑˈdor/
Pashto,/meɻˈɡai/
Pashto,/aisˈlæŋɖ/
Pashto,/ˈkatər/
Pashto,/saka/
Pashto,/ho/
Pashto,/zɑˈɡreb/
Pashto,/rɑhise/
Pashto,/ɡe/
Pashto,/ɣeʝ/
Pashto,/d̪rəna/
Pashto,/lmɑn.d͡zəl/
Pashto,/aw/
Pashto,/t̪a.mɑ.la/
Pashto,/sɑrwai/
Pashto,/sreç/
Pashto,/lumˈɺ˞ai/
Pashto,/məˈ.ʃər.ɑno d͡ʒar.ɡaˈ/
Pashto,/me.ʒai/
Pashto,/çɑˈɣəˈlai/
Pashto,/lɑmˈbo/
Pashto,/dʒoɻ/
Pashto,/niˈwəˈka/
Pashto,/mazˈhab/
Pashto,/sɒˈpaʈ/
Pashto,/waja/
Pashto,/ʃaw.t̪ɑ.lu/
Pashto,/səl/
Pashto,/st̪ərˈɡa/
Pashto,/d̪əɺ˞/
Pashto,/məʈ/
Pashto,/kor.ba/
Pashto,/zmuʝ/
Pashto,/ban.ˈd̪a/
Pashto,/buˈʈɑn/
Pashto,/mex/
Pashto,/ʒran.d̪a/
Pashto,/ʈol/
Pashto,/rebəz/
Pashto,/d̪aɣə/
Pashto,/xɑ.mɑˈr/
Pashto,/a.t͡ʃa.ˈwəl/
Pashto,/q/
Pashto,/xeˈ.ʈa/
Pashto,/be ˈdzɑna/
Pashto,/ʝ/
Pashto,/ɸr.ɑn.sa/
Pashto,/zʊ.lai.xa/
Pashto,/dʒim/
Pashto,/xe/
Pashto,/ɡa.ɳəl/
Pashto,/mɪsɾ/
Pashto,/aɣəsˈtəl
Pashto,/paɪl/
Pashto,/buˈra/
Pashto,/d͡zɣəsˈtəl/
Pashto,/mras.t̪uˈ.naɪ/
Pashto,/or/
Pashto,/ɣal/
Pashto,/pa.lɑ.la/
Pashto,/ʒɑˈma/
Pashto,/kɪn.wa/
Pashto,/klak/
Pashto,/kan.ɡɑl/
Pashto,/dərˈwəsˈt̪əl/
Pashto,/zɽaˈwar/
Pashto,/mərˈɣə/
Pashto,/çowanˈd͡zai/
Pashto,/d̪e/
Pashto,/o.ri.ɡɑ.mi/
Pashto,/t͡seˈra/
Pashto,/zɣa.ˈməl/
Pashto,/wrad͡z/
Pashto,/d͡zɘlmaɪ/
Pashto,/ˈnulas/
Pashto,/d̪waim/
Pashto,/məlɡərai/
Pashto,/ɣwən.ɖɑ.rai/
Pashto,/ɣwəˈra/
Pashto,/ɣwaˈ.ça/
Pashto,/haˈmel/
Pashto,/brad͡ʒ/
Pashto,/pənˈdzos/
Pashto,/miˈna/
Pashto,/t͡sxɑk/
Pashto,/xaiˈdək/
Pashto,/ˈzine/
Pashto,/hadəf/
Pashto,/ɡar.mi/
Pashto,/aw.bɑ.zi/
Pashto,/piˈʃo/
Pashto,/stər/
Pashto,/hʊˈsaɪ/
Pashto,/koːl/
Pashto,/pr.ɑn.sa/
Pashto,/ləʒ/
Pashto,/warwasˈtəl/
Pashto,/ʃaram/
Pashto,/paʂ.t̪a.na/
Pashto,/st̪ɑ.jəˈl/
Pashto,/ɣwəˈji/
Pashto,/spin ɡirai/
Pashto,/t̪un/
Pashto,/d̪oɪ/
Pashto,/nərkɑʃa/
Pashto,/ʃədziˈna/
Pashto,/al.wa.t̪əˈ.ka/
Pashto,/t͡ʃuɳ.jɑˈ/
Pashto,/◌̃/
Pashto,/muˈsiˈki/
Pashto,/ku.bɑ/
Pashto,/zjaɻ/
Pashto,/seləi/
Pashto,/rɑ.kaˈ.wəl/
Pashto,/he ˈhamza/
Pashto,/ʐ/
Pashto,/nə.mɑs.pe.ʂin/
Pashto,/aˈɣundəm/
Pashto,/t̪er.wa.t̪əˈl/
Pashto,/ʒ/
Pashto,/surˈlənˈɖai/
Pashto,/xɑ.roˈ/
Pashto,/ˈlobe kawəl/
Pashto,/e.mo.d͡ʒi/
Pashto,/ʂədziˈna/
Pashto,/ɖak/
Pashto,/aw.ra.ˈwəl/
Pashto,/ˈdzɣələm/
Pashto,/kaʈai/
Pashto,[pre.ʂo.ˈdəl]
Pashto,/oʃ/
Pashto,/la.ˈrəl/
Pashto,/ˈhalta/
Pashto,/pɑˈɻu/
Pashto,/warwaˈləm/
Pashto,/ʈənˈɖa/
Pashto,/ɡəʈa/
Pashto,/ʈɑˈpu/
Pashto,/d̪ruze/
Pashto,/səˈ.ʐaɪ/
Pashto,/d̪ə/
Pashto,/nəŋɡ/
Pashto,/nu/
Pashto,/be nyɑˈwa/
Pashto,/bolɣɑrˈjɑ/
Pashto,/t̪ɑ.nuˈ.kaɪ/
Pashto,/liˈdəl/
Pashto,/lmar.iz/
Pashto,/xel/
Pashto,/yer/
Pashto,/t͡ʃɑˈkleʈ/
Pashto,/ɻ/
Pashto,/lɑs ɡɑ.ɖaɪ/
Pashto,/bɑɣ/
Pashto,/zmuʐ/
Pashto,/mandz/
Pashto,/mɑd̪ən/
Pashto,/peˈχəwər/
Pashto,/t̪ləl/
Pashto,/dzɣəlaˈwəl/
Pashto,/ax.ˈʂəl/
Pashto,/ɖair/
Pashto,/pɽɑŋɡ/
Pashto,/nɑriˈna je/
Pashto,/bənˈd̪i/
Pashto,/ˈtɑse/
Pashto,/bo.nɑ/
Pashto,/ʈamɑʈər/
Pashto,/ʃpaʐ/
Pashto,/lməriz ɣonɖɑl/
Pashto,/səra/
Pashto,/nəçˈt̪ar/
Pashto,/d̪eo/
Pashto,/ço.ˈwun.kaɪ/
Pashto,/jaja/
Pashto,/amriˈkɑ/
Pashto,/ɺ˞umˈbai/
Pashto,/ˈɣwaʐ niˈwəl/
Pashto,/hɪmɑləjə/
Pashto,/ɖaˈbəl/
Pashto,/ʂoˈwunˈke/
Pashto,/ɑjrˈlənɖ/
Pashto,/zərˈɣun/
Pashto,/miɑʃt/
Pashto,/ʔain/
Pashto,/parez/
Pashto,/ɡa.ɖe.dəl/
Pashto,/aˈlubɑlu/
Pashto,/je/
Pashto,/eʒa/
Pashto,/kɑ.ɡəˈl/
Pashto,/t͡sə/
Pashto,/lərˈɣunˈpoˈhəˈna/
Pashto,/paçˈt̪o/
Pashto,/wroɣ/
Pashto,/wəi/
Pashto,/ndʒəˈləi/
Pashto,/pəxˈlai̯/
Pashto,/t͡sa.ʈak/
Pashto,/ˈst̪ɑˈso/
Pashto,/nun ˈpa.za/
Pashto,/tskəl/
Pashto,/ɣalˈmai/
Pashto,/bartɑnja/
Pashto,/d̪eɡ.laɪ/
Pashto,/ɣam/
Pashto,/xoɡ/
Pashto,/mand͡z/
Pashto,/çin/
Pashto,/nə.mɑˈʂɑm/
Pashto,/a.t̪əl/
Pashto,/ilˈband/
Pashto,/ki.na.xi/
Pashto,/wɑw/
Pashto,/as.mɑ.ni/
Pashto,/ɣuna/
Pashto,/marɣaɺ̢ai/
Pashto,/osed̪unke/
Pashto,/nun ˈpo.za/
Pashto,/d͡zɑr/
Pashto,/zma.raˈɪ/
Pashto,/a/
Pashto,/mɑˈʂɑm/
Pashto,/çoˈwunˈke/
Pashto,/mraɣ/
Pashto,/ɣiɳ/
Pashto,/lərˈɡai/
Pashto,/jəm/
Pashto,/ʃɑ.roˈ/
Pashto,/muˈsiˈqi/
Pashto,/lumbaɽ/
Pashto,/niʐˈde/
Pashto,/dɑˈɺ˞əl/
Pashto,/beˈkɑra/
Pashto,/laˈmən/
Pashto,/kɑmos/
Pashto,/maˈɺ̢əi̯/
Pashto,/d͡ʒəŋɡˈjɑˈlai/
Pashto,/ɣɑç/
Pashto,/ɡər.d̪aˈi/
Pashto,/d͡zɑi/
Pashto,/zbɑ.ˈt̪əl/
Pashto,/kan.d̪a.hɑr/
Pashto,/wri.d͡ʒe/
Pashto,/d̪re/
Pashto,/ˈstɑse/
Pashto,/esˈʈonjɑ/
Pashto,/paˈtax/
Pashto,/ˈalwəzəm/
Pashto,/xɑˈyi/
Pashto,/lɑrˈjun/
Pashto,/ɣwaˈ.ʂa/
Pashto,/d͡zməkˈpoˈhəˈna/
Pashto,/ˈɡɑɳa/
Pashto,/ˈɡərda he/
Pashto,/wəɻˈjɑ/
Pashto,/d̪roɣ/
Pashto,/sɑˈɺ̢ə/
Pashto,/ki.t̪ɑb/
Pashto,/yunai/
Pashto,/lor/
Pashto,/hask/
Pashto,/taˈpos/
Pashto,/kɑ.la.nai/
Pashto,/ɣa.pe.ˈdəl/
Pashto,/ˈboləm/
Pashto,/d͡ʒəɡˈɺ˞ən/
Pashto,/ɡaɳ/
Pashto,/afˈɣɑnˈɪsˈtɑn/
Pashto,/xəziˈna/
Pashto,/ˈas.pa/
Pashto,/ɣa.ɡe.d̪əl/
Pashto,/sa.ɽaˈɪ/
Pashto,/pəsɑrˈlai/
Pashto,/wəzir/
Pashto,/pəˈʃəi̯/
Pashto,/d̪uj/
Pashto,/dɑˈru/
Pashto,/ar.zɑn/
Pashto,/jaˈwolas/
Pashto,/ahɑɻ/
Pashto,/bɺ˞əstən/
Pashto,/wrəd͡z pə wrəd͡z/
Pashto,/kab/
Pashto,/ʂkɑˈra/
Pashto,/pɪləm/
Pashto,[ˈtsuka]
Pashto,/ʂə/
Pashto,/ˈɣwɑɺ̢əm/
Pashto,/ka.təl/
Pashto,/t̪ɑnə/
Pashto,/i.no/
Pashto,/ˈosəm/
Pashto,/d̪əˈrəˈwəl/
Pashto,/əŋɡəi/
Pashto,/paʃ.t̪un/
Pashto,/t̪ɑlɪb/
Pashto,/d͡ʒəɡɡaɪ/
Pashto,/xa/
Pashto,/d̪ruza/
Pashto,/pʊx.t̪un/
Pashto,/ˈha.t͡sa/
Pashto,/hila/
Pashto,/xa.t̪id͡z/
Pashto,/so.ʈak/
Pashto,/ə/
Pashto,/ɡaˈɖun/
Pashto,[ˈwruza]
Pashto,/l/
Pashto,/ɺ˞e/
Pashto,/ˈmɑlɡa/
Pashto,/xa.ˈt̪əl/
Pashto,/bəda/
Pashto,/t͡ʃurˈləka/
Pashto,/a.t̪ə.las/
Pashto,/ˈɣwaɡ niˈwəl/
Pashto,/plɑz/
Pashto,/bi.ʒaˈkəi/
Pashto,/pɑi t̪ə rəsed̪əl/
Pashto,/tɑwaˈwəl/
Pashto,/awreˈdunkai/
Pashto,/d̪od̪/
Pashto,/bəɳˈwɑl/
Pashto,/ˈbura/
Pashto,/ɽund/
Pashto,/d͡zai/
Pashto,/wələswɑli/
Pashto,/nəʃt̪/
Pashto,/bəˈt͡sərˈkaɪ/
Pashto,/zwaraˈkai/
Pashto,/ɖəʊˈli/
Pashto,/ˈxuna/
Pashto,/bjal/
Pashto,/nuk.ɣwəˈ.t͡sai/
Pashto,/ɡwəˈ.ɽa/
Pashto,/ˈtsənɖa/
Pashto,/pore kaˈwəl/
Pashto,/almɑnˈjɑ/
Pashto,/ai/
Pashto,/ˈd̪əlt̪a/
Pashto,/ˈbəˈt̪a/
Pashto,/kawˈt̪əˈra/
Pashto,/d̪erʃ/
Pashto,/oseˈdəl/
Pashto,/leˈwar/
Pashto,/pɑmad̪or/
Pashto,/d̪ew/
Pashto,/siˈləi/
Pashto,/ʒeɻ/
Pashto,/zma.rəˈi/
Pashto,/ˈpoja/
Pashto,/ˈd͡zəˈka/
Pashto,/ɖol/
Pashto,/ɡeˈ.ɖa/
Pashto,/ʂɑ.mɑˈr/
Pashto,/uʐa/
Pashto,/melawa/
Pashto,/wiʒa/
Pashto,/laˈɻam/
Pashto,/bəd̪ poraɪ/
Pashto,/sxɑ/
Pashto,/həɡəi/
Pashto,/he/
Pashto,/san.ɖɑˈ/
Pashto,/ˈojəm/
Pashto,/sin/
Pashto,/haˈlək/
Pashto,/be ˈʃarma/
Pashto,/kɑrˈɣə/
Pashto,/ɖaz/
Pashto,/ˈawɺ˞əm/
Pashto,/xɑm/
Pashto,/nizˈde/
Pashto,/dʒəˈlɑ/
Pashto,/wəɡai/
Pashto,/lmunz/
Pashto,/d̪ərˈməlˈt̪un/
Pashto,/ˈpoha/
Pashto,/xəziˈna je/
Pashto,/nə.mɑˈxɑm/
Pashto,/pəse/
Pashto,/ləʝ/
Pashto,/wereˈdəl/
Pashto,/nʊt̪ˈpa/
Pashto,/ɡa.biˈn/
Pashto,/t͡seˈɻəˈna/
Pashto,/ˈɖala/
Pashto,/jeˈbuˈt̪i/
Pashto,/wax/
Pashto,/war/
Pashto,/zmɑ/
Pashto,/mənˈɖa/
Pashto,/baŋd̪əwəl/
Pashto,/be ˈsɑ/
Pashto,/ˈaxləm/
Pashto,/bɑd/
Pashto,/ɣo.ˈwəl/
Pashto,/d͡ʒɑm/
Pashto,/almɑˈnai/
Pashto,/ka.ˈwəl/
Pashto,/peˈrəl/
Pashto,/xwɑɡə/
Pashto,/aˈmel/
Pashto,/darkaˈwəl/
Pashto,/preˈkɻa/
Pashto,/t̪əˈɻəl/
Pashto,/d̪ɑl/
Pashto,/spoɡˈməi/
Pashto,/məlɡəre/
Pashto,/mjɑʃt̪/
Pashto,/fɑʔiliˈja je/
Pashto,/d͡zəl/
Pashto,/obə/
Pashto,/ar.zəçt̪/
Pashto,/pa.maˈn.kaɪ/
Pashto,/i/
Pashto,/ʃkɑˈra/
Pashto,/ˈawrəm/
Pashto,/ʃərˈməç/
Pashto,/lobeˈdəl/
Pashto,/ʂkənd͡zəl/
Pashto,/ba.ɣa.raɪ/
Pashto,/xwlə/
Pashto,/t͡sok/
Pashto,[paʈ.keɪ]
Pashto,/d̪ɑ/
Pashto,/st̪ɑ/
Pashto,/oɡa/
Pashto,/war.ʃoˈ/
Pashto,/plo.rəl/
Pashto,/bɑˈləxt/
Pashto,/xiˈrən/
Pashto,/karkara/
Pashto,/ɡəhid͡z/
Pashto,/spin ʐirai/
Pashto,/bən/
Pashto,/dwɑd/
Pashto,/t̪ut̪/
Pashto,/m/
Pashto,/t͡salwur/
Pashto,/pɑrˈsiˈwɑn/
Pashto,/ke/
Pashto,/t̪uˈt̪i/
Pashto,/wadɑnaˈwəl/
Pashto,/f/
Pashto,/ˈhat͡s.ka/
Pashto,/t͡ʃerta/
Pashto,/ʈ/
Pashto,/ʂəˈd͡za/
Pashto,/t͡sɑ.ruˈn.kaɪɪ/
Pashto,/t͡soˈnoʈ/
Pashto,/ˈlutslapaɻ/
Pashto,/munz/
Pashto,/d̪ə
Pashto,/kor/
Pashto,/boxt̪/
Pashto,/waˈzəl/
Pashto,/lo.ɽəˈl/
Pashto,/ʂkɑr/
Pashto,/ˈdwolas/
Pashto,/raˈhəm/
Pashto,/ʒwand̪inaka/
Pashto,/ɣun.ɖɑ.rai/
Pashto,/ˈwɑu̯ra/
Pashto,/ˈdzəka tʃe/
Pashto,/niɡˈde/
Pashto,/əlˈək/
Pashto,/ʈuˈkər/
Pashto,/be/
Pashto,/ˈwoɺ̢kai/
Pashto,/ˈdɑse/
Pashto,/paɻˈsob/
Pashto,/qɪsa/
Pashto,/xor/
Pashto,/pɑr.sa/
Pashto,/ɖɑ.ˈku/
Pashto,[ˈwrudza]
Pashto,/ɣɺ̢um.bəl/
Pashto,/sarex/
Pashto,/ˈpunda/
Pashto,/ləmˈsəˈwəl/
Pashto,/naˈbi/
Pashto,/ɣaʈ/
Pashto,/lwəst̪/
Pashto,/ɣa.mai/
Pashto,/ˈpsə/
Pashto,/pa.kɑn/
Pashto,/bjɑ/
Pashto,/mʊr.ɣa/
Pashto,/niʒˈde/
Pashto,/prɑŋs/
Pashto,/spəŋd͡ʒ/
Pashto,/t̪er.wa.t̪əˈ.na/
Pashto,/bəˈɳəˈhɑr/
Pashto,/muʐək/
Pashto,/skɑˈlo/
Pashto,/ɑra/
Pashto,/aɣ.zai/
Pashto,/ça/
Pashto,/ɖoˈɖəi/
Pashto,/ɤan.d̪əˈl/
Pashto,/ɣɑʂ/
Pashto,/lund̪/
Pashto,/kɻ/
Pashto,/d͡zi/
Pashto,/s/
Pashto,/wəˈʈa/
Pashto,/dzəm/
Pashto,/pinˈdzə/
Pashto,/ɣwjeɡ/
Pashto,/ʒa.waˈr/
Pashto,/pinˈdzəlas/
Pashto,/çədziˈna/
Pashto,/w/
Pashto,/a.ˈt̪ə/
Pashto,/ex/
Pashto,/wəɡˈəɻˈwɑkˈi/
Pashto,/ˈɣəjəm/
Pashto,/buɳeˈdəl/
Pashto,/ku.naɻ/
Pashto,/leʃa kəwəl/
Pashto,/se/
Pashto,/meˈ.xa/
Pashto,/t̪i.pi/
Pashto,/huxjɑr/
Pashto,/zəm/
Pashto,/nə.mɑz.d̪i.ɡar/
Pashto,/əi/
Pashto,/bi.zoˈ/
Pashto,/njɑ/
Pashto,/bɑˈrom/
Pashto,/mu.ʈak/
Pashto,/wəɻ/
Pashto,/lur/
Pashto,/stor.t͡sak/
Pashto,/nas.wɑ.riˈ/
Pashto,/wex.ˈtə/
Pashto,/ɣa.nəm/
Pashto,/d̪ar.maˈl/
Pashto,/pe/
Pashto,/bəŋɡeˈdəl/
Pashto,/ˈɣumba/
Pashto,/lɑr/
Pashto,/lwaɻ/
Pashto,/as.ʈrɑ.ljɑ/
Pashto,/nun/
Pashto,/aw.re.ˈdəl/
Pashto,/d̪ərˈməlˈpoˈhəˈna/
Pashto,/proˈɻa/
Pashto,/kut͡ʃ.nai/
Pashto,/t̪o.pɑn/
Pashto,/çə/
Pashto,[ɖeːr]
Pashto,/ɪ/
Pashto,/me.t͡ʃəˈn/
Pashto,[ˈʐira]
Pashto,/mor/
Pashto,/bəl/
Pashto,[ɡrɑn]
Pashto,/d͡ʒran.d̪a/
Pashto,/ziɡ/
Pashto,/loˈba/
Pashto,/xkwəˈlai/
Pashto,/wiˈdə/
Pashto,/d͡ʒəŋɡ/
Pashto,/aɣaˈʐəm/
Pashto,[ˈʒira]
Pashto,/bərˈɣəʈ/
Pashto,/ɣɑ.ləˈi/
Pashto,/mər.ɣəˈ/
Pashto,/roɣˈt̪un/
Pashto,/d͡ʒɑ.ru kəʂ/
Pashto,/a.ɡaˈl/
Pashto,/d̪eɡ/
Pashto,/boɣ/
Pashto,/t͡ʃoˈpəɻ/
Pashto,/meʃkoɻ/
Pashto,/dar/
Pashto,/munˈd̪əl/
Pashto,/poxt̪əna/
Pashto,/uˈwəlas/
Pashto,/peˈɻəi/
Pashto,/ɣa.laˈt̪/
Pashto,/aŋɡ.ur/
Pashto,/t͡ʃɑ kəra d͡ze/
Pashto,/ˈɡɑ.ɖaɪ/
Pashto,/ɣwaˈ.xa/
Pashto,/bədˈməxai/
Pashto,/kçe/
Pashto,/ʃwəl/
Pashto,/ʃa/
Pashto,/ku.mai/
Pashto,/a.t̪jɑ/
Pashto,/ma.noˈ/
Pashto,/d͡ʒɪʐɡaɪ/
Pashto,/b/
Pashto,/me.ˈla/
Pashto,/num.laɻ/
Pashto,/pʂa/
Pashto,/lobaˈwəl/
Pashto,/njɑw/
Pashto,/pat̪əxa/
Pashto,/nəʃˈt̪ar/
Pashto,/t͡sɑˈʃ.ka/
Pashto,/poˈɻəi/
Pashto,/her/
Pashto,/ɣlɑ/
Pashto,/maˈzab/
Pashto,/lutsˈputs/
Pashto,/murˈɣa/
Pashto,/poh/
Pashto,/ɡi.ʈəˈi/
Pashto,/tʃe/
Pashto,/t͡sɑˈx.ka/
Pashto,/ʈupɑˈkai/
Pashto,/zə/
Pashto,/ˈhure/
Pashto,/h/
Pashto,/ɑo/
Pashto,/ʃi.ɡaˈra/
Pashto,/dʒaɡɺ˞aˈwəl/
Pashto,/laˈ.pa/
Pashto,/xɑjsta/
Pashto,/fe/
Pashto,/ɡu.d̪ar/
Pashto,/tɑw/
Pashto,/p/
Pashto,/ha.ˈɣə/
Pashto,/poʂt̪əna/
Pashto,/dwa/
Pashto,/no/
Pashto,/d̪ə həɣe/
Pashto,/t͡sɑr.waˈɪ/
Pashto,/xəɻ/
Pashto,/milˈjun/
Pashto,/ʂkwəˈlai/
Pashto,/ʃaˈɣɑl/
Pashto,/ɣwəŋɖ/
Pashto,/te/
Pashto,/ˈʈəkai/
Pashto,/xəpəsa/
Pashto,/dʒaŋɡaˈwəl/
Pashto,/pil/
Pashto,/ɣord͡zaˈwəl/
Pashto,/ʈaˈbar/
Pashto,/ɣa.pa.wəl/
Pashto,/bɑˈrɑn/
Pashto,/sɑˈpaʈ/
Pashto,/d̪ʊrwɑɣ/
Pashto,/a.ɽa.ˈwəl/
Pashto,/ɣəˈ.ɽaɪ/
Pashto,/ɡər.d͡ze.d̪əˈl/
Pashto,/wijuna/
Pashto,/pat̪aŋɡ/
Pashto,/badˈlɑrai/
Pashto,/paʈ.kai/
Pashto,/nimˈbu/
Pashto,/xəˈpa/
Pashto,/as.ki.mo/
Pashto,/t͡ʃeri/
Pashto,/ɡɑf/
Pashto,/waˈla/
Pashto,/ɑsu/
Pashto,/lmaˈsai/
Pashto,/ʃ/
Pashto,/ɖ/
Pashto,/bax.xə.na/
Pashto,/aɺ̢x/
Pashto,/rɑ.ˈt̪ləl/
Pashto,/naˈwi/
Pashto,/ləʐ/
Pashto,/mɑˈxɑm/
Pashto,/u.mɑ.mi/
Pashto,/poˈhɑnd/
Pashto,/spoʐˈməi/
Pashto,/ʃʊːrʊː/
Pashto,/ɪŋɡ.lɪs.t̪ɑn/
Pashto,/xin/
Pashto,/buʈ poˈhəna/
Pashto,/ba.ləˈl/
Pashto,/t͡sɑˈʂ.ka/
Pashto,/sareʃ/
Pashto,/ɣwaɡ/
Pashto,/wəˈjai/
Pashto,/soj/
Pashto,/bəl d͡zəl/
Pashto,/warkaˈwəl/
Pashto,/kɑ.pi.wa.ra/
Pashto,/rɑse/
Pashto,/ˈbɑnde/
Pashto,/pɑkɪst̪ɑn/
Pashto,/leˈɡəl/
Pashto,/loeˈd̪id͡z/
Pashto,/heˈləi/
Pashto,/lmund͡z/
Pashto,/ax/
Pashto,/waˈɺ̢ukai/
Pashto,/qɑf/
Pashto,/lmər t̪ənˈd̪ər/
Pashto,/d͡ze/
Pashto,/bakɑɳa/
Pashto,/ˈwinəm/
Pashto,/xoˈwunˈke/
Pashto,/uʝa/
Pashto,/ˈzɑm.ba/
Pashto,/ɡroh/
Pashto,/ɡwəl/
Pashto,/britɑniˈjɑ/
Pashto,/leˈwəˈnəi/
Pashto,/d͡ʒe/
Pashto,/zəˈmunɡ/
Pashto,/kɑt͡ʃoɣa/
Pashto,/zoɪ/
Pashto,/ʂɑˈɣəˈlai/
Pashto,/ɣbarɡɑwai/
Pashto,/a.ri/
Pashto,[peʒanˈd̪əl]
Pashto,/t͡səŋɡˈəl/
Pashto,/an.d͡zor.ɡar/
Pashto,/kəɻ/
Pashto,/frɑŋs/
Pashto,/ʐe/
Pashto,/bɑi.ˈləl/
Pashto,/ɣar/
Pashto,/wəʐai/
Pashto,/tsalˈweʂt/
Pashto,/band͡ʒ/
Pashto,/pinˈzə/
Pashto,/aɣ.ɡəl/
Pashto,/ˈnəwai kɑl/
Pashto,/ʒwənd̪/
Pashto,/amrikɑˈjaɪ/
Pashto,/ʃum.le/
Pashto,/ˈɣwaʝ niˈwəl/
Pashto,/sxaɪ/
Pashto,/kʃe/
Pashto,/mɑˈɳəi/
Pashto,[ɖaˈbara]
Pashto,/ʂo.ˈwun.kaɪ/
Pashto,/bax.ʂə.na/
Pashto,/and̪/
Pashto,/ˈwəna/
Pashto,/ˈɖaɡa/
Pashto,[ˈɡira]
Pashto,/aˈnɑ/
Pashto,/paç.t̪un/
Pashto,/kxe/
Pashto,/hədəp/
Pashto,/t͡sɑrwai/
Pashto,/or.ɡɑ.ɖaɪ/
Pashto,/ɣwa.ɺ̢i/
Pashto,/mɑˈmɑ/
Pashto,/d̪re.ˈd̪əl/
Pashto,/tʃ/
Pashto,/ˈd̪əle/
Pashto,/ˈnəwai/
Pashto,/t̪or/
Pashto,/d̪wa ˈʒəbai/
Pashto,/səˈ.ɡaɪ/
Pashto,/ˈʒəba/
Pashto,/xu.dɑj/
Pashto,/ɡɑm/
Pashto,/ˈd̪umra/
Pashto,/ar.zəʂt̪/
Pashto,/ʃəl/
Pashto,/poˈheˈdəl/
Pashto,/bulɣɑrja/
Pashto,/ked̪e shi/
Pashto,/st̪ə.ɽaɪ ka.ˈwəl/
Pashto,/ɖɑl/
Pashto,/sreʃ/
Pashto,/somɑljɑ/
Pashto,/mɑlɪk/
Pashto,/nas/
Pashto,/ˈʒəmaɪ/
Pashto,/pax.t̪un/
Pashto,/qɪsˈsa/
Pashto,/spək/
Pashto,/adəp/
Pashto,/waˈjaŋɡ/
Pashto,/z/
Pashto,/ba/
Pashto,/jɑːd/
Pashto,/bjel/
Pashto,/ɣa.ˈpəl/
Pashto,/zəˈna/
Pashto,/alepˈməd̪ˈɑ/
Pashto,/dzɑn/
Pashto,/beˈɽəi/
Pashto,/a.ɣos.ˈtəl/
Pashto,/wɑˈwra/
Pashto,/st̪ərɡe pə lɑr kəwəl/
Pashto,/xkɑr/
Pashto,/wiʃˈtəl/
Pashto,/muʝ/
Pashto,/ax.t̪a/
Pashto,/ɣa.pɑ/
Pashto,/poˈheʐi/
Pashto,/marˈɣa/
Pashto,/ɣorˈd͡zaŋɡ/
Pashto,/ɡwə.lɑ.biˈ/
Pashto,/baɳ/
Pashto,/t̪erə/
Pashto,/xkɑˈra/
Pashto,/xoʐ/
Pashto,/kʂe/
Pashto,/suˈmər/
Pashto,/wɑʈ/
Pashto,/rɑwaˈləm/
Pashto,/paˈnir/
Pashto,/ˈsima/
Pashto,/ʒwa.na.ka/
Pashto,/pa.ɡə.ˈɻəi/
Pashto,/wəˈʈa jiz/
Pashto,/bʊrd͡ʒəi/
Pashto,/t͡ʃeː.ˈtər/
Pashto,/d͡ʒeːʈ/
Pashto,/ʃom.le/
Pashto,[har]
Pashto,/soɻ/
Pashto,/d̪waim d͡zəl/
Pashto,/spak/
Pashto,/ɑ/
Pashto,/eŋɡ.lɪs.t̪ɑn/
Pashto,/prot̪/
Pashto,/rebəd͡ʒ/
Pashto,/ʃədziˈna je/
Pashto,/pʊxˈt̪o/
Pashto,/waʐa/
Pashto,/ˈɡorəm/
Pashto,/waˈʒəl/
Pashto,/nəˈɽəi/
Pashto,/las/
Pashto,/bad.le.ˈdəl/
Pashto,/wáʐa/
Pashto,/swɑd/
Pashto,/t͡sa.peˈ.ɽa/
Pashto,/fɪrˈd̪aws/
Pashto,/bɑraˈwəl/
Pashto,/ɣjeʒ/
Pashto,/ar.zəxt̪/
Pashto,/spɑrˈlai/
Pashto,/ʃpaɡ/
Pashto,/t͡sapˈləi/
Pashto,/d͡zwɑk/
