Sakizaya,/a.ˈjam/
Sakizaya,[la.ˈmal]
Sakizaya,[bu.ˈhaŋ]
Sakizaya,[uŋ.ˈɕiŋ]
Sakizaya,[a.ku.ˈbu]
Sakizaya,/si.lu.ˈmaŋ/
Sakizaya,[daʡ.ˈdat͡s]
Sakizaya,/ŋa.ˈzuj/
Sakizaya,/a.a.ˈjad/
Sakizaya,[pa.də.ku.ˈwan]
Sakizaya,/pi.ˈlas/
Sakizaya,/bi.da.di.ˈki/
Sakizaya,[su.ˈpaʡ]
Sakizaya,/də.ŋə.li.ˈaj/
Sakizaya,[təŋ]
Sakizaya,/ti.ˈmul/
Sakizaya,/ə.ˈlun/
Sakizaya,[ta.la.wa.ˈdaw]
Sakizaya,/t͡si.ni.ˈza/
Sakizaya,/zi.ˈlu/
Sakizaya,[ŋa.ˈlah]
Sakizaya,[sa.di.ˈkət͡s]
Sakizaya,/t͡sa.ˈt͡saj/
Sakizaya,/baj.ˈbaj/
Sakizaya,[wa.ˈt͡sah]
Sakizaya,[t͡s(ə).ˈt͡saj]
Sakizaya,[la.ˈhud]
Sakizaya,/ka.ˈnas/
Sakizaya,[ki.ˈta]
Sakizaya,[ɕi.ˈpud]
Sakizaya,[ŋu.ˈt͡ɕih]
Sakizaya,[ba.di.su.ˈsoʡ]
Sakizaya,[su.ˈkun]
Sakizaya,/li.saj.ˈdan/
Sakizaya,/bu.ˈwaʡ/
Sakizaya,/t͡su.ja.ˈt͡suj/
Sakizaya,/na.ˈsu/
Sakizaya,/su.ˈkun/
Sakizaya,/sa.ˈbak/
Sakizaya,[sa.ka.ˈləs]
Sakizaya,[k(ə).ˈbiŋ]
Sakizaya,[ta.mu.wa.ˈnan]
Sakizaya,[t͡sa.ˈbəŋ]
Sakizaya,/ba.lu.ˈhaj/
Sakizaya,/lu.ˈuh/
Sakizaya,[li.ˈma]
Sakizaya,[u.ˈŋaj]
Sakizaya,/hə.ˈkal/
Sakizaya,[wa.da.ˈjan]
Sakizaya,/na.ˈsa/
Sakizaya,[a.pa.ˈlu]
Sakizaya,/ta.ta.ˈmus/
Sakizaya,/t͡su.ˈlən/
Sakizaya,/ku.li.ˈjaʡ/
Sakizaya,[ə.ˈnal]
Sakizaya,/lə.ˈduŋ/
Sakizaya,/pil.ˈdat͡s/
Sakizaya,/a.li.ˈlaj/
Sakizaya,[u.ˈtaj]
Sakizaya,/ə.ˈpah/
Sakizaya,[da.ˈŋah]
Sakizaya,/sə.ˈdəŋ/
Sakizaya,/ma.mi.ˈdaŋ/
Sakizaya,/ti.ɡa.ˈmi/
Sakizaya,/ka.kə.ˈləŋ/
Sakizaya,[ɕi.ta.ˈŋah]
Sakizaya,/ti.ˈli/
Sakizaya,[ŋa.ˈŋan]
Sakizaya,/siŋ.ˈsi/
Sakizaya,[na.ˈnuj]
Sakizaya,[la.la.ˈŋaw]
Sakizaya,[ɕi.ˈnaj]
Sakizaya,/ki.la.ki.la.ˈŋan/
Sakizaya,[u.ˈwak]
Sakizaya,/u.ˈpin/
Sakizaya,/a.di.ˈjut͡s/
Sakizaya,[pa.ˈnaj]
Sakizaya,/a.ja.ˈan/
Sakizaya,[ka.ku.ˈlut]
Sakizaya,/ka.t͡su.mu.ˈli/
Sakizaya,[na.ˈbi]
Sakizaya,/pah.ˈku/
Sakizaya,[bi.ˈlu]
Sakizaya,[b(ə).ˈlaw]
Sakizaya,/si.ˈzi/
Sakizaya,/pa.də.ku.ˈwan/
Sakizaya,/ta.la.bi.ˈnan/
Sakizaya,[li.t͡sa.ˈəs]
Sakizaya,[ja.ˈan]
Sakizaya,/la.ˈmal/
Sakizaya,[ka.da.ˈbu]
Sakizaya,[ŋa.ˈsaw]
Sakizaya,/ta.ba.ˈku/
Sakizaya,/taj.ˈliŋ/
Sakizaya,/zaj.ˈhan/
Sakizaya,[zaj.ˈhan]
Sakizaya,[pu.ˈdoh]
Sakizaya,/sa.ˈpul/
Sakizaya,/da.di.ˈpis/
Sakizaya,/ba.di.su.ˈsuʡ/
Sakizaya,[huŋ.ˈti]
Sakizaya,/za.ˈkəs/
Sakizaya,[t(ə).ˈbus]
Sakizaya,/wi.ˈdi/
Sakizaya,/sa.ˈŋaw/
Sakizaya,/t͡si.lu.t͡si.ˈluk/
Sakizaya,[i.ˈt͡səp]
Sakizaya,/ka.hə.ˈmid/
Sakizaya,/hə.ˈt͡si/
Sakizaya,[t͡su.ˈt͡su]
Sakizaya,/saj.ˈdan/
Sakizaya,[ka.ˈput]
Sakizaya,/bo.ˈŋa/
Sakizaya,/sa.pa.tu.ˈdud/
Sakizaya,/tu.ˈpəl/
Sakizaya,[pwa.ˈkiʡ]
Sakizaya,[ta.ˈdah]
Sakizaya,[wa.ˈwa]
Sakizaya,[ə.ˈbuj]
Sakizaya,/na.ˈsi/
Sakizaya,[t͡sa.la.ˈpəd]
Sakizaya,[t͡ɕi.də.ˈkaj]
Sakizaya,/ha.ˈta/
Sakizaya,[sa.ki.maw.ˈmaw]
Sakizaya,[bok.ˈsu]
Sakizaya,[su.ˈsəj]
Sakizaya,[ka.ˈsuj]
Sakizaya,[di.ˈbu]
Sakizaya,[ja.ˈsuj]
Sakizaya,[ʑi.ˈtin]
Sakizaya,[ŋa.ˈzuj]
Sakizaya,/la.ˈhud/
Sakizaya,/tu.ˈiŋ/
Sakizaya,/ta.la.wa.ˈdaw/
Sakizaya,/sə.ˈpi/
Sakizaya,/sa.ˈjan/
Sakizaya,/hə.ˈt͡sək/
Sakizaya,[mi.ki.d(ə).ˈmaj]
Sakizaya,/wa.ˈma/
Sakizaya,/ba.bəl.ˈbəl/
Sakizaya,[hu.ˈiŋ]
Sakizaya,/huŋ.ˈti/
Sakizaya,/a.su.ˈlu/
Sakizaya,[pa.da.i.ˈt͡saw]
Sakizaya,[nəm.ˈnəm]
Sakizaya,[saw.ˈmah]
Sakizaya,/t͡si.ˈlal/
Sakizaya,/ba.ˈli/
Sakizaya,/hu.ˈmun/
Sakizaya,/ta.pu.ˈku/
Sakizaya,[a.ˈpi]
Sakizaya,[ə.ˈtip]
Sakizaya,[bi.ˈwa]
Sakizaya,[ta.ku.ˈlaw]
Sakizaya,/li.ˈpun/
Sakizaya,/a.li.sa.ˈlap/
Sakizaya,/sa.ba.ˈna/
Sakizaya,[bu.ˈlad]
Sakizaya,[h(ə).ˈmaj]
Sakizaya,/t͡saŋ.ˈlah/
Sakizaya,[t͡su.ja.ˈt͡suj]
Sakizaya,[ba.ˈi]
Sakizaya,/la.ˈtak/
Sakizaya,[di.ˈŋət]
Sakizaya,/ka.ˈju/
Sakizaya,[u.ŋa.ˈŋil]
Sakizaya,/ə.ˈdil/
Sakizaya,/puŋ.ˈkaŋ/
Sakizaya,[koh.ˈkoh]
Sakizaya,/la.ˈnam/
Sakizaya,[ta.mi.ˈja]
Sakizaya,[ka.la.ˈsaj]
Sakizaya,[taw.ˈhu]
Sakizaya,/kaj.ˈku/
Sakizaya,[ba.ba.la.ˈŋad]
Sakizaya,/ha.ˈbaj/
Sakizaya,/ha.mu.ni.ˈka/
Sakizaya,/ku.ˈtu/
Sakizaya,[tu.mu.ˈnaw]
Sakizaya,/u.ˈlib/
Sakizaya,[su.lə.ˈda]
Sakizaya,[hiw]
Sakizaya,/sa.ˈit/
Sakizaya,[ka.ku.ˈnas]
Sakizaya,[tu.ˈdoh]
Sakizaya,/la.ˈŋat/
Sakizaya,/diŋ.ˈki/
Sakizaya,/la.ˈjuŋ/
Sakizaya,[ba.ˈto]
Sakizaya,[wa.ˈt͡su]
Sakizaya,[u.ˈdad]
Sakizaya,/t͡sə.ˈt͡saj/
Sakizaya,[ku.li.ˈjaʡ]
Sakizaya,[ba.t͡sa.i.ˈnul]
Sakizaya,/ta.mi.ˈja/
Sakizaya,/ka.ˈka/
Sakizaya,/la.la.ˈŋaw/
Sakizaya,/su.ba.ˈju/
Sakizaya,/u.zi.ˈpaj/
Sakizaya,[bi.t͡sa.ˈt͡saj]
Sakizaya,[ba.bu.la.ˈwan]
Sakizaya,/su.ˈpaʡ/
Sakizaya,/ba.li.ˈjus/
Sakizaya,[i.ˈdut͡s]
Sakizaya,/bi.da.ˈul/
Sakizaya,[ki.la.ki.la.ˈŋan]
Sakizaya,/bi.ˈlu/
Sakizaya,[ba.ˈki]
Sakizaya,[saŋ.ˈla]
Sakizaya,/mi.t͡su.da.ˈdaj/
Sakizaya,[haŋ.ka.ˈt͡ɕi]
Sakizaya,/ba.bu.la.ˈwan/
Sakizaya,[ta.ta.ˈmus]
Sakizaya,/pa.da.i.ˈt͡saw/
Sakizaya,/t͡si.ˈluʡ/
Sakizaya,/sa.pa.i.ˈju/
Sakizaya,/ta.mi.ˈku/
Sakizaya,/ka.ˈmu/
Sakizaya,/t͡si.ja.ˈtaw/
Sakizaya,/kə.ˈliw/
Sakizaya,[ta.ˈkal]
Sakizaya,/ɡa.ˈt͡siw/
Sakizaya,/taj.ˈmu/
Sakizaya,/u.ˈŋaj/
Sakizaya,/ba.ba.u.ˈŋən/
Sakizaya,[ta.ma.ˈna]
Sakizaya,[su.ɕi.ˈʑiw]
Sakizaya,[a.ti.ˈkak]
Sakizaya,/ba.du.ˈwat͡s/
Sakizaya,/ka.ka.ˈwit/
Sakizaya,[ka.ka.ˈna]
Sakizaya,/na.ˈmuh/
Sakizaya,[wa.ˈlaj]
Sakizaya,[ŋa.ˈŋaj]
Sakizaya,[sa.bu.ˈlit͡s]
Sakizaya,/t͡sa.ˈkət/
Sakizaya,[sa.ˈbaw t͡sa.ˈt͡saj]
Sakizaya,[a.ˈtip]
Sakizaya,[i.ˈli]
Sakizaya,/si.ˈt͡sja/
Sakizaya,/pu.ˈlun/
Sakizaya,/t͡sə.ˈbu/
Sakizaya,/ka.ka.ˈtu/
Sakizaya,[ə.ˈnip]
Sakizaya,/taŋ.ˈkuj/
Sakizaya,/wa.ˈli/
Sakizaya,/ta.ki.ˈniʡ/
Sakizaya,[ŋi.ˈpən]
Sakizaya,/ta.ˈku/
Sakizaya,[t͡sa.t͡su.da.ˈdən]
Sakizaya,/ta.mu.ˈlak/
Sakizaya,[ta.də.ˈmaw]
Sakizaya,[ba.da.ˈhuŋ]
Sakizaya,/ə.ˈtip/
Sakizaya,/ə.ˈmu/
Sakizaya,/daʡ.ˈdat͡s/
Sakizaya,/t͡sa.ˈbəŋ/
Sakizaya,[la.ˈku]
Sakizaya,/la.lə.ŋa.ˈwan/
Sakizaya,[hu.ˈdut͡s]
Sakizaya,/lə.ˈŋos/
Sakizaya,/mih.t͡sa.ˈan/
Sakizaya,/pu.ˈki/
Sakizaya,[taw.ˈki]
Sakizaya,/pa.ˈbuj/
Sakizaya,[h(ə).ˈluŋ]
Sakizaya,[ni.ˈnaʡ]
Sakizaya,/ku.ˈmud/
Sakizaya,/ŋi.ˈpən/
Sakizaya,[sa.ba.ˈma]
Sakizaya,/t͡su.ˈdad/
Sakizaya,[t͡sa.ˈkət]
Sakizaya,[sa.wa.ˈdaʡ]
Sakizaya,[ti.ˈli]
Sakizaya,[na.ˈkaw]
Sakizaya,/hiw/
Sakizaya,[tu.ˈpəl]
Sakizaya,[ɡa.ˈpa]
Sakizaya,/hu.ˈsiŋ/
Sakizaya,[a.a.ˈjad]
Sakizaya,[hi.ku.ˈki]
Sakizaya,/t͡si.ˈkah/
Sakizaya,/ta.ˈnaŋ/
Sakizaya,/a.di.ˈŋu/
Sakizaya,[no.ˈwa]
Sakizaya,[i.ˈŋwə]
Sakizaya,[ta.mi.ˈku]
Sakizaya,[tu.ˈŋaw]
Sakizaya,/ku.ˈt͡sja/
Sakizaya,/bi.ˈli/
Sakizaya,[a.ˈmu]
Sakizaya,[u.ˈlat]
Sakizaya,[ka.ma.ˈt͡sal]
Sakizaya,/la.ˈjiŋ/
Sakizaya,[aj.ˈluŋ]
Sakizaya,[ti.ˈmu]
Sakizaya,[mu.ˈli]
Sakizaya,[su.ˈbal]
Sakizaya,[tiʡ.ˈkok]
Sakizaya,[ka.la.pi.ˈjat]
Sakizaya,/pa.ka.ma.ˈlan/
Sakizaya,/sa.di.ˈkət͡s/
Sakizaya,[baʡ.ˈtu]
Sakizaya,/aj.ˈza/
Sakizaya,[pu.ˈt͡soʡ]
Sakizaya,/tin.ˈnaw/
Sakizaya,/a.ti.mə.ˈla/
Sakizaya,[ka.ˈnas]
Sakizaya,/ə.ˈnal/
Sakizaya,[ha.hu.ˈja]
Sakizaya,[la.ˈt͡su]
Sakizaya,/tin.ˈku/
Sakizaya,[sa.pi.su.ˈlit]
Sakizaya,[aj.ˈza]
Sakizaya,[t͡su.mu.ˈli]
Sakizaya,[u.ˈmah]
Sakizaya,[t͡ɕi.ja.ˈtaw]
Sakizaya,/za.ˈis/
Sakizaya,/ə.ˈbuj/
Sakizaya,[ta.pu.ˈku]
Sakizaya,/huŋ.li.ˈtən/
Sakizaya,/puj/
Sakizaya,/li.ˈma/
Sakizaya,/a.kə.ˈnək/
Sakizaya,[ə.ˈmu]
Sakizaya,/ba.ˈŋəs/
Sakizaya,/ka.ka.ˈna/
Sakizaya,/ta.ŋa.ˈlaw/
Sakizaya,/tiŋ.ˈnaw/
Sakizaya,/ti.ku.ˈlat͡s/
Sakizaya,/ba.ˈto/
Sakizaya,[ka.la.ə.ˈpa]
Sakizaya,/i.mə.ˈlaŋ/
Sakizaya,/na.na.nu.ˈmən/
Sakizaya,[wa.ˈma]
Sakizaya,[l(ə).ˈŋos]
Sakizaya,[la.su.ˈbu]
Sakizaya,/tu.ˈda/
Sakizaya,[t͡soʡ.ˈt͡soʡ]
Sakizaya,[ma.ka.tu.ˈdoh]
Sakizaya,[sa.u.ˈwat͡s]
Sakizaya,/t͡su.ˈt͡su/
Sakizaya,[t͡sa.ˈnan]
Sakizaya,/la.lə.ˈŋat͡s/
Sakizaya,[saj.ˈdan]
Sakizaya,/wa.ˈnan/
Sakizaya,[pu.ˈdaʡ]
Sakizaya,[wa.ˈtan]
Sakizaya,[tu.ˈsa]
Sakizaya,[u.ˈkuŋ]
Sakizaya,/t͡sa.t͡su.da.ˈdən/
Sakizaya,[a.mu.hu.ˈwan]
Sakizaya,/si.ˈpud/
Sakizaya,/ŋu.ˈhəd/
Sakizaya,[sa.də.d(ə).ˈmət͡s]
Sakizaya,/u.lə.ˈsap/
Sakizaya,[h(ə).ˈt͡sək]
Sakizaya,/ə.ˈnəm/
Sakizaya,[la.ˈt͡ɕik]
Sakizaya,/sa.ˈjum/
Sakizaya,[pi.ˈlas]
Sakizaya,/ta.tə.ˈkuh/
Sakizaya,/ta.kə.ˈnip/
Sakizaya,[pa.tu.la.ku.ˈkan]
Sakizaya,/hu.ˈlam/
Sakizaya,/wa.wə.ˈlwə/
Sakizaya,/ji.ˈza/
Sakizaya,[ə.ˈsus]
Sakizaya,/pa.ˈzik/
Sakizaya,/ti.li.ˈbi/
Sakizaya,/sa.tə.ˈbut͡s/
Sakizaya,[ma.wi.ˈli]
Sakizaya,/sa.sa.ˈit/
Sakizaya,/tan.ˈt͡sun/
Sakizaya,/pa.də.ku.ˈwaj/
Sakizaya,/kə.ˈnaw/
Sakizaya,/ma.ˈli/
Sakizaya,[t͡ɕi.ˈku]
Sakizaya,[za.ˈzan]
Sakizaya,[ka.ˈla]
Sakizaya,[pa.ˈzaʡ]
Sakizaya,/da.ˈwa/
Sakizaya,/si.ˈku/
Sakizaya,[taj.ˈliŋ]
Sakizaya,/a.di.pə.ˈnut͡s/
Sakizaya,/tu.ˈju/
Sakizaya,[pu.wa.ˈkih]
Sakizaya,[bu.ˈnak]
Sakizaya,[taŋ.ˈkuj]
Sakizaya,[ka.hə.ˈmid]
Sakizaya,[kuj.ˈza]
Sakizaya,[pa.ti.ja.ˈman]
Sakizaya,[pu.ˈki]
Sakizaya,[sa.wa.ˈlak]
Sakizaya,/wa.ˈtan/
Sakizaya,/sa.t͡suk.ˈt͡suk/
Sakizaya,/sə.ˈma/
Sakizaya,/ka.ma.ˈt͡sal/
Sakizaya,/pa.tu.la.ku.ˈkan/
Sakizaya,/u.ˈŋus/
Sakizaya,[ta.ˈkas]
Sakizaya,/ba.ba.la.ˈŋad/
Sakizaya,/t͡si.ˈhək/
Sakizaya,/mu.ˈli/
Sakizaya,[ka.ta.la.ˈlan]
Sakizaya,/a.ˈtip/
Sakizaya,[ta.ˈku]
Sakizaya,[ti.li.ˈbi]
Sakizaya,[sa.ˈjum]
Sakizaya,[t͡s(ə).ˈpiʡ]
Sakizaya,/ka.ba.ˈju/
Sakizaya,/a.ˈpi/
Sakizaya,/ja.ˈsuj/
Sakizaya,/wa.ˈnəŋ/
Sakizaya,[t͡ɕi.ˈjak]
Sakizaya,/a.ˈmu/
Sakizaya,[t͡su.ˈkəd]
Sakizaya,[ta.ˈlu]
Sakizaya,[a.ˈbu]
Sakizaya,/su.ˈmi/
Sakizaya,/ŋa.ˈlah/
Sakizaya,[ki.ˈkul]
Sakizaya,[ɕi.ˈlaw]
Sakizaya,/pu.ˈna/
Sakizaya,[paj.ˈsoʡ]
Sakizaya,/ta.tə.lə.ˈt͡san/
Sakizaya,[s(ə).ˈma]
Sakizaya,[la.ˈhok]
Sakizaya,[h(ə).ˈkal]
Sakizaya,/bu.ˈut/
Sakizaya,/ti.ŋa.ŋi.ˈlit͡s/
Sakizaya,[sa.a.ˈt͡ɕin]
Sakizaya,[ka.ˈku]
Sakizaya,/pa.ˈlaw/
Sakizaya,/bih.ˈkat͡s/
Sakizaya,[wi.ˈna]
Sakizaya,/ta.taj.ˈna/
Sakizaya,/a.ti.ˈkak/
Sakizaya,/a.ˈt͡sa/
Sakizaya,[sa.ˈnək]
Sakizaya,[la.ˈtak]
Sakizaya,/la.la.ˈt͡san/
Sakizaya,/pə.ˈlat͡s/
Sakizaya,[ŋa.ˈtu]
Sakizaya,/bə.ˈlaw/
Sakizaya,/kub.ˈkub/
Sakizaya,/la.ˈt͡su/
Sakizaya,[ka.ba.ˈju]
Sakizaya,/si.ta.ˈŋah/
Sakizaya,/pin.si.ˈjaŋ/
Sakizaya,/a.i.ˈlut͡s/
Sakizaya,/t͡suʡ.ˈt͡suʡ/
Sakizaya,[a.su.ˈlu]
Sakizaya,[aj.ku.ˈlim]
Sakizaya,[bi.ˈhun]
Sakizaya,/saŋ.ˈla/
Sakizaya,/da.ˈbək/
Sakizaya,[bu.ˈnok]
Sakizaya,[ŋa.ˈjaw]
Sakizaya,[u.ˈlib]
Sakizaya,[ha.ˈt͡sul]
Sakizaya,[ba.ˈsu]
Sakizaya,[li.ˈbuŋ]
Sakizaya,[ka.ˈbaŋ]
Sakizaya,[u.ˈʑip]
Sakizaya,/t͡si.də.ˈkaj/
Sakizaya,[ni.ja.ˈzoʡ]
Sakizaya,[l(ə).ˈbuŋ]
Sakizaya,/u.ˈmi/
Sakizaya,[da.ˈmək]
Sakizaya,/baʡ.ˈtu/
Sakizaya,[ta.ki.li.ˈan]
Sakizaya,[ɡiŋ.ˈku]
Sakizaya,/saw.ˈmah/
Sakizaya,[bu.ˈsok]
Sakizaya,/tu.ˈmi/
Sakizaya,/t͡sa.ˈt͡saj a ba.ta.ˈan/
Sakizaya,[li.ˈpun]
Sakizaya,/su.ˈnis/
Sakizaya,/tə.ˈbus/
Sakizaya,[pa.ˈnan]
Sakizaya,/ka.la.ə.ˈpa/
Sakizaya,/ta.ˈsun/
Sakizaya,[miŋ.ˈkaj]
Sakizaya,/bu.la.ˈwan/
Sakizaya,/tu.ˈsuz/
Sakizaya,/la.ˈwal/
Sakizaya,[ha.mu.ni.ˈka]
Sakizaya,/ta.mu.wa.ˈnan/
Sakizaya,[pu.ˈna]
Sakizaya,[pu.ˈnoʡ]
Sakizaya,/kim.ˈbu/
Sakizaya,/no.ˈwa/
Sakizaya,/lə.ˈŋət/
Sakizaya,/ba.t͡sa.i.ˈnul/
Sakizaya,[u.ˈŋus]
Sakizaya,/sa.su.ˈlaʡ/
Sakizaya,/ɡiŋ.ˈku/
Sakizaya,/da.di.pa.ˈnaʡ/
Sakizaya,/sul.ˈda/
Sakizaya,[bu.ˈnat͡s]
Sakizaya,/i.ˈzaŋ/
Sakizaya,[ka.ˈpaʡ]
Sakizaya,[t͡ɕi.ˈjaw]
Sakizaya,[sa.t͡ɕi.wa.ˈli]
Sakizaya,[puŋ.ˈkaŋ]
Sakizaya,[ka.lu.ˈdi]
Sakizaya,[ha.ˈku]
Sakizaya,[sa.ˈit]
Sakizaya,[pa.ˈbuj]
Sakizaya,/sim.ˈpiʡ/
Sakizaya,/ba.lu.ˈhaŋ/
Sakizaya,/sa.wa.ˈlak/
Sakizaya,/bi.t͡sa.ˈt͡saj/
Sakizaya,[sa.su.ˈlaʡ]
Sakizaya,/ka.da.ˈbu/
Sakizaya,[ku.ˈtu]
Sakizaya,/ti.ˈlu/
Sakizaya,/ŋis.ˈŋis/
Sakizaya,[ta.ŋis.ŋi.ˈsaj]
Sakizaya,[bi.ˈli]
Sakizaya,[tan.ˈt͡sun]
Sakizaya,/ka.ku.ˈlut/
Sakizaya,/siw.ˈni/
Sakizaya,[ku.ˈkoʡ]
Sakizaya,/pa.ˈlud/
Sakizaya,/a.ˈmis/
Sakizaya,[ə.ˈdil]
Sakizaya,[ba.ti.ˈkal]
Sakizaya,[kim.ˈbu]
Sakizaya,[ka.kə.ˈləŋ]
Sakizaya,/a.ku.ˈbu/
Sakizaya,/bi.ˈhəl/
Sakizaya,/ɡa.ˈpa/
Sakizaya,/ta.ˈnud/
Sakizaya,[nin.ˈʑin]
Sakizaya,[ŋ(ə).ˈdət]
Sakizaya,[mih.t͡sa.ˈan]
Sakizaya,[a.ˈok]
Sakizaya,/ju.bin.ˈku/
Sakizaya,[a.tim.ˈɕi]
Sakizaya,[sa.bu.ˈut]
Sakizaya,[mi.bu.ti.ˈŋaj]
Sakizaya,[sa.ˈjan]
Sakizaya,/ə.ˈdu/
Sakizaya,/ti.ˈti/
Sakizaya,[uŋ.ˈt͡suŋ]
Sakizaya,/la.ˈjak/
Sakizaya,[la.ˈjiŋ]
Sakizaya,/hə.ˈmaj/
Sakizaya,/t͡sa.ˈnan/
Sakizaya,/la.ˈziw/
Sakizaya,/a.ˈbu/
Sakizaya,/taw.ˈki/
Sakizaya,[la.ˈwad]
Sakizaya,[tu.ˈlu]
Sakizaya,[ma.u.ˈkak]
Sakizaya,[la.ˈnam]
Sakizaya,/ku.ˈlit/
Sakizaya,/bu.t͡sə.ˈkit/
Sakizaya,[mi.saj.ˈdan]
Sakizaya,/paw/
Sakizaya,[da.daj.ˈdaj]
Sakizaya,[hu.ˈɕiŋ]
Sakizaya,/zi.ˈtin/
Sakizaya,/pa.ka.li.si.ˈwan/
Sakizaya,/mu.ˈtu/
Sakizaya,/ba.ni.ˈnih/
Sakizaya,/ta.li.a.ˈwaw/
Sakizaya,[a.di.p(ə).ˈnut͡s]
Sakizaya,[u.ˈlaw]
Sakizaya,/ka.bu.tu.ˈlaj/
Sakizaya,/a.di.ˈpiŋ/
Sakizaya,[ʑi.ˈpun]
Sakizaya,[wa.ˈnan]
Sakizaya,/da.daj.ˈdaj/
Sakizaya,[ba.lu.ˈhaj]
Sakizaya,/tu.ˈtuj/
Sakizaya,[wa.su.ˈlu]
Sakizaya,[naw.ˈnaw]
Sakizaya,/u.ˈbad/
Sakizaya,[tu.ˈmi]
Sakizaya,/ti.lə.ˈbəs/
Sakizaya,[sa.ŋu.ˈtut͡s]
Sakizaya,[ba.lu.ˈhaŋ]
Sakizaya,/ta.ŋi.ˈla/
Sakizaya,/taj.ˈpak/
Sakizaya,[a.ˈt͡sak]
Sakizaya,/tu.ˈŋaw/
Sakizaya,/ta.ŋis.ŋi.ˈsaj/
Sakizaya,/wa.ˈkuŋ/
Sakizaya,/daj.ˈdam/
Sakizaya,[a.ja.ˈan]
Sakizaya,[pah.ˈku]
Sakizaya,[bi.ˈhid]
Sakizaya,[ki.daw.daw.ˈŋaj]
Sakizaya,/haŋ.ka.ˈt͡si/
Sakizaya,/a.mu.hu.ˈwan/
Sakizaya,[u.ˈmi]
Sakizaya,/pa.ˈnaʡ/
Sakizaya,/bə.ˈlat͡s/
Sakizaya,/ha.ka.ˈsi/
Sakizaya,[a.i.ˈlut͡s]
Sakizaya,[ə.ˈlun]
Sakizaya,[la.ˈdəm]
Sakizaya,[ha.ˈbaj]
Sakizaya,/hi.ˈtaj/
Sakizaya,/i.ˈdut͡s/
Sakizaya,/ma.wi.ˈli/
Sakizaya,[da.də.ˈka]
Sakizaya,/ku.ˈkuʡ/
Sakizaya,/ma.ˈjaw/
Sakizaya,[pa.ˈpah]
Sakizaya,/u.ˈlaw/
Sakizaya,[t͡sən.ˈhu]
Sakizaya,[paŋ.ˈt͡ɕiw]
Sakizaya,[ba.ˈlu]
Sakizaya,[bi.tu.ˈka]
Sakizaya,[na.nju.ˈkuj]
Sakizaya,/ŋa.ˈŋan/
Sakizaya,[tin.ˈnaw]
Sakizaya,[u.ˈpin]
Sakizaya,[ɕim.ˈpi]
Sakizaya,[ta.ˈwiw]
Sakizaya,[hi.ˈtaj]
Sakizaya,[ɕi.ˈmal]
Sakizaya,/pa.di.ˈŋad/
Sakizaya,/bil.ˈbil/
Sakizaya,[pa.da.ˈkaw]
Sakizaya,[ba.ni.ˈnih]
Sakizaya,/a.ˈdup/
Sakizaya,/pa.ˈzaʡ/
Sakizaya,/si.ˈmal/
Sakizaya,[a.kə.ˈnək]
Sakizaya,[na.ˈsu]
Sakizaya,/ka.ˈput/
Sakizaya,/na.t͡si.ˈla/
Sakizaya,[ti.ˈwaj]
Sakizaya,[ku.ˈlaŋ]
Sakizaya,[ha.ka.ˈɕi]
Sakizaya,/pwa.ˈkiʡ/
Sakizaya,[b(ə).ˈt͡sul]
Sakizaya,/pu.ˈnuʡ/
Sakizaya,[t͡sa.ˈt͡saj a ba.ta.ˈan]
Sakizaya,[ta.lu.ə.ˈdəp]
Sakizaya,/u.ˈkuŋ/
Sakizaya,/di.ˈhəb/
Sakizaya,[na.pa.wa.wə.ˈlwə]
Sakizaya,[ti.ˈti]
Sakizaya,/la.ˈlaʡ/
Sakizaya,/si.ˈnaj/
Sakizaya,/pu.ˈt͡suʡ/
Sakizaya,/kə.ˈbiŋ/
Sakizaya,/la.ˈlud/
Sakizaya,[ju.ˈbin]
Sakizaya,/ka.li.ˈsiw/
Sakizaya,/sa.ba.ˈma/
Sakizaya,/buk.ˈsu/
Sakizaya,/i.ˈna/
Sakizaya,[ka.ˈju]
Sakizaya,/kə.ˈlaw/
Sakizaya,/ŋa.ˈwa/
Sakizaya,/kə.la.kə.ˈlaʡ/
Sakizaya,/sa.pə.ˈdək/
Sakizaya,[ba.li.ˈjus]
Sakizaya,/li.ˈbuŋ/
Sakizaya,[pu.ˈjal]
Sakizaya,/t͡su.ˈlaj/
Sakizaya,/ti.ˈwaj/
Sakizaya,/bu.ˈnak/
Sakizaya,[ta.ˈnud]
Sakizaya,[t͡s(ə).ˈbu]
Sakizaya,[lu.ˈoh]
Sakizaya,[pin.ɕi.ˈjaŋ]
Sakizaya,[ɕi.ˈjam]
Sakizaya,/a.t͡sa.ˈsa/
Sakizaya,/t͡su.ˈwa/
Sakizaya,/di.ˈbu/
Sakizaya,[la.ˈʑiw]
Sakizaya,[u.ʑi.ˈpaj]
Sakizaya,[t͡ɕi.pa.ˈʡaj]
Sakizaya,[la.ˈlaʡ]
Sakizaya,[d(ə).ˈku]
Sakizaya,[ja.ˈkiw]
Sakizaya,/bu.ˈhaŋ/
Sakizaya,[bu.ˈut]
Sakizaya,/si.ˈjam/
Sakizaya,/ta.ˈdah/
Sakizaya,[wa.ˈdu]
Sakizaya,[paw]
Sakizaya,[ɕi.ˈt͡ɕja]
Sakizaya,/ba.da.ˈhuŋ/
Sakizaya,[za.ˈkəs]
Sakizaya,[h(ə).ˈt͡ɕi]
Sakizaya,[la.ˈjak]
Sakizaya,/tu.ˈkaj/
Sakizaya,/ja.ˈkiw/
Sakizaya,/tiʡ.ˈkuk/
Sakizaya,[i.ˈɕiʡ]
Sakizaya,[tu.ˈki]
Sakizaya,/hə.ˈluŋ/
Sakizaya,[bu.ˈkul]
Sakizaya,[ta.tə.l(ə).ˈt͡san]
Sakizaya,/ta.lu.ə.ˈdəp/
Sakizaya,[ku.ˈlul]
Sakizaya,/na.pa.wa.wə.ˈlwə/
Sakizaya,[la.la.ˈpa]
Sakizaya,/sa.bu.ˈlit͡s/
Sakizaya,[ba.ˈju]
Sakizaya,[a.nu.t͡ɕi.ˈla]
Sakizaya,[ha.ˈta]
Sakizaya,[ku.ni.ˈju]
Sakizaya,/ba.ti.ˈkal/
Sakizaya,[ka.t͡su.mu.ˈli]
Sakizaya,/ku.ˈlaŋ/
Sakizaya,[ta.tə.ˈkoh]
Sakizaya,/mu.ˈdit͡s/
Sakizaya,[baj.ˈbaj]
Sakizaya,[u.ˈwaj]
Sakizaya,/lə.ˈbuŋ/
Sakizaya,/ŋə.ˈdət/
Sakizaya,[pi.ˈtoʡ]
Sakizaya,[a.ˈam]
Sakizaya,/li.ˈbuk/
Sakizaya,/bi.tu.ˈka/
Sakizaya,[pa.t͡su.da.ˈdan]
Sakizaya,[ti.bə.ˈni]
Sakizaya,[sa.ˈŋaw]
Sakizaya,[wi.ˈdi]
Sakizaya,[kuj.ˈni]
Sakizaya,[sa.ba.ˈna]
Sakizaya,/na.nju.ˈkuj/
Sakizaya,/t͡soŋ.ˈkow/
Sakizaya,[hu.ˈlit͡s]
Sakizaya,/tu.ˈbah/
Sakizaya,[su.ˈnis]
Sakizaya,[la.ˈwal]
Sakizaya,/li.ˈəl/
Sakizaya,[la.ˈbaŋ]
Sakizaya,[t͡ɕi.ˈma]
Sakizaya,/pi.ˈjaŋ/
Sakizaya,[da.di.ˈpis]
Sakizaya,[ba.ˈtat͡s]
Sakizaya,[sa.ˈwaj]
Sakizaya,[sa.ˈbak]
Sakizaya,/ŋə.ˈlab/
Sakizaya,/na.ˈnum/
Sakizaya,[pa.də.ku.ˈwaj]
Sakizaya,[ma.ˈjaw]
Sakizaya,[na.ˈsa]
Sakizaya,[ta.ˈŋoʡ]
Sakizaya,[kaj.ˈɕiŋ]
Sakizaya,/ku.ni.ˈju/
Sakizaya,/ka.ˈbaŋ/
Sakizaya,/də.ˈku/
Sakizaya,/wa.ˈwa/
Sakizaya,/bu.ˈsuk/
Sakizaya,[a.ˈtaj]
Sakizaya,[ba.ˈlaʡ]
Sakizaya,[t͡su.ˈwa]
Sakizaya,[a.ˈma]
Sakizaya,/t͡sa.t͡su.da.ˈdan/
Sakizaya,/a.t͡sa.ˈwa/
Sakizaya,/ni.ˈnəl/
Sakizaya,[hu.ˈjun]
Sakizaya,[bi.da.k(ə).ˈluŋ]
Sakizaya,/i.ˈmut͡s/
Sakizaya,[bu.ˈloʡ]
Sakizaya,/i.ˈli/
Sakizaya,[tu.ˈkal]
Sakizaya,/i.ˈsuʡ/
Sakizaya,[l(ə).ˈŋət]
Sakizaya,[pa.ə.ˈnu]
Sakizaya,/t͡sən.ˈhu/
Sakizaya,/na.ˈbi/
Sakizaya,[i.mə.la.ˈŋaj]
Sakizaya,[du.ˈəs]
Sakizaya,[k(ə).ˈlaw]
Sakizaya,[t͡su.ˈlaj]
Sakizaya,[bi.da.di.ˈki]
Sakizaya,[lu.ˈmaʡ]
Sakizaya,/ka.t͡su.ˈdu/
Sakizaya,[a.li.sa.ˈlap]
Sakizaya,/pa.da.ˈkaw/
Sakizaya,/ta.ki.li.ˈan/
Sakizaya,/pu.ˈdaw/
Sakizaya,[ka.kə.li.k(ə).li.ˈʡan]
Sakizaya,/da.də.ˈka/
Sakizaya,/u.ˈmah/
Sakizaya,/ta.ma.ˈna/
Sakizaya,/tu.ˈlu/
Sakizaya,/bə.ˈlək/
Sakizaya,[sa.tə.ˈbut͡s]
Sakizaya,/pu.ˈduh/
Sakizaya,/ha.hu.ˈja/
Sakizaya,/tu.ˈbul/
Sakizaya,[ka.la.ˈbaw]
Sakizaya,/na.ˈnuj/
Sakizaya,[t͡ɕi.ˈloʡ]
Sakizaya,[kiw.ˈmah]
Sakizaya,[wa.ˈnəŋ]
Sakizaya,[ŋu.ˈhəd]
Sakizaya,/ka.ˈsuj/
Sakizaya,[la.ˈbi]
Sakizaya,[ka.bu.tu.ˈlaj]
Sakizaya,[tu.ˈtuj]
Sakizaya,/tu.ˈduh/
Sakizaya,[pu.ˈdaw]
Sakizaya,[pu.ˈlun]
Sakizaya,/ta.tu.ˈzuʡ/
Sakizaya,[li.ˈhab]
Sakizaya,[tu.ˈmaj]
Sakizaya,/ta.ˈna/
Sakizaya,/la.ˈbaŋ/
Sakizaya,[ku.ˈmaw]
Sakizaya,[ba.ˈŋəs]
Sakizaya,[t͡ɕi.ˈkah]
Sakizaya,[tu.ˈju]
Sakizaya,[ta.ˈpad]
Sakizaya,/ba.ˈkan/
Sakizaya,/ka.si.ə.na.ˈwan/
Sakizaya,[ba.du.ˈwat͡s]
Sakizaya,[ba.ˈkan]
Sakizaya,[sa.t͡sə.ˈbaŋ]
Sakizaya,/ka.pi.ˈja/
Sakizaya,[ə.ˈnəm]
Sakizaya,/na.ˈkaw/
Sakizaya,/zi.ˈkut͡s/
Sakizaya,[ə.ˈdu]
Sakizaya,[t͡su.ˈdad]
Sakizaya,[ka.ka.ˈtu]
Sakizaya,/tu.ˈki/
Sakizaya,/bu.ˈlaŋ/
Sakizaya,/a.ˈtaj/
Sakizaya,/sa.na.ˈnal/
Sakizaya,/lə.ˈsiŋ/
Sakizaya,[bu.ˈlaŋ]
Sakizaya,[ba.bə.ˈku]
Sakizaya,/sa.t͡si.wa.ˈli/
Sakizaya,[na.ˈnum]
Sakizaya,/si.ˈlaw/
Sakizaya,/ha.ˈt͡sul/
Sakizaya,[u.lə.ˈsap]
Sakizaya,/kuj.ˈni/
Sakizaya,[di.ˈhəb]
Sakizaya,/pu.ˈdaʡ/
Sakizaya,/wa.ˈlu/
Sakizaya,/t͡siʡ.ˈtuj/
Sakizaya,/i.ˈɡa/
Sakizaya,/mi.ka.t͡sa.ˈwaj/
Sakizaya,[u.ˈbad]
Sakizaya,[ja.ku.ˈba]
Sakizaya,/wi.ki.pi.ti.ˈja/
Sakizaya,/t͡su.ˈkəd/
Sakizaya,[ma.ˈta]
Sakizaya,[ka.ja.ˈbəs]
Sakizaya,[ta.taj.ˈna]
Sakizaya,/u.ˈŋu/
Sakizaya,/ti.bə.ˈni/
Sakizaya,/wa.da.ˈjan/
Sakizaya,[ɕim.ˈpiʡ]
Sakizaya,/ka.li.ˈtaŋ/
Sakizaya,/u.ˈtut͡s/
Sakizaya,[t͡su.ˈlən]
Sakizaya,[la.ˈit]
Sakizaya,[kaj.ˈku]
Sakizaya,/ni.ˈnaʡ/
Sakizaya,[pu.ˈtal]
Sakizaya,/la.ˈmit/
Sakizaya,/uj.ˈni/
Sakizaya,[la.la.ˈt͡san]
Sakizaya,/pa.ti.ja.ˈman/
Sakizaya,[ku.ˈli]
Sakizaya,/la.ˈnuʡ/
Sakizaya,/bi.ˈhun/
Sakizaya,/sin.ˈbu/
Sakizaya,/zi.ˈnum/
Sakizaya,/sa.si.wa.ˈsiw/
Sakizaya,[la.ˈwaj]
Sakizaya,[b(ə).ˈlək]
Sakizaya,/la.ˈit/
Sakizaya,/pa.ˈnaj/
Sakizaya,/sa.tə.ˈlət͡s/
Sakizaya,/sa.ˈwaj/
Sakizaya,/bu.ˈluʡ/
Sakizaya,/ja.ˈan/
Sakizaya,[ɕiŋ.ˈɕi]
Sakizaya,[a.ˈda]
Sakizaya,/tu.ˈmaj/
Sakizaya,/ki.ˈsu/
Sakizaya,/i.ˈsiʡ/
Sakizaya,/zi.ˈpun/
Sakizaya,/paŋ.ˈt͡siw/
Sakizaya,/ta.ˈŋuʡ/
Sakizaya,[tu.ˈiŋ]
Sakizaya,/ba.ˈlaʡ/
Sakizaya,/tu.ˈkal/
Sakizaya,[wa.ˈkuŋ]
Sakizaya,[ka.ˈmi]
Sakizaya,/sa.ˈdim/
Sakizaya,[ŋ(ə).ˈlab]
Sakizaya,[t͡sa.t͡su.da.ˈdan]
Sakizaya,/pu.ˈjal/
Sakizaya,/ma.ka.tu.ˈduh/
Sakizaya,[ɕi.min.ˈt͡ɕiw]
Sakizaya,/ta.ˈkal/
Sakizaya,/la.la.ˈmi/
Sakizaya,[t(ə).ˈlaj]
Sakizaya,/hi.ku.ˈki/
Sakizaya,[huŋ.li.ˈtən]
Sakizaya,[pa.ləs.p(ə).ˈsan]
Sakizaya,/ŋa.ˈsaw/
Sakizaya,[ɕiw.ˈni]
Sakizaya,[ta.ˈna]
Sakizaya,/kuj.ˈza/
Sakizaya,[ɕi.ˈsa]
Sakizaya,/mi.saj.ˈdaŋ/
Sakizaya,[sa.pa.tu.ˈŋus]
Sakizaya,[sa.ˈnal]
Sakizaya,/wa.su.ˈlu/
Sakizaya,[daj.ˈdam]
Sakizaya,/t͡si.ˈku/
Sakizaya,/ka.la.pi.ˈjat/
Sakizaya,[la.ˈjuŋ]
Sakizaya,/bu.ˈtul/
Sakizaya,/u.ŋa.ˈŋil/
Sakizaya,/ŋu.ˈt͡sih/
Sakizaya,/hu.ˈlit͡s/
Sakizaya,[ta.ˈŋah]
Sakizaya,/lu.ˈtuk/
Sakizaya,[la.lə.ˈŋat͡s]
Sakizaya,[sa.pa.tu.ˈdud]
Sakizaya,[sa.na.ˈnal]
Sakizaya,/ŋa.ˈŋaj/
Sakizaya,[uj.ˈni]
Sakizaya,/ku.lə.ˈtu/
Sakizaya,/ha.ˈku/
Sakizaya,[l(ə).ˈɕiŋ]
Sakizaya,[ma.ˈli]
Sakizaya,[ha.ˈkaj]
Sakizaya,/hu.ˈiŋ/
Sakizaya,/la.la.ˈpa/
Sakizaya,[t͡soŋ.ˈkow]
Sakizaya,[a.di.ˈŋu]
Sakizaya,[ta.kə.ˈnip]
Sakizaya,/ti.ˈpus/
Sakizaya,[pa.ˈʑik]
Sakizaya,[mi.a.a.ˈmaj]
Sakizaya,[tu.la.ˈkok]
Sakizaya,/i.ˈŋwə/
Sakizaya,[puj]
Sakizaya,[ba.bu.ˈkud]
Sakizaya,/ta.ˈlos/
Sakizaya,/ba.la.ˈut/
Sakizaya,[ta.ŋa.ˈlaw]
Sakizaya,[la.ma.ˈdat͡s]
Sakizaya,[a.ˈhi]
Sakizaya,[k(ə).la.k(ə).ˈlaʡ]
Sakizaya,/ta.laʡ.ˈtaʡ/
Sakizaya,[ɡa.ˈt͡ɕiw]
Sakizaya,/ki.ˈta/
Sakizaya,[ti.ˈŋas]
Sakizaya,/kiw.ˈmah/
Sakizaya,[na.ˈniʡ]
Sakizaya,/sa.ŋu.ˈtut͡s/
Sakizaya,[tu.ˈbah]
Sakizaya,[i.t͡ɕi.ˈba]
Sakizaya,/da.ˈmək/
Sakizaya,[mu.ˈtu]
Sakizaya,[ŋis.ˈŋis]
Sakizaya,/aj.ku.ˈlim/
Sakizaya,/t͡si.ˈid/
Sakizaya,/su.ˈsəj/
Sakizaya,/pa.ˈnan/
Sakizaya,/mi.bu.ti.ˈŋaj/
Sakizaya,/lu.ˈmaʡ/
Sakizaya,/la.su.ˈbu/
Sakizaya,[sa.ʑi.ˈpaʡ]
Sakizaya,[lu.ˈtok]
Sakizaya,/t͡su.mu.ˈli/
Sakizaya,[p(ə).ˈlat͡s]
Sakizaya,/bə.ˈt͡sul/
Sakizaya,[ku.ˈwaʡ]
Sakizaya,/ju.ˈbin/
Sakizaya,/ŋa.ˈjaw/
Sakizaya,[bil.ˈbil]
Sakizaya,/si.ˈuj/
Sakizaya,/u.ˈzip/
Sakizaya,/a.ˈŋaw/
Sakizaya,[ba.bəl.ˈbəl]
Sakizaya,[taj.ˈpak]
Sakizaya,[ɕi.ˈuj]
Sakizaya,[na.ˈmoh]
Sakizaya,[ta.la.ˈt͡saj]
Sakizaya,[sul.ˈda]
Sakizaya,[la.ˈŋat]
Sakizaya,/da.ˈŋah/
Sakizaya,[ti.ˈpus]
Sakizaya,/ta.də.ˈmaw/
Sakizaya,/t͡sə.ˈpiʡ/
Sakizaya,/bu.ˈjuʡ/
Sakizaya,/u.ˈwaj/
Sakizaya,/wi.ˈna/
Sakizaya,[da.di.pa.ˈnaʡ]
Sakizaya,[ti.ku.ˈlat͡s]
Sakizaya,[ku.ˈmud]
Sakizaya,/hu.ˈdut͡s/
Sakizaya,[ba.ˈli]
Sakizaya,/u.ˈwak/
Sakizaya,/wa.ˈt͡su/
Sakizaya,[ki.ˈlaŋ]
Sakizaya,/tu.la.ˈkuk/
Sakizaya,[ji.ˈza]
Sakizaya,/sa.pi.su.ˈlit/
Sakizaya,[i.mə.ˈlaŋ]
Sakizaya,/ka.la.ˈbaw/
Sakizaya,/ba.bə.ˈku/
Sakizaya,/ta.ˈlu/
Sakizaya,/a.ˈda/
Sakizaya,/bu.ˈlad/
Sakizaya,/ə.ˈduʡ/
Sakizaya,/ta.ta.ˈma/
Sakizaya,[a.di.ˈjut͡s]
Sakizaya,[bi.da.ˈul]
Sakizaya,/ba.lu.ˈŋa/
Sakizaya,/ba.ˈju/
Sakizaya,[ju.bin.ˈku]
Sakizaya,/ti.ˈŋas/
Sakizaya,/su.ˈbal/
Sakizaya,/bu.ˈkəs/
Sakizaya,/la.ˈt͡sik/
Sakizaya,/a.di.ˈdəm/
Sakizaya,[ta.ˈkid]
Sakizaya,/wa.ˈt͡sah/
Sakizaya,[ta.ˈnaŋ]
Sakizaya,/ku.ˈlas/
Sakizaya,/pu.ˈtal/
Sakizaya,/ba.ə.ˈtu/
Sakizaya,[ta.ba.ˈku]
Sakizaya,/a.tim.ˈsi/
Sakizaya,/ba.ˈki/
Sakizaya,[ku.ˈlit]
Sakizaya,[d(ə).ŋə.li.ˈaj]
Sakizaya,/ji.t͡su.ˈmin/
Sakizaya,/ka.ˈmi/
Sakizaya,[ɕi.ˈʑi]
Sakizaya,[pa.ˈlud]
Sakizaya,[du.ˈka]
Sakizaya,/pa.t͡su.da.ˈdan/
Sakizaya,/ka.zi.ˈzəŋ/
Sakizaya,[tu.ˈbul]
Sakizaya,/paj.ˈsuʡ/
Sakizaya,[za.ˈis]
Sakizaya,[a.bi.ˈnuŋ]
Sakizaya,/bi.ˈwa/
Sakizaya,/a.ˈləm/
Sakizaya,[ku.ˈlas]
Sakizaya,/sa.ˈnək/
Sakizaya,[na.t͡ɕi.ˈla]
Sakizaya,[ʑi.ˈkut͡s]
Sakizaya,[a.ˈjam]
Sakizaya,[san.ˈdəb]
Sakizaya,/ka.mu.ˈlaw/
Sakizaya,/ki.ˈkul/
Sakizaya,[la.lə.ŋa.ˈwan]
Sakizaya,/ka.ˈpaʡ/
Sakizaya,/tu.mu.ˈnaw/
Sakizaya,[ji.t͡su.ˈmin]
Sakizaya,/ka.la.ˈsaj/
Sakizaya,[pi.ˈjaŋ]
Sakizaya,[t͡s(ə).ˈlas]
Sakizaya,/ka.ˈlaŋ/
Sakizaya,/sa.ˈbaw tu.ˈsa/
Sakizaya,/ba.ˈnul/
Sakizaya,/ta.lu.ˈduʡ/
Sakizaya,[han.du.ˈlu]
Sakizaya,/ku.ˈmaw/
Sakizaya,/mi.a.du.ˈpaj/
Sakizaya,[bu.ˈkəs]
Sakizaya,/ta.ˈwiw/
Sakizaya,[ka.ɕi.ə.na.ˈwan]
Sakizaya,/du.ˈka/
Sakizaya,/za.ˈzan/
Sakizaya,[ɕin.ˈbu]
Sakizaya,[bih.ˈkat͡s]
Sakizaya,[ka.ka.ˈwit]
Sakizaya,/bu.ˈtiŋ/
Sakizaya,[na.ˈɕi]
Sakizaya,/taw.ˈhu/
Sakizaya,/a.nu.t͡si.ˈla/
Sakizaya,/ba.ˈsu/
Sakizaya,/mi.a.a.ˈmaj/
Sakizaya,[tu.ˈkaj]
Sakizaya,[a.ˈdup]
Sakizaya,/t͡sa.ˈbaj/
Sakizaya,[sa.tə.ˈlət͡s]
Sakizaya,[la.ˈmit]
Sakizaya,[ta.li.a.ˈwaw]
Sakizaya,[ku.ˈt͡ɕja]
Sakizaya,/pi.ˈtuʡ/
Sakizaya,/kiw.ˈkaj/
Sakizaya,/sa.t͡sə.ˈbaŋ/
Sakizaya,/wa.ˈdu/
Sakizaya,/uŋ.ˈt͡suŋ/
Sakizaya,/bu.ˈnat͡s/
Sakizaya,[ba.ba.u.ˈŋən]
Sakizaya,/si.ˈwa/
Sakizaya,[ba.ˈnul]
Sakizaya,[ba.ə.ˈtu]
Sakizaya,[pa.ka.ma.ˈlan]
Sakizaya,/su.si.ˈziw/
Sakizaya,[a.di.ˈdəm]
Sakizaya,[da.ˈbək]
Sakizaya,[ʑi.ˈlu]
Sakizaya,/ta.ˈkid/
Sakizaya,/ma.ˈta/
Sakizaya,[t͡ɕi.ˈhək]
Sakizaya,[t͡sa.ˈbaj]
Sakizaya,/ja.ku.ˈba/
Sakizaya,[t͡ɕi.ˈlal]
Sakizaya,/sa.ka.ˈləs/
Sakizaya,/han.du.ˈlu/
Sakizaya,/a.ba.ˈla/
Sakizaya,[sa.pə.ˈdək]
Sakizaya,[t͡ɕi.ˈid]
Sakizaya,[kaw.ˈswa]
Sakizaya,[tip]
Sakizaya,[s(ə).ˈdəŋ]
Sakizaya,[t͡ɕi.ni.ˈza]
Sakizaya,/la.ˈhuk/
Sakizaya,[ka.ˈlaŋ]
Sakizaya,/ki.ˈlaŋ/
Sakizaya,[ɕi.ˈku]
Sakizaya,[ka.li.ˈɕiw]
Sakizaya,/t͡si.pa.ˈʡaj/
Sakizaya,[ə.ˈdoʡ]
Sakizaya,[a.li.ˈlaj]
Sakizaya,/ku.ˈli/
Sakizaya,[ta.ta.ˈma]
Sakizaya,[ta.ˈli]
Sakizaya,[ta.la.bi.ˈnan]
Sakizaya,/la.ˈku/
Sakizaya,/bə.ˈsi/
Sakizaya,/ki.ˈju/
Sakizaya,[a.t͡sa.ˈsa]
Sakizaya,/ma.u.ˈkak/
Sakizaya,[bu.ˈjoʡ]
Sakizaya,[a.ˈkim]
Sakizaya,/sa.də.də.ˈmət͡s/
Sakizaya,[wa.ˈlu]
Sakizaya,/pa.ə.ˈnu/
Sakizaya,/ti.ˈtit͡s/
Sakizaya,/ni.ja.ˈzuʡ/
Sakizaya,/ka.ˈlih/
Sakizaya,/sa.ˈbaw t͡sa.ˈt͡saj/
Sakizaya,[ti.ŋa.ŋi.ˈlit͡s]
Sakizaya,/si.ˈsa/
Sakizaya,/a.ˈhi/
Sakizaya,/u.ˈdad/
Sakizaya,/miŋ.ˈkaj/
Sakizaya,/a.bi.ˈnuŋ/
Sakizaya,[su.ˈmi]
Sakizaya,[a.ˈləm]
Sakizaya,/la.ma.ˈdat͡s/
Sakizaya,/u.ˈlat/
Sakizaya,[sa.ˈdim]
Sakizaya,[u.ˈŋu]
Sakizaya,[ta.ˈlos]
Sakizaya,/du.ˈəs/
Sakizaya,[bu.t͡sə.ˈkit]
Sakizaya,[k(ə).ˈliw]
Sakizaya,[li.ˈəl]
Sakizaya,[sa.ˈpul]
Sakizaya,[sa.t͡sok.ˈt͡sok]
Sakizaya,[t͡saŋ.ˈlah]
Sakizaya,[bi.ˈhəl]
Sakizaya,[a.ˈmis]
Sakizaya,/sa.pa.tu.ˈŋus/
Sakizaya,[ba.la.ˈut]
Sakizaya,[pi.ˈtu]
Sakizaya,/i.mə.la.ˈŋaj/
Sakizaya,/nin.ˈzin/
Sakizaya,[ta.tu.ˈzoʡ]
Sakizaya,/ta.ˈli/
Sakizaya,/bi.da.kə.ˈluŋ/
Sakizaya,[t͡ɕi.lu.t͡ɕi.ˈlok]
Sakizaya,/sə.ˈpat/
Sakizaya,/sa.wa.ˈdaʡ/
Sakizaya,/t͡sə.ˈlas/
Sakizaya,[m(ə).ˈnih]
Sakizaya,[da.ˈwa]
Sakizaya,/pa.ləs.pə.ˈsan/
Sakizaya,[ki.ˈju]
Sakizaya,[hu.ˈlam]
Sakizaya,/ka.ja.ˈbəs/
Sakizaya,[ni.ˈnəl]
Sakizaya,/ha.ˈkaj/
Sakizaya,/la.ˈwad/
Sakizaya,/ŋa.ˈsaʡ/
Sakizaya,[mi.t͡su.da.ˈdaj]
Sakizaya,[ka.li.ˈtaŋ]
Sakizaya,[sa.ˈbaw tu.ˈsa]
Sakizaya,/na.ˈniʡ/
Sakizaya,[pa.di.ˈŋad]
Sakizaya,[ta.ŋi.ˈla]
Sakizaya,[ti.ˈtit͡s]
Sakizaya,[diʡ.ˈtu]
Sakizaya,[pan.ˈlaj]
Sakizaya,[l(ə).ˈduŋ]
Sakizaya,/t͡sa.t͡sə.ba.ˈlən/
Sakizaya,[hu.ˈmun]
Sakizaya,/ka.lu.ˈdi/
Sakizaya,/tə.ˈlaj/
Sakizaya,/a.ˈma/
Sakizaya,[sa.pa.i.ˈju]
Sakizaya,/ba.ˈtat͡s/
Sakizaya,/ŋa.ˈtu/
Sakizaya,[a.di.ˈpiŋ]
Sakizaya,[la.ˈbin]
Sakizaya,[na.na.nu.ˈmən]
Sakizaya,/mi.saj.ˈdan/
Sakizaya,[pa.ˈnaʡ]
Sakizaya,[li.ˈbok]
Sakizaya,[ti.ˈmul]
Sakizaya,[ka.ˈmu]
Sakizaya,/ba.lu.ˈt͡suʡ/
Sakizaya,/sa.u.ˈwat͡s/
Sakizaya,[ta.ˈsun]
Sakizaya,[a.t͡sa.ˈwa]
Sakizaya,/sa.zi.ˈpaʡ/
Sakizaya,[b(ə).ˈlat͡s]
Sakizaya,[ka.t͡su.ˈdu]
Sakizaya,[ka.pi.ˈja]
Sakizaya,[b(ə).ˈɕi]
Sakizaya,/təŋ/
Sakizaya,[ti.ˈlu]
Sakizaya,[a.ˈt͡sa]
Sakizaya,[sa.sa.ˈit]
Sakizaya,/kuh.ˈkuh/
Sakizaya,/sa.ki.maw.ˈmaw/
Sakizaya,/diʡ.ˈtu/
Sakizaya,[wa.wə.ˈlwə]
Sakizaya,[tu.ˈsuz]
Sakizaya,/t͡si.ˈjaw/
Sakizaya,[wa.ˈli]
Sakizaya,/ta.ku.ˈlaw/
Sakizaya,/ka.ta.la.ˈlan/
Sakizaya,[i.ˈzaŋ]
Sakizaya,/ka.ˈla/
Sakizaya,/la.ˈwaj/
Sakizaya,/ta.ˈtak/
Sakizaya,[a.ti.m(ə).ˈla]
Sakizaya,/la.ˈdəm/
Sakizaya,[pa.ˈlaw]
Sakizaya,[mi.ka.t͡sa.ˈwaj]
Sakizaya,[ma.ˈmi]
Sakizaya,[s(ə).ˈpat]
Sakizaya,[ku.lə.ˈtu]
Sakizaya,[taj.ˈmu]
Sakizaya,[ki.ˈsu]
Sakizaya,[pil.ˈdat͡s]
Sakizaya,/aj.ˈluŋ/
Sakizaya,/sim.ˈpi/
Sakizaya,[tin.ˈku]
Sakizaya,/u.ˈtaj/
Sakizaya,[mi.a.du.ˈpaj]
Sakizaya,[tu.ˈmok]
Sakizaya,[bu.la.ˈlat͡s]
Sakizaya,/i.ˈt͡səp/
Sakizaya,/wa.ˈlaj/
Sakizaya,[bu.ˈtul]
Sakizaya,/li.ˈhab/
Sakizaya,[tiŋ.ˈnaw]
Sakizaya,[kub.ˈkub]
Sakizaya,/bi.ˈhid/
Sakizaya,/kaw.ˈswa/
Sakizaya,[sa.ɕi.wa.ˈɕiw]
Sakizaya,[t͡ɕiʡ.ˈtuj]
Sakizaya,/ta.ˈduk/
Sakizaya,[ŋa.ˈwa]
Sakizaya,/tu.ˈsa/
Sakizaya,/ta.ˈpad/
Sakizaya,[i.ˈsoʡ]
Sakizaya,[ban.ˈkuj]
Sakizaya,[li.saj.ˈdan]
Sakizaya,/ki.daw.daw.ˈŋaj/
Sakizaya,[ba.lu.ˈŋa]
Sakizaya,[la.ˈnoʡ]
Sakizaya,[pa.ka.li.ɕi.ˈwan]
Sakizaya,/pu.wa.ˈkih/
Sakizaya,/ti.ˈmu/
Sakizaya,/ba.ˈi/
Sakizaya,/la.ˈbi/
Sakizaya,/t͡sa.la.ˈpəd/
Sakizaya,/naw.ˈnaw/
Sakizaya,[ŋa.ˈsaʡ]
Sakizaya,/nəm.ˈnəm/
Sakizaya,/pan.ˈlaj/
Sakizaya,[i.ˈɡa]
Sakizaya,/ta.la.ˈt͡saj/
Sakizaya,/kaj.ˈsiŋ/
Sakizaya,[ta.laʡ.ˈtaʡ]
Sakizaya,/ku.ˈlul/
Sakizaya,/hu.ˈjun/
Sakizaya,/mə.ˈnih/
Sakizaya,[diŋ.ˈki]
Sakizaya,/bu.ˈkul/
Sakizaya,[bu.ˈwaʡ]
Sakizaya,[u.ˈtut͡s]
Sakizaya,/sa.bu.ˈut/
Sakizaya,/ba.ˈlu/
Sakizaya,[ba.lu.ˈt͡soʡ]
Sakizaya,[a.ˈŋaw]
Sakizaya,[ə.ˈpah]
Sakizaya,[ka.mu.ˈlaw]
Sakizaya,[k(ə).ˈnaw]
Sakizaya,[ta.ˈdok]
Sakizaya,/san.ˈdəb/
Sakizaya,[la.ˈlud]
Sakizaya,/su.lə.ˈda/
Sakizaya,/a.ˈuk/
Sakizaya,[t͡sa.t͡sə.ba.ˈlən]
Sakizaya,[kiw.ˈkaj]
Sakizaya,[t͡sa.ˈt͡saj]
Sakizaya,/la.ˈbin/
Sakizaya,/ku.ˈwaʡ/
Sakizaya,/uŋ.ˈsiŋ/
Sakizaya,[ka.ˈka]
Sakizaya,/tu.ˈmuk/
Sakizaya,/ka.ˈku/
Sakizaya,/tip/
Sakizaya,/t͡si.ˈma/
Sakizaya,[la.la.ˈmi]
Sakizaya,/li.t͡sa.ˈəs/
Sakizaya,/a.ˈt͡sak/
Sakizaya,[ta.ˈtak]
Sakizaya,/a.ˈkim/
Sakizaya,[mu.ˈdit͡s]
Sakizaya,/sa.a.ˈt͡sin/
Sakizaya,[tu.ˈda]
Sakizaya,[bo.ˈŋa]
Sakizaya,/di.ˈŋət/
Sakizaya,/pi.ˈtu/
Sakizaya,[ɕi.ˈwa]
Sakizaya,/ma.ˈmi/
Sakizaya,[bu.ˈtiŋ]
Sakizaya,[ta.mu.ˈlak]
Sakizaya,/sa.ˈnal/
Sakizaya,/ba.bu.ˈkud/
Sakizaya,/ta.ˈkas/
Sakizaya,[ta.lu.ˈdoʡ]
Sakizaya,[ka.ˈlih]
Sakizaya,/ka.ku.ˈnas/
Sakizaya,/a.ˈam/
Sakizaya,/ka.kaw.ˈsan/
Sakizaya,/bu.ˈnuk/
Sakizaya,[ma.mi.ˈdaŋ]
Sakizaya,[ka.kaw.ˈsan]
Sakizaya,/ka.kə.li.kə.li.ˈʡan/
Sakizaya,/t͡si.ˈjak/
Sakizaya,/i.t͡si.ˈba/
Sakizaya,/a.pa.ˈlu/
Sakizaya,[ka.ʑi.ˈzəŋ]
Sakizaya,[i.ˈna]
Sakizaya,[ʑi.ˈnum]
Sakizaya,[bu.la.ˈwan]
Sakizaya,[wi.ki.pi.ti.ˈja]
Sakizaya,/mi.ki.də.ˈmaj/
Sakizaya,[s(ə).ˈpi]
Sakizaya,[ta.ki.ˈniʡ]
Sakizaya,[wa.ˈlak]
Sakizaya,[ti.ɡa.ˈmi]
Sakizaya,[mi.saj.ˈdaŋ]
Sakizaya,/si.min.ˈt͡siw/
Sakizaya,/ə.ˈsus/
Sakizaya,[ti.lə.ˈbəs]
Sakizaya,[ɕi.lu.ˈmaŋ]
Sakizaya,[su.ba.ˈju]
Sakizaya,[a.ba.ˈla]
Sakizaya,/bu.la.ˈlat͡s/
Sakizaya,/ə.ˈnip/
Sakizaya,/ta.ˈŋah/
Sakizaya,[i.ˈmut͡s]
Sakizaya,/ban.ˈkuj/
Sakizaya,/pa.ˈpah/
Sakizaya,/wa.ˈlak/
