Salar,[tɑʁ]
Salar,/ɑːdɨ/
Salar,[vɑːɹ]
Salar,/tʰiuli/
Salar,[vɑːɹ(ʁu)]
Salar,[ɑtʰɨχ]
Salar,[køŋni]
Salar,[xorɨhɑ]
Salar,[tøtʰ]
Salar,/kʰumɨʃ/
Salar,/sɨrnɑχ/
Salar,[qoj]
Salar,[χutʃɑχ]
Salar,/eŋse/
Salar,/axtər/
Salar,[til]
Salar,[rɑlɨχ]
Salar,/solɑχ/
Salar,[jɑmɑn]
Salar,/uχlɑ(ʁusɨ)/
Salar,[sɑʁɑɫ]
Salar,[jɑːɫʁuz]
Salar,/peɕ/
Salar,[kʰømur]
Salar,/jɑʁɨrnɨ/
Salar,/helli/
Salar,/t͡ɕih/
Salar,/sɨχ(ʁusɨ)/
Salar,/ɑχun(bo)/
Salar,/toːʷʃan/
Salar,/t͡ʃɑʁɑ(ʁusɨ)/
Salar,/pʰɨʃt͡ʃɑχ/
Salar,[syt]
Salar,[tøːje]
Salar,[sytʰ]
Salar,/juɣurdɑχ/
Salar,[kʰøjix]
Salar,[peɫʝex]
Salar,/ylder(ɣysi)/
Salar,/jiˈrix/
Salar,[kʰøjex]
Salar,[jiɣenæ]
Salar,/yldir(ɣysi)/
Salar,[kʰijɨχ]
Salar,[ɑːtʃɨχ]
Salar,[poːɢɨnɑχ]
Salar,[kylex]
Salar,/yʰen/
Salar,[sovɨn]
Salar,/pʰiʃti(ɣysi)/
Salar,[so(ː)χ]
Salar,[qumɨsqɑn]
Salar,/qulɑʃ/
Salar,/qʰudæqʰ/
Salar,/keʝe/
Salar,/tovʷʃenur/
Salar,[tʃøpʰ]
Salar,[koːnɨ]
Salar,/suʒɨ/
Salar,[jafraχ]
Salar,[tɕil]
Salar,[ojlie]
Salar,/jɑʰtɑŋ/
Salar,/øldyr(ɣysi)/
Salar,/hællæ/
Salar,/ɑjlɑ(ʁusɨ)/
Salar,[tʰitʃ]
Salar,[vɑɹ(ʁu)]
Salar,/tumɨ(ʁusɨ)/
Salar,/üʃer(ɣysi/
Salar,/pʰolɑ/
Salar,/tɑnru/
Salar,[tʰoχ]
Salar,[hæmæ]
Salar,[vɑːr]
Salar,[ɡoːne]
Salar,/jimyɕ/
Salar,[tyliɡu]
Salar,/uχɨʃ/
Salar,/soluʁuŋ kelini(ɣysi)/
Salar,/ʝumʝuχ/
Salar,/jiʃtʰli/
Salar,[muŋɢɨskʰɑrtʃɑχ]
Salar,[ɑːtʰɨχ]
Salar,[vɑː(ʁu)]
Salar,/t͡ɕyr(ɣysi)/
Salar,/sɨχsɨɣɑn/
Salar,/tirilɣen/
Salar,[tʃyin]
Salar,/toʁrɑ(ʁusɨ)/
Salar,[ɑːʰkil]
Salar,/ømæxlæ(ɣysi)/
Salar,/qiru/
Salar,/ʝyʝyx/
Salar,/suxu/
Salar,[ɑːʝɯ]
Salar,[χəsɨrəχ]
Salar,/pexli(ɣysi)/
Salar,/suːle/
Salar,[puɣon]
Salar,/ʝɑʁʝɑχ/
Salar,[ɑrχɑ]
Salar,[χɨsɨrɨχ]
Salar,[ɑjeχ]
Salar,/ʝɑŋɢɑnɑχ/
Salar,[tylyɡo]
Salar,[pol]
Salar,[ɑχ]
Salar,/ut͡sɨn/
Salar,/teril(ɣysi)/
Salar,[pɑːzɑːr]
Salar,/sexsen/
Salar,/siuli/
Salar,[erkʰɨx]
Salar,[mɨz]
Salar,/k(ʰ)eʲnur/
Salar,[ɑːdɯm]
Salar,/jumut(ʰ)ɑ/
Salar,/pɑʁ/
Salar,/pirɣe/
Salar,/qɑdɨn/
Salar,[pɑːʃ]
Salar,/poʁɨrsɨχ/
Salar,[qɑjdɑ]
Salar,[qumusqɑ]
Salar,/t͡ɕit͡ɕin/
Salar,/tovʷʃen/
Salar,/orχɑn/
Salar,/t͡ɕij(ɣysi)/
Salar,/towɑχ/
Salar,[puːʐe]
Salar,[koŋnɨ]
Salar,[ɑʃɑʁɨ]
Salar,[taːmuɹ]
Salar,/tʰøn(ɣysi)/
Salar,[vɑɹ]
Salar,[quruχ]
Salar,/t͡ʃel/
Salar,[poʁtɘχ]
Salar,[jiʃɑ]
Salar,[hɑ]
Salar,/tæʰli/
Salar,[komuɹ]
Salar,/pulʁɨχ/
Salar,[koː]
Salar,/t͡ʃɨχmɨχ/
Salar,/kʰekelex/
Salar,/qɑrɑmɑn/
Salar,[tamɨr]
Salar,[jy]
Salar,/poʁtɨ/
Salar,[muŋɨsqɑrdʒeχ]
Salar,/øɣen/
Salar,[eːtisɨnɑ]
Salar,/qɑn/
Salar,/sojin(ɣysi)/
Salar,[pøri]
Salar,[ɑːt͡sɨχ]
Salar,[øtʰ]
Salar,[sola]
Salar,/kɑʰʝɑ/
Salar,/neʰme/
Salar,[emɡix]
Salar,/t͡ɕiuri(ɣysi)/
Salar,[tɑːʁɨl]
Salar,/tʰovɑχ/
Salar,/qut(ʰ)/
Salar,/t͡ɕuvur(ɣysi)/
Salar,/jitʰ/
Salar,/menziŋ/
Salar,/pɑt/
Salar,/qulɘχ/
Salar,/muŋɨs/
Salar,[kimi]
Salar,/pʰiʃt/
Salar,/jɑn(ʁusɨ)/
Salar,/uχ(ʁusɨ)/
Salar,[qɑrə]
Salar,/pøz/
Salar,[ølle]
Salar,/pil(ɣysi)/
Salar,/pijix/
Salar,[kʰiˈt͡si]
Salar,/kʰøs/
Salar,[meniŋ]
Salar,[muŋɨsqɑrdʒɑχ]
Salar,[pʰiseɹ]
Salar,/jilɨ/
Salar,/jul/
Salar,/χuj/
Salar,/purʁɑχ/
Salar,[jɑʁlɑ]
Salar,[muŋɨsqɑrdʒɨχ]
Salar,/ʒʰixur(ɣysi)/
Salar,/χɑntʰɨr/
Salar,[jeŋɡex]
Salar,/t͡ɕiyr(ɣysi)/
Salar,/sanduχ/
Salar,[χorɢɨ]
Salar,/kʰyrlyx/
Salar,/kʰekelix/
Salar,[puriʒʰuχ]
Salar,[tɑŋus]
Salar,/lɑʰpa/
Salar,[kuntysi]
Salar,/totaχ/
Salar,/ʝɑŋnɑ(ʁusɨ)/
Salar,/ɑːdɯ/
Salar,/t͡ɕyxur(ɣysi)/
Salar,/kʰemɑ/
Salar,/jyˈrex/
Salar,[toŋɨs]
Salar,[tɑtɑχ]
Salar,[jɑʁrɨ]
Salar,[ɑːkiː]
Salar,/kʰyl/
Salar,[ɑt͡ɕʰiχ]
Salar,/ɑʰkeiʲ/
Salar,/soɣu/
Salar,[qodoχ]
Salar,[jul]
Salar,/tumnɑn(ʁusɨ)/
Salar,/suluχ/
Salar,/siniɣi/
Salar,[jɑʁɨɹ]
Salar,/ɑzi/
Salar,[jɑŋɨ]
Salar,[tiɕ]
Salar,[inɨ]
Salar,[inʝe]
Salar,[uʒ]
Salar,[kuntiz]
Salar,[tɑl]
Salar,[tɕitɕix]
Salar,/ɑːze/
Salar,[kʰiʃur]
Salar,/kʰyl(ɣysi)/
Salar,/i̥ɕtʰ/
Salar,[inʝi]
Salar,/øre/
Salar,[tʰyturʁɨn]
Salar,/poʁd͡ʒi/
Salar,/pʰuldɨr/
Salar,[kyɕ]
Salar,[jiːlæn]
Salar,[ɑtɨχ]
Salar,[miniɣi]
Salar,/qɑnɑt(ʰ)/
Salar,[purer]
Salar,/jite/
Salar,/jɑlɑŋɢɑtɨχ/
Salar,[jɑrɑχ]
Salar,[χona]
Salar,/tovʷʃenʒux/
Salar,[ɑːtʃix]
Salar,[seʝe]
Salar,[sɑːhɨʃ]
Salar,/koʰlɑ(ʁusɨ)/
Salar,[heɹ]
Salar,/ʏskʰu/
Salar,/kɑzɑn/
Salar,[sumurlɑ]
Salar,/kʰeme/
Salar,/jɑlɑŋɢɑdɑχ/
Salar,/χusɑχ/
Salar,[ʒiʒex]
Salar,[iliɣi]
Salar,/teʃyx/
Salar,[yxsir]
Salar,[tʃyvæn]
Salar,[tɑʁɑl]
Salar,[k(ʰ)elle]
Salar,/yt͡ʃyrky/
Salar,[siŋli]
Salar,[jɑrmɑχ]
Salar,[sɑrə]
Salar,[muŋɢɨskɑrtʃɑχ]
Salar,[quzʁun]
Salar,/(j)iliɣyʃ/
Salar,/pejnɑŋχɑn/
Salar,[χus]
Salar,[p(ʰ)ɑltʃɨχ]
Salar,/jixti/
Salar,/jeleŋkʰyt/
Salar,/qɑːden/
Salar,/tɑːdɨ/
Salar,/tʰyle/
Salar,[jij]
Salar,[siŋne]
Salar,[inʝix]
Salar,[tʰʏ̥tʏ̥lyx]
Salar,/t͡ʃɑχmɑχ/
Salar,[ʒyvin]
Salar,/senix/
Salar,/t͡ɕyvir(ɣysi)/
Salar,/kurɣunʒux/
Salar,[tʃiχɨrɑ]
Salar,[illi]
Salar,/pyrɣe/
Salar,[rex]
Salar,[jiʁla]
Salar,[kʰijix]
Salar,[vol]
Salar,[tada]
Salar,[pyːri]
Salar,[jiŋ]
Salar,[sɑmsɑχ]
Salar,[qʰɨz]
Salar,/pyrkʰytʰ/
Salar,[ɑˈnɑ]
Salar,/jixte/
Salar,/totaɣi/
Salar,[hemme]
Salar,[kyt]
Salar,[tʰyturʁɑn]
Salar,/tʰuwɑχ/
Salar,/qiro/
Salar,/yxy(ɣysi)/
Salar,/χoʁun/
Salar,/t͡ɕijix/
Salar,/zɑsɑŋ/
Salar,[tɨrnɑχ]
Salar,/pele/
Salar,[towɑr]
Salar,/zɑʰsɑŋ/
Salar,/(h)isken(ɣysi)/
Salar,[kyɕʰ]
Salar,/pəɹ/
Salar,[etesɨ]
Salar,[pɑldʒidʒin]
Salar,[ætæsær]
Salar,/pʰit͡ʃɑχ/
Salar,[ɑjex]
Salar,[iɣɨr]
Salar,/oχuʃ/
Salar,/pʰiʃir(kysi)/
Salar,/soʁulʝɑŋ/
Salar,/keliiʲ/
Salar,[qɑʝɑ]
Salar,/øhhen/
Salar,[sɑmzɑ]
Salar,/juʁur(ʁusɨ)/
Salar,[tɑmɑχ]
Salar,[tʰɑːrɨχ]
Salar,/jɑŋɑχ/
Salar,[seʝi]
Salar,/jɑrɨχt͡ʃɨ/
Salar,[qɨz]
Salar,/tum(ʁusɨ)/
Salar,[tɑz]
Salar,/peɹ/
Salar,/jumɑχ/
Salar,/jɑʃɨn(ʁusɨ)/
Salar,/omɨxlɑ(ɣysi)/
Salar,/t͡ʃɑlɑ(ʁusɨ)/
Salar,[hæmmæ]
Salar,[koːhoː]
Salar,[sed͡ʒibɨrmɑχ]
Salar,/sæn(ɣysi)/
Salar,/sɨχzɑʁɑn/
Salar,/sɨχsiʁɑn/
Salar,/enʝé/
Salar,/jɑχɨn/
Salar,[øjlie]
Salar,/mɨŋzi/
Salar,[poːɡɹeh]
Salar,/søɣine(ɣysi)/
Salar,[muren]
Salar,/ætæ/
Salar,/peʃ/
Salar,[tʃɨχrɑ]
Salar,[χɑp]
Salar,/iʃtur/
Salar,/pɨrmɨχ/
Salar,/ɑʰlɑ(ʁusɨ)/
Salar,/uslɑ(ʁusɨ)/
Salar,/tʰyx/
Salar,[eʰmexʒʰux]
Salar,[ɑt]
Salar,/tombɑχ/
Salar,[vɑːr(ʁu)]
Salar,[soʁɨn]
Salar,[pɑʁɨɹ]
Salar,[puʁu]
Salar,[tɕʰɨrnɑχ]
Salar,[jiɣne]
Salar,/jykyn(ɣysi)/
Salar,/hælli/
Salar,/tʰydyn/
Salar,[øxsir]
Salar,[kɑrʁɑ]
Salar,[sovɑn]
Salar,/kɑlɑ(ʁusɨ)/
Salar,[ɑkel]
Salar,/iʃki/
Salar,/tʰirnɑ/
Salar,[jili]
Salar,/kom(ɣysi)/
Salar,[qɨleʃ]
Salar,/kʰøtʰ(ɣysi)/
Salar,[ɑtʰɯχ]
Salar,[ejiʃɑ]
Salar,/pirɣi/
Salar,/ɑʰ/
Salar,[tɕiɑtɑʁ]
Salar,/øzeŋɡu/
Salar,[purmɑχ]
Salar,/qʰusɑχ/
Salar,/χɨj/
Salar,/mæʰt/
Salar,/towʃan/
Salar,[totɑx]
Salar,[sɑːrɨ]
Salar,[miniɣe]
Salar,[sɑtʃɨχ]
Salar,[siniɣi]
Salar,/køm(ɣysi)/
Salar,[pɑr(ʁu)]
Salar,[me]
Salar,[qɑz]
Salar,/jyʰkyr(ɣysi)/
Salar,/jɑrɑsən/
Salar,[ylæ]
Salar,[quduχ]
Salar,/meʰt/
Salar,[χɨsqɨ]
Salar,[nejix]
Salar,[kurux]
Salar,[jiŋni]
Salar,[qɑrʁɑ]
Salar,[jɨj]
Salar,[muŋɢɨskɑrtʃɨχ]
Salar,[χovɨr]
Salar,/toːχ/
Salar,[ɑjɑχ]
Salar,[pɑləlɑr]
Salar,[timeɹ]
Salar,/solɑχ ɑl(ʁusɨ)/
Salar,/sɨχpɑ/
Salar,[kofu]
Salar,[ɑtʰəχ]
Salar,[ʒil]
Salar,/iʃli/
Salar,/ɑtʰ/
Salar,[pukun]
Salar,[jiʃi]
Salar,[jiɕɑ]
Salar,/koz/
Salar,[tʃiʃ]
Salar,/yɣe/
Salar,[jumul]
Salar,/oʁuʃ/
Salar,[jɑɹfɑχ]
Salar,[kʰitɕiʒʰyx]
Salar,[jerɨχ]
Salar,[kølex]
Salar,/sɪnɪɣɪ/
Salar,[eːtisɨ]
Salar,[vɑʃ]
Salar,/iʃt/
Salar,/elepele/
Salar,/χusɑɣi/
Salar,[eli]
Salar,/kʰyjix/
Salar,/ji/
Salar,[qotuχ]
Salar,[oχu]
Salar,[ʒɑːn]
Salar,/t͡ʃollɑ(ʁusɨ)/
Salar,/tɑʰt(ʁusɨ)/
Salar,/qɑnʝix/
Salar,/usku/
Salar,[koːlexur]
Salar,[kʰiʃɑr]
Salar,[jɑːŋɯ]
Salar,/otɨ(ʁusɨ)/
Salar,[kʰi̥ˈtɕi]
Salar,/ɑʰmuʃ/
Salar,/ɑʁɨrt͡ɕɑχ/
Salar,/χoɕmɑχ/
Salar,/qɑdun/
Salar,/piuxu/
Salar,/jɑlɨtɑŋ/
Salar,[toːdɯχ]
Salar,/miŋ/
Salar,[ɑʃ]
Salar,/exen/
Salar,/xuj/
Salar,/tumnuχ/
Salar,[permɑχ]
Salar,/pɑʁlɑ/
Salar,/kynʝit͡ʃix/
Salar,/ørø/
Salar,[vuslɑ]
Salar,[ko]
Salar,[sɑχ]
Salar,/poɣrex/
Salar,[oχɑ~u]
Salar,/pix/
Salar,[χoːr]
Salar,[pɑpɑ]
Salar,[tʰata]
Salar,/tʰys/
Salar,/jɑsmuχ/
Salar,[puzo]
Salar,/dodɑʁɨ/
Salar,/tiuɣe/
Salar,/kʰendilix/
Salar,/todɨr/
Salar,/kindix/
Salar,/kyneʃ/
Salar,/uʃ/
Salar,[muz]
Salar,/siuxlien/
Salar,[iːz]
Salar,[qɑnɑ]
Salar,/soʁolʝɑŋ/
Salar,/t͡ʃæl/
Salar,[tʃɨχɑr]
Salar,/k(ʰ)ɑlɑj(i)/
Salar,[moren]
Salar,[pɨzu]
Salar,/toːʃan/
Salar,/jɨlɑ/
Salar,/qʰaŋri/
Salar,/jɑχ(ʁusɨ)/
Salar,/net͡ʃe/
Salar,[kʰol]
Salar,/tʰɑdɑ(ʁusɨ)/
Salar,/kʰyle(ɣysi)/
Salar,[seːʝe]
Salar,/ɑrɨsili/
Salar,/k(ʰ)iʲnɨ/
Salar,/peːxe/
Salar,[d͡ʑi]
Salar,[semis]
Salar,/pili/
Salar,[toːve]
Salar,[ɑːt]
Salar,[køliex]
Salar,[sɑmsuχ]
Salar,/puʁtɑ/
Salar,/otɨn/
Salar,[tʃiχrɑː]
Salar,[ɑːtɨχ]
Salar,/køʃe(ɣysi)/
Salar,[puɹe]
Salar,/tʰoɑχ/
Salar,/eŋelyx/
Salar,[koːho]
Salar,/jumuʰtɑ/
Salar,[jowɑ]
Salar,[jily]
Salar,/sy̥xlæn/
Salar,/ʃɑtʰrɑχ/
Salar,/ɑkiiʲ/
Salar,/ɑ(ː)rɨt(ʁusɨ)/
Salar,[qɑbɑχ]
Salar,/iʃte(ɣysi)/
Salar,[uruχ]
Salar,[səχ]
Salar,[tɑrɑχ]
Salar,/ɑχqur/
Salar,/tʰirɨ/
Salar,/jij/
Salar,[ʒøvænyr]
Salar,[torɨχ]
Salar,[qɑʃ]
Salar,[sowɑn]
Salar,[moːren]
Salar,/jɑχt͡ʃuχ/
Salar,[quʃ]
Salar,/pʰʊldɨɹ/
Salar,[keme]
Salar,[oruχ]
Salar,[toːtɨχ]
Salar,[ɡølæx]
Salar,/jiˈrex/
Salar,[ʝɑn]
Salar,/jersin/
Salar,[ilki]
Salar,[ɑltʃɨ]
Salar,/jymiɕ/
Salar,/solɑχ kin(ɣysi)/
Salar,/zoʁzɨ(ʁusɨ)/
Salar,[puɹur]
Salar,/jexʃembe/
Salar,[jɑːɫʁɑn]
Salar,/heli/
Salar,[jɑʁrɨn]
Salar,/neʰʝe/
Salar,[ɑki]
Salar,[joːvɑ]
Salar,/jumut(ʰ)u/
Salar,/ontuχ/
Salar,[etisɨ]
Salar,[tʰydɨrʁɑn]
Salar,/yldɨr(ɣysi)/
Salar,[qɑrɯn]
Salar,/poʁti/
Salar,[æŋkæx]
Salar,[et]
Salar,/uχus(ʁusɨ)/
Salar,/tuɣme/
Salar,[ix]
Salar,/soɣe/
Salar,[joʁən]
Salar,[øʒ]
Salar,[ini]
Salar,[qumɨsqɨn]
Salar,[kozʁun]
Salar,/o(t)ʰt͡ʃɑχ/
Salar,/t͡ʃɑlɨn(ʁusɨ)/
Salar,/poj/
Salar,[qɑɹʁɑ]
Salar,[ʝiʝex]
Salar,/toχsɑn/
Salar,/jyʰkun(ɣysi)/
Salar,/t͡ʃɑpʰ(ʁusɨ)/
Salar,[eŋkex]
Salar,[tamur]
Salar,[meniɣi]
Salar,/k(ʰ)eːn/
Salar,/jyr(ɣysi)/
Salar,[χorʁu]
Salar,[en]
Salar,/jetʰmiʃ/
Salar,[ilæ]
Salar,[ejiɕɑ]
Salar,/kurɣunʒʰux/
Salar,/ʝɑmpɑχ/
Salar,[tʰormu]
Salar,[tøji]
Salar,[jɑʁmur]
Salar,/qɑrɨn/
Salar,[rɑχ]
Salar,[poʁas]
Salar,/χolt(ʰ)uχ/
Salar,[jirɑχ]
Salar,[jel]
Salar,[miɕ]
Salar,/yɣen/
Salar,/tɑχɨl/
Salar,/keʝi/
Salar,/tyr(ɣysi)/
Salar,/tumnɑχ/
Salar,[izi]
Salar,/tɑllɑr/
Salar,[ɹɑllɑn]
Salar,[jɑɫʁus]
Salar,[vɑr(ʁu)]
Salar,[pɑːʁir]
Salar,[siŋni]
Salar,[ɑʰkel]
Salar,[torɑːχ]
Salar,[qɨzɨl]
Salar,[ɑʁɨl]
Salar,[pyɹe]
Salar,/syːr(ɣysi)/
Salar,/kuje/
Salar,[koːlex]
Salar,/k(ʰ)iːn/
Salar,[ʝujun]
Salar,[torɑχ]
Salar,[tirnɑχ]
Salar,/ɑbɑ/
Salar,[sɑːɹɨ]
Salar,[orɨχ]
Salar,[jɑːɫʁus]
Salar,/tyɣmæ/
Salar,/t͡ʃɑtʰ(ʁusɨ)/
Salar,[sɑʁɑl]
Salar,/jiχ(ɑ)(ʁusɨ)/
Salar,/or(ʁusɨ)/
Salar,/omɨɕ/
Salar,[køiʲ]
Salar,[her]
Salar,/pexi/
Salar,/k(ʰ)eːm/
Salar,[semus]
Salar,/ɑltʰɨmɨʃ/
Salar,/yxyt/
Salar,[pojɨ]
Salar,/inækʰ/
Salar,[porsuχ]
Salar,[yxser]
Salar,[poʁɨrtɑɣi]
Salar,/siʝrɑ/
Salar,[tøvy]
Salar,[koho]
Salar,[ɑːʃɑʁɨ]
Salar,/qeru/
Salar,[kumɨr]
Salar,[qɨlɨʃ]
Salar,[poiʲ]
Salar,/berkut/
Salar,/jɨldɨrʝɑŋ/
Salar,/qoŋɨrt͡ʃɨχ/
Salar,/piɹ/
Salar,[puzɨ]
Salar,/uʁɨʃ/
Salar,[tɕiɑtɑχ]
Salar,[aʝʰiχ]
Salar,[jɑŋʃɑ]
Salar,/zoʁzɑ(ʁusɨ)/
Salar,/kynʝiʝex/
Salar,[pɑː]
Salar,[p(ʰ)ɑɫtʃɨχ]
Salar,/terilɣen/
Salar,/køz/
Salar,[qɑːrintaʃ]
Salar,[pɑluχ]
Salar,[ɑrfɑ]
Salar,[miniŋ]
Salar,[qʰɑrɨn]
Salar,/sytʰ(ɣysi)/
Salar,[kuʃ]
Salar,/elɑn(ʁusɨ)/
Salar,[pɑːzɑɹ]
Salar,[k(ʰ)elli]
Salar,[jɑnɕɑ]
Salar,/tʰyden/
Salar,/toʷʃen/
Salar,/oʰt/
Salar,[qoχ]
Salar,[ɑʁɑʃ]
Salar,/sen(ɣysi)/
Salar,/iʝɑ/
Salar,[pɑʃ]
Salar,[juvɑ]
Salar,/je/
Salar,[køløkʰ]
Salar,/meŋ/
Salar,[kohu]
Salar,/χɑntʰɑr/
Salar,/muŋɑs/
Salar,[puri]
Salar,[tozaχ]
Salar,[eʝɑ]
Salar,/jelpy(ɣysi)/
Salar,[iːli]
Salar,[jɑʁmuɹ]
Salar,[χoʰpɑr]
Salar,/ʝumt͡ɕuχ/
Salar,[sɑːhɨʃi]
Salar,[tʃiχrɑ]
Salar,[iɣni]
Salar,[pɑʁɨr]
Salar,[eːtɨsɨ]
Salar,[ʒʰyːvin]
Salar,[kyŋyl]
Salar,[ili]
Salar,/piji/
Salar,/et͡ɕix/
Salar,/tʰiux/
Salar,[ɑkʰiː]
Salar,/otʰ/
Salar,/jɑbɑ/
Salar,/tøʰt/
Salar,/kuji/
Salar,/kʰɑmɑ/
Salar,[toːrɨχ]
Salar,[qʰɨsqɑ]
Salar,[qɨjz]
Salar,/yx(ɣysi)/
Salar,[tʰʊturʁɑn]
Salar,[tʰuluɡu]
Salar,/sɑχ(ʁusɨ)/
Salar,[tuzaχ]
Salar,/jexʃem/
Salar,[semiz]
Salar,/pɑχ(ʁusɨ)/
Salar,/kʰendilex/
Salar,/tiuʼɣu/
Salar,/sɨχlɑ(ʁusɨ)/
Salar,[tuɑ]
Salar,[jirɨχ]
Salar,[totɨχ]
Salar,[χɨsɨrɑχ]
Salar,[qonəχ]
Salar,[æt]
Salar,/sinex/
Salar,[kʰitɕiːʒʰux]
Salar,/tumnoχ/
Salar,/pʰiŋ/
Salar,[pure]
Salar,[tyzeʰ]
Salar,/t͡ʃene(ɣysi)/
Salar,[ʒøvænʒʰux]
Salar,/jed͡ʒi/
Salar,[neŋ]
Salar,/uʁut(ʁusɨ)/
Salar,[puːzɨ]
Salar,/jelinkʰyt/
Salar,/tirenɣen/
Salar,/suli/
Salar,[kʰeʃe]
Salar,[kemɑ]
Salar,/ɑχ(ʁusɨ)/
Salar,[iŋne]
Salar,/uruχɑn/
Salar,[timuɹ]
Salar,/soloχ/
Salar,/pexile(ɣysi)/
Salar,/uː(ʁusɨ)/
Salar,/tovɑχ/
Salar,[koŋnɯ]
Salar,/jɑbɨ/
Salar,/otɑ(ʁusɨ)/
Salar,[vɑːʃ]
Salar,[p(ʰ)ɑɫtʃiχ]
Salar,/qoχqɑn/
Salar,[torɨ]
Salar,/køʰti/
Salar,[sɑrɨ]
Salar,[ɑʒɨ]
Salar,/üʃør(ɣysi)/
Salar,/oʰ/
Salar,/t͡ʃirɑluχ/
Salar,/jørɣø(ɣysi)/
Salar,/sɨχ/
Salar,[tɑtəχ]
Salar,[qʰutʃɑχ]
Salar,[ɑnɑˈlɑr]
Salar,[tyzæʰ]
Salar,[tʰɑːrɯ]
Salar,[qumɨsqɑ]
Salar,/pʰiʃte(ɣysi)/
Salar,[qoː]
Salar,[tyj]
Salar,/jurme(ɣysi)/
Salar,[χupɑr]
Salar,/pillæ/
Salar,[poʁos]
Salar,[komuskɑ]
Salar,/jesʃembe/
Salar,[tʰor]
Salar,[kemi]
Salar,/pʰit͡ʃɑqʰ/
Salar,/k(ʰ)iʲn(i)/
Salar,[kʰiʃe]
Salar,/tyʰsix/
Salar,[jɑɫʁɑn]
Salar,[tamuɹ]
Salar,/orɨ/
Salar,[qaːfu]
Salar,/piːxi/
Salar,/sɑɕ/
Salar,/ʝɑrɨχʝi/
Salar,/atʰmiʃ/
Salar,[tor]
Salar,[todɯχ]
Salar,[yːlæ]
Salar,/jidi/
Salar,/juʁurduχ/
Salar,[paːdæ]
Salar,[qonɑχ]
Salar,/ʃɑrɑχ/
Salar,/jɑʃin(ɣysi)/
Salar,[jil]
Salar,[koj]
Salar,[pojɑχ]
Salar,[kuŋni]
Salar,/solɑχ kilen(ɣysi)/
Salar,/pulutʰ/
Salar,/soːʝi/
Salar,/jɑr(ɑ)sɑn/
Salar,/jɑʰt͡ʃuχ/
Salar,[p(ʰ)ɑltʃiχ]
Salar,[pɨrmɑχ]
Salar,/uʁɨʂ/
Salar,/ømexlen(ɣysi)/
Salar,[ɑqu]
Salar,[koŋly]
Salar,/iʝe/
Salar,/telli/
Salar,/odɑ(ʁusɨ)/
Salar,[poɣon]
Salar,[kʰyt]
Salar,[pɑsɨr]
Salar,/ele/
Salar,/jɑʁɨrni/
Salar,[tʃiχɨr]
Salar,[χovɑr]
Salar,[poʁɑs]
Salar,/usqu/
Salar,[χorɢɑː]
Salar,[joχ]
Salar,/ʃili/
Salar,/mæŋzi/
Salar,/pulɨtʰ/
Salar,/tɑhli/
Salar,/dudɑχ/
Salar,[jɑʁɑn]
Salar,/xoj/
Salar,[jɑʁnɑʃ]
Salar,/ɑʰmɨʃ/
Salar,/en/
Salar,/sɨŋɨχ/
Salar,[vuslɑː]
Salar,/pir/
Salar,[pyɣrex]
Salar,/tɑʁɨl/
Salar,[ele]
Salar,[men]
Salar,/el/
Salar,/eʰmex/
Salar,/borsuɡ/
Salar,[ɑltʰɨ]
Salar,/kʰuɣu/
Salar,/termen/
Salar,/mɑn(ʁusɨ)/
Salar,[sɨχ]
Salar,/kørɣynʒyx/
Salar,[jiʃe]
Salar,/eʰti/
Salar,/ørmøx/
Salar,[kum]
Salar,[tʰovæ]
Salar,[køl]
Salar,[ine]
Salar,[syʰne]
Salar,/moŋɨs/
Salar,/t͡ɕex/
Salar,/ohol/
Salar,[pojɑ]
Salar,/oʰkoŋ/
Salar,/t͡ɕix/
Salar,[kørø]
Salar,[kuːneŋ]
Salar,/jɑrɑl(ʁusɨ)/
Salar,[ɑtʃɨχ]
Salar,/kyʃe(ɣysi)/
Salar,/tʰytyn/
Salar,/t͡ʃɑl(ʁusɨ)/
Salar,/jɑʰtʰuχ/
Salar,[puːre]
Salar,/suvɑ(ʁusɨ)/
Salar,/iːlɑn(ʁusɨ)/
Salar,[χɨsqɑ]
Salar,[pɑʝɑ]
Salar,[jɑlʁɑn]
Salar,[koːŋnɨ]
Salar,[tøyvæ]
Salar,[pɑɹ(ʁu)]
Salar,[poχtɑχ]
Salar,[χoːna]
Salar,[kʰiˈʒi]
Salar,/ɑːzi/
Salar,[tozɑχ]
Salar,[ɑniɣi]
Salar,[ˀɑ̥tʰ]
Salar,[tɕitɕex]
Salar,/yʰri(ɣysi)/
Salar,[siŋil]
Salar,/jɑz/
Salar,/koxlɑ(ʁusɨ)/
Salar,/urχar/
Salar,[pele]
Salar,[itiːsɨnɑ]
Salar,/søjin(ɣysi)/
Salar,/jørɣe(ɣysi)/
Salar,/helle/
Salar,/pɑʁzuχ/
Salar,/kɑt͡ʃɑ/
Salar,[poʁɘs]
Salar,/soʁɨlʝɑŋ/
Salar,[vɑr]
Salar,/jiχɑ(ʁusɨ)/
Salar,/pɨrʁɑχ/
Salar,[kʰi̥χ]
Salar,[ojle]
Salar,[qɨmɨsqɨn]
Salar,/ɑʰtuχ/
Salar,[sɑhɨːɕi]
Salar,/oːdun/
Salar,[kʰiʃ]
Salar,/ɑslɑn/
Salar,[sɑmzɑχ]
Salar,[to(ː)n]
Salar,[jiɣine]
Salar,[erki]
Salar,[qʰoχ]
Salar,[tøwæ]
Salar,/toʁrɨ(ʁusɨ)/
Salar,/kylin(ɣysi)/
Salar,[tøje]
Salar,[siʝe]
Salar,/axtʰar/
Salar,/t͡siːt͡sex/
Salar,/ʼtiuɣu/
Salar,/øʰri(ɣysi)/
Salar,[aːʁu]
Salar,[oːrɨχ]
Salar,[eŋkix]
Salar,[uʝ]
Salar,/pɑŋnɑ(ʁusɨ)/
Salar,/t͡ɕulur/
Salar,/kʰurlyx/
Salar,/tøtʰ/
Salar,[tovɨn]
Salar,/tʰoχ/
Salar,[kol]
Salar,[tovɑ]
Salar,/ense/
Salar,[χɨzɨl]
Salar,[tʃiχɑr]
Salar,/t͡ɕuːr(ɣysi)/
Salar,[qol]
Salar,/pirkut/
Salar,/kʰurlix/
Salar,[tyzæ]
Salar,/jɑdɑ(ʁusɨ)/
Salar,[kæmæ]
Salar,[ileɣi]
Salar,[soɣæn]
Salar,/k(ʰ)eʲnɨ/
Salar,/ɑslɨn/
Salar,[poʁunɑχ]
Salar,[jɑmen]
Salar,/pʰoŋ/
Salar,[kox]
Salar,[sɑhɨːʃ]
Salar,[tovɨr]
Salar,[kʰøj]
Salar,[jɑlχus]
Salar,/itʰ(kysi)/
Salar,[soʁɑn]
Salar,[toŋus]
Salar,[kunʒisɨ]
Salar,/iʒu/
Salar,/ɑ(ː)ʁzɨ/
Salar,[jɑχrɑχ]
Salar,/pʰɨt͡ʃɑχ/
Salar,[kʰyʃ]
Salar,/toːʃen/
Salar,/tiril(ɣysi)/
Salar,/ɑχunbu/
Salar,/sɨχziʁɨn/
Salar,[jyl]
Salar,/okɑŋ/
Salar,/tiotʰ/
Salar,/pex/
Salar,/nɑʰpa/
Salar,[sɨŋne]
Salar,/kon/
Salar,[tʃɑːdər]
Salar,/menzi/
Salar,/joχpɑ/
Salar,/jyl/
Salar,/kynʝiʝix/
Salar,/ɑʁɨrt͡ɕɨχ/
Salar,[χɑb]
Salar,[pɑldʒyn]
Salar,/pexle(ɣysi)/
Salar,[ɡølæxyr]
Salar,/tumu(ʁusɨ)/
Salar,[peli]
Salar,/køhti/
Salar,[koŋni]
Salar,/jorʁɑn/
Salar,/yldyr(ɣysi)/
Salar,/qulɑqʰ/
Salar,[pɑl]
Salar,[ʒʰyjin]
Salar,/jɑχʃi/
Salar,/exkysi/
Salar,[kʰʏmyr]
Salar,[jɑːmɑn]
Salar,/pɑʃqɑ/
Salar,/ʁaŋli/
Salar,/vɑχ(ʁusɨ)/
Salar,/kumuʃ/
Salar,/ot͡sɨn/
Salar,[tylyɡu]
Salar,/xeːli/
Salar,[kijɨχ]
Salar,[tʰuturʁɨn]
Salar,/sɨɕ/
Salar,/oʰtɑ/
Salar,/ʝɑʁɑ(ʁusɨ)/
Salar,[køɣæs]
Salar,/jiʰmiʃ/
Salar,/øx(ɣysi)/
Salar,/qurɨ/
Salar,[oχo]
Salar,[puɹi]
Salar,[seniɣi]
Salar,/jɑʁur/
Salar,/orɑχ/
Salar,[jɑχɑ]
Salar,[pɑr]
Salar,[jæmæn]
Salar,[jɑŋə]
Salar,/peliɣi/
Salar,[jɑʁnɨ]
Salar,/tunnuχ/
Salar,/to(ʷ)ʃɑn/
Salar,[jɑiɕɑ]
Salar,/axtar/
Salar,/penienχɑn/
Salar,[øt]
Salar,/t͡ʃirɑ(ː)/
Salar,[pʰiser]
Salar,[kølæx]
Salar,/k(ʰ)iʲne/
Salar,[tyvi]
Salar,/soʁɨrt͡ʂɑŋ/
Salar,/sit͡ɕrɑ/
Salar,/poʁte/
Salar,[mi]
Salar,[emexʒʰux]
Salar,/jili/
Salar,/ilen(ɣysi)/
Salar,/jersɑn/
Salar,[kʰiʃɑ]
Salar,/qɑlɑ(ʁusɨ)/
Salar,/qoʃʁur/
Salar,/ʃɑrɨχ/
Salar,/polɑ/
Salar,[uːʒ]
Salar,/ømyxlen(ɣysi)/
Salar,/jimiɕ/
Salar,[χuvɑr]
Salar,[kyʃ]
Salar,/t͡ɕouri(ɣysi)/
Salar,[ɑʃɑːʁɨ]
Salar,/oʰtus/
Salar,[towɑ]
Salar,[kʰele]
Salar,/z ɑʰpa/
Salar,[siŋki]
Salar,/t͡ɕiːx/
Salar,[ætisærkinæ]
Salar,/julduz/
Salar,[jɑŋɕɑ]
Salar,[pɑzɑr]
Salar,[pureʒʰuχ]
Salar,[artɨ]
Salar,/øʰtʰ/
Salar,/urχɑn/
Salar,[køre]
Salar,[pɑɫ]
Salar,[tytylyx]
Salar,[qurɨχ]
Salar,/sɨχɨr/
Salar,/sɨχsiʁɨn/
Salar,/juʁurdɑχ/
Salar,[pyɣyn]
Salar,/syr(ɣysi)/
Salar,/et͡ɕex/
Salar,[qʰuʃ]
Salar,[ørɣetʰ]
Salar,/juχpa/
Salar,[ɑːʁɨl]
Salar,[joʁɑn]
Salar,/iʝy/
Salar,/qoʃlɨχ/
Salar,[kɑːrɨn]
Salar,/iʝi/
Salar,/oːdɨn/
Salar,[jɑrɢɨ]
Salar,/eɳliχ/
Salar,[tormɑ]
Salar,/ɑkeiʲ/
Salar,/ʃitʰ/
Salar,[ɑnɪɣɪ]
Salar,/puʁtɨ/
Salar,/oχɑʃ/
Salar,/kʰe(ʰ)men/
Salar,[iz]
Salar,[tʰorɑχ]
Salar,[sæːʒi]
Salar,/ɑŋqɑχ/
Salar,/soluχ/
Salar,/sɑχsɨχ/
Salar,/sut(ʁusɨ)/
Salar,[sæːʳʝæ]
Salar,/kumɨʃ/
Salar,/χɨlʝɨχ/
Salar,[kømyr]
Salar,[pɑlɑ]
Salar,/jyz/
Salar,[kafu]
Salar,[qʰɨzɨl]
Salar,/eʰtæ/
Salar,[enkʰix]
Salar,[k(ʰ)ele]
Salar,[møræn]
Salar,[nɑŋ]
Salar,/pirmɑ/
Salar,/χɑrsɨ/
Salar,[moːɹen]
Salar,[totɑχ]
Salar,/tʰɑvɑχ/
Salar,[jænʃæ]
Salar,/sirnɑχ/
Salar,/jehle(ɣysi)/
Salar,[kʰiʃɑɹ]
Salar,[eʰt]
Salar,[χorχ]
Salar,[temuɹ]
Salar,/jɑsuχ/
Salar,/iʃtuɹ/
Salar,/fur(ɣysi)/
Salar,/pexelæ(ɣysi)/
Salar,[puzu]
Salar,[jiɣinæ]
Salar,/kʰymɨɕ/
Salar,[jɑŋi]
Salar,/tombɨχ/
Salar,/køn/
Salar,[kølix]
Salar,/urχarɨ/
Salar,[kʰomuru]
Salar,/æŋlix/
Salar,/ʝumt͡ɕɨχ/
Salar,[qʰɨsqɨ]
Salar,[tʰylɣy]
Salar,[eʰtʰ]
Salar,[turɨ]
Salar,/kʰijni/
Salar,[ætisær]
Salar,/kʰyli(ɣysi)/
Salar,[elex]
Salar,[oχɑ]
Salar,[emkix]
Salar,/pʰiʃur(kysi)/
Salar,/kuniʃ/
Salar,[toːruχ]
Salar,/pæʃ/
Salar,[qotɑχ]
Salar,[ɑːqʰu]
Salar,/k(ʰ)iʲnuɹ/
Salar,[qɑːrɨntaʃ]
Salar,/søɣø/
Salar,/sɑʁɨr/
Salar,/yhre(ɣysi)/
Salar,/øxen/
Salar,[tʃɑdɨr]
Salar,/pɑʁɨzuχ/
Salar,[jɑhrəχ]
Salar,[øjli]
Salar,/pudɑχ/
Salar,[jeʃɑ]
Salar,/tʰoːχ/
Salar,/totɑχ/
Salar,/johpa/
Salar,[totɑːχ]
Salar,/jiɣit/
Salar,[køːlex]
Salar,[qunəχ]
Salar,/qiri/
Salar,[meː]
Salar,[kuːlix]
Salar,/pʰurun/
Salar,/heːle/
Salar,[pʰɑltʃɨχ]
Salar,[sɑːre]
Salar,[niŋ]
Salar,[qʰus]
Salar,[oʝi]
Salar,[ʝil]
Salar,/sormɑ/
Salar,[iːliɣi]
Salar,[miniː]
Salar,/t͡ɕiːxi/
Salar,/jɨmɨrt(ʰ)ɑ/
Salar,[tamɯr]
Salar,[ɑtʃ]
Salar,/øtʰ/
Salar,[kʰiʃi]
Salar,[sɑnsuχ]
Salar,/qɑrɑmɑŋ/
Salar,/qulɑχ/
Salar,/kumuɕ/
Salar,[tovɑn]
Salar,[miŋki]
Salar,[tøːven]
Salar,/totɨχ/
Salar,[sɑːtʃɑχ]
Salar,/t͡ʃirix/
Salar,/pudɑ/
Salar,/pʰurnɨ/
Salar,[pɑltʃyin]
Salar,[ɑːtʃiχ]
Salar,/kɑzɨn/
Salar,/pɨlɨtʰ/
Salar,[muŋæsqɑrdʒɑχ]
Salar,/qʰumuʃ/
Salar,[sɑʁɨʃ]
Salar,[qɨliʃ]
Salar,/tyz/
Salar,[puɣun]
Salar,[uːʝ]
Salar,/øri/
Salar,/tomɨ(ʁusɨ)/
Salar,/jiː/
Salar,/elen(ɣysi)/
Salar,[piʝin]
Salar,[poʁtɑχ]
Salar,[jɨːrɑχ]
Salar,/inex/
Salar,[tøvæ]
Salar,/qɑːdɨn/
Salar,[sɪnɪɣɪ]
Salar,/moŋɑs/
Salar,/urχən/
Salar,/t͡ɕɨχ~t͡ɕiχ/
Salar,/jyɣen/
Salar,/jitɨ/
Salar,[tʰɑrɨ]
Salar,/toʷʃæn/
Salar,[enkex]
Salar,/pirɣɑ(r)/
Salar,[jɑiʃɑ]
Salar,/pyxe/
Salar,[sɑhɨʃ]
Salar,[sitʃɑ]
Salar,[tøːʷvæ]
Salar,[tʃiʃur]
Salar,[ɑʝɨ]
Salar,/jɑrɨl(ʁusɨ)/
Salar,/t͡ɕiure(ɣysi)/
Salar,[kʰyræx]
Salar,[sæːʒi purmɑχ]
Salar,/yʃ/
Salar,[meni]
Salar,/soloχ ɑl(ʁusɨ)/
Salar,/k(ʰ)eʲne/
Salar,[mini]
Salar,[p(ʰ)ɑltʃex]
Salar,[kuntisi]
Salar,/qʰut(ʰ)/
Salar,[sɑmzɨχ]
Salar,/kʰyrlix/
Salar,/soŋɡur/
Salar,[pɑzɑɹ]
Salar,/qur(ʁusɨ)/
Salar,[mørøn]
Salar,[simus]
Salar,[ɑkeː]
Salar,[hær]
Salar,[tiotʰ]
Salar,[ɑːʁɤɹ]
Salar,[ardʒɨ]
Salar,/emex/
Salar,/tuz/
Salar,/purkutʰ/
Salar,/koʰpɑ/
Salar,/tutɑχ/
Salar,/kʰulix/
Salar,/t͡ɕi̥x/
Salar,/jitemiʃ/
Salar,/søxlen/
Salar,/tʰyxur(ɣysi)/
Salar,[qɨzil]
Salar,/omɑɕ/
Salar,[bɑːr]
Salar,/tæhli/
Salar,/ixin/
Salar,[paluχʝi]
Salar,[ɑjɑx]
Salar,/χɨʁɨrtɑχ/
Salar,/uχɑs(ʁusɨ)/
Salar,[qɑrɑ]
Salar,[yxsyr]
Salar,[poɹe]
Salar,/tʰus/
Salar,/iʝɑwɑlɑ/
Salar,[jækʃæmbæ]
Salar,/jɑlɑŋʁɑʃ/
Salar,[tʰori]
Salar,/kylyn(ɣysi)/
Salar,/torɑ(ʁusɨ)/
Salar,/pijki/
Salar,/kyrɣynt͡ʃyx/
Salar,[jilæn]
Salar,/ʝɑmpɑ(ː)/
Salar,[tuzɑχ]
Salar,/qoχqɑ/
Salar,[puqu]
Salar,[etisɨnɨ]
Salar,/per/
Salar,/putɑχ/
Salar,/qɑʃ(ʁusɨ)/
Salar,/ɑʰt(ʁusɨ)/
Salar,[jɑχlɑ]
Salar,/tyʰsex/
Salar,[qɨzɨɫ]
Salar,[pɑldʒjn]
Salar,/etʰ(kysi)/
Salar,[iʃ]
Salar,[tɕiɑtʰɑχ]
Salar,[tʰiʃ]
Salar,/kurɣund͡ʒux/
Salar,[tʰoru]
Salar,/ilan(ʁusɨ)/
Salar,[toːrɑχ]
Salar,[ilɑn]
Salar,[inʒi]
Salar,/soʁɑlʝɑŋ/
Salar,[tɤl]
Salar,[qonɨχ]
Salar,/miʃɑχ/
Salar,[ʒøvæn]
Salar,/ormex/
Salar,[jilɑn]
Salar,[ʒʰyvin]
Salar,/fyr(ɣysi)/
Salar,/soluχ ɑl(ʁusɨ)/
Salar,[lɑlɨχ]
Salar,[ɑʒʰiχ]
Salar,/k(ʰ)eʲn/
Salar,[poːʁɨnɨχ]
Salar,/ɑ(ː)ʁɨz/
Salar,/todɨrʝi/
Salar,/kʰix/
Salar,/qʰullɨχ/
Salar,/ɑːrt(ʁusɨ)/
Salar,[χorʁɑ]
Salar,[jɑʁrɑ]
Salar,[ʒɑn]
Salar,[tʰuluɡo]
Salar,/χɨlt͡ʃɨχ/
Salar,/uʃɑχ/
Salar,/tʰɨrnɑ/
Salar,/ʝiʝex/
Salar,/qurlɑn(ʁusɨ)/
Salar,/uɣu/
Salar,/sɑʰpɑ/
Salar,/quliʃ/
Salar,/jihli/
Salar,[k(ʰ)elɑː]
Salar,/siʝirɑ/
Salar,[qurʁu]
Salar,[qʰol]
Salar,[jiɣinyr]
Salar,/sinix/
Salar,[ɑrqɑ]
Salar,/oʰkɑŋ/
Salar,[qiliʃ]
Salar,/tɑʰli/
Salar,/siχlɑ(ʁusɨ)/
Salar,/tiɣ joχtɨχ/
Salar,/kʰux/
Salar,[jovɑ]
Salar,/pɑd/
Salar,/üʃir(ɣysi)/
Salar,/inix/
Salar,/jilɑ/
Salar,[kʰiˈʒʰi]
Salar,[kɑrɨn]
Salar,/jeʰmuʃ/
Salar,[qoːχ]
Salar,/kuj/
Salar,/zɑpɑ/
Salar,[tʃypʰ]
Salar,[χoɑːr]
