Scots,/meːð/
Scots,[ˈbrakfəst]
Scots,/hɑ(ː)f/
Scots,/ˈjil/
Scots,/əˈfrɔnt/
Scots,/stɔt/
Scots,/meːr/
Scots,[ˈhiːvən]
Scots,/ˈhəin(d)/
Scots,/ˈəbstin/
Scots,[binɪ]
Scots,/klek/
Scots,/od/
Scots,/θriː/
Scots,/twaː/
Scots,/ˈforˌnɪn/
Scots,[trɔtl]
Scots,/ˈdɔːvɪt/
Scots,/stɑn(d)/
Scots,[ˈɡydˌfeːðər]
Scots,[ˈkarlɪn]
Scots,/wɛt/
Scots,[ˈaksɪdɛnt]
Scots,[ˈbridər]
Scots,/rɪn/
Scots,[fɛçt]
Scots,/et/
Scots,[bə]
Scots,/ˈtraʔɪ/
Scots,[ˈmɛri]
Scots,[ˈɡydˌsɪn]
Scots,/kɪç/
Scots,/əˈhɛnt/
Scots,[ˈdʌu(x)tər]
Scots,/liːd/
Scots,/ˈert͡ʃər/
Scots,[ˈmestlɪ]
Scots,/kwen/
Scots,/diːv/
Scots,/heː/
Scots,/advərˈtiːz/
Scots,/feː/
Scots,/bi(ː)rd/
Scots,/ˈkɔ.ɡl/
Scots,[kɛb]
Scots,/ˈɡleskə/
Scots,[ˈsolɪt]
Scots,/ˈtʃʌm.ləi.kɔːn/
Scots,/ˈbrəʊtʃ/
Scots,/ekˈsɛʃən/
Scots,[ˈɡiːtʃər]
Scots,[ˈminɪnlɛs]
Scots,/ˈʌpˌhɑd/
Scots,/aː-/
Scots,/ˈeblɪç/
Scots,[tʃʌrt]
Scots,/ˈɑfɡo/
Scots,/ˈaɡnəs/
Scots,/ɪŋ/
Scots,/ʌjt/
Scots,[kend]
Scots,/ˈɔnihɪŋ/
Scots,/ʃɪ/
Scots,/θrəi/
Scots,/ˈkɔːsti/
Scots,/ˈaɡrɪkʌltər/
Scots,/kuː/
Scots,[bleːz]
Scots,[ˈɡidˌfeːðər]
Scots,[ˈɔxnkrɔː]
Scots,[kɔlf]
Scots,/ˈɛbit/
Scots,/ˈheːm/
Scots,/wəist/
Scots,[əˈneθ]
Scots,/əˈɡen/
Scots,[fɛərdi]
Scots,/ðem/
Scots,/muθ/
Scots,/kɔld/
Scots,/ˈɑ(ː)kər/
Scots,/ˈθuzɪnd/
Scots,[ˈbrɪðər]
Scots,[ˈsitɪ]
Scots,/ˈdɔːvər/
Scots,[ɡjød]
Scots,/brɑː/
Scots,/əˈhɑxəl/
Scots,/ə-/
Scots,[ˈɡidˌfɛðər]
Scots,[lif]
Scots,[ˈbrekwʌs]
Scots,[bɪrs]
Scots,/ˈyɜːd ˌhʌŋɡə/
Scots,/ˈblɑf/
Scots,/ˈa ˈbe ˈbrod/
Scots,/ˈebərfəil/
Scots,/əˈbis/
Scots,/ˈblɛni/
Scots,/ak(t)/
Scots,/əˈbɔlɪmənt/
Scots,/əˈɡɪn/
Scots,[bein]
Scots,/ˈhɛ/
Scots,/ˈhelɪde/
Scots,/ˈjɛ.lɪ/
Scots,[ˈɡwidˌmɪdər]
Scots,[drʌu]
Scots,/nen/
Scots,/əˈdun/
Scots,[ˈɡiddim]
Scots,/oi/
Scots,/əˈvit/
Scots,[ˈlo̜ːlən(d)z]
Scots,[jʌn]
Scots,[ˈsɔːtər]
Scots,[im]
Scots,[braːr]
Scots,[smʌʃ]
Scots,[noːvɛmˈbər]
Scots,/eˈɡ(j)u/
Scots,/ˈɑfn/
Scots,[hjɛl]
Scots,/ˈdø.nə/
Scots,[hjɛməlt]
Scots,/əˈføːrd/
Scots,/ˈforəˌniːn/
Scots,/ˈɛkər/
Scots,/ˈblɑːʃ/
Scots,/ɡar/
Scots,/ˈaːn/
Scots,[skuːn]
Scots,/ˈaɡələs/
Scots,/ˈheɪmlɑnd/
Scots,/nə/
Scots,/əˈdik(t)/
Scots,[kɛr]
Scots,[ˈɡødˌsɪn]
Scots,/ˈjɛl/
Scots,[weːr]
Scots,/ne/
Scots,[ˈɡidˌsɪstər]
Scots,/əˈbloː/
Scots,[ˈsɪstər]
Scots,/hʌum/
Scots,/frɛm(d)/
Scots,/ˈbɪɡ-lʌɡəi/
Scots,/əˈhɒːd/
Scots,/əˈfiːrd/
Scots,/əˈdriç/
Scots,/ˈe ˈbi ˈbrɔd/
Scots,[fjuxn]
Scots,/ɑːsweep/
Scots,[haːs]
Scots,/ˈɑːɡet(s)/
Scots,/ˈbɪrs(ə)l/
Scots,[bɪˈhuxi]
Scots,/ˈkɑrk/
Scots,/ɡuː/
Scots,/ˈexəɹd/
Scots,[ˈmenɪn]
Scots,[did driç]
Scots,/aˈbrɪvɪn/
Scots,/stuθ/
Scots,/tɪl/
Scots,[ˈwɛdər]
Scots,/ʍɑp/
Scots,[ʍʌu]
Scots,/ˈɡrɛs/
Scots,/pert/
Scots,/hɪ/
Scots,/ˈsøtʃkɪn/
Scots,/ˈsuðər/
Scots,[strɛçt]
Scots,/ˈan(d)ər/
Scots,/slik/
Scots,/ˈdø.nɪ/
Scots,/əl/
Scots,[ˈɡøddem]
Scots,/ˈmere/
Scots,/jɪ/
Scots,/æʃ/
Scots,[ˈakami]
Scots,[myːrˈt͡ʃipər]
Scots,/dɪçt/
Scots,[lev]
Scots,/ˈɛdəm/
Scots,[ˈheːvərɪn]
Scots,[kɪz]
Scots,[ˈfaɡɪ]
Scots,[fɛndi]
Scots,/kwif/
Scots,[ˈɡjødˌsɪstər]
Scots,/əˈfiːrt/
Scots,/əˈbʌljəmənt/
Scots,/ˈkəil/
Scots,/ˈhi.lənd/
Scots,/ˈbɪ̈rkɪ/
Scots,[ˈmɪdər]
Scots,[ˈdʌuxtər]
Scots,[ˈɡeddim]
Scots,[ɡrɛt]
Scots,/mɪn/
Scots,/ˈeːri/
Scots,[ˈmidə]
Scots,/ˈɛlm/
Scots,[poəm]
Scots,/ˈafrɪki/
Scots,/hiç/
Scots,/ˈflit/
Scots,[spak]
Scots,/ˈɑftak/
Scots,[fɛrm]
Scots,/ˈbʌkɪ/
Scots,[ˈmɪm]
Scots,/ˈafən/
Scots,[dɔd]
Scots,/kaː/
Scots,[ˈɡødˌdoxtər]
Scots,/ɡɛr/
Scots,/əˈfeːrd/
Scots,/ˈbleɪn/
Scots,/ˈbʌrk/
Scots,/ði/
Scots,/ˈfiːd/
Scots,/jɪns/
Scots,[əˈkistəm]
Scots,[brist]
Scots,[əˈvɑː]
Scots,[də]
Scots,[ɡɛl(d)]
Scots,[ən.əˈkwɛnt]
Scots,/ˈɑfɡɑŋ/
Scots,/ɑkəˈdøːr/
Scots,[møːr]
Scots,/bøːrd/
Scots,[hɪrkl]
Scots,/dul/
Scots,[ˈmeri]
Scots,/ˈflɑˌnən/
Scots,/uz/
Scots,/ˈfluːr/
Scots,[ˈɡødˌmɪdər]
Scots,/ˈbɒːljən/
Scots,/ˈberi/
Scots,/ʌpˈkast/
Scots,[pom]
Scots,[ˈbrəidi]
Scots,/buxt/
Scots,/fler/
Scots,/ˈbreɪhid/
Scots,/ˈeksɪz/
Scots,/ˌmuːnliçt ˈflitən/
Scots,/ei̯m/
Scots,/ɑk/
Scots,/wɑʔər/
Scots,[benɪ]
Scots,/driːç/
Scots,/frɪçtsəm/
Scots,/ˈlʌjkit/
Scots,[əˈkɔmədet]
Scots,[fuː]
Scots,/ʃip/
Scots,/əˈbilɪtɪ/
Scots,[lɪθ]
Scots,/wel/
Scots,/fuː/
Scots,[ɡød]
Scots,[l]
Scots,/leːd/
Scots,[tʃiften]
Scots,/ˈblɑːvər/
Scots,/əˈflɪk(t)/
Scots,/əˈblid͡ʒd/
Scots,/ˈɑfkɑst/
Scots,/ˈsɪs.trən/
Scots,[bəi]
Scots,[fanˈtuʃ]
Scots,/sɪn/
Scots,/ˈeːðkɛn/
Scots,/dʌu/
Scots,/ˈkwəil/
Scots,/ˈɡo̜ːse/
Scots,/ɑːn/
Scots,[krok]
Scots,[baɪ]
Scots,[ˈhjɛlsəm]
Scots,/ˈɑfkʌm/
Scots,[hjɛmət]
Scots,/ˈsʌuðər/
Scots,/ˈɑk(w)ərt/
Scots,[skɔn]
Scots,[strin]
Scots,[ˈɡødˌfɛðər]
Scots,/ˈpitər/
Scots,/warst/
Scots,/ˈɑ-/
Scots,/ˈθrɪsl/
Scots,/ˈbʌrkɪ/
Scots,[ɡrʌʃt]
Scots,/duː/
Scots,/mɛ/
Scots,/pʌt/
Scots,[straːxt]
Scots,/ˈbʌd/
Scots,/blød/
Scots,/west/
Scots,/ˈexər/
Scots,[əl]
Scots,[ˈmaːkɪn]
Scots,/lʌup/
Scots,/ed͡ʒ/
Scots,/jɪ̢k/
Scots,/eːbesnˈbɑθːnz/
Scots,[hemli]
Scots,/ɪmˈsɛl/
Scots,[ˈfjuːər]
Scots,[ən]
Scots,/sɔ/
Scots,/ˈahɪŋ/
Scots,/wɑns/
Scots,[θrʌmlt]
Scots,/hɔːd/
Scots,/nuː/
Scots,/stɔn(d)/
Scots,/nʌhɪn/
Scots,[dʒyn]
Scots,[mɛst]
Scots,/ˈfrenˌfɪ/
Scots,/ens/
Scots,[møːrˈt͡ʃipər]
Scots,[ˈkʌsər]
Scots,/priː/
Scots,/wɪd/
Scots,/ˈwɛstlɪnz/
Scots,[strɔːxt]
Scots,[pron]
Scots,/əˈbut/
Scots,/hɒx/
Scots,/klik/
Scots,/swiər/
Scots,[i]
Scots,/fɛːv/
Scots,[jɪt]
Scots,/ˈbɛrkən/
Scots,[tɪ]
Scots,/əˈben/
Scots,/run/
Scots,/kald/
Scots,/əˈbøn/
Scots,/bəˈspɛk/
Scots,/ˈjɛblɪnz/
Scots,/kjɑx/
Scots,/əˈnɑː/
Scots,/wez/
Scots,/bəˈɡrʌtn̩/
Scots,/ˈdɑːvɪt/
Scots,/fɛk/
Scots,/deːθ/
Scots,/hɪŋ/
Scots,/ɡrit/
Scots,/hɔxməˈɡandi/
Scots,[sɛrk]
Scots,/-nɪ/
Scots,/ˈtʃʌm.ləi/
Scots,/ˈtwɔl/
Scots,/əˈkunt/
Scots,/sʌuʔ/
Scots,/təin/
Scots,[ˈmɛmbər]
Scots,[ˈɡɪdˌfeːðər]
Scots,/ɡən ut/
Scots,[tɪˈɡɪðər]
Scots,/θrʌu/
Scots,/joɡl/
Scots,[mʌn]
Scots,/wʌrd/
Scots,/əˈbʌlɪmənt/
Scots,/ˈɛrtʃɪ-/
Scots,/ˈslikɪt/
Scots,[tɪp]
Scots,[ˈɡwidˌdɔθər]
Scots,[ˈwɪndi]
Scots,/ˈʃɔːxl̩/
Scots,[ˈhiːvənlɪ]
Scots,/ˈbɑrkɪt/
Scots,[kɑːr]
Scots,/ˈdɪʃebl/
Scots,/ˈhi/
Scots,/fjɑːx/
Scots,[ˈkik]
Scots,/ˈfreʔ/
Scots,[kjɑːx]
Scots,/ˈakami/
Scots,/ˈblɒːkʰɱɑːl/
Scots,[foxt]
Scots,/had/
Scots,[ˈwɪrθi]
Scots,[ˈɛkəmi]
Scots,/ˈebərlɛde/
Scots,/ˈdʒotər/
Scots,/ˈblɒːf/
Scots,/ˈɔnihɪn/
Scots,/ˈbʌrkənʃɔː/
Scots,/mɑend/
Scots,/kɑː ˈkani/
Scots,/ˈfɹʌʃ/
Scots,[ɡɑːn]
Scots,/ˈedɪsən/
Scots,/ɡən ɪn/
Scots,/ˈekwəl/
Scots,/ˈbaɪk/
Scots,/əˈnɔː/
Scots,/ˈblɑʃ/
Scots,/ɑɪ/
Scots,[ˈflaːxtər]
Scots,/plak/
Scots,[ˈsəi̯]
Scots,/əˈɡɛn/
Scots,[ˈɡydˌbrɪðər]
Scots,/ˈfuːsti/
Scots,/ˈpuʃən/
Scots,[ˈtɔːte]
Scots,/wɑtər/
Scots,/ˈɔndrə/
Scots,/əˈwɑː/
Scots,/ˈjɪblɪnz/
Scots,/bɹuːn/
Scots,/teɡl/
Scots,[ˈɡjødˌbrɪðər]
Scots,[dod]
Scots,/ˈkorbi/
Scots,/ˈʌnər/
Scots,/biːr/
Scots,[boʔ]
Scots,/ˈɑflɑt/
Scots,/ʌpˈstrɑxt/
Scots,/ˈbɔusʌm/
Scots,/ˈdɪzɪnt/
Scots,/ˈəbstrak(t)/
Scots,[puər]
Scots,/ˈstɪmpərt/
Scots,/ˈɛv(ə)rən/
Scots,/əˈliːvən/
Scots,/ɔ.xo.nə/
Scots,/kɑːv/
Scots,[ˈmarə]
Scots,[ˈaːxnkraː]
Scots,/eθ/
Scots,/ˈɛ-/
Scots,/blaɪð/
Scots,[ˈkusər]
Scots,/əˈbeːz/
Scots,/ˈkluər/
Scots,/dʌɡs/
Scots,[ˈwɪrdi]
Scots,/bɛrn/
Scots,[ə]
Scots,/ˈpuʒən/
Scots,[ˈfʌuər]
Scots,/əˈbiç/
Scots,[briʃts]
Scots,/plɪt/
Scots,/klɪm/
Scots,/wɑl/
Scots,/ˌɛnˈfaːld/
Scots,/ˈɛl.dɪn/
Scots,[lʌv]
Scots,[ðə]
Scots,/pʌj/
Scots,[hɑːsben]
Scots,/ʃeː/
Scots,/jɑːk/
Scots,/ˈflɑˌnin/
Scots,/ɑf/
Scots,/əˈɡrʌn/
Scots,/ˈʃaːxl̩/
Scots,/ˈfren/
Scots,[ˈbɛtər]
Scots,/ˈnans/
Scots,/ˈɑfrod/
Scots,/ˈbraməl/
Scots,[əˈkystəm]
Scots,[ɡrɑːt]
Scots,[bin]
Scots,/djuk/
Scots,[ɛnˈsɛnji]
Scots,/ˈsɪlvəɹ/
Scots,[θrʌml]
Scots,/hoːm/
Scots,/ˈakəmi/
Scots,/tɪθ/
Scots,/ˈɛrt͡ʃər/
Scots,[əˈnɛnt]
Scots,/ˈflɪt/
Scots,/əˈbyn/
Scots,/ˈhɛx/
Scots,/koːx/
Scots,/ɪlk/
Scots,/al(d)/
Scots,/ˈedəmsən/
Scots,/wɪrd/
Scots,/ˈbɑːljən/
Scots,[stilbuː]
Scots,/əˈdʌʊ/
Scots,/advərˈtiːzər/
Scots,/ˈeɡl/
Scots,/ˈɑndrə/
Scots,/ˈwɪ(t)θ/
Scots,/ˈelɪs/
Scots,/lɔx/
Scots,[kɛnd]
Scots,/ˈdʒimz/
Scots,/ˈperiʃ/
Scots,/əˈbit/
Scots,[jɪn]
Scots,/-ft/
Scots,/aɪ/
Scots,/ɑʍʌm̩l̩/
Scots,/nɛ/
Scots,/ˈfʌˌmʌl.ɪn̩/
Scots,/ɑx/
Scots,/ˈadminɪstər/
Scots,/ˈɑːnˈtɑːn/
Scots,/ˈatvɪ̢rd/
Scots,/skʊlt/
Scots,[ɡrit]
Scots,/ˈhʌndər/
Scots,/əˈleːvən/
Scots,[ˈlɑːlənz]
Scots,[løːv]
Scots,/ˈdiˌsɛl/
Scots,[nuːz]
Scots,[kɔːr]
Scots,/ˈkol/
Scots,[ɡɪd]
Scots,/ɡrʌnd/
Scots,/ɑːnwʌull/
Scots,/ʃiː/
Scots,/əˈb(j)ɪs/
Scots,[ˈbɪ]
Scots,[ˈbɔːðər]
Scots,/wɑr/
Scots,/ɑˈkrɛs/
Scots,/ɔː-/
Scots,/ˈafrɪke/
Scots,/ˈɑdl/
Scots,/əˈkɑːz/
Scots,[ˈhɪvən]
Scots,/ˈadrɛs/
Scots,/heɪ̯m/
Scots,/ˈbɛrk/
Scots,/deː/
Scots,/ˈpolɪs/
Scots,[kʌlf]
Scots,/ˈtunti/
Scots,/ˈblɛləm/
Scots,/ˈɑ(ː)bər/
Scots,[mɑːn]
Scots,/əˈbʌn(d)/
Scots,/ˈɑːlʌɹ/
Scots,/ɪnəˈbilɪtɪ/
Scots,/mə/
Scots,/ˈkɛnspɛkl/
Scots,/ʌpˈhɔd/
Scots,/rʌuθ/
Scots,[bʌu]
Scots,/ˈkɑlər/
Scots,/əˈbridθ/
Scots,/sɪmət/
Scots,/ˈðiˌsɛl/
Scots,[ded driç]
Scots,[ˈɡødˌfaːdər]
Scots,/ˈhɪ/
Scots,/tʃapman/
Scots,/ˈwɑliːˌdreɪɡəl/
Scots,/ˈezl-tyθ/
Scots,/ˈbɔuiː/
Scots,/dəik/
Scots,/brid/
Scots,/adminɪˈstrɑːʃən/
Scots,/sʌn/
Scots,/red/
Scots,/ˈçʲɛː/
Scots,[jɛt]
Scots,/ʍɑː/
Scots,[ˈtʃine]
Scots,/wird/
Scots,/twe/
Scots,/ˈfɛrnər/
Scots,/wɑnst/
Scots,[nɛfl]
Scots,[ˈbɪrsɪ]
Scots,/ˈhɪrsl/
Scots,/ˈkəilɪ/
Scots,/ˈɛbərlede/
Scots,ðə
Scots,[əˈkɪstəm]
Scots,/hux/
Scots,/çɪm/
Scots,/-nə/
Scots,/ˈɔniθɪn/
Scots,[ˈɪndʒəin]
Scots,/ˈbɪrkən/
Scots,/eːbesnˈbɑθːns/
Scots,/n(ː)/
Scots,[ˈɡɪddem]
Scots,/bjux/
Scots,/ˈɑː-/
Scots,[bi(ː)]
Scots,[kwɑt]
Scots,/bʌxt/
Scots,[fuwr]
Scots,/əˈbrid/
Scots,/wɑn/
Scots,/tun/
Scots,/wars/
Scots,/wans/
Scots,/us/
Scots,/ˈbulɪmənts/
Scots,[blit]
Scots,[ˈbə]
Scots,[miːr]
Scots,[ˈɡydˌsɪstər]
Scots,/wɑːk/
Scots,/ˈbreɪrd/
Scots,/ˈɑfpɛt/
Scots,[jon]
Scots,/mek/
Scots,/mjur.hus/
Scots,/θrat͡ʃ/
Scots,[ˈfeːçtiː]
Scots,[myːr]
Scots,/ˈe-/
Scots,/əˈdap(t)/
Scots,/ʌpˈhɑd/
Scots,[puː]
Scots,[t(ə)]
Scots,/ˈlɑŋsəm/
Scots,/ˈtʃʌm.lu.breɪs/
Scots,[məˈtaʃ]
Scots,/af/
Scots,/ˈɛkəmi/
Scots,[hel]
Scots,[əˈbriʃt]
Scots,/aːl/
Scots,[ˈpɑe.ət]
Scots,[fjuxʍn]
Scots,/ˈnɪθɪn/
Scots,[ˈhemˌdraːxtɪt]
Scots,[heməl]
Scots,[ˈsteʃən]
Scots,[ˈkaljʌx]
Scots,[ʌl]
Scots,/ɛsp/
Scots,/ˈɛbərdinʃər/
Scots,/twɔː/
Scots,[ˈɡjødˌmɪdər]
Scots,/bri/
Scots,[ˈɡydˌfaːdər]
Scots,/ɑːɹʌll/
Scots,[ˈɡidˌdoxtər]
Scots,/bʌun/
Scots,/ˈbɛrkənʃaː/
Scots,[lɪpn]
Scots,/dəˈlɪxt/
Scots,/ˈɑfpɪt/
Scots,[ˈflɔːxtər]
Scots,/ˈɡrɛˌvʌl/
Scots,[ˈɡjødˌfaːdər]
Scots,/spiːr/
Scots,/ɡʌu/
Scots,/ˈezɪˈwaːz/
Scots,/ˈeːrtʃɪˌbaːl(d)/
Scots,/aːm/
Scots,/əˈdʒəil/
Scots,/ˈɛtrən/
Scots,/ɡʌi/
Scots,/ˈfɛrɲər/
Scots,/ˈeɪɡʌr/
Scots,/ˈmi.nət/
Scots,[ˈwʌləm]
Scots,[wen]
Scots,[kent]
Scots,/ɑː/
Scots,/ˈblɑkʰɱɛl/
Scots,[ˈtate]
Scots,/lɛrn/
Scots,/ˈbɛrkənʃɑː/
Scots,/fʌuk/
Scots,/ˈdrukit/
Scots,/heːn/
Scots,[nɪz]
Scots,/ˈʃʌdnɪ/
Scots,/tʃub/
Scots,/əˈdiː/
Scots,[ˈwɪnde]
Scots,/ˈjild/
Scots,/ˈbɪl/
Scots,/ˈkɑbɪt͡ʃ/
Scots,/ˈbʌlɪt/
Scots,[ˈɡeddem]
Scots,/ˈblɔustʌr/
Scots,/waʔər/
Scots,[ˈtʃinə]
Scots,[ʃekl]
Scots,/ˈswalɪ/
Scots,/søn/
Scots,/jeːrd/
Scots,/ˈɑfˈhɑn(d)/
Scots,[briʃtbin]
Scots,/ˈbrʌudən/
Scots,[keːr]
Scots,/ɛbərˈdin/
Scots,/ˈdɪk.ʃɪ.nʌr/
Scots,/ɑθɹɒːw/
Scots,/es/
Scots,/ˈbɑrfɪt/
Scots,[hemət]
Scots,/drip/
Scots,/u/
Scots,[boxt]
Scots,/ɛˈviʔ/
Scots,[heməlt]
Scots,/əˈbɔɪlɪmɪnt/
Scots,/ˈɑfˈkɑstɪnz/
Scots,/ˈɡrɑːvət/
Scots,[ˈbɑɪ̯]
Scots,/ˈɑn.trən/
Scots,/hrʌj/
Scots,/braː/
Scots,/ˈɑːbət/
Scots,/ˈɛbərdinʃəir/
Scots,/ˈeːvələs/
Scots,/wər/
Scots,[ˈbɔːɫər]
Scots,[kɑːz]
Scots,/ˈbo.θən/
Scots,[sprɪŋ]
Scots,/ˈfɛrnjər/
Scots,[fox(t)(ə)n]
Scots,/ˈdaːvɪt/
Scots,/ˈfʌjər/
Scots,/ˈhɪrpl/
Scots,/-ər/
Scots,/ˈrabərt/
Scots,/d͡ʒʌmp/
Scots,/ˈhɛʔɪ/
Scots,/ˈekl/
Scots,[ˈɡwidˌdoθər]
Scots,/hɛçt/
Scots,/tiθ/
Scots,/əˈbiː/
Scots,/ˈeːsəm/
Scots,/ˈjeːfl(d)/
Scots,/ˈɛrn/
Scots,/ɛkˈsɛʃən/
Scots,/eːst/
Scots,/ˈbɛrfɪ̜t/
Scots,/ˈsterne/
Scots,/ˈdɪvɪnt/
Scots,/ˈjaməl(t)/
Scots,/ˈɛːxən/
Scots,/in/
Scots,/bun/
Scots,/hɪçt/
Scots,/ˈvonte/
Scots,[d͡ʒʌmp]
Scots,/ˈɑːθɪŋ/
Scots,[mjuːr]
Scots,/-ˈriŋi/
Scots,/ˈɑkrər/
Scots,/l.sə/
Scots,/ˈbɔ.dəx/
Scots,/ˈaːɡa/
Scots,/ˈaktiːvɪtɪ/
Scots,/ˈnɛ.vər/
Scots,/wal/
Scots,/rəˈkunt/
Scots,/wɒn/
Scots,/ˈild/
Scots,/spɪn/
Scots,/əˈɡɛnst/
Scots,[ˈɡydˌbridər]
Scots,/ˈkɔːŋɡkʌr/
Scots,/ˈɡarvɪ/
Scots,/froːd/
Scots,/ˌheɪ̯ eɪ̯ns ˈeɪ̯n teɪ̯ ˌdeɪ̯/
Scots,/eːbe/
Scots,/ˈwɔdnɪ/
Scots,/jɛː/
Scots,/nixt/
Scots,/əˈbɑk/
Scots,/ˈkrɔmək/
Scots,/kɑːf/
Scots,[pəˈtɔːte]
Scots,/ɡən/
Scots,/rund/
Scots,[myːrful]
Scots,/sɑrk/
Scots,/ˈtʃeːrlz/
Scots,/adminɪˈstreʃən/
Scots,/baŋk/
Scots,[ˈkjarlɪn]
Scots,/əˈbøːs/
Scots,/əˈɡliː/
Scots,[dʒøn]
Scots,[ˈɡwidˌbrɪðər]
Scots,/ˈɑː.brə.hɑm/
Scots,/əˈdøː/
Scots,/saks/
Scots,[ˈbraːdi]
Scots,[ˈfɛðər]
Scots,/lup/
Scots,/θeːɹ/
Scots,/wʌd/
Scots,/ins/
Scots,[ˈjunəvɛrsəti]
Scots,[ˈheːv(ə)r(ə)l]
Scots,/ˈeʃlər/
Scots,/ˈbrʌkl/
Scots,/flør/
Scots,/eins/
Scots,[pran]
Scots,[ˈwiləm]
Scots,/ˈforˌnin/
Scots,[ˈfɛbruər]
Scots,/-rɛn/
Scots,/ˈlib(ə)rəre/
Scots,/ˈɡlezɡə/
Scots,/tɪrl/
Scots,/o/
Scots,/wɔf/
Scots,/əˈnɒː/
Scots,/ˈɛbərdʌuːr/
Scots,/ˈdɪt/
Scots,/əmˈsɛl/
Scots,/ˈeːrtʃɪˌbɔːl(d)/
Scots,/əˈkwɛntəns/
Scots,/heɡ/
Scots,[hɔːsben]
Scots,/is/
Scots,/θi/
Scots,[ˈdɔːxt̪ər]
Scots,/ˈɡæləs/
Scots,/bɪɡ/
Scots,/kae/
Scots,[møːrful]
Scots,/ˈbəik/
Scots,/ˈɑsl-/
Scots,/nʌut/
Scots,[(j)iːr]
Scots,/dʒʌk/
Scots,/aː(l)/
Scots,/tʃild/
Scots,[spɛkɪn]
Scots,/ˈtʃɔrk/
Scots,/ðeː/
Scots,/ˈone/
Scots,/ˈnɪhɪn/
Scots,/əˈbəɪl/
Scots,/əm/
Scots,/ɔl(d)/
Scots,[foˈtɪ]
Scots,/advərˈtiːzmənt/
Scots,/kɑpərnəiti/
Scots,/doɡ/
Scots,/ˈforˌnøn/
Scots,/θum/
Scots,[ˈbɔːhid]
Scots,/θoː/
Scots,[ˈɡidˌsɪn]
Scots,[ˈmɪdərˌtʌŋ]
Scots,[ˈɡydˌdoxtər]
Scots,/kwəin/
Scots,/ˈkel/
Scots,[ɡɒːn]
Scots,[saːt]
Scots,[ˈɡydˌdɔxtər]
Scots,/simətri/
Scots,/ˈeː ˈbiː ˈɑbz/
Scots,/wi/
Scots,/wʌst/
Scots,/akˈsɛnt/
Scots,/ɑːbl/
Scots,/buːrdlɪ/
Scots,[nɛvl]
Scots,/kʌun/
Scots,/məin/
Scots,/aːrm/
Scots,/ma/
Scots,/θɹɑn/
Scots,/dwəin/
Scots,/føl/
Scots,/ɔː/
Scots,[ˈɡwidˌsɪstər]
Scots,[mʌusər]
Scots,/buː/
Scots,/wəi/
Scots,/ˈbɔɪljɪmɪnts/
Scots,/ˈmaʊdɪ/
Scots,[ˈɡødˌsɪstər]
Scots,/ɡuld/
Scots,/ˈekəspaɪr(d)/
Scots,/təis/
Scots,/ˈɔniwər/
Scots,/bok/
Scots,/əbˈstɛrʃən/
Scots,/ˈɑɡərəs/
Scots,[ˈmestlɪnz]
Scots,/eːn/
Scots,/ɡjɑŋ/
Scots,[fʌur]
Scots,[ðɪˈɡɪðər]
Scots,[rʌux]
Scots,/fa/
Scots,[dəid driç]
Scots,/ˈɑˈɑnˈtin/
Scots,/huː/
Scots,/ˈdɪ.nɪ/
Scots,deː/
Scots,/ɛt/
Scots,/prəˈsiz/
Scots,/ˈeːzɪ/
Scots,[ˈɡødˌmɪðər]
Scots,/ˈebərdinʃər/
Scots,/nup/
Scots,/əns/
Scots,/ˈɡʌudən/
Scots,/triː/
Scots,/ˈɪkər/
Scots,/ˈblin/
Scots,/rɛŋθ/
Scots,/ˈtʃɪri/
Scots,/leð/
Scots,[ˈɡedˌfɛðər]
Scots,/ˈeplˈrŋi/
Scots,/əˈbliːz/
Scots,/ˈswɪðər/
Scots,/aˈsɛnt/
Scots,[feːçt]
Scots,[smʌʃt]
Scots,/bøːrdlɪ/
Scots,/ˈfem(ə)lɪ/
Scots,/əˈhent/
Scots,[ɡrʌʃ]
Scots,[ɡwid]
Scots,/ˈʌjti/
Scots,/ɛçt/
Scots,[ʃakl]
Scots,/wɔː/
Scots,/ɛrm/
Scots,/ˈfluːˌriːʃ/
Scots,/pɪt/
Scots,/ˈdoxtər/
Scots,/dwɑːm/
Scots,/koːn/
Scots,/əˈdeː/
Scots,/ˈdɪsebl/
Scots,/ˈtjuxtər/
Scots,[ˈkɛrlɪn]
Scots,/ˌɛnˈfɔːld/
Scots,/ɑˈdərəm/
Scots,/wiːld/
Scots,/faʃ/
Scots,[nʌu]
Scots,/b(j)uːrd/
Scots,[ˈɡedˌsɪstər]
Scots,/ˈtreθ/
Scots,[ˈdanðər]
Scots,/ˈɛl.dɪŋ/
Scots,/ˈakɹəɡ/
Scots,/skoːrn/
Scots,[brists]
Scots,/ˈèrə/
Scots,[kɛnt]
Scots,/ʌɡl/
Scots,/jɑns/
Scots,[duːr]
Scots,[ˈbrɛkwɪst]
Scots,[ˈɡjødˌmɪðər]
Scots,[faeçt]
Scots,[ʍo̞t]
Scots,[ˈdʒanwər]
Scots,[ˈmenɪnlɛs]
Scots,/ˈmɪtər/
Scots,/fɪl/
Scots,/ʌm/
Scots,/ˈhɪˌdʌl/
Scots,/ˈkɔːmɛl/
Scots,[ˈdɪzɛmˈbər]
Scots,/ˈebi/
Scots,[ˈmeːre]
Scots,/adˈmisɪbl̩/
Scots,/ˈeberluːr/
Scots,[əˈtwil]
Scots,[ˈkwim]
Scots,/-beːsiː/
Scots,/ˈbreɪ/
Scots,/brɪŋ/
Scots,/ˈkɔrbɪ/
Scots,/ˈɡaʔɪ/
Scots,/əˈhɒːl/
Scots,/bəˈspɪk/
Scots,/hɑf/
Scots,[mɔːn]
Scots,/pɛç/
Scots,[wʌrθ]
Scots,/kɑpərnɔɪltɪ̢ /
Scots,[fɑːxt]
Scots,[disˈdʒun]
Scots,/ebərˈdin/
Scots,/sim(ɪ)lər/
Scots,/ˈstarne/
Scots,[ˈɡɪdˌsɪn]
Scots,[ˈfɪðər]
Scots,/hi/
Scots,[muˈtaʃ]
Scots,/ˈɑfən/
Scots,/divəl/
Scots,/ˈtəiər/
Scots,/bɛrnhid/
Scots,/əˈbəil/
Scots,/epl/
Scots,/ˈbuːrəx/
Scots,/ˈad(j)us/
Scots,/ˈbɪɡəɹ.man/
Scots,[rə]
Scots,/ˈblɒːknɛb/
Scots,/ˈkɑrlɪn/
Scots,/ˈfɛr/
Scots,[nɪvl]
Scots,/ˈkɑrˌvi/
Scots,/ˌɔl(d)ˌlɑŋ ˈsəin/
Scots,/ˈkuːl/
Scots,/əkˈsɛp/
Scots,[ˈsaːtər]
Scots,[ˈtʃini]
Scots,/kaːd/
Scots,/əˈfiːr/
Scots,[ˈdɑːxtər]
Scots,/ɛrt/
Scots,/ˈdɪ.nə/
Scots,/rid/
Scots,/əˈdʒɪtet/
Scots,/strəˈmaʃ/
Scots,/ˈsmɛdəm/
Scots,/ˈdʒɔr(d)ʒ/
Scots,/ˈbleɪvər/
Scots,[ˈwetər]
Scots,/ˈɑxərspiːr/
Scots,/nin/
Scots,/wəit/
Scots,[ˈɡødˌbridər]
Scots,/əˈkwɛnt/
Scots,/ə/
Scots,/ˈjɛld/
Scots,[nøːz]
Scots,/θrʌj/
Scots,[ˈdoθər]
Scots,/ˈni.bər/
Scots,/ʌˈbred/
Scots,/ˈlair/
Scots,/jæːfɒl(d)/
Scots,[ˈpiti]
Scots,[ˈspokən]
Scots,/bɑɪˈɔrdnər/
Scots,[ˈɡɪdˌbrɪðər]
Scots,/ˈminɪstrɪ/
Scots,[ˈɡydˌmɪðər]
Scots,/swəi(ə)r/
Scots,/ˈteɡl̩səm/
Scots,/ʃøː/
Scots,/ˈwɛslɪnz/
Scots,/blɪd/
Scots,/ˈadminɪkl̩/
Scots,/oe/
Scots,/kʌɪð/
Scots,[ˈɡɪmər]
Scots,/əˈbin/
Scots,/plet/
Scots,/ʍan/
Scots,/ˈbɛrfɪt/
Scots,/klaxən/
Scots,/we/
Scots,/ɑːtɑp/
Scots,/ˈebərdinʃəir/
Scots,/ˈbreɪːrd/
Scots,/wiː/
Scots,/ˈbɔu-ĭ/
Scots,/hɑɡ/
Scots,[sɪn]
Scots,/en/
Scots,/nɪçt/
Scots,/d͡ʒəˈluːz/
Scots,[trɔt]
Scots,/lil/
Scots,/ˈtʃaldər/
Scots,/ˈsiːvən/
Scots,/loz/
Scots,/pir/
Scots,/əˈbynhid/
Scots,[ˈhemˌdrɑːxtɪt]
Scots,/kwin/
Scots,[ˈɡedˌmɪðər]
Scots,[ˈkeljʌx]
Scots,[əˈbrist]
Scots,/wɑːv/
Scots,/ˈeːrtʃɪˌbɑːl(d)/
Scots,/ˈlʌnən/
Scots,[ʍɑt]
Scots,[ˈfeːðər]
Scots,/ˈebərˈdin əˈwɑː/
Scots,/øst/
Scots,[saːn(ʔ)t]
Scots,[ˈɪndʒɪniːr]
Scots,/əˈbutɡ(j)aːn/
Scots,/møn/
Scots,/əˈhem/
Scots,/ˈwʌdɪn/
Scots,/ˈhjuk/
Scots,/drɑ(ː)xt/
Scots,/rim/
Scots,[strɑːxt]
Scots,/sɛlx/
Scots,/abl/
Scots,[ˈmɔːkɪn]
Scots,/eː/
Scots,/ˈkɔp.ʃi/
Scots,/ˈe ˈbi ˈbʌf/
Scots,[ˈɡjødˌfɛðər]
Scots,/ɡləi/
Scots,[spaːl]
Scots,/ɑːbeːseː/
Scots,/bern/
Scots,[spɔːl]
Scots,/ˈeblɪnz/
Scots,[voːr]
Scots,/ˈvɑnti/
Scots,[ˈbɑːhid]
Scots,/ˈkrui ˈpruəlz/
Scots,/ˈdrukət/
Scots,/ˈwæpənʃɑːɪŋ/
Scots,/esp/
Scots,[bruːzl]
Scots,[ˈvɛra]
Scots,/skeθ/
Scots,/ˈduːkər/
Scots,/ˈbɪɡ-lʌɡɪt/
Scots,/skʌlt/
Scots,/ˈbrɪkl/
Scots,/swir/
Scots,[fjuː]
Scots,[wɪrt]
Scots,/ˈedl/
Scots,/əˈkwɑntəns/
Scots,/ek/
Scots,/ˈdeːvʌr/
Scots,/lɪŋks/
Scots,[ˈɑxnkrɑː]
Scots,/erm/
Scots,[bʌrs]
Scots,/drɒːxt/
Scots,/wɪk/
Scots,/ˈebərˈdin əˈweː/
Scots,/leːrd/
Scots,[məi]
Scots,[ɡrɪt]
Scots,[spɛk]
Scots,[ˈɡjøddem]
Scots,/jɛns/
Scots,[ˈflɑːxtər]
Scots,/ˈseːvən/
Scots,/əˈɡ(j)u/
Scots,[ˈwʌndə]
Scots,/əˈɡɪən/
Scots,/lud/
Scots,/ˈhi.lən/
Scots,/ˈsivɪn/
Scots,[ˈɡjødˌdoxtər]
Scots,[sɑːnt]
Scots,[blet]
Scots,/ˈdɪʔ/
Scots,/feːt/
Scots,/jɔːk/
Scots,/ɔxt/
Scots,/ˈɑn.trɪn/
Scots,/ɪst/
Scots,/ˈblystər/
Scots,[ɡid]
Scots,/ðɛr/
Scots,/ɪn/
Scots,[meːr]
Scots,[tup]
Scots,/ˈɡriʃəx/
Scots,/smek/
Scots,[ˈalɛksandər]
Scots,/ˈkeɪf/
Scots,[ðɔn]
Scots,/pərˈkwir/
Scots,/lɪçt/
Scots,/ˈflɪʔ/
Scots,/ˈtʃʌm.lu/
Scots,/ˌtɑ(ː)te ˈskɔn/
Scots,/əˈbutkast/
Scots,/ʍez/
Scots,[ˈɡɪdˌdɔxtər]
Scots,/ˈbɪrk/
Scots,[beθ]
Scots,/ˈsəivən/
Scots,/ˈɔntɪd/
Scots,/wʌrs/
Scots,/ˈɡeːr/
Scots,/ˈblini/
Scots,[pøːr]
Scots,[dʒɛrɡ]
Scots,/ˈkluːr/
Scots,/ˈθʌn(d)ər/
Scots,/əˈbaɪ/
Scots,/ɛtl/
Scots,/ˈdʒoi.nər/
Scots,/ˈbruːkiː/
Scots,[ˈsɑːtər]
Scots,/sa/
Scots,/ˈɡair.(o)/
Scots,[spoː]
Scots,[hɑːs]
Scots,/ɛpl/
Scots,/stɛrt/
Scots,/sɑd/
Scots,/jeː/
Scots,/ˈɡlekɪt/
Scots,/ˈwʌnɪ/
Scots,/ɡɑŋ/
Scots,/ˈɛˌlʌm/
Scots,/ˈdəʊːvʌr/
Scots,/ʍʌn/
Scots,/dʌup/
Scots,/ˈblɑkʰɱɪl/
Scots,/tjub/
Scots,/haf/
Scots,/ˈekrər/
Scots,/ˈtaməs/
Scots,/ˌɛnˈfʌuld/
Scots,/tøθ/
Scots,/ˈbriːðər/
Scots,[rox]
Scots,[ˈmɪðərˌtʌŋ]
Scots,/blɛk/
Scots,/strɑˈveɡ/
Scots,/ɛx/
Scots,[əˈvɔː]
Scots,/ˈθuzənd/
Scots,[foˈteː]
Scots,/ˈkʌdnɪ/
Scots,/ˈjɛ.lə/
Scots,[tʃʌrk]
Scots,/ˈfɛrnjir/
Scots,[ˈhelsəm]
Scots,[fjuxt]
Scots,/est/
Scots,/ˈblɪd-tʰʌŋ/
Scots,/døl/
Scots,/ert/
Scots,/dɪ/
Scots,[ˈwʌrθi]
Scots,[ˈsi]
Scots,/ˈbɔlɪmənts/
Scots,/ˈbreɪfɪ/
Scots,/ˈbrɪkiː/
Scots,/θrɪ/
Scots,/ˈɪŋən/
Scots,[ˈɡɪdˌdoxtər]
Scots,/ˈbʌrs(ə)l/
Scots,[fjuxʍt]
Scots,[ˈwɪləm]
Scots,/dɪŋ/
Scots,[wɪrθ]
Scots,[faːdər]
Scots,[ˈɡɪdˌsɪstər]
Scots,/aft/
Scots,[ˈʌmʍəil]
Scots,/ˈbɛnt/
Scots,/strek/
Scots,/dil/
Scots,/pled/
Scots,/dɛː/
Scots,[ˈɡødˌdɔxtər]
Scots,/jɪl(ː)/
Scots,/driː/
Scots,[ˈbrekwʌst]
Scots,[ən.əˈkwɑnt]
Scots,[ˈdɔθər]
Scots,[dʒɪrt]
Scots,/əˈləivən/
Scots,/beːrd/
Scots,[ˈwadər]
Scots,/ˈdɪk.ʃɪ.nər/
Scots,/əˈɡləi/
Scots,/çjʌx/
Scots,/əˈbiːz/
Scots,/ˈɛbərlɛde/
Scots,/admoˈniʃən/
Scots,/səin/
Scots,/çjuː/
Scots,/ˈbreɪhæɡ/
Scots,/ˈhjʌk/
Scots,[hjɛməl]
Scots,/ˈɑfˈfɑ.ɪnz/
Scots,/kunt/
Scots,[əˈnɛθ]
Scots,[fɛərd]
Scots,[əˈvaː]
Scots,[stilbʌu]
Scots,/nʌʔ/
Scots,/ˈeːðər/
Scots,/nʌuts/
Scots,[ˈwʌndi]
Scots,/ˈɑbəsi/
Scots,[ˈɡedˌbrɪðər]
Scots,/ˈbɪŋ/
Scots,/ˈɑfsɛt/
Scots,/əbˈsten/
Scots,/çjux/
Scots,/ˌreɪl məˈkaɪ/
Scots,[hʌrkl]
Scots,[ˈɡedˌfeːðər]
Scots,[ˈɡedˌdɔxtər]
Scots,[əˈnænt]
Scots,/bʌl/
Scots,/ədˈhibɪt/
Scots,[bəˈspak]
Scots,/adˈmit/
Scots,[knʌu]
Scots,/eːrtɪkl/
Scots,[ˈwɪnək]
Scots,/ɑft/
Scots,[ˈbrʌrə]
Scots,/ert͡ʃ/
Scots,[krɔk]
Scots,[trot]
Scots,/wə/
Scots,/eiç/
Scots,/ex/
Scots,/ˌtɑ(ː)te ˈkeːk/
Scots,/hɔd/
Scots,/ɔb/
Scots,/pluk/
Scots,[sɔːt]
Scots,/ˈɛl.bɪ/
Scots,[ˈɡjødˌfeːðər]
Scots,[kaːr]
Scots,/ˈeːdʒənt/
Scots,/ˈfeːrn/
Scots,[əkˈsɛp(t)]
Scots,[teː]
Scots,/jɪrd/
Scots,[ˈɡjødˌsɪn]
Scots,/taez/
Scots,/ˈaktər/
Scots,[jɛl(d)]
Scots,[bʌrz]
Scots,[ˈɡjødˌbridər]
Scots,[lɪv]
Scots,/ˈtwɛl/
Scots,/tʃʌuk/
Scots,/əˈbøl(j)ɪmənt/
Scots,[ˈɡyddem]
Scots,/nɪxt/
Scots,/əˈhɪn(d)/
Scots,/snɔd/
Scots,[ˈɡedˌdoxtər]
Scots,/ˈbɪrkənʃɒː/
Scots,/ˈkɔl/
Scots,/əˈɡenst/
Scots,/həim/
Scots,/neɪ/
Scots,/aːv/
Scots,/swiːrt/
Scots,[tʃamp]
Scots,/ɪ/
Scots,/aː/
Scots,/ebɪ/
Scots,/ˈspɪnfɪ/
Scots,/ˈbreɪhiːd/
Scots,[ˈsikənt]
Scots,/tøl/
Scots,/bʌri/
Scots,/miːz/
Scots,/ˈsɪs.tərn/
Scots,[ben]
Scots,[piːr]
Scots,/ɪˈn(j)ʌx/
Scots,/ein/
Scots,[tnʌu]
Scots,/ˌriəl məˈkaɪ/
Scots,/eɡ/
Scots,[ˈɡʌtʃər]
Scots,/ˈʍizl/
Scots,/ˈfrɛmət/
Scots,/əˈfld/
Scots,/ˈɑkɪspəir/
Scots,[ˈsekənt]
Scots,/ðu/
Scots,/adminɪˈstraːʃən/
Scots,/ˈedəm/
Scots,/ˈhɛn(d)ri/
Scots,/jɪrdɪt/
Scots,/ˈdʒor(d)ʒ/
Scots,[dʒamp]
Scots,/əˈflɔxt/
Scots,/ˈnɪ.vər/
Scots,/ˈbʌljəmənts/
Scots,/ˈɡrozər/
Scots,/ˈaɡək/
Scots,[tʃɪrt]
Scots,[ɡyd]
Scots,[bɛst]
Scots,/aɡ/
Scots,/wan/
Scots,/əˈɡjɑːn/
Scots,[ˈmɑːkɪn]
Scots,[bʌu(x)t]
Scots,/broxt/
Scots,[ˈɡødˌfeːðər]
Scots,/eɪpɜːɹn/
Scots,/ˈfeːrs/
Scots,/əˈkləit/
Scots,/akˈʃən/
Scots,[spɪk]
Scots,/ˈfid/
Scots,[okˈtobər]
Scots,/ɑːrm/
Scots,/ɛː/
Scots,/jɪbl/
Scots,/ˈfɪðər/
Scots,/ˈkɔil/
Scots,[buː]
Scots,/hjɪm/
Scots,/ˈeːðkɪn/
Scots,[ˈhɪvənlɪ]
Scots,/hid/
Scots,/ˈbɑːtɒk/
Scots,/ˈɪmɪs/
Scots,/ˈɑk(t)wəlɪ/
Scots,[foˈtə]
Scots,/drɔɪç/
Scots,/ˈfʌˌmʌl/
Scots,/ˈekər/
Scots,[ʍɑʔ]
Scots,[tip]
Scots,/ebl/
Scots,/ˈko.ɡəl/
Scots,/adminɪˈstrɔːʃən/
Scots,[spe]
Scots,/waf/
Scots,[ˈɡiddem]
Scots,[ˈbrakwəst]
Scots,[ˈminɪn]
Scots,/ˈɑːkər/
Scots,/ˈpalmira/
Scots,/klɑnˈd͡ʒɑmfrɪ̜/
Scots,[beinɪ]
Scots,/ɡrəis/
Scots,[ˈmɪðər]
Scots,/brɔx/
Scots,/jɪn/
Scots,/əˈfuːrd/
Scots,[ˈɡɪdˌfɛðər]
Scots,[ˈɡydˌfɛðər]
Scots,/ˈsurək/
Scots,/ˈmɛre/
Scots,/skeð/
Scots,[dʒam]
Scots,/dim/
Scots,/ʌmˈsɛl/
Scots,/weːv/
Scots,/ˈkʌɡl/
Scots,[ˈɡidˌmɪðər]
Scots,/net/
Scots,/ˈenɪməl/
Scots,/ˈædərtən/
Scots,[ni(ː)v]
Scots,/js/
Scots,/ˈdʒəi.nər/
Scots,/ˈtoxər/
Scots,/pʌu/
Scots,/ˈdeːvər/
Scots,/ɫad/
Scots,/ˈvɑːkʌm/
Scots,/ˈɑftək/
Scots,/əˈhɪnt/
Scots,/ɫɑd/
Scots,/kʌm/
Scots,/ðɑe/
Scots,[ˈɡødˌbrɪðər]
Scots,[bɪrz]
Scots,/ˈbɛnti/
Scots,[spɪkɪn]
Scots,[war]
Scots,/əbˈstin/
Scots,/ˈadvɛntər/
Scots,[ˈwɪən]
Scots,/ˈtʃʌm.lu.kɔːn/
Scots,/bruːn/
Scots,[ʍɪt]
Scots,/ˈaktrəs/
Scots,/eːz/
Scots,[ɡed]
Scots,[tʃɪrk]
Scots,/wəik/
Scots,/bɑːˈbiː/
Scots,/ˈðɑeˌsɛl/
Scots,[maːn]
Scots,[ˈhɛli]
Scots,/ˈblistɪr/
Scots,/tʃap/
Scots,/ˈeslər/
Scots,/ɛnt/
Scots,[strind]
Scots,[fʌu]
Scots,/ˈdɪk.ʃɔ.nər/
Scots,[ˈɡidˌdɔxtər]
Scots,/twɑː/
Scots,/ˈaɡəθə/
Scots,/(w)uf/
Scots,[nɛv]
Scots,[ˈmɛre]
Scots,/driːx/
Scots,/ɡlɛs/
Scots,/ɛrt͡ʃ/
Scots,[liʃ]
Scots,/əˈkwɑnt/
Scots,/ˈanʃənt/
Scots,/woːk/
Scots,/ˈebərlede/
Scots,/ˈbʌld͡ʒəmə(n)ts/
Scots,/ˈèkrər/
Scots,[ˈɡwiddim]
Scots,/ˈɑblɪç/
Scots,/əˈdøms/
Scots,/tur/
Scots,/adməˈralətɪ/
Scots,/ˈbʌkɪt/
Scots,/ˈsʌjɪn/
Scots,[ðon]
Scots,/ˈweɪliːˌdreɪɡəl/
Scots,/ˈbʌbə/
Scots,[bot]
Scots,/ʍəilz/
Scots,[ˈwɪdɪr]
Scots,/ˈesl-/
Scots,[spɑːl]
Scots,[ˈhele]
Scots,/mirɪkl̩/
Scots,/hix/
Scots,[sɔːnt]
Scots,/ˈjeːfɒl/
Scots,/ɛʃ/
Scots,/ˈblɛn/
Scots,[mən]
Scots,/fɑːx/
Scots,/ɑˈdɪ̢kɪ̢t/
Scots,/ˈfʌˌml/
Scots,/ˈʃɑːxl̩/
Scots,[bɪ]
Scots,[hɔːs]
Scots,/splo(ə)r/
Scots,/ˈtuti/
Scots,[θrɪmlt]
Scots,[rʌmp]
Scots,/ˈkʌtɪ/
Scots,[ˈbanər]
Scots,/θɑːɹ/
Scots,/kɑːnɪ/
Scots,/stuk/
Scots,/ˈɡrəi̯m/
Scots,[tʃeften]
Scots,/ɑːˈrɪçt/
Scots,/bɑld/
Scots,/ɡʌud/
Scots,/ʌjˈtin/
Scots,/ˈbʌrkən/
Scots,/ˈʌpˌhɔd/
Scots,/rɪçt/
Scots,/pɪʃ/
Scots,[pəˈtate]
Scots,/kaf/
Scots,/ɑːˈrɛdɪ/
Scots,[ˈɪndʒɪn]
Scots,/ˈfleː/
Scots,/ɡeɪ/
Scots,/ˈfɛrnir/
Scots,/fəiv/
Scots,/kɑː/
Scots,/ɡɪn/
Scots,/jiː/
Scots,/fjuːx/
Scots,[mest]
Scots,/ˈfløt/
Scots,/əˈfoːr/
Scots,/dʒuk/
Scots,/ɪˈn(j)ux/
Scots,/ˈsekənd/
Scots,/ʍe/
Scots,[ʍʌt]
Scots,[ˈɡydˌmɪdər]
Scots,/ˈɑri/
Scots,/lʌʊp/
Scots,/ˈɑbləx/
Scots,/ˈfɛrn/
Scots,/ɡɪŋ/
Scots,/ˈjɛlɪ/
Scots,[brɔɪzl]
Scots,[ˈwibə]
Scots,/ˈstapit/
Scots,/bɔk/
Scots,/ˈbreɪfɪt/
Scots,/ˈnɛtrən/
Scots,/ˈɑːn/
Scots,/hʌuf/
Scots,/əˈbøːz/
Scots,/ˈɑkər/
Scots,/əˈbulɪmənt/
Scots,/ðeː
Scots,/ˌɛnˈfɑːld/
Scots,/adnəˈsjur/
Scots,[θrɪml]
Scots,/dʒon/
Scots,[liv]
Scots,/ˈfrɪxt/
Scots,/ˈhʌrsl/
Scots,/ˈeːfɑl(d)/
Scots,/ˈfʌˌml.ɪn̩/
Scots,/ˈev(ə)rən/
Scots,/dʌɡ/
Scots,/ˈflɛˌnən/
Scots,/əˈfɪt/
Scots,/-ˌbʌul(d)/
Scots,/əˈfɛk(t)/
Scots,/ˈhɪnd/
Scots,[ˈheːvər]
Scots,/ab/
Scots,/koˈloɡ/
Scots,/akəˈdøːr/
Scots,/jɪnst/
Scots,/ˈɔːθɪŋ/
Scots,[jʌu]
Scots,/kiç/
Scots,[dʒɪn]
Scots,/ˈɑkrɪn/
Scots,/ˈpiːri/
Scots,/aɡl/
Scots,/ˈɛksɪz/
Scots,/ˈkleːvər/
Scots,[meːrtʃ]
Scots,[(j)il(d)]
Scots,[ˈwʌrdi]
Scots,/ˈθrɑpəl/
Scots,/mənt/
Scots,/adˈmonɪʃ/
Scots,/ˈdʒuli/
Scots,/ˈbleɪni/
Scots,/trɪθ/
Scots,/ɡlomɪn/
Scots,[bristben]
Scots,[ˈmjaːkɪn]
Scots,[sɑːt]
Scots,/ext/
Scots,[rʌx]
Scots,[skaɪ]
Scots,/ˈdʌui/
Scots,/leθ/
Scots,[flɑːxt]
Scots,/ˈɑxərspaɪr/
Scots,[wiːrd]
Scots,[əˈprəil]
Scots,/ˈbrɒtʃ/
Scots,/di/
Scots,[trɔdl]
Scots,/ˈak(t)wəl/
Scots,[ˈɡidˌbrɪðər]
Scots,[knʌdʒ]
Scots,[ferm]
Scots,/kɔd/
Scots,[hem]
Scots,/jɪblz/
Scots,/əˈɡèː/
Scots,[ˈwɪndə]
Scots,[noxti]
Scots,/eʃ/
Scots,/ˈtɑɡərəm/
Scots,/sun/
Scots,/ˈbɪŋk/
Scots,/ədˈmaɪr/
Scots,[ˈɡjødˌdɔxtər]
Scots,[ˈbʌrsɪ]
Scots,/ˈpili/
Scots,/ɑθɹɑːw/
Scots,/wek/
Scots,/ˈeːrɪʃ/
Scots,/ˈsorxə/
Scots,/ðərˈsɛl/
Scots,/faɪv/
Scots,/kʌj/
Scots,[ˈmʌɫər]
Scots,[ˈsletər]
Scots,/ˈwɔʔɪ/
Scots,/ˈɑkwə/
Scots,/əˈbyt/
Scots,/ˈkeːf/
Scots,[ˈbɑːðər]
Scots,/ˈbruːkul/
Scots,[ɑn]
Scots,/ˈbreɪːr/
Scots,/du/
Scots,/məˈluz/
Scots,/eːl/
Scots,/ˈblustər/
Scots,[ɡnɪdʒ]
Scots,/əˈbəin/
Scots,/kanɪ/
Scots,/ˈeːnˈsɛl/
Scots,/lɪxt/
Scots,[ˈɡwidˌsɪn]
Scots,/ˈkɪnrɪk/
Scots,[ˈɡedˌsɪn]
Scots,/ˈwʌdɪnt/
Scots,eː
Scots,/ˈtʃʌm.ləi.breɪs/
Scots,[flaːxt]
Scots,/suθ/
Scots,/bɑl/
Scots,/ˈjɪ̢kər/
Scots,/ˈdɔxtər/
Scots,/ɑxt/
Scots,[mus]
Scots,/ˈedi/
Scots,[ˈɡwidˌfɪðər]
Scots,/sil/
Scots,[knɪdʒ]
Scots,/ˈbʌlɪmənts/
Scots,/fyl/
Scots,[nɪv]
Scots,/ˈswalə/
Scots,[ˈɡɪdˌmɪðər]
Scots,[ˈkalʌx]
Scots,/ˈfɛm(ə)lɪ/
Scots,[tɑk]
Scots,/ɡan/
Scots,[briʃt]
Scots,/skriç/
Scots,/ˈθiːvəl/
Scots,/fuːst/
Scots,/ˈbɪɡ-lʌɡi/
Scots,/ˈadvoket/
Scots,/ˈko.ɡʌl/
Scots,[wer]
Scots,/sɛl/
Scots,/iːθ/
Scots,/bernhid/
Scots,[ˈdɛzɛmˈbər]
Scots,/tweː/
Scots,/ˈfluːˌrɪʃ/
Scots,/ˈmʌlt͡ʃə/
Scots,/ˈdʒemz/
Scots,[nɪdʒ]
Scots,[tʃam]
Scots,/ˈafrɪkə/
Scots,/ˈaktiːv/
Scots,/etʃ/
Scots,/aˈdiʃən/
Scots,/əˈbɪn/
Scots,[ˈwʌnde]
Scots,/ˈhatər/
Scots,/əˈhid/
Scots,[hjɛmli]
Scots,[tøp]
Scots,[ˈwʌnək]
Scots,/hus/
Scots,[peːr]
Scots,/ˈɑːbər/
Scots,/ˈkʌti/
Scots,/θraŋ/
Scots,/ˈsɪs.trɪn/
Scots,[flɔːxt]
Scots,/wəind/
Scots,[ˈakəmi]
Scots,/ˈɑkərəˈbʌŋ/
Scots,/ˈɛlər/
