Udmurt,[ˈʋɯ̈n]
Udmurt,[juˈɡɯ̈t]
Udmurt,[niʑiˈʎi]
Udmurt,[d͡ʑiˈt͡ɕɯ̈]
Udmurt,[ˈd͡ʒ̺uk]
Udmurt,[ˈpɯ̈ʑ]
Udmurt,[ut͡ɕˈt͡ɕän]
Udmurt,[ˈʃut]
Udmurt,[ˈɕɘt]
Udmurt,[ˈɟuɕ]
Udmurt,[ˈt͡ʃ̺ok]
Udmurt,[zorɯ̈ˈnɯ̈]
Udmurt,[pɘˈlɯ̈]
Udmurt,[ʋäʑɛrˈpiɲ]
Udmurt,[muskoˈɯ̈n]
Udmurt,[ʃuɯ̈ˈnɯ̈]
Udmurt,[ˈär]
Udmurt,[d͡ʑäˈʑɛk]
Udmurt,[inˈʃɯ̈r]
Udmurt,[uɲiʋɛrɕicɛˈtɯ̈n]
Udmurt,[ˈkɘs]
Udmurt,[dɛˈrɛm]
Udmurt,[t͡ʃ̺ɘʒˈd͡ʒ̺uk]
Udmurt,[kuˈʑʌm]
Udmurt,[ˈpuz]
Udmurt,[ˈdun]
Udmurt,[tɯ̈lkiʑiˈʎi]
Udmurt,[ɡiˈʒɯ̈]
Udmurt,[kuˈrɛɲ]
Udmurt,[ärˈɲä]
Udmurt,[ˈɡic]
Udmurt,[ˈʋu]
Udmurt,[urˈdo]
Udmurt,[oktɯ̈ˈnɯ̈]
Udmurt,[bäd͡ʑːɯ̈mˈkɯ̈l]
Udmurt,[muʃkiˈon]
Udmurt,[ujˈʃor]
Udmurt,/t͡ʃ/
Udmurt,[piˈnɯ̈l]
Udmurt,[ˈkin]
Udmurt,[lɯ̈d͡ʑːɯ̈ˈnɯ̈]
Udmurt,[äräˈkʌ]
Udmurt,[ˈpum]
Udmurt,[ˈkuʑ]
Udmurt,[ˈkut]
Udmurt,[musˈko]
Udmurt,[ˈpor]
Udmurt,[ˈkɯ̈k]
Udmurt,[ɡɯ̈rɯ̈ˈnɯ̈]
Udmurt,[ˈɡäʒ]
Udmurt,[bʌˈʎʌm]
Udmurt,[dɘˈɟɯ̈]
Udmurt,[ukɕotuˈrɯ̈n]
Udmurt,[ˈkɯ̈z]
Udmurt,[ɡondɯ̈rˈjos]
Udmurt,[ˈjär]
Udmurt,[tumɯ̈ˈnä]
Udmurt,[oˈlo]
Udmurt,[ˈpiɲ]
Udmurt,[muˈʋɘj]
Udmurt,[bubɯ̈ˈʎi]
Udmurt,[ˈd͡ʒ̺uj]
Udmurt,[ɡondɯ̈räˈnɯ̈]
Udmurt,[t͡ɕäjɯ̈ɕäɕˈkä]
Udmurt,[ʋɯ̈ʎʋɛˈros]
Udmurt,[ˈmut͡ʃ̺]
Udmurt,[kuäˈɲɛr]
Udmurt,[ʃɯ̈rɯ̈ˈnɯ̈]
Udmurt,[soˈjɛ]
Udmurt,[ˈɯ̈ʒ]
Udmurt,[ʋɯ̈lˈjɘl]
Udmurt,[d͡ʒ̺ɯ̈tˈpäl]
Udmurt,[lɯ̈ˈmɯ̈]
Udmurt,[udmurtˈjos]
Udmurt,[ˈɕɛp]
Udmurt,[ˈʋɯ̈r]
Udmurt,[toˈlɛʑ]
Udmurt,[ˈkʌk]
Udmurt,[äräˈkɯ̈]
Udmurt,[d͡ʑɛd͡ʑˈbur]
Udmurt,[mɘˈʎɯ̈]
Udmurt,[ˈbuʃ]
Udmurt,[tʌˈpʌ]
Udmurt,[bämˈlɯ̈]
Udmurt,[uliɕˈkot]
Udmurt,[ɕulɯ̈ˈt͡ʃ̺ɘʒ]
Udmurt,[ˈmɯ̈j]
Udmurt,[siˈʑɯ̈l]
Udmurt,[uɲiʋɛrɕicɛˈtɯ̈ɕ]
Udmurt,[ˈtɛʎ]
Udmurt,[ʋäˈpum]
Udmurt,[d͡ʑut͡ɕˈjos]
Udmurt,[ɯ̈muɕˈton]
Udmurt,[ˈʋir]
Udmurt,[äɟämiʋɯ̈ˈʒɯ̈]
Udmurt,[koˈjɯ̈k]
Udmurt,[ɕäɕˈkä]
Udmurt,[ˈtɯ̈l]
Udmurt,[äˈʎi]
Udmurt,[surdɡuˈbi]
Udmurt,[ˈʃɯ̈t]
Udmurt,[ˈburt]
Udmurt,[ʃobɯ̈rtɯ̈ˈnɯ̈]
Udmurt,[ʋuˈdur]
Udmurt,[kɛʎäˈnɯ̈]
Udmurt,[nɯ̈lˈmurt]
Udmurt,[tɘˈɟɯ̈]
Udmurt,[ˈmu]
Udmurt,[ˈlɯ̈]
Udmurt,[tuˈzi]
Udmurt,[ʋɛräˈnɯ̈]
Udmurt,[ʋɯ̈ʒɯ̈ˈtɛm]
Udmurt,[kärɯ̈ˈnɯ̈]
Udmurt,[ˈpurt]
Udmurt,[izɡuˈrɛʑ]
Udmurt,[lutˈpärɕ]
Udmurt,[ˈuj]
Udmurt,[ɕiˈʑʌl]
Udmurt,[ɕɘdlulˈpu]
Udmurt,[ˈɕur]
Udmurt,[kɲiɡäkuˈä]
Udmurt,[ˈkʌz]
Udmurt,[äʎi ˈdɯ̈r]
Udmurt,[puˈɲɯ̈]
Udmurt,[ˈjʌr]
Udmurt,[tɘɟɯ̈t͡ɕäˈjɯ̈]
Udmurt,[ˈmʌʃ]
Udmurt,[dunˈtɛm]
Udmurt,[sutɛrˈpu]
Udmurt,[äˈjɯ̈]
Udmurt,[ɡoʒjäˈnɯ̈]
Udmurt,[udˈmurt]
Udmurt,[ˈä]
Udmurt,[ˈsɯ̈r]
Udmurt,[ˈdäs]
Udmurt,[kunojäˈnɯ̈]
Udmurt,/dʲʑ/
Udmurt,[ˈʃur]
Udmurt,[d͡ʑiˈt͡ɕʌ]
Udmurt,[ˈul]
Udmurt,[kɯ̈ˈtɯ̈n]
Udmurt,[lutˈʃɯ̈r]
Udmurt,[ʋordiɕkɯ̈ˈnɯ̈]
Udmurt,[tunˈsɯ̈k]
Udmurt,[pɛʎˈɲäɲ]
Udmurt,[kuʑɯ̈ˈʎi]
Udmurt,[pɛʎskɯ̈ˈnɯ̈]
Udmurt,[kʋärciˈrä]
Udmurt,[luʎt͡ɕɛbɛˈrɛt]
Udmurt,[kuˈäs]
Udmurt,[d͡ʑäˈd͡ʑɛk]
Udmurt,[ut͡ɕˈkɯ̈l]
Udmurt,[ʎukɯ̈ˈnɯ̈]
Udmurt,[äɟäˈmi]
Udmurt,[ɕiˈʑɯ̈m]
Udmurt,[oskɯ̈ˈnɯ̈]
Udmurt,[ɡuˈʒɛm]
Udmurt,[cäˈmʌs]
Udmurt,[bubʌˈʎʌ]
Udmurt,[bäkt͡ɕäjɛˈmɯ̈ʃ]
Udmurt,[ʋɯ̈nˈlɯ̈k]
Udmurt,[inmärtoˈlɛʑ]
Udmurt,[ˈtɯ̈]
Udmurt,[kuˈʑo]
Udmurt,[ujäˈnɯ̈]
Udmurt,[käˈʎi]
Udmurt,[ˈd͡ʒ̺ɯ̈t]
Udmurt,[äˈɡäj]
Udmurt,[nuɯ̈ˈnɯ̈]
Udmurt,[t͡ʃ̺uʒbubɯ̈ˈʎi]
Udmurt,[pɛʎsˈkon]
Udmurt,[ˈuʒ]
Udmurt,[ɡäʒäˈnɯ̈]
Udmurt,[ˈʋʌʒ]
Udmurt,[pɘɕtoˈlɛʑ]
Udmurt,[ʃunˈdʌ]
Udmurt,[ʋɛˈros]
Udmurt,[jʌrˈt͡ɕʌ]
Udmurt,[däɕäˈnɯ̈]
Udmurt,[ˈduz]
Udmurt,[ˈʌm]
Udmurt,[mäcˈkɯ̈l]
Udmurt,[ɛmɛɕˈpu]
Udmurt,[muistoˈdos]
Udmurt,[jɯ̈rˈɕi]
Udmurt,[äsˈku]
Udmurt,[uʑʌˈnʌ]
Udmurt,[borˈdos]
Udmurt,[ujˈsɯ̈]
Udmurt,[äsloˈbɛt]
Udmurt,[ˈʎäk]
Udmurt,[tuˈlɯ̈s]
Udmurt,[zäˈrɛʑ]
Udmurt,[ˈmɯ̈ʃ]
Udmurt,[tolˈsur]
Udmurt,[t͡ʃ̺ɘʒˈmɛr]
Udmurt,[koˈmi]
Udmurt,[ʋiɕɯ̈ˈnɯ̈]
Udmurt,[ɲɛˈbɯ̈t]
Udmurt,[lulˈpu]
Udmurt,[ˈso]
Udmurt,[ʋʌˈʒʌ]
Udmurt,[ˈbäc]
Udmurt,[ˈmäc]
Udmurt,[ˈsɛs]
Udmurt,[ˈɕik]
Udmurt,[kärˈɡurt]
Udmurt,[mäjˈtäl]
Udmurt,[ˈton]
Udmurt,[jʌr ˈbɛr]
Udmurt,[ludisˈkäl]
Udmurt,[tɯ̈ˈlo]
Udmurt,[ˈɲur]
Udmurt,[ˈtä]
Udmurt,[t͡ɕɛˈrɯ̈k]
Udmurt,[muˈkɛt]
Udmurt,[uɲiʋɛrɕiˈcɛt]
Udmurt,[äbdräˈnɯ̈]
Udmurt,[ʋordiɕˈkon]
Udmurt,[äˈnäj]
Udmurt,[ˈmi]
Udmurt,[ˈt͡ɕäl]
Udmurt,[ɲiskɯ̈ˈlän]
Udmurt,[bɯ̈ʒokiʑiˈʎi]
Udmurt,[kujäˈnʌ]
Udmurt,[ʃoˈɲɛr]
Udmurt,[päʃˈpu]
Udmurt,[ʋɯ̈ʎiˈʋor]
Udmurt,[ɕiˈbɯ̈r]
Udmurt,[ɕuˈlɯ̈]
Udmurt,[uʎˈt͡ɕä]
Udmurt,[pɯ̈riɕkɯ̈ˈnɯ̈]
Udmurt,[ɯ̈muɕtonˈd͡ʒ̺ɯ̈t]
Udmurt,[uˈlo]
Udmurt,[pɛjˈmɯ̈t]
Udmurt,[kunoˈkä]
Udmurt,[ˈkwäs]
Udmurt,[ujˈpäl]
Udmurt,[ˈlɯ̈z]
Udmurt,[kuʑʋɛˈros]
Udmurt,[ulˈmo]
Udmurt,[pit͡ɕilutˈt͡ʃ̺ɘʒ]
Udmurt,[t͡ʃ̺ukäˈʑɛ]
Udmurt,[ut͡ɕːäˈnɯ̈]
Udmurt,[kuˈär]
Udmurt,[ˈjɯ̈r]
Udmurt,[kɯ̈nmɯ̈ˈnɯ̈]
Udmurt,[kɯ̈rkuˈrɛk]
Udmurt,[fiɡurˈnoj]
Udmurt,[kuäˈsɛn]
Udmurt,[uˈzɯ̈]
Udmurt,[jʌˈʋor]
Udmurt,[ˈäʑ]
Udmurt,[ˈʃort]
Udmurt,[ˈbur]
Udmurt,[kuˈiɲ]
Udmurt,[ˈɕuj]
Udmurt,[kɘsnuˈnäl]
Udmurt,[bibʎiocɛˈkä]
Udmurt,[täˈbä]
Udmurt,[ulmoˈpu]
Udmurt,[ˈʃkäf]
Udmurt,[ˈdäɕ]
Udmurt,[ˈtʌl]
Udmurt,[ɡondɯ̈rɕäɕˈkä]
Udmurt,[ɡondɯ̈rmuˈʎɯ̈]
Udmurt,[ʋäläˈnʌ]
Udmurt,[ɲulɛsˈkɯ̈n]
Udmurt,[ʃutɯ̈ˈnɯ̈]
Udmurt,[suˈrɛt]
Udmurt,[turˈto]
Udmurt,[sɯ̈lɯ̈ˈnɯ̈]
Udmurt,[ˈt͡ɕɘʒ]
Udmurt,[ˈtol]
Udmurt,[pokˈt͡ɕi]
Udmurt,[ˈnɯ̈r]
Udmurt,[tɛʎkoˈt͡ʃ̺ɯ̈ʃ]
Udmurt,[ˈɲäɲ]
Udmurt,[ˈsur]
Udmurt,[kuiɲmɛˈti]
Udmurt,[päˈlɛʑ]
Udmurt,[muˈiz]
Udmurt,[ˈsis]
Udmurt,[zärˈɲi]
Udmurt,[ˈniʑ]
Udmurt,[isˈkäl]
Udmurt,[tuˈrʌn]
Udmurt,[läjɯ̈ˈnɯ̈]
Udmurt,[sɯ̈ˈlo]
Udmurt,[sɯ̈noˈmon]
Udmurt,[notˈkɯ̈l]
Udmurt,[cäˈmɯ̈s]
Udmurt,[lɯ̈ktɯ̈ˈnɯ̈]
Udmurt,[ʋojˈnä]
Udmurt,[ˈd͡ʑɛt͡ɕ]
Udmurt,[lʌktʌˈnʌ]
Udmurt,[ˈmɛt͡ʃ̺]
Udmurt,[ˈum]
Udmurt,[ˈkɯ̈j]
Udmurt,[ˈʌʒ]
Udmurt,[tunsɯ̈ˈko]
Udmurt,[d͡ʑut͡ɕärˈɲä]
Udmurt,[d͡ʑuˈʒʌt]
Udmurt,[äʑˈdor]
Udmurt,[äsɛˈrik]
Udmurt,[siʑɯ̈ltoˈlɛʑ]
Udmurt,[d͡ʒ̺äˈʒɯ̈]
Udmurt,[nullɯ̈ˈnɯ̈]
Udmurt,[ˈʋʌl]
Udmurt,[ˈbɛr]
Udmurt,[käˈɲɯ̈l]
Udmurt,[kiɕtɯ̈ˈnɯ̈]
Udmurt,[ˈd͡ʑɛk]
Udmurt,[ʃäʎtˈrä]
Udmurt,[dɯ̈ʃɛtɯ̈ˈnɯ̈]
Udmurt,[jɘɡuˈrɛʑ]
Udmurt,[ˈsic]
Udmurt,[bɯ̈ˈʒo]
Udmurt,[ˈbɛn]
Udmurt,[kɯ̈lˈjä]
Udmurt,[ɡɛˈrɯ̈]
Udmurt,[ukˈmʌs]
Udmurt,[ˈkwiɲ]
Udmurt,[ˈdɛc]
Udmurt,[tɯ̈ˈliz]
Udmurt,[bʌˈdɛs]
Udmurt,[ˈmok]
Udmurt,[ɡordˈbɯ̈ʒ]
Udmurt,[ˈbɯ̈ʒ]
Udmurt,[t͡ʃ̺ukˈnä]
Udmurt,[ˈpu]
Udmurt,[kiʑiʎiɕuˈrɛs]
Udmurt,[kʌʎˈco]
Udmurt,[t͡ɕäˈjɯ̈]
Udmurt,[pit͡ɕiˈkɯ̈l]
Udmurt,[rumɯ̈nsˈkoj]
Udmurt,[ˈʋʌr]
Udmurt,[bɛrɡäʎːäˈnɯ̈]
Udmurt,[ɲimˈkɯ̈l]
Udmurt,[lɯ̈d͡ʑːiɕˈko]
Udmurt,[kijäˈmɯ̈s]
Udmurt,[punɯ̈suˈtɛr]
Udmurt,[äɕkorˈkä]
Udmurt,[zärɛʑˈdur]
Udmurt,[ˈkwäc]
Udmurt,[d͡ʒ̺uˈjɯ̈]
Udmurt,[tuˈrɯ̈n]
Udmurt,[ɕotɯ̈ˈnɯ̈]
Udmurt,[ɕiɲ ˈʋu]
Udmurt,[ʃorˈkär]
Udmurt,[ˈpɛʎ]
Udmurt,[ˈmuʃ]
Udmurt,[ɛˈʋʌl]
Udmurt,[spɛt͡siäˈʎist]
Udmurt,[uˈdär]
Udmurt,[t͡ɕoˈrʌk]
Udmurt,[ʋɛräɕkɯ̈ˈnɯ̈]
Udmurt,[osˈkon]
Udmurt,[kuɯ̈ˈnɯ̈]
Udmurt,[ɛmɛˈʑʌ]
Udmurt,[ʋoɡˈzäl]
Udmurt,[kuʑˈʋɯ̈r]
Udmurt,[ɲiskɯ̈läˈnɯ̈]
Udmurt,[tɘɟɯ̈koˈɲɯ̈]
Udmurt,[suˈtɛr]
Udmurt,[ˈɕiʑ]
Udmurt,[ˈpiʑ]
Udmurt,[ulonɕuˈrɛs]
Udmurt,[mɯ̈nɯ̈ˈnɯ̈]
Udmurt,[todɯ̈ˈnɯ̈]
Udmurt,[ˈʋi]
Udmurt,[ɕuˈrɛs]
Udmurt,[ɕuˈkäɕ]
Udmurt,[tɘɟɯ̈ˈʋir]
Udmurt,[ˈɡort]
Udmurt,[roˈmän]
Udmurt,[ˈki]
Udmurt,[ɡäʒäsä ɘciɕˈkom]
Udmurt,[bäkˈt͡ɕä]
Udmurt,[kɛˈɲʌr]
Udmurt,[ˈskäl]
Udmurt,[änˈdän]
Udmurt,[änäj-äˈtäj]
Udmurt,[äkˈʃän]
Udmurt,[ˈʋɯ̈ʒ]
Udmurt,[ˈɕɛt]
Udmurt,[uˈzɯ̈r]
Udmurt,[ˈd͡ʑʌt]
Udmurt,[ˈjoz]
Udmurt,[ˈɕurs]
Udmurt,[ɡurɛʑˈjɯ̈l]
Udmurt,[lɯ̈sˈʋu]
Udmurt,[tuˈri]
Udmurt,[ˈpi]
Udmurt,[täˈu]
Udmurt,[ˈʋuʒ]
Udmurt,[ulonʋɛˈros]
Udmurt,[äˈpäj]
Udmurt,[kiˈon]
Udmurt,[lɯ̈mɯ̈d͡ʑiˈt͡ɕɯ̈]
Udmurt,[ˈkrɛʑ]
Udmurt,[ʋɯ̈ʒɯ̈ˈkɯ̈l]
Udmurt,[iˈʋor]
Udmurt,[t͡ɕɯ̈rtˈkɛm]
Udmurt,[äbäˈʒur]
Udmurt,[muˈʎʌ]
Udmurt,[ɛmtoˈdos]
Udmurt,[bɛˈriʑ]
Udmurt,[ˈʎɛm]
Udmurt,[toˈdos]
Udmurt,[äsulonɕuˈrɛs]
Udmurt,[äd͡ʑˈd͡ʑon]
Udmurt,[ˈɡur]
Udmurt,[t͡ɕɛˈt͡ɕɯ̈]
Udmurt,[poˈjɛst]
Udmurt,[ˈjɘ]
Udmurt,[jäˈkɛ]
Udmurt,[intonät͡siˈjä]
Udmurt,[polˈkä]
Udmurt,[kuˈno]
Udmurt,[äˈtäj]
Udmurt,[udmurcijäˈɯ̈n]
Udmurt,[ɕɛˈkɯ̈t]
Udmurt,[ɕinˈʋu]
Udmurt,[ɛˈrik]
Udmurt,[korˈkä]
Udmurt,[ˈsurt]
Udmurt,[ˈʃɯ̈r]
Udmurt,[surɛdäˈnɯ̈]
Udmurt,[duˈno]
Udmurt,[tɯ̈lɡuˈrɛʑ]
Udmurt,[ʎicɛräturˈnoj]
Udmurt,[ɡiˈbɯ̈]
Udmurt,[kɯ̈ɕˈpu]
Udmurt,[ʋɛdˈrä]
Udmurt,[sämoˈʎot]
Udmurt,[kionˈʎɘm]
Udmurt,[jɘlˈʋɯ̈l]
Udmurt,[ˈzor]
Udmurt,[ɡurˈtos]
Udmurt,[ɲuˈlɛs]
Udmurt,[ˈt͡ʃ̺ɘʒ]
Udmurt,[ɡurɛʑˈbäm]
Udmurt,[kuʎˈto]
Udmurt,[ˈnɯ̈l]
Udmurt,[t͡ʃ̺ukˈpäl]
Udmurt,[ˈɘs]
Udmurt,[-ɘ-]
Udmurt,[ʎicɛräturnoj ˈkɯ̈l]
Udmurt,[ˈd͡ʒ̺ɘk]
Udmurt,[ˈlʌl]
Udmurt,[kɯ̈nˈmu]
Udmurt,[läkˈʃä]
Udmurt,[ˈkäm]
Udmurt,[fränt͡sussˈkoj]
Udmurt,[ulɯ̈ˈnɯ̈]
Udmurt,[äˈsɯ̈l]
Udmurt,[ˈɲɯ̈ʎ]
Udmurt,[kärˈlut]
Udmurt,[kuˈrɛk]
Udmurt,[äd͡ʑːʌˈnʌ]
Udmurt,[ɡurˈtɯ̈n]
Udmurt,[kʌɕˈpu]
Udmurt,[ɡuˈrɛʑ]
Udmurt,[ʋäläˈnɯ̈]
Udmurt,[piˈʎɛm]
Udmurt,[juˈän]
Udmurt,[ɲimbɛˈro]
Udmurt,[ˈkɯ̈r]
Udmurt,[nɯ̈ʑɯ̈ˈʎi]
Udmurt,[ʋuˈdor]
Udmurt,[tɯ̈loburˈdo]
Udmurt,[surɛˈdäz]
Udmurt,[järätɯ̈ˈnɯ̈]
Udmurt,[äɛroˈport]
Udmurt,[ˈpɘɕ]
Udmurt,[mäɟʋɛˈros]
Udmurt,[jɛˈdʌ]
Udmurt,[ˈdur]
Udmurt,[ɲʌlˈpu]
Udmurt,[äzˈbär]
Udmurt,[iˈnäj]
Udmurt,[ʃurˈʋis]
Udmurt,[ˈbort]
Udmurt,[pɘɕ tuˈrʌn]
Udmurt,[ˈsu]
Udmurt,[ˈiz]
Udmurt,[ɲulɯ̈ˈnɯ̈]
Udmurt,[kubisˈtä]
Udmurt,[piˈt͡ɕi]
Udmurt,[ˈäs]
Udmurt,[ɕʌˈrɛs]
Udmurt,[uˈlon]
Udmurt,[kɯ̈lˈɡur]
Udmurt,[ˈjäk]
Udmurt,[ˈcɛj]
Udmurt,[ˈlʌs]
Udmurt,[mäʃiˈnä]
Udmurt,[kuˈrɛn]
Udmurt,[ˈjɘl]
Udmurt,[kɲiˈɡä]
Udmurt,[ˈti]
Udmurt,[ˈt͡ʃ̺uʒ]
Udmurt,[pokt͡ɕiärˈɲä]
Udmurt,[d͡ʒ̺ɯ̈tkiʑiˈʎi]
Udmurt,[ʃorˈmut͡ʃ̺]
Udmurt,[ˈt͡ʃ̺uk]
Udmurt,[järäˈton]
Udmurt,[jɛˈmɯ̈ʃ]
Udmurt,[koɲˈdon]
Udmurt,[uˈzʌ]
Udmurt,[t͡ɕɛˈbɛr]
Udmurt,[ʋuzäˈnɯ̈]
Udmurt,[puˈʒɯ̈m]
Udmurt,[ʋɛräɕˈkon]
Udmurt,[udmurtˈlɯ̈k]
Udmurt,[ˈt͡ʃ̺ɯ̈ʒ]
Udmurt,[ʋunɛtɯ̈ˈnɯ̈]
Udmurt,[kɲiɡäkorˈkä]
Udmurt,[bibʎiˈjä]
Udmurt,[nodˈlɯ̈k]
Udmurt,[udmurt ˈkɯ̈l]
Udmurt,[mälpäˈnɯ̈]
Udmurt,[ˈtuʃ]
Udmurt,[ˈkɯ̈n]
Udmurt,[ʋäˈrɯ̈ʃ]
Udmurt,[ɯ̈ʒˈlɛɕ]
Udmurt,[joˈros]
Udmurt,[äsˈkʌ]
Udmurt,[t͡ɕiˈɡän]
Udmurt,[ɡurtˈʃɯ̈r]
Udmurt,[pokt͡ɕiˈlɯ̈k]
Udmurt,[ˈʃor]
Udmurt,[ˈkɛt͡ɕ]
Udmurt,[ˈku]
Udmurt,[ˈɲɛfc]
Udmurt,[ˈɡurt]
Udmurt,[ɕiɯ̈ˈnɯ̈]
Udmurt,[äˈtäs]
Udmurt,[pɛjˈmʌt]
Udmurt,[kuˈʑɯ̈m]
Udmurt,[ɕɘdˈbɯ̈ʒ]
Udmurt,[bɯ̈ˈdɛs]
Udmurt,[ɕurˈlo]
Udmurt,[ɕɘtˈkɯ̈r]
Udmurt,[ˈbäm]
Udmurt,[ʋoʃtɯ̈ˈnɯ̈]
Udmurt,[t͡ɕäʃˈʃä]
Udmurt,[kurɯ̈ˈnɯ̈]
Udmurt,[kujäˈnɯ̈]
Udmurt,[koˈt͡ʃ̺ɯ̈ʃ]
Udmurt,[susɯ̈ˈpu]
Udmurt,[kuiɲɛˈti]
Udmurt,[t͡ɕärˈt͡ɕʌ]
Udmurt,[ˈkuʃ]
Udmurt,[ˈɕɘm]
Udmurt,[t͡ʃ̺ät͡ʃ̺ˈt͡ʃ̺ä]
Udmurt,[lʌs ˈʋu]
Udmurt,[ˈpɯ̈ʃ]
Udmurt,[kuˈso]
Udmurt,/d͡ʒ/
Udmurt,[iʑɯ̈ˈnɯ̈]
Udmurt,[puˈkɯ̈t͡ʃ̺]
Udmurt,[kuˈäc]
Udmurt,[tɯ̈ˈpɯ̈]
Udmurt,[udˈmort]
Udmurt,[tolˈʃor]
Udmurt,[lobɯ̈ˈnɯ̈]
Udmurt,[närˈdɯ̈]
Udmurt,[pɘɕtuˈrɯ̈n]
Udmurt,[tɯ̈lˈkort]
Udmurt,[bɯ̈rjɯ̈ˈnɯ̈]
Udmurt,[dɯ̈ʃɛˈtiɕ]
Udmurt,[närˈʋä]
Udmurt,[suˈzɛr]
Udmurt,[ˈzɘk]
Udmurt,[ɛstɯ̈ˈnɯ̈]
Udmurt,[jɛʋroˈpä]
Udmurt,[koˈlo]
Udmurt,[ʃormud͡ʒ̺ˈbɯ̈ʒ]
Udmurt,[ʃɯ̈dˈʋu]
Udmurt,[ɕäˈlä]
Udmurt,[ˈʋoʒ]
Udmurt,[ˈɡu]
Udmurt,[ˈkut͡ʃ̺]
Udmurt,[äɕˈkɯ̈l]
Udmurt,[ɡɯ̈rˈpum]
Udmurt,[ʋordɯ̈ˈnɯ̈]
Udmurt,[pɯ̈rɯ̈ˈnɯ̈]
Udmurt,[kɲiɡäˈkɯ̈l]
Udmurt,[buˈdos]
Udmurt,[kuäˈlä]
Udmurt,[ɲulɛspuˈnɯ̈]
Udmurt,[miɲɛˈräl]
Udmurt,[ˈʋɘj]
Udmurt,[d͡ʒ̺äˈkɯ̈t]
Udmurt,[ˈʋoʑ]
Udmurt,[oˈʒo]
Udmurt,[kuäˈrä]
Udmurt,[jäbˈlok]
Udmurt,[pärɕˈpɛʎ]
Udmurt,/i/
Udmurt,[jozˈmurt]
Udmurt,[ɘˈɲɛr]
Udmurt,[ˈɕin]
Udmurt,[izɯ̈ˈnɯ̈]
Udmurt,[piˈnäl]
Udmurt,[jɯ̈rˈbɛr]
Udmurt,[dɛräˈd͡ʒ̺uk]
Udmurt,[ɕiʎˈtɘl]
Udmurt,[ɡiˈbi]
Udmurt,[kɯ̈rpuˈnɯ̈]
Udmurt,[izˈjär]
Udmurt,[kuʃˈmän]
Udmurt,[ukˈno]
Udmurt,[ɡonˈdɯ̈r]
Udmurt,[ˈɕu]
Udmurt,[ɲimkɯ̈lˈlɯ̈k]
Udmurt,[potɯ̈ˈnɯ̈]
Udmurt,[nuˈnäl]
Udmurt,[äd͡ʑːɯ̈ˈnɯ̈]
Udmurt,[koˈɲʌ]
Udmurt,[äʑˈlo]
Udmurt,[ˈbʌʒ]
Udmurt,[kɯ̈kjäˈmɯ̈s]
Udmurt,[ˈɲiʎ]
Udmurt,[soˈos]
Udmurt,[ɕiˈʑʌm]
Udmurt,[ˈɛs]
Udmurt,[ˈsläl]
Udmurt,[pʌˈnʌ]
Udmurt,[ˈlɯ̈s]
Udmurt,[ʋoʃˈkɯ̈r]
Udmurt,[ɕuˈro]
Udmurt,[ɛˈmɛʑ]
Udmurt,[ˈɲɘl]
Udmurt,[säˈjɛs]
Udmurt,[jɘˈɡu]
Udmurt,[ˈkuk]
Udmurt,[uˈräm]
Udmurt,[kɯ̈lɯ̈ˈnɯ̈]
Udmurt,[pʌnʌ suˈtɛr]
Udmurt,[ˈkɯ̈l]
Udmurt,[äˈʑɯ̈n]
Udmurt,[ˈɕɛm]
Udmurt,[ˈpäl]
Udmurt,[ʋudurtuˈri]
Udmurt,[uzˈʋɛɕ]
Udmurt,[kiˈjon]
Udmurt,[sisjäˈnɯ̈]
Udmurt,[kɛˈʑʌt]
Udmurt,[ˈtɛj]
Udmurt,[pälɛɕˈpu]
Udmurt,[kɛˈɲɯ̈r]
Udmurt,[ˈkwär]
Udmurt,[ˈjuʃ]
Udmurt,[äzˈʋɛɕ]
Udmurt,[ɲɯ̈lˈpu]
Udmurt,[lutˈt͡ʃ̺ɘʒ]
Udmurt,[mɯ̈ˈʎɯ̈m]
Udmurt,[ʋulˈkän]
Udmurt,[ˈɡit]
Udmurt,[ʃuˈdo]
Udmurt,[kiʑiˈʎi]
Udmurt,[ʎuˈɡʌt]
Udmurt,[pɛˈrɛɕ]
Udmurt,[t͡ɕoˈrok]
Udmurt,[ɕɘdzärɛʑˈdur]
Udmurt,[ˈɕir]
Udmurt,[ɡɛrd͡ʑäˈnɯ̈]
Udmurt,[ˈlup]
Udmurt,[udmurtärˈɲä]
Udmurt,[t͡ʃ̺ukˈɲäɲ]
Udmurt,[nɘˈkɯ̈]
Udmurt,[sʌˈläl]
Udmurt,[zärɛɕt͡ɕoˈrɯ̈k]
Udmurt,[ˈbon]
Udmurt,[d͡ʒ̺uˈʒɯ̈t]
Udmurt,[ʃuˈnɯ̈t]
Udmurt,[ɛˈɲɛr]
Udmurt,[ɘɲɛrˈlɯ̈k]
Udmurt,[ˈkär]
Udmurt,[ɡordbubɯ̈ˈʎi]
Udmurt,[puˈʒʌm]
Udmurt,[jɘˈzor]
Udmurt,[ɡonˈdʌr]
Udmurt,[sɯ̈ˈlɛ]
Udmurt,[kulɯ̈ˈnɯ̈]
Udmurt,[puˈnɯ̈]
Udmurt,[ˈɡɯ̈rk]
Udmurt,[bäd͡ʑˈd͡ʑɯ̈m]
Udmurt,[kɛʑɯ̈ttoˈlɛʑ]
Udmurt,[inˈmär]
Udmurt,[krɛʑˈɡur]
Udmurt,[pukˈɕon]
Udmurt,[ɛmˈjäɕ]
Udmurt,[ˈʋis]
Udmurt,[piˈjäʃ]
Udmurt,[ˈʋic]
Udmurt,[uˈlɛ]
Udmurt,[ʋuɯ̈ˈnɯ̈]
Udmurt,[muˈʑɛj]
Udmurt,[iˈɲi]
Udmurt,[ɲulɛsˈkäɕ]
Udmurt,[ˈd͡ʑut͡ɕ]
Udmurt,[isˈkär]
Udmurt,[ɕärt͡ɕːɯ̈ˈɲäɲ]
Udmurt,[tɯ̈rˈpɯ̈]
Udmurt,[äˈpä]
Udmurt,[ˈkort]
Udmurt,[oˈdik]
Udmurt,[ˈt͡ɕäj]
Udmurt,[todʌˈnʌ]
Udmurt,[ʃurˈpum]
Udmurt,[koˈɲɯ̈]
Udmurt,[ˈtɘl]
Udmurt,[ˈsɘn]
Udmurt,[juäˈnɯ̈]
Udmurt,[ɲimˈbɛr]
Udmurt,[pɯ̈ˈdɛs]
Udmurt,[mut͡ʃ̺ˈko]
Udmurt,[ʋuˈko]
Udmurt,[juɯ̈ˈnɯ̈]
Udmurt,[käpˈt͡ɕi]
Udmurt,[krɛʑˈmäc]
Udmurt,[kʌʑʌˈʎʌ]
Udmurt,[ɕärt͡ɕˈt͡ɕɯ̈]
Udmurt,[äʑinsˈkon]
Udmurt,[ʎɘmˈpu]
Udmurt,[sɯ̈ˈläl]
Udmurt,[ʃuˈnʌt]
Udmurt,[ɘˈʋɘl]
Udmurt,[uʒäˈnɯ̈]
Udmurt,[piˈɲʌ]
Udmurt,[ˈtänk]
Udmurt,[t͡ɕoˈrɯ̈k]
Udmurt,[ˈtɯ̈r]
Udmurt,[ʋɯ̈ʎˈkɯ̈l]
Udmurt,[ʃurkɯ̈nˈmon]
Udmurt,[luˈo]
Udmurt,[tɛˈɟʌ]
Udmurt,[lutsˈkäl]
Udmurt,[kɯ̈ɲɯ̈ˈnɯ̈]
Udmurt,[ˈtur]
Udmurt,[t͡ɕɛˈt͡ɕʌ]
Udmurt,[ˈt͡ɕɛrk]
Udmurt,[ˈmä]
Udmurt,[miˈʎɯ̈m]
Udmurt,[ʋurɯ̈ˈnɯ̈]
Udmurt,[duˈʃɛs]
Udmurt,[ˈd͡ʒ̺ɯ̈ʒ]
Udmurt,[ɡuˈbi]
Udmurt,[biˈʎɯ̈m]
Udmurt,[soˈlɯ̈]
Udmurt,[uʒäɕˈko]
Udmurt,[uˈzʌr]
Udmurt,[käpˈkä]
Udmurt,[ɕuˈlɛm]
Udmurt,[ˈtuʒ]
Udmurt,[dɛˈrä]
Udmurt,[ɲɯ̈ʎɛˈti]
Udmurt,[ˈnot]
Udmurt,[ärɯ̈sˈlän]
Udmurt,[järäˈtɛ]
Udmurt,[ˈʎɘm]
Udmurt,[ukˈɕo]
Udmurt,[ʋɯ̈ˈʒɯ̈]
Udmurt,[ˈjuk]
Udmurt,[ˈlut]
Udmurt,[ˈin]
Udmurt,[udmurciˈjä]
Udmurt,[oʒˈɡär]
Udmurt,[ˈmus]
Udmurt,[ˈɕor]
Udmurt,[lʌˈmʌ]
Udmurt,[uˈdor]
Udmurt,[ˈkɛɕ]
Udmurt,[käˈɡäz]
Udmurt,[ˈʋiʎ]
Udmurt,[ɛmɛʑbubɯ̈ˈʎi]
Udmurt,[jɯ̈ˈdɯ̈]
Udmurt,[ˈlul]
Udmurt,[äsˈkɯ̈]
Udmurt,[budɯ̈ˈnɯ̈]
Udmurt,[kuärˈt͡ʃ̺ɘʒ]
Udmurt,[ˈʋäl]
Udmurt,[uˈdur]
Udmurt,[äˈjʌ]
Udmurt,[ˈsiʎ]
Udmurt,[ukˈmɯ̈s]
Udmurt,[muˈʎɯ̈]
Udmurt,[uˈno]
Udmurt,[tɘɟɯ̈ ɡonˈdɯ̈r]
Udmurt,[jɘl ˈʋʌl]
Udmurt,[bɛrɡäˈnɯ̈]
Udmurt,[d͡ʒ̺ɯ̈tˈɲäɲ]
Udmurt,[kwäˈlä]
Udmurt,[ˈɕum]
Udmurt,[piʃtɯ̈ˈnɯ̈]
Udmurt,[ˈjun]
Udmurt,[t͡ɕäʃˈjä]
Udmurt,[kɛˈʑɯ̈t]
Udmurt,[ʋiˈnä]
Udmurt,[biˈɡɛr]
Udmurt,[jɛʋropɛjsˈkoj]
Udmurt,[däˈrɯ̈]
Udmurt,[ɡosciɲiˈt͡sä]
Udmurt,[t͡ɕɛsˈkɯ̈t]
Udmurt,[ʋirnuˈnäl]
Udmurt,[pɯ̈riɕˈkon]
Udmurt,[ˈɲuʎ]
Udmurt,[äʋtoˈbus]
Udmurt,[kɯ̈rsˈkäl]
Udmurt,[ˈkɯ̈ʑ]
Udmurt,[ätäɕːäɕˈkä]
Udmurt,[ˈlɯ̈t]
Udmurt,[ˈɲim]
Udmurt,[ˈpärɕ]
Udmurt,[ˈʋɯ̈ʎ]
Udmurt,[ˈɯ̈m]
Udmurt,[kunokuˈä]
Udmurt,[ärɲänuˈnäl]
Udmurt,[ɯ̈stɯ̈ˈnɯ̈]
Udmurt,[kutkuˈrɛk]
Udmurt,[ˈmon]
Udmurt,[ɘɲɛrˈmurt]
Udmurt,[ˈoʃ]
Udmurt,[ˈʋɯ̈l]
Udmurt,[ʋäjɯ̈ˈnɯ̈]
Udmurt,[ˈmurt]
Udmurt,[burjɯ̈ˈnɯ̈]
Udmurt,[lɯ̈mˈʃor]
Udmurt,[lɯ̈ˈɕɘm]
Udmurt,[däˈɡä]
Udmurt,[ʃunˈdɯ̈]
Udmurt,[pukɯ̈ˈnɯ̈]
Udmurt,[muˈʋɯ̈r]
