Votic,/ˈrinːɑː/
Votic,/ˈɑkɑnɑ/
Votic,[ˈmɑndɤrʲi]
Votic,/ˈinimiːn/
Votic,/ˈpɤski/
Votic,[koˈpekːə̠]
Votic,[ˈliːkɑ]
Votic,/ˈjɑlɡɑz/
Votic,[ˈbørbøtʲːæ]
Votic,/ˈɑlɑsːi/
Votic,/ˈlɑŋɡɤtɑ/
Votic,/ˈkɑu̯kɑːlːɑ/
Votic,/ˈproːbɑtɑ/
Votic,[ˈtʲyːnʲi]
Votic,/ˈpɑŋki/
Votic,[ˈkutu]
Votic,/ˈei̯/
Votic,[ˈɑu̯tə̠]
Votic,[ˈɤhvə̠]
Votic,[ˈvɑrsə̠]
Votic,[ˈvɑi̯ˌpoːli]
Votic,/ˈtɑlviˌnisu/
Votic,[ˈæpʲy]
Votic,[ˈhoksə̠tə̠]
Votic,[ˈsʲiːmə̠]
Votic,/ˈtytær/
Votic,/ˈrætːe/
Votic,[ˈmʲætʲːisʲːə̟]
Votic,[ˈveːretʲːæ]
Votic,/ˈvæːntiːsːæ/
Votic,/ˈsæi̯je/
Votic,[ˈnɤi̯tə̠]
Votic,[ˈtʲæy̯z̥]
Votic,/ˈvɑkːɑ/
Votic,/ˈʃkipːɑri/
Votic,/ˈmultɑ/
Votic,[ˈrɑko]
Votic,[ˈnʲælt͡ʃə̟]
Votic,/ˈrikɑz/
Votic,/ˈirnuɑ̯/
Votic,[ˈhoːnoˌsʲæː]
Votic,/ˈvikoi̯tːɑː/
Votic,/ˈjutːu/
Votic,/ˈsɑːtːɑː/
Votic,[ˈvɑɫɤɫːə̠]
Votic,/ˈnɑɡrutːɑː/
Votic,[ˈroːmə̠]
Votic,[ˈkʲylː]
Votic,[mɑndoˈlinɑ]
Votic,[ˈt͡ʃihutːɑ]
Votic,/ˈpædræ/
Votic,[ˈʝɑvːɑ]
Votic,[zemˈʎæŋkə̠]
Votic,[ˈhɑpːo]
Votic,[ˈpʲæːsʲːæ]
Votic,[ˈsoːʝɤˌtɤɫːə̠]
Votic,/ˈpæi̯væˌlintu/
Votic,[ˈmʲætʲæ]
Votic,[ˈɑhnə̠z̥]
Votic,[ˈvʲiherʲə̟]
Votic,/ˈʃpei̯li/
Votic,/risɑˈvoi̯tːɑː/
Votic,[ˈduːmə̠tə̠]
Votic,[ˈtʲitʲːi]
Votic,[ˈlenʲːə̟tʲə̟]
Votic,/ˈpɑko/
Votic,/ˈtiːni/
Votic,/sɑːpˈpuɡɑ/
Votic,/ˈmikæ.leː/
Votic,[ˈportːu]
Votic,[ˈɑmːə̠z̥]
Votic,[buˈɡrɑ]
Votic,/ˈhɑi̯li/
Votic,/ˈsɤrto/
Votic,/ˈpɑju/
Votic,/ˈmɑːˌent͡ʃæy̯z/
Votic,/ˈkuː/
Votic,[ˈenːæ]
Votic,[ˈɫɑu̯ɫɑ]
Votic,[vʲiːsˈtɤi̯ʃːymed̥]
Votic,[ˈihɑn]
Votic,/ˈmuro/
Votic,/ˈylæˌkɤrtɑ/
Votic,[ˈrɤxkɤɑ̯]
Votic,/ˈpɑi̯no/
Votic,/ˈkukit͡sːɑː/
Votic,[ˈmʲælehtʲæ]
Votic,[ˈvʲitːoɑ̯]
Votic,/ˈsɑmɑ/
Votic,/ˈvɑrjo/
Votic,[ˈʝoːsːə̠]
Votic,[ˈɑrt͡ʃi]
Votic,/ˈperæː/
Votic,/ˈtɑvɑlːiːn/
Votic,[ˈvʲiŋkuɑ̯]
Votic,/ˈvɑlutːɑː/
Votic,/ˈkɑɲivo/
Votic,[ˈmurːiɑ̯]
Votic,[ˈɫɤu̯kə̠]
Votic,/ˈtɑpːɤlu/
Votic,/ˈmurtuɑ̯/
Votic,[ˈrɑmpə̠]
Votic,/ˈlepːæ/
Votic,/ˈzveːri/
Votic,[ˈkumʲːiˌtɤɫːə̠]
Votic,/ˈnɑi̯n/
Votic,/ˈnɤi̯toɑ̯/
Votic,/ˈpæːsko/
Votic,/ˈt͡ʃesæ/
Votic,/ˈtoruɑ̯/
Votic,/ˈlɑu̯toː/
Votic,[ˈmoʃkə̠]
Votic,[ˈɫɑntːu]
Votic,/ˈɑhvɤnɑ/
Votic,[ˈmetrə̠]
Votic,[ˈʝɑnokə̠z̥]
Votic,/ˈɑi̯noɡo/
Votic,/ˈɑːpɑ/
Votic,[ˈmʲæhʲæ]
Votic,/ˈsɑvːu/
Votic,[ˈɑhɑvə̠]
Votic,/ˈkɑt͡ʃːi/
Votic,[ˈɑʝɑtuz̥]
Votic,[ˈvʲælːæ]
Votic,/ˈmætæ/
Votic,[ˈmet͡sːə̟]
Votic,[ˈroːsɤ]
Votic,/ˈtɑpːɑː/
Votic,[ˈtɑmʲːi]
Votic,[ˈpɑɫɑ]
Votic,/ˈvɑʎːu/
Votic,/ˈhulkːuɑ̯/
Votic,/ˈpɑhkɑ/
Votic,[ˈneʎːeˌtei̯ʃːymed̥]
Votic,[ˈroːpːə̠]
Votic,/ˈeri/
Votic,/ˈsɤtkoɑ̯/
Votic,/ˈmui̯tɤz/
Votic,[ˈɑɫɑz̥]
Votic,/ˈpilɑu̯sːɑ/
Votic,[ˈfɫoːtːə̠]
Votic,/ˈperæz/
Votic,/ˈyle/
Votic,[ˈkursʲi]
Votic,/ˈviːʒ/
Votic,[ˈɑrvə̠]
Votic,[ˈʝuːmʲin]
Votic,/ˈɑlumɤi̯n/
Votic,[ˈkɑtkoɑ̯]
Votic,/ˈmokomɑ/
Votic,/ˈsilmu/
Votic,[ˈvɤɫkə̠]
Votic,[ˈpɑrɤpʲi]
Votic,/ˈupɑ/
Votic,[ˈrɑʝɑ]
Votic,/ˈvihmɑ/
Votic,[ˈkɤrsʲi]
Votic,/ˈtɑːz/
Votic,[ˈmʲyɡrʲə̟]
Votic,/zɑˈvodɑ/
Votic,[ˈvʲihoɫɑi̯n]
Votic,[ˈʝuɫkʲiɑ̯]
Votic,[ˈɑː]
Votic,[ˈvot]
Votic,/ˈet͡sːiæ̯/
Votic,/ˈeniˌpæi̯væ/
Votic,/ˈɤhsɤtɑ/
Votic,[ˈkɑu̯htə̠nə̠]
Votic,/ˈkoi̯/
Votic,[ˈkut͡sːuɑ̯]
Votic,/ˈɤnːisːuɑ̯/
Votic,/ˈxoc/
Votic,/ˈruskɑː/
Votic,/ˈmært͡ʃæ/
Votic,/ˈvɑɟːɑ/
Votic,/ˈentin/
Votic,/ˈt͡ʃysyæ̯/
Votic,[ˈmʲærehtʲiæ̯]
Votic,/ˈupotɑ/
Votic,[ˈɫɑŋɡɤtə̠]
Votic,/ˈviːjezˌpæi̯væ/
Votic,[ˈsʲinʲin]
Votic,/ˈlɑɟːuːz/
Votic,[ˈyː]
Votic,/ˈorjɑ/
Votic,/ˈsɑrɑjɑ/
Votic,[ˈvɑrtɤ]
Votic,[ˈsɑːtːo]
Votic,[fevˈrɑli]
Votic,[ˈsui̯t͡sɤd̥]
Votic,[ˈlizʲætʲə̟]
Votic,/ˈtænːe/
Votic,[ˈnʲiːtʲːy]
Votic,/ˈvirɑtoi̯/
Votic,/ˈno/
Votic,/ˈɤʑːɑ/
Votic,/ˈkɑniː/
Votic,/ˈlitrɑ/
Votic,/ˈkukːo/
Votic,/ˈkæpælæ/
Votic,[ˈmʲyːtʲə̟le]
Votic,/ˈjɑ/
Votic,/ˈdo.brɑ/
Votic,[ˈrɑt͡sːɑ]
Votic,[ˈnoʎ]
Votic,/neʎːeˈtɤi̯ʃːymed/
Votic,[ˈkɑrmʲiɑ̯]
Votic,/ˈperæsːæ/
Votic,[ˈɤhʝə̠]
Votic,[pɑrˈɑi̯kɑ]
Votic,[ˈpumpːu]
Votic,[ˈɤʝɑ]
Votic,[ˈtuskə̠]
Votic,/ˈrɑntɑ/
Votic,/ˈkokːɑ/
Votic,/ˈlukːu/
Votic,/ˈiho/
Votic,[ˈkʲærkʲːi]
Votic,[ˈʝɑːnʲiˌkukːə̠]
Votic,[ˈʃoɫkːə̠]
Votic,/ˈvilu/
Votic,/ˈvɑi̯kːo/
Votic,[ˈɫɤːkːuɑ̯]
Votic,[ˈɫumːə̠tə̠]
Votic,[ˈɑrvo]
Votic,[ˈɤrɑvə̠]
Votic,/ˈmiltæi̯n/
Votic,[ˈʝɑɫkə̠]
Votic,/ˈɡɑzetːi/
Votic,/ˈhoːvɑtɑ/
Votic,[ˈtɑːkːə̠]
Votic,[ˈtet͡ʃeʝə̟]
Votic,/ʃokoˈlɑːdi/
Votic,/ˈkɑhˌt͡ʃymːed/
Votic,/ˈmet͡sːæˌkɑnɑ/
Votic,[ˈsʲyæ̯mese]
Votic,/ˈvæhæi̯zeː/
Votic,/ˈtuli/
Votic,[ˈmutukə̠z̥]
Votic,[ˈæntʲə̟]
Votic,/ˈsɑto/
Votic,/ˈpiːpːu/
Votic,[ˈɫɑvɑ]
Votic,/ˈɑi̯tɑ/
Votic,/ˈpitæː/
Votic,[kɑˈpusːə̠]
Votic,/ˈmyːhæ/
Votic,[ˈɑɫɤt͡si]
Votic,/vesˈkɑːri/
Votic,/ˈhɑi̯soɑ̯/
Votic,/ˈpou̯tɑ/
Votic,[ˈhuɫkːuɑ̯]
Votic,[ˈkɑru]
Votic,[ˈhɑːkʲːi]
Votic,[ˈkɑi̯və̠tə̠]
Votic,[ˈt͡ʃipːɑ]
Votic,/ˈpæːsːæː/
Votic,/ˈmyːjæ/
Votic,[ˈɡrʲibɑ]
Votic,/ˈkɑɡrɑ/
Votic,[ˈnɑi̯n]
Votic,[ˈɑu̯t͡ʃi]
Votic,/ˈvɑsɑtɑ/
Votic,[ˈvɑnutːɑ]
Votic,/ˈsɑkɑrɑ/
Votic,/ˈvɑltɑ/
Votic,[ˈoːtːɑ]
Votic,/ˈtɤi̯n/
Votic,[ˈmɑhsə̠]
Votic,/ˈsiːni/
Votic,/ˈmɑtɑlɑ/
Votic,/ˈvɑlvoɑ̯/
Votic,/ˈkɤltɑi̯n/
Votic,/ˈsæː/
Votic,[ˈlehtʲi]
Votic,[ˈpɑʎːə̠z̥]
Votic,/ˈt͡ʃimolɑi̯n/
Votic,/ˈmɑtokːɑi̯n/
Votic,/ˈloːtɑ/
Votic,/ˈmet͡sːæˌkit͡sːi/
Votic,[ˈyhz̥]
Votic,[ˈkɑu̯tːə̠]
Votic,/ˈnisu/
Votic,/ˈitku/
Votic,[ˈɑvɑtə̠]
Votic,/ˈei̯næˌmɑː/
Votic,/ˈkɑi̯mɑ/
Votic,[ˈmʲiɲɟə̠]
Votic,/ˈrɤŋɡɑz/
Votic,[ˈmɑːˌmunʲikːo]
Votic,[ˈkehɑtə̠]
Votic,/ˈmereˌjæː/
Votic,/ˈkoːlɤmɑ/
Votic,[ˈkusːuɑ̯]
Votic,/ˈkɑhz/
Votic,/ˈnyt͡ʃyn/
Votic,[ˈmɑkːɤɑ̯]
Votic,/ˈseː/
Votic,[ˈtʲiɫkːə̠]
Votic,[ˈpʲæːle]
Votic,/ˈmyː/
Votic,/ˈnoːrikːɤ/
Votic,/ˈmerkːi/
Votic,[ˈpɑksu]
Votic,[ˈorʝə̠ˌmɑrʝə̠]
Votic,/ˈmɤi̯zɑ/
Votic,[ˈbrɑtko]
Votic,[ˈkoːrmə̠]
Votic,/ˈnurkːɑ/
Votic,/ˈt͡ʃɑko/
Votic,/ˈtyveː/
Votic,/ˈpæːltæ/
Votic,/stɑˈruhɑ/
Votic,[ˈkuɫmə̠]
Votic,[sɑmɑˈʎotʲːi]
Votic,[ˈvʲiːpə̠tə̠]
Votic,/ˈit͡ʃin/
Votic,/ˈrikɑsuz/
Votic,/ˈʒiːvɑtːɑ/
Votic,/ˈhærmæ/
Votic,/ˈjærisːæ/
Votic,[ˈmɤntə̠]
Votic,/ˈitæ/
Votic,/ˈviskoɑ̯/
Votic,[ˈkɑntɑ]
Votic,[ˈpʲiːrɡə̠]
Votic,/ˈlit͡ʃi/
Votic,[ˈkɑːliɑ̯]
Votic,[ˈvɑɟːɑˌmɑː]
Votic,/ˈkɑi̯vɑtɑ/
Votic,[ˈkɑnɑ]
Votic,/ˈjuli/
Votic,/ˈukːo/
Votic,[ˈselt͡ʃə̟]
Votic,[ˈkɑdɡɤtə̠]
Votic,[ˈsukːurʲi]
Votic,/ˈɑu̯ɡusti/
Votic,/ˈsɑmːuɑ̯/
Votic,[ˈrʲiːsːə̠]
Votic,[ˈæe̯z̥]
Votic,[ˈsʲilmʲə̟tʲə̟]
Votic,[ˈit͡ʃin]
Votic,/ˈit͡ʃæ/
Votic,[ˈtɑrkə̠sʲːi]
Votic,/ˈret͡ʃi/
Votic,[ˈnepsʲiæ̯]
Votic,/ˈmætæz/
Votic,[ʃokoˈɫɑːdʲi]
Votic,[ˈeɫoz̥]
Votic,[ˈtehʲæ]
Votic,[ˈt͡ʃyt͡ʃe]
Votic,[ˈkuɫo]
Votic,/ˈjyry/
Votic,[ˈɑɫɑˌmerʲi]
Votic,[ˈsʲitːoɑ̯]
Votic,[ˈsʲiːvo]
Votic,[ˈsɤmɤrə̠]
Votic,/ˈilvez/
Votic,[ˈkrɑːzɡə̠tə̠]
Votic,[ˈkoverə̠]
Votic,[ˈɑɫumɤi̯n]
Votic,/ˈsoːlɑ/
Votic,/ˈplɑt͡sːi/
Votic,/ˈhɑrɑkːɑ/
Votic,/ˈkorjɑtɑ/
Votic,/ˈlɑsːu/
Votic,/ˈemikːo/
Votic,[ˈtuːɫːə̠]
Votic,[ˈɑɫɑsʲːi]
Votic,[ˈurokːə̠]
Votic,[ˈumɑɫə̠z̥]
Votic,/ˈɑi̯nˌtɑki/
Votic,/ˈeːz/
Votic,[ˈɫɑːtko]
Votic,[ˈlæi̯kʲːiæ̯]
Votic,/ˈvɤi̯tːo/
Votic,[ˈpupuʃkə̠]
Votic,/ˈtɑki/
Votic,[ˈkepʲːi]
Votic,/ˈetːæ/
Votic,/ˈvɤi̯/
Votic,/ˈt͡ʃæːntyæ̯/
Votic,/ˈɑhilɑ/
Votic,[ˈhoc]
Votic,[ˈsɑpɑnə̠]
Votic,[ˈhuɫːu]
Votic,/ˈlɑho/
Votic,/ˈsɑlmi/
Votic,/ˈpɑi̯nuɑ̯/
Votic,/ˈsiso/
Votic,/ˈnokːiɑ̯/
Votic,/ˈniːtːy/
Votic,/ˈturpɑkːɑ/
Votic,/ˈmæːtæ/
Votic,/ˈsɑpɑnɑ/
Votic,/ˈyhsˌkɤrd/
Votic,/ˈlɑsku/
Votic,/ˈt͡ʃezːeː/
Votic,/ˈkɑːrtɑː/
Votic,[ˈpet͡ʃel]
Votic,[ˈmʲyː]
Votic,[ˈseːltʲə̟]
Votic,[ˈnoːruz̥]
Votic,/ˈtihti/
Votic,[ˈhʲørʲølæi̯n]
Votic,[ˈkormunə̠]
Votic,[ˈnɑɡru]
Votic,[ˈrʲipsʲi]
Votic,[ˈiɫozuz̥]
Votic,[ˈtohoz̥]
Votic,[ˈpelːə̟tʲə̟]
Votic,[ˈlæntʲy]
Votic,/ˈmɑɡjɑz/
Votic,/vɑˈrenjɑ/
Votic,[ˈnukːuɑ̯]
Votic,[ˈhɫɑːmu]
Votic,[ˈɫɑskʲisːə̠]
Votic,[ˈrɑŋkːə̠]
Votic,[ˈsʲiːkə̠]
Votic,[ˈsʲiɤ]
Votic,/ˈviːsˌtei̯ʃːymed/
Votic,/ˈteræ/
Votic,/ˈmurɑɡɑz/
Votic,[ˈmɑto]
Votic,[ˈt͡ʃirvez̥]
Votic,/ˈlɤːkːu/
Votic,/ˈtet͡ʃejæ/
Votic,[ˈkɑu̯pːə̠]
Votic,[ˈt͡ʃylmetʲːyæ̯]
Votic,[ˈpliːtːə̠]
Votic,/ˈpyhæˌpæi̯væ/
Votic,[ˈkuɫtə̠]
Votic,/ˈmæt͡ʃikːɑ/
Votic,/ˈseɡɑtɑ/
Votic,[ˈlæhetʲːæ]
Votic,/ˈʒenixɑ/
Votic,[ˈtɑːz̥]
Votic,[ˈʝæː]
Votic,/ˈt͡ʃedrætæ/
Votic,[ˈkʲiːsːeli]
Votic,/ˈviːsiː/
Votic,[ˈɤpːɤsːə̠]
Votic,[ˈmeːz̥]
Votic,/ˈpɑʎːɑz/
Votic,/ˈɑi̯kɤ/
Votic,/ˈpumpːu/
Votic,[ˈetʲːə̟]
Votic,/ˈtɑlːɑtɑ/
Votic,[ˈkoːpːə̠]
Votic,/ˈmɑhsɑː/
Votic,[ˈɡuʎu]
Votic,/ˈært͡ʃæ/
Votic,[ˈpuzɤrtɑ]
Votic,/ˈsuːtkɑd/
Votic,/ˈmuːtːɑː/
Votic,[ˈenːepʲi]
Votic,[ˈrʲihʲi]
Votic,[ˈɤt͡sːə̠]
Votic,[ˈsoːli]
Votic,/ˈkui̯lɑz/
Votic,[ˈvʲiːnə̠]
Votic,[ˈʝurmə̠]
Votic,/ˈsopuzɑ/
Votic,[ɑˈto]
Votic,/ˈkɑbrio̯/
Votic,/ˈɡuʎɑi̯tːɑː/
Votic,[ˈkʲiɫoˌɡrɑmːə̠]
Votic,/ˈrumːu/
Votic,[ˈisːuɑ̯]
Votic,/ˈsoːjɤtːɑː/
Votic,/ˈværisːæ/
Votic,[ˈlæsʲivʲə̟]
Votic,/ˈtedri/
Votic,/ˈvoːsi/
Votic,[ˈɫɑu̯ɫu]
Votic,/ˈrisɑvoi̯tːɑː/
Votic,[ˈmuxku]
Votic,/ˈiʒori/
Votic,/ˈt͡ʃæmːælˌkɑkːu/
Votic,/ˈkɑː/
Votic,[ˈvie̯ri]
Votic,[rɤˈbɑkːə̠]
Votic,[ˈpuɫːo]
Votic,[ˈsʲiːli]
Votic,/ˈupːoːsːɑ/
Votic,[ˈmɑtɑɫə̠]
Votic,[ˈsɤːrmʲi]
Votic,/ˈɤvːi/
Votic,/ˈsɑmːɑz/
Votic,[ˈlæpʲi]
Votic,[ˈʝɤu̯tu]
Votic,[ˈkɑɫbə̠sʲːi]
Votic,[ˈɑi̯nˌtɑkʲi]
Votic,/ˈku/
Votic,/ˈlɑu̯tːɑ/
Votic,/ˈpet͡ʃel/
Votic,/ˈmurtɑː/
Votic,[ˈkɑɫːə̠z̥]
Votic,/joltˈtɑri/
Votic,/kɑnˈfetːi/
Votic,/ˈkirpit͡sːɑ/
Votic,/ˈtɤi̯zɤlːɑi̯n/
Votic,/ˈjæːvːæ/
Votic,/ˈkusːɑ/
Votic,/ˈporo/
Votic,/ˈrækæ/
Votic,[ˈɫoːkːə̠]
Votic,/ˈsɤvɤtːɑː/
Votic,[ˈteko]
Votic,[ˈsʲiu̯nə̠tə̠]
Votic,/ˈtoːvːɑ/
Votic,/ˈvene/
Votic,/ˈhɑːkːi/
Votic,[ˈkɑːpʲːi]
Votic,[ˈpʲæː]
Votic,[ˈɫohmʲiɑ̯]
Votic,[ˈmet͡sːo]
Votic,/ˈkelkːɑ/
Votic,/ˈnɑpukːɑ/
Votic,/ˈpɑʎːo/
Votic,/ˈpiːrɡɑ/
Votic,/ˈkoi̯rɑ/
Votic,[ˈt͡ʃen]
Votic,[ˈveːl]
Votic,/ˈlɑu̯koˌpæi̯væ/
Votic,/ˈmetrɑ/
Votic,/ˈlikoːsːɑ/
Votic,[ˈuːrɤ]
Votic,[ˈsɑkːə̠li]
Votic,[ˈmʲætʲæˌnesʲːə̟]
Votic,[ˈlæsʲy]
Votic,[borkˈkɑnɑ]
Votic,[ˈkɑi̯hosːə̠]
Votic,/ˈuhsi/
Votic,[ˈyhsˌtei̯ʃːymed̥]
Votic,[ˈrohoi̯n]
Votic,/ˈvɑrɑː/
Votic,[ˈsʲænt͡ʃy]
Votic,[ˈveseˌrʲistə̠]
Votic,[ʝɑnˈvɑrʲi]
Votic,/ˈtyː/
Votic,[ˈpʲæht͡ʃenʲə̟]
Votic,[ˈsuɫkə̠]
Votic,[ˈvɑːpsə̠ɫɑi̯n]
Votic,[ˈɑi̯ro]
Votic,/ˈjɤvi/
Votic,[ˈsɤnɑˌt͡ʃirʝə̠]
Votic,[ˈɑʑːə̠]
Votic,/ˈkɤrvɑ/
Votic,/ˈsyæ̯mːeː/
Votic,/ˈkoːrmɑ/
Votic,[ˈmʲyt͡ʃːə̟]
Votic,/ˈnɑɡrɑː/
Votic,[ˈvɑɫːuɑ̯]
Votic,[ˈpɑxkə̠]
Votic,/ˈsilmæˌrætːe/
Votic,[ˈhɑɫtʲiɑ̯z̥]
Votic,[ˈvɑrʝo]
Votic,/ˈesimei̯n/
Votic,[ˈvɑːhto]
Votic,/ˈmøː/
Votic,/ˈtɑkoɑ̯/
Votic,[ˈvɑhɑ]
Votic,[ˈɫɤxɡə̠tə̠]
Votic,/ˈroːt͡siː/
Votic,/ˈlɑu̯loɑ̯/
Votic,/ˈtɑːtːɑ/
Votic,[ˈent͡ʃi]
Votic,[ˈkɑːkːo]
Votic,/ˈɡlɑi̯zɑ/
Votic,[ˈkɑnːi]
Votic,[ˈrʲiputːɑ]
Votic,[ˈpʲiː]
Votic,/ˈpɑrsi/
Votic,[ˈɫɑdvə̠]
Votic,[ˈkɑtʲːiɫə̠]
Votic,/ˈlɤŋkɑ/
Votic,[ˈsɑsːiɑ̯]
Votic,/ˈsæːri/
Votic,[ˈrɑhvə̠z̥]
Votic,/ˈʃtɑnɑˌjɑlkɑ/
Votic,/ˈlohmiɑ̯/
Votic,[ˈʝɑɫɡə̠z̥]
Votic,/ˈnæko/
Votic,[ˈɫɑmːə̠z̥]
Votic,[ˈkɑntə̠]
Votic,/ˈnivud/
Votic,[ˈɑsu]
Votic,/ˈvire/
Votic,/ˈliːkutːɑː/
Votic,/ˈoːtːɑː/
Votic,[ˈvɑɟːɑɫɑi̯n]
Votic,[ˈkuzɑ]
Votic,[ˈɑrvɑ]
Votic,/ˈime/
Votic,[ˈtuhɑtːə̠]
Votic,[ˈkɑned̥]
Votic,[ˈtɑɫːə̠tə̠]
Votic,[ˈrɑvːu]
Votic,[ˈruːmɤz̥]
Votic,/ˈt͡ʃerikːo/
Votic,[ˈɑi̯kɤ]
Votic,/ˈkɤnzˌnibuc/
Votic,[ˈliu̯kuˌpʲæi̯vʲə̟]
Votic,[ˈɫɑkːɑ]
Votic,[ˈʝælt͡ʃi]
Votic,/ˈrevitːæː/
Votic,/ˈtɑlːoɑ̯/
Votic,[ˈvɑlit͡sːɑ]
Votic,/ˈhyːpiæ̯z/
Votic,[ˈpɑi̯sːɑ]
Votic,/ˈuːrɤ/
Votic,/ˈtrɑːtːi/
Votic,/ˈkuːzikːo/
Votic,[ˈtuzɡə̠tə̠]
Votic,[ˈt͡ʃenʲːi]
Votic,/ˈtɑrtːuɑ̯/
Votic,[ˈtɑɡotːɑ]
Votic,/ˈt͡ʃesæˌnisu/
Votic,/ˈtupːi/
Votic,[ˈyvʲyz̥]
Votic,/ˈæːni/
Votic,/ˈlɑu̯lu/
Votic,/ˈtui̯mɑ/
Votic,/ˈpojo/
Votic,/ˈilmɑː/
Votic,[ˈpɑrvɤz̥]
Votic,/ˈvetelæ/
Votic,/ˈhɑltiɑ̯z/
Votic,[ˈrʲyːdʲi]
Votic,[ˈvʲiːpʲyæ̯]
Votic,/ˈmet͡sːæˌsikɑ/
Votic,/ˈliːtːæː/
Votic,/ˈkɑvɑlɑ/
Votic,[ˈsɑi̯ʝə̠]
Votic,/ˈmɑjɑ/
Votic,[ˈsɑɫmʲi]
Votic,/liˈmoni/
Votic,/ˈsiːvo/
Votic,[ˈkɑu̯koɫo]
Votic,[ˈlænsʲi]
Votic,/ˈmɤːkːɑ/
Votic,/ˈemæntæ/
Votic,[ˈɑʝo]
Votic,[mɑˈʃinɑ]
Votic,/ˈiːvɑ/
Votic,[ˈvɑɫːɑ]
Votic,[ˈtɑi̯və̠z̥]
Votic,[ˈkerʲætʲə̟]
Votic,/ˈvirolɑi̯n/
Votic,[ˈkorʝə̠tə̠]
Votic,[ˈvʲæːrʲə̟]
Votic,[ˈsʲyæ̯mːe]
Votic,/ˈsɑksɑ/
Votic,/ˈvohmɑ/
Votic,/ˈliːkɑ/
Votic,/ˈpruːzɡɑtɑ/
Votic,/ˈmɑrjɑ/
Votic,/ˈpilvi/
Votic,[ˈhoːɡə̠tə̠]
Votic,/ˈvirːe/
Votic,[ˈdoɫotːə̠]
Votic,/ˈslifkɑ/
Votic,/ˈkɤrjɑtɑ/
Votic,/ˈtɑpɑ/
Votic,[ˈɑrkə̠]
Votic,/ˈhui̯mɑ/
Votic,/ˈt͡ʃæy̯tːæː/
Votic,[ˈʝotʲːi]
Votic,[ˈkɑɫɑˌmeːz̥]
Votic,/ˈvɑɟːɑː/
Votic,[ˈpɑi̯nɑ]
Votic,/ˈsuːkːuri/
Votic,/ˈkɤi̯kɤːlːɑi̯n/
Votic,/ˈkohotɑ/
Votic,/ˈvæliː/
Votic,[ˈæpːiæ̯]
Votic,/ˈkormunɑ/
Votic,[ˈirsʲi]
Votic,[ˈɡroːznə̠tə̠]
Votic,[ˈɫoːtə̠]
Votic,[ˈɑi̯noɡo]
Votic,[ˈmɑhsu]
Votic,[ˈkurʲisːɑ]
Votic,[pomʲiˈdorɑ]
Votic,/ˈsɤmɤrɑ/
Votic,[ˈvɑdnə̠z̥]
Votic,/ˈlintːɑ/
Votic,/ˈveto/
Votic,/ˈopɤn/
Votic,[ˈɫɑu̯to]
Votic,/ˈtyrmæ/
Votic,[ˈvʲipu]
Votic,[ˈkuzɑ.le]
Votic,/ˈtɑrkɑsːi/
Votic,[ˈrʲisʲːimʲə̟]
Votic,[ˈsɑvːu]
Votic,[ˈɫɑtʲisːɑ]
Votic,[ˈunʲiˌlintu]
Votic,/ˈhɑko/
Votic,/ˈrɑkːoˌpilːi/
Votic,[ˈkɑzvotːɑ]
Votic,[ˈɫɤpːu]
Votic,/ˈkulmɑ/
Votic,/ˈveri/
Votic,[ˈtɑpːɑ]
Votic,[ˈlæmʲːi]
Votic,[ˈʝɑɫkə̠zʲi]
Votic,/ˈbulkːɑ/
Votic,[ˈpɑɡɑnuz̥]
Votic,/ˈklɑzi/
Votic,/ˈt͡ʃevæd/
Votic,[ˈupotə̠]
Votic,[ˈɑɫuz̥]
Votic,/ˈæːrimei̯n/
Votic,[ˈʝɑːtʲi]
Votic,/ˈluvɑtɑ/
Votic,/ˈlæmːitːæː/
Votic,[ˈrubʎə̠]
Votic,[ˈmuːvːə̠ɫːə̠]
Votic,[ˈɑŋɡeli]
Votic,[ɟeˈkɑbrʲi]
Votic,/ˈkɑtkoɑ̯/
Votic,/ˈɑʑːɑ/
Votic,[ˈɫutʲisːɑ]
Votic,[ˈterʲævʲə̟]
Votic,[ˈsʲiɫmu]
Votic,[ˈt͡ʃæpʲælə̟]
Votic,/ˈveːro/
Votic,/ˈtɑlvi/
Votic,[ˈetːe]
Votic,[ˈhʲøy̯tʲytʲːæ]
Votic,[ˈɤpʲːiɑ̯]
Votic,[kɤɫmɤdˈtɤi̯ʃːymed̥]
Votic,/ˈlɑtisːɑː/
Votic,/ˈkotːi/
Votic,/ˈkosːɑː/
Votic,/ˈhertːɑ/
Votic,[ˈirvʲi]
Votic,/ˈroːt͡siːˌmɑː/
Votic,[ˈkorɑ]
Votic,[ˈɑrmo]
Votic,/ˈjɑvo/
Votic,[ˈnoːrʲiso]
Votic,[ˈvenɑˌmɑː]
Votic,/ˈt͡ʃæːntæː/
Votic,/ˈporotːɑː/
Votic,[ˈkukːo]
Votic,/ˈkɑhɤsɑːˌtei̯ʃːymed/
Votic,[ˈsɤpːɤsːə̠]
Votic,[ˈhʲyːpʲiæ̯z̥]
Votic,/ˈsupːi/
Votic,[ˈɡrɑːdusʲːi]
Votic,/ˈvɑhvɑ/
Votic,/ˈɑlku/
Votic,[ˈlintʲːi]
Votic,[ˈret͡ʃi]
Votic,[ˈrɑhɑ]
Votic,/ˈsveːʒɑ/
Votic,/ˈvɑnɤpi/
Votic,/ˈdɑ/
Votic,/ˈvihɑ/
Votic,[ˈkɑtːɑ]
Votic,/ˈize/
Votic,[ˈmʲinutʲːi]
Votic,[ˈpʲæht͡ʃinʲə̟]
Votic,[ˈkerkʲiæ̯]
Votic,/ˈsoːlɑn/
Votic,/ˈsiːn/
Votic,/ˈlæɡætæ/
Votic,/ˈmɤlɤpɑd/
Votic,[reˈt͡septʲi]
Votic,/ˈtitːi/
Votic,/ˈviːkːo/
Votic,/ˈmozɡid/
Votic,/ˈmɑt͡ʃkɑ/
Votic,/ˈbohɑtːɤri/
Votic,[ˈt͡ʃæy̯vʲːə̟]
Votic,/ˈmeːletoː/
Votic,[ˈi]
Votic,/ˈpɑrvi/
Votic,/ˈt͡ʃirpːu/
Votic,/ˈlihɑ/
Votic,[ˈkosːɑ]
Votic,[ˈvɑːliɑ̯]
Votic,[ˈɫoːvːə̠]
Votic,/ˈvokːi/
Votic,/ˈlæmːiː/
Votic,/ˈɤjɑ/
Votic,/ˈɑhkɤrɑ/
Votic,[ˈt͡ʃerʲæ]
Votic,/ˈlyly/
Votic,/ˈpyht͡ʃiæ̯/
Votic,/proˈɡonɑ/
Votic,[ˈnɑɫtə̠]
Votic,/ˈkui̯vɑː/
Votic,[ˈkɤi̯k]
Votic,[ˈtʲøkʲøtʲːi]
Votic,[ˈʝærestʲæ]
Votic,[ˈtʲyvʲi]
Votic,[ˈrusko]
Votic,/ˈɑdrɑ/
Votic,/ˈɑrvɑtɑ/
Votic,[ˈt͡ʃenˌnʲibuc]
Votic,/ˈit͡ʃævæ/
Votic,[ˈterʲæ]
Votic,/ˈnɑɡriz/
Votic,/ˈjærestæː/
Votic,[veˈɕoɫɑ]
Votic,/ˈmɤlɑ/
Votic,/ˈt͡ʃiu̯zɑtɑ/
Votic,[ˈkoɫkʲːi]
Votic,/ˈjɑlkɑ/
Votic,[ˈrʲipːuɑ̯]
Votic,/ˈæːreː/
Votic,[ˈseːmeˌvɤi̯]
Votic,/ˈlɑhjɑ/
Votic,/ˈʒɑːritːɑː/
Votic,/ˈkɑɡluz/
Votic,[ˈʝɑːnʲi]
Votic,[ˈkɑnɑˌmunɑ]
Votic,/ˈpɑrtːi/
Votic,/ˈkoːriɑ̯/
Votic,/ˈmæhæ/
Votic,[ˈbɤː]
Votic,[ˈkurkʲi]
Votic,[ˈseɡotːɑ]
Votic,[ˈsuɫɑ]
Votic,[ˈt͡ʃimo]
Votic,[ˈroxkɑpʲi]
Votic,[ˈemʲinˌtʲimʲæ]
Votic,/ˈinemiːn/
Votic,[ˈrɑu̯tə̠]
Votic,[ˈmuhʲisːə̠]
Votic,[sei̯t͡sːeˈtɤi̯ʃːymed̥]
Votic,[ˈpʲiæ̯tʲːyæ̯]
Votic,[ˈnɑɡrʲiz̥]
Votic,[ˈʝyrʲisʲːə̟]
Votic,[ˈhukɑtə̠]
Votic,/ˈnæhæ/
Votic,[ˈpɑpʲːi]
Votic,[ˈeɫo]
Votic,/ˈjohsu/
Votic,[ˈtunʲːi]
Votic,[ˈʝɤu̯tuɑ̯]
Votic,[ˈmunːiɑ̯]
Votic,[ˈɫɑu̯tːə̠]
Votic,/ˈsei̯t͡sːeːˌtei̯ʃːymed/
Votic,/ˈvesːæː/
Votic,[ˈɑi̯və̠ˌsɤɫːə̠]
Votic,[ˈpɑhɑi̯n]
Votic,[ˈkɑɫɑˌnʲikːə̠]
Votic,/ˈnɤsɑtːɑː/
Votic,[ˈkrɑpu]
Votic,/ˈsopu/
Votic,[ˈhɑi̯su]
Votic,[ˈsʲytʲːyæ̯]
Votic,/ˈkɑzvotːɑː/
Votic,/ˈpɤlɤtːɑː/
Votic,[ˈhʲæmːentʲæ]
Votic,[ˈɫuvɑtə̠]
Votic,/ˈmeːz/
Votic,[ˈølʝy]
Votic,[kʲiːsˈseli]
Votic,/ˈylːe/
Votic,[ˈɫɑːdʲiɑ̯]
Votic,/ˈkɑtɤ/
Votic,[ˈiho]
Votic,[ˈæːli]
Votic,/ˈsuvɑːmiːn/
Votic,[ˈmusʲikə̠z̥]
Votic,/ˈroi̯tːɑː/
Votic,/ˈimo/
Votic,[ˈyliˌoːmɤn]
Votic,[ˈhoːli]
Votic,/ˈæmːæ/
Votic,/kiloˈmetrɑ/
Votic,[ˈt͡ʃylt͡ʃiˌɫuː]
Votic,[ˈvʲiːmə̠tə̠]
Votic,[ˈtʲytʲːø]
Votic,[ˈtoːrɤ]
Votic,[ˈmɑnʲitːɑ]
Votic,/ˈmurhɤ/
Votic,[ˈpɑrvʲi]
Votic,/ˈkukʃinɑ/
Votic,/ˈsɤi̯sːɑ/
Votic,/ˈɑrɑɡɑ/
Votic,/esimesˈpæi̯væ/
Votic,[ˈnʲæy̯tʲːæ]
Votic,[ˈʝuɫkɑ]
Votic,/ˈhoːli/
Votic,/buˈɡrɑ/
Votic,/ˈpuːkːi/
Votic,/ˈtɑhto/
Votic,[ˈmurɤtːɑ]
Votic,/ˈperenˌnɑi̯n/
Votic,[ˈsɑtɑmə̠]
Votic,/ˈpino/
Votic,/ˈmɑnitːɑː/
Votic,/ˈvɑhtiɑ̯/
Votic,[ˈtʲæːl]
Votic,[ˈkɑdɡə̠tə̠]
Votic,[ˈvʲæːntʲæ]
Votic,[ˈtuli]
Votic,[ˈenːe]
Votic,[ˈmɑːˌent͡ʃæy̯z̥]
Votic,/ˈrɑkːo/
Votic,[ˈnuːzɡə̠tə̠]
Votic,/ˈvɑːhtɤrɑ/
Votic,/ˈɑrt͡ʃi/
Votic,/ˈt͡ʃylæ/
Votic,/ˈsuːpilːi/
Votic,[ˈsɤi̯tːɑ]
Votic,[ˈvʲæsːyæ̯]
Votic,[ˈnɑi̯tːɑ]
Votic,[ˈtʲætʲi]
Votic,[ˈneː]
Votic,[ˈley̯tʲæ]
Votic,/ˈvɑi̯t/
Votic,[ˈhʲylɡʲə̟tʲə̟]
Votic,/ˈpɑrɑz/
Votic,[ˈkeskolin]
Votic,[ˈtuɫɤvə̠]
Votic,/ˈkɤi̯kiː/
Votic,[ˈtʲæhtʲi]
Votic,[ˈɤi̯kɑ]
Votic,[ˈpɑtɑ]
Votic,[ˈsʲiso]
Votic,[ˈkɤrvə̠]
Votic,/ˈmɑːtːuɑ̯/
Votic,[zɑˈvodɑ]
Votic,/ˈhoːɡɑtɑ/
Votic,[ˈtʲæi̯]
Votic,/ɑfˈtobusːɑ/
Votic,/ˈvɑlɑː/
Votic,/ˈɑlkɑː/
Votic,[ˈɑi̯kɑ]
Votic,/ˈæpy/
Votic,[ˈt͡ʃyːsʲi]
Votic,/ˈtunːi/
Votic,[ˈʒɑːli]
Votic,[ˈverʲi]
Votic,[ˈɫɤŋkə̠]
Votic,[ˈpɤrzə̠z̥]
Votic,/ˈmylːy/
Votic,[ˈuhtoɑ̯]
Votic,[ˈleːtʲːyæ̯]
Votic,[ˈvɑɫo]
Votic,[ˈtʲæy̯sʲi]
Votic,[ˈturpɑ]
Votic,/ˈpelːɑvɑz/
Votic,[ˈvoi̯mə̠kə̠z̥]
Votic,/ˈlɤːkɑ/
Votic,/ˈlɑːdiɑ̯/
Votic,[ˈmesʲiˌmɑrʝə̠]
Votic,[ˈrʲiːʝːɤɫːə̠]
Votic,/ˈtropːɑ/
Votic,[ˈt͡ʃylæ]
Votic,[ˈrɑu̯kːə̠]
Votic,/ˈtiu̯kɑtɑ/
Votic,/ˈtilkːɑ/
Votic,/ˈkurɤɑ̯/
Votic,[ˈkɤrkuz̥]
Votic,/ˈkuːnɤlːɑ/
Votic,/ˈɤlkɑ/
Votic,[ˈuʝːuɑ̯]
Votic,[ˈkurt͡ʃi]
Votic,/ˈjɤu̯tuɑ̯/
Votic,/ˈjuːtːɑː/
Votic,/ˈumːɑr/
Votic,[ˈpɤskʲi]
Votic,[ˈt͡ʃevʲæd̥]
Votic,[ˈnɑto]
Votic,[ˈrʲæi̯mʲiæ̯]
Votic,[ˈkroːkə̠tə̠]
Votic,[ˈpuː]
Votic,/ˈkrotːɑ/
Votic,/ˈpulːo/
Votic,/ˈɤhvɑ/
Votic,[ˈhɑi̯soɑ̯]
Votic,/ˈsɤtɑ/
Votic,/ˈmyːhæː/
Votic,[ˈʝyvʲæ]
Votic,[ˈvɑnɑ]
Votic,/ˈviŋkuɑ̯/
Votic,/ˈilozuz/
Votic,/ˈneːd/
Votic,/ˈkilometri/
Votic,[ˈkɤtɑ]
Votic,[ˈtoːvːə̠]
Votic,[ˈʝo]
Votic,/ˈroːko/
Votic,[ˈɑdrə̠]
Votic,[ˈʝumɑɫə̠]
Votic,/ˈniɡlɑ/
Votic,[ˈsɑrɑʝə̠]
Votic,[ˈt͡ʃylpesʲːə̟]
Votic,/ˈɤludˌkoto/
Votic,/ˈviroːˌmɑː/
Votic,/ˈhɑrkːɑːmuz/
Votic,[ˈkokutːɑ]
Votic,[ˈɫuːvːɤ]
Votic,[ˈsurːə̠]
Votic,[ˈɤɫutˌkoto]
Votic,/ˈtotku/
Votic,/ˈpæːsæ/
Votic,[ˈpɑɡɫə̠]
Votic,[ˈmeɫto]
Votic,[ˈbutkə̠]
Votic,/ˈlui̯kɑtɑ/
Votic,/ˈvitoɑ̯/
Votic,[ˈt͡ʃæt͡ʃyd̥]
Votic,/ˈrɑputːɑː/
Votic,/ˈnelɟikːo/
Votic,[ˈetelə̟]
Votic,/ˈlinːɑ/
Votic,/okˈtæbri/
Votic,/ˈlɑi̯tːɑː/
Votic,[ˈpeːnʲi]
Votic,/ˈpɑkozinɑ/
Votic,/ˈsɑŋkɑ/
Votic,[ˈkɑtːo]
Votic,[ˈpʲit͡ʃːə̟]
Votic,/ˈkuːsʲ/
Votic,[ˈpuɫmə̠]
Votic,[ˈkopʲːiu̯sːə̠]
Votic,[ˈtutːə̠və̠]
Votic,[ˈliːkutːɑ]
Votic,[ˈvenʲːæ]
Votic,/ˈviːmɑtɑ/
Votic,/ˈlurjuz/
Votic,[ˈterve]
Votic,/ˈvirstɑ/
Votic,/ˈɑho/
Votic,[ˈsʲiæ̯]
Votic,/ˈlɤːkutːɑː/
Votic,/ˈnɑpɑtɑ/
Votic,/ˈbutkɑ/
Votic,[ˈtʲykʲːy]
Votic,/ˈt͡ʃedræˌluː/
Votic,[ˈkɑpɑɫod̥]
Votic,/ˈpetːy/
Votic,/ˈtɑi̯vɑz/
Votic,[stɑˈruhɑ]
Votic,[ˈvɑɫmʲiz̥]
Votic,/ˈsiɡlɑ/
Votic,/ˈyhz/
Votic,[ˈkɑu̯kɑɫtə̠]
Votic,[ˈkuzːɑ]
Votic,[ˈɑːrə̠]
Votic,[ˈtɑrvʲiz̥]
Votic,[ˈærʲyd̥]
Votic,[ˈɑɫkuɑ̯]
Votic,/ˈlɑhti/
Votic,/ˈmyːtæleː/
Votic,[ˈizʲinˌtʲimʲæ]
Votic,[ˈpʲiːpːu]
Votic,/ˈkɑlɑˌnikːɑ/
Votic,/ˈkui̯vɑ/
Votic,[ˈt͡ʃivʲi]
Votic,[ˈvesʲi]
Votic,[ɑfˈtobusːə̠]
Votic,/ˈpui̯kːo/
Votic,/ˈjɑnokɑz/
Votic,/ˈmikæ/
Votic,/ˈtɑi̯t͡ʃinɑ/
Votic,[ˈɫɑu̯ɫə̠ʝə̠]
Votic,[ˈkui̯]
Votic,/ˈjɤu̯lu/
Votic,/ˈsyntyæ̯/
Votic,[ˈvʲiʃɲə̠]
Votic,/ˈrɑskɑz/
Votic,/ˈvilpːi/
Votic,[ˈvunukːə̠]
Votic,[ˈsʲiːpʲi]
Votic,/ˈt͡ʃɑʃkɑ/
Votic,/ˈɑːrɑ/
Votic,[ˈlibɫə̠]
Votic,/ˈrɑtiz/
Votic,[ˈnoːrʲikːɤ]
Votic,/ˈsyæ̯mesːæ/
Votic,/ˈkɑsːen/
Votic,[ˈtɑvɑtə̠]
Votic,/ˈriputːɑː/
Votic,[ˈhei̯tʲːæ]
Votic,[ˈsʲyvʲæ]
Votic,/ˈviːpyæ̯/
Votic,/noˈjæbri/
Votic,[ˈvɤrkːə̠]
Votic,/ˈliːt͡sːɑ/
Votic,/ˈlɑhnɑ/
Votic,[ˈize]
Votic,[ˈtʲiɫɑ]
Votic,[ˈmurtɑ]
Votic,[ˈʝɑrvʲi]
Votic,[ˈævːisʲːə̟]
Votic,[ˈsɤi̯soɑ̯]
Votic,/ˈkɑntɑː/
Votic,/ˈt͡ʃiːtːæː/
Votic,/ˈhoi̯kːɑ/
Votic,/ˈsiːz/
Votic,/ˈvirutːɑː/
Votic,/ˈpoi̯kɑi̯n/
Votic,[ˈsoːmə̠ɫɑi̯n]
Votic,[ˈpɤɫvʲi]
Votic,/ˈpæi̯vyd/
Votic,/ˈkurikːɑ/
Votic,[ˈɫukːɤɑ̯]
Votic,[ˈympʲə̟rʲyz̥]
Votic,[ˈvɑsːɑ]
Votic,/ˈvɑhiŋko/
Votic,[ˈʝuːvːə̠]
Votic,[ˈtuskɑi̯n]
Votic,/ˈsiæ̯/
Votic,[ˈpruːzɡə̠tə̠]
Votic,[ˈrɑːto]
Votic,/ˈent͡ʃi/
Votic,[ˈvɤːno]
Votic,[ˈkoi̯rə̠]
Votic,[ˈtɤhtʲiɑ̯]
Votic,/ˈpɑrɑtːɑː/
Votic,/ˈkerkiæ̯/
Votic,/ˈmælehtæː/
Votic,[ˈrumɑ]
Votic,[ˈpʲino]
Votic,[ˈnenʲæ]
Votic,/mɑndoˈlinɑ/
Votic,[ˈsuɫɑtːɑ]
Votic,/ˈlipiɑ̯/
Votic,/ˈrikːoɑ̯/
Votic,/ˈlimɑ/
Votic,[ˈroːʝə̠kə̠z̥]
Votic,[ˈpʲihtə̠]
Votic,[ˈɫupɑ]
Votic,[ˈneʎːə̟]
Votic,[ˈtɑkɑz̥]
Votic,[ˈiːli]
Votic,/ˈsukɑ/
Votic,/ˈkuːz/
Votic,/ˈpihed/
Votic,/ˈetːi/
Votic,[ˈʎuːkuɑ̯]
Votic,[ˈbohɑtˌtɤrʲi]
Votic,/ˈsæːriˌmɑrjɑ/
Votic,/ˈseɡotːɑː/
Votic,[ˈdeŋɡə̠d̥]
Votic,/ˈtulɤvɑ/
Votic,[ˈsupʲːi]
Votic,/ˈɑvːotːɑː/
Votic,/ˈyhelːɑi̯n/
Votic,[ˈstoːli]
Votic,[ˈkuhːɤ]
Votic,[ˈkɑu̯sːə̠]
Votic,[ˈmet͡sːə̟ˌkʲit͡sːi]
Votic,/ˈkɑrtːɑ/
Votic,/ˈprimuzlɑ/
Votic,[ˈrʲinːə̠ɫːə̠]
Votic,/ˈɤnːɤkɑz/
Votic,[ˈperʲæz̥]
Votic,/ˈkuːmɑ/
Votic,[ˈtʲyvːeæ̯]
Votic,[ˈsɑːdu]
Votic,[ˈpɑʝɑtːɑ]
Votic,[ˈpɑkoˌzʲinɑ]
Votic,/ˈeb/
Votic,/ˈkerkiæ̯i̯n/
Votic,/ˈt͡ʃæhsiæ̯/
Votic,/ˈneʎːæz/
Votic,[ˈkɑbʝə̠]
Votic,/ˈbørbøtːæː/
Votic,[ˈlæhe]
Votic,[ˈpʲære]
Votic,[ˈtʲiːnʲi]
Votic,[ˈpɑsʲːibo]
Votic,[ˈomenə̠]
Votic,[ˈohto]
Votic,/ˈpæːˌluː/
Votic,/ˈlɑmːɑz/
Votic,[ˈse]
Votic,/noˈjɑbri/
Votic,/ˈɤpɑː/
Votic,[ˈmuːdrə̠]
Votic,[ˈsoːnʲi]
Votic,/ˈʃkou̯lu/
Votic,/ˈkɑhɤsɑː/
Votic,/ɲeˈmoi̯/
Votic,/ˈrɑːto/
Votic,[ˈpɑʝu]
Votic,[ˈmʲæ]
Votic,/ˈneːmi/
Votic,[ˈrʲisʲːi]
Votic,/ˈsɑvːi/
Votic,/ˈoːmɤn/
Votic,/ˈtuːrɑ/
Votic,/ˈnɑi̯zikːo/
Votic,[ˈtoːhuz̥]
Votic,[ˈmuro]
Votic,/ˈikoˌloːkːɑ/
Votic,[ˈsusʲi]
Votic,/ˈlɑkɑː/
Votic,[ˈnʲæmʲæd̥]
Votic,[ˈvʲirːe]
Votic,/ˈpuzɡɑtɑ/
Votic,[ˈhʲætʲæ]
Votic,/ˈpropkɑ/
Votic,[ˈsɑɫvoɑ̯]
Votic,[ˈsʲynʲːytʲːæ]
Votic,/ˈʃolkːɑ/
Votic,/ˈsɤi̯soɑ̯/
Votic,[ˈborkːə̠nə̠]
Votic,[ˈɑrt͡ʃiˌpʲæi̯vʲə̟]
Votic,[ˈrɑskə̠z̥]
Votic,/ˈsirkɑː/
Votic,[ˈehe]
Votic,/ˈnurmi/
Votic,/ˈkui̯vɑtːɑː/
Votic,/ˈsoːmɤː/
Votic,[ˈkuvɑ]
Votic,[ˈnɑxkurʲi]
Votic,/ˈenæː/
Votic,/ˈt͡ʃirjɑ/
Votic,/ˈrɑi̯tːi/
Votic,/ˈsoːlɑtɑ/
Votic,/ˈt͡ʃyːnel/
Votic,[ˈkorpːu]
Votic,/ˈkɤi̯kːinɑː/
Votic,/ˈsyːt͡ʃːi/
Votic,/ˈoːtɤlːɑ/
Votic,/ˈt͡ʃihuɑ̯/
Votic,[ˈsʲilmʲə̟ˌrʲætːe]
Votic,[ˈkɑu̯ɡɑ]
Votic,[ˈʃkʲipːə̠rʲi]
Votic,/ˈrɑːkɑ/
Votic,[ˈmɑhsɑ]
Votic,[ˈmʲælehtʲyz̥]
Votic,[ˈɤɫːə̠]
Votic,/ˈɡɑi̯kɑ/
Votic,/ˈvilːɑ/
Votic,[ˈtɑɫoˌmerkʲːi]
Votic,/ˈnoːrɑ/
Votic,/ˈɤpɤɑ̯/
Votic,/ˈsulɑtːɑː/
Votic,[ˈt͡ʃiːn]
Votic,[ˈɑkːə̠]
Votic,[ˈhʲikʲi]
Votic,[ˈɑto]
Votic,/ˈkɑu̯ɡɑː/
Votic,/ˈkoːri/
Votic,[ˈsʲyːtʲːæ]
Votic,/ˈtɑɡlɑ/
Votic,/ˈsuvi/
Votic,/ˈkuːsˌtei̯ʃːymed/
Votic,[ˈsʲiɫtə̠]
Votic,[ˈt͡ʃylælæi̯n]
Votic,/ˈluhtɑ/
Votic,[ˈkɑtɤ]
Votic,/ˈvɤːrɑziː/
Votic,/ˈned/
Votic,/solˈdɑtːi/
Votic,/ˈɑrpɑ/
Votic,/kuːsˈtɤi̯ʃːymed/
Votic,[ˈpʲito]
Votic,/ˈyhsinæː/
Votic,[ˈtɤɡɤ]
Votic,[ˈsʲiːz̥]
Votic,/ˈpɑlko/
Votic,[ˈvoli]
Votic,[ˈusko]
Votic,/ˈtohuz/
Votic,[ˈrɑu̯hə̠]
Votic,[kɑhɤsɑˈtɤi̯ʃːymed̥]
Votic,/ˈtolkːu/
Votic,[ˈyhesʲæ]
Votic,/ˈliːvɑ/
Votic,/ˈrokːɑ/
Votic,[ˈvɑʎːu]
Votic,[ˈɫuː]
Votic,[ˈmʲiæ̯]
Votic,[ˈkɑmɑˌlikːə̠]
Votic,/ˈlinɑ/
Votic,/ˈpoːlɑz/
Votic,[ʝæˈtɑʒi]
Votic,/ˈvihɑi̯n/
Votic,[ˈkui̯və̠sːə̠]
Votic,/ˈviːzɑz/
Votic,[ˈɫɑi̯nɤ]
Votic,/ˈsurvoɑ̯/
Votic,[ˈhʲøy̯tʲːyæ̯]
Votic,[ˈrɑːnə̠]
Votic,[ˈit͡ʃævʲə̟]
Votic,[ˈʝɑvo]
Votic,[ˈkoːrʲi]
Votic,[ˈpɑrtʲːi]
Votic,/ˈnɑi̯jɑ/
Votic,[ˈkʲirstu]
Votic,[ˈfrovːə̠]
Votic,/ˈhæy̯lytːæː/
Votic,[ˈrʲipusːɑ]
Votic,/ˈɑlko/
Votic,/ˈrulːɑ/
Votic,[ˈvɑsɑrə̠]
Votic,[ˈhɑi̯li]
Votic,[ˈpoːɫə̠z̥]
Votic,/ˈsiplikɑz/
Votic,[ˈkurʝə̠]
Votic,/ˈsylt͡ʃiæ̯/
Votic,/ˈɤmɤ/
Votic,[ˈɫɑu̯ɫoɑ̯]
Votic,/ˈkuːluvɑ/
Votic,/ˈliːtkɑ/
Votic,[ˈeɫokə̠z̥]
Votic,/ˈt͡ʃæsi/
Votic,/ˈkeræjæ/
Votic,[ˈoi̯tɑ]
Votic,[ˈsɑmɑˌɡoŋkə̠]
Votic,/ˈylpiæ̯/
Votic,/ˈlɑkɤɑ̯/
Votic,/ˈtɑi̯mi/
Votic,[ˈkɑɫmo]
Votic,/ˈnɤi̯tuːz/
Votic,[ˈseːl]
Votic,/ˈɑkːɑ/
Votic,[ˈʝuːmə̠rʲi]
Votic,[yhsˈtɤi̯ʃːymed̥]
Votic,[ˈtuxkə̠]
Votic,/ˈɑpi/
Votic,[ˈvɑrnə̠]
Votic,[ˈkɑu̯kɑɫːə̠]
Votic,[ˈtʲinɑ]
Votic,/ˈkohinɑ/
Votic,[ˈrʲiːkʲːi]
Votic,/ˈmurɑɡɑ/
Votic,[ˈʃɑhʲisːə̠]
Votic,/ˈpuhɑsːɑː/
Votic,[ˈpɑkːo]
Votic,/ˈɑhɑvɑ/
Votic,/ˈøːˌitku/
Votic,/ˈpeːrːæ/
Votic,/ˈtærisːæ/
Votic,[ˈkɑrkɑ]
Votic,/ˈmɑku/
Votic,/ˈluːt͡sɑ/
Votic,[ˈpetelːə̟]
Votic,[ˈleɫːo]
Votic,[ˈrɑkːoˌpʲilːi]
Votic,[ˈsɑmːuɑ̯]
Votic,[ˈvʲævʲy]
Votic,[ˈtɑɫːoɑ̯]
Votic,[ˈpʲisʲːæ]
Votic,[ˈɫɑ]
Votic,/ˈnoːtːi/
Votic,[ˈkohʲinə̠]
Votic,/ˈkɑu̯htɑnɑ/
Votic,/ˈvilkːɑ/
Votic,/ˈpæːˌɑu̯kːo/
Votic,[pleˈmʲænʲikːə̠]
Votic,[ˈvɤi̯]
Votic,[ˈtui̯sku]
Votic,/ˈkɑrmiɑ̯/
Votic,/ˈpilɑtɑ/
Votic,[ˈkɑnːuz̥]
Votic,[ʒeˈnʲixɑ]
Votic,[ˈyheɫːɑi̯n]
Votic,[ˈt͡ʃiːre]
Votic,[ˈɤɫt͡ʃi]
Votic,[ˈylːe]
Votic,/ˈvɑlɤ/
Votic,/ˈpilːitːæː/
Votic,[ˈt͡ʃirʝə̠və̠]
Votic,[ˈpʲyrt͡ʃiæ̯]
Votic,[ˈit͡ʃæ]
Votic,[ˈpɑi̯kːə̠]
Votic,/ˈɑrmɑz/
Votic,[ˈympʲə̟rʲi]
Votic,[ˈɡɫɑi̯zə̠]
Votic,[ˈsʲiːytʲːæ]
Votic,/ˈt͡ʃynːyz/
Votic,[ˈkusutːɑ]
Votic,[ˈpɑrmə̠z̥]
Votic,/ˈoi̯tiːsːɑ/
Votic,[ˈtrubɑ]
Votic,/ˈsɑpːi/
Votic,/ˈlyhyd/
Votic,/ˈkylːæi̯n/
Votic,[ˈkɑpːə̠]
Votic,/ˈimiæ̯/
Votic,/ˈkrɑpːuːsːɑ/
Votic,/ˈpisːæː/
Votic,[ˈmɑho]
Votic,/ˈkɑhu/
Votic,[ˈselt͡ʃiæ̯]
Votic,[ˈtɑpɑ]
Votic,/ˈsuːto/
Votic,/ˈvɤrkːɑ/
Votic,/ˈløy̯ly/
Votic,/ˈnɤi̯tɑ/
Votic,[ˈkolisːə̠]
Votic,/ˈkɑɡlɑ/
Votic,/ˈsɤːrmi/
Votic,[ˈsuɫːɑ]
Votic,/ˈveːl/
Votic,[ˈruskɤɑ̯]
Votic,[ˈlyt͡ʃætʲə̟]
Votic,/ˈkofːi/
Votic,[ˈvɑrvə̠z̥]
Votic,[ˈvɤi̯tːɑ]
Votic,[ˈtʲiu̯kə̠tə̠]
Votic,/ˈtɤmpiɑ̯/
Votic,/ˈjupkɑ/
Votic,[ˈɫou̯kə̠tə̠]
Votic,[ˈei̯nʲə̟ˌmɑː]
Votic,[ˈkorːiɑ̯]
Votic,[ˈnɑːpurʲi]
Votic,/ˈkɑtːi/
Votic,[ˈsopːiɑ̯]
Votic,[ˈɑhʲisːɑ]
Votic,/ˈhoːno/
Votic,/ˈlelːo/
Votic,[-nʲibuc]
Votic,[ˈneʎːesˌpʲæi̯vʲə̟]
Votic,/ˈmukɑvɑ/
Votic,/-kɑː/
Votic,[ˈsʲitkɑ]
Votic,/ˈkiːkutːɑː/
Votic,/kɑˈnɑvɑ/
Votic,[ˈkokːə̠]
Votic,/ˈumɑlɑ/
Votic,/ˈvikɑhtɤ/
Votic,[ˈrʲiːtːə̠]
Votic,/ˈræːto/
Votic,/zɑnɑˈveskɑ/
Votic,/ˈpɑhɑ/
Votic,[ˈsʲiɡɫə̠]
Votic,/ˈkusiˌrɑkːo/
Votic,[ˈɑvːotːɑ]
Votic,[ˈsɑtːɑ]
Votic,/ˈræy̯stæz/
Votic,[ˈɑntɤsʲːi]
Votic,/ˈpyhæ/
Votic,/ˈpɑu̯kːɑː/
Votic,/ˈsiːkɑ/
Votic,/ˈsɑtɑː/
Votic,[ˈɑɫko]
Votic,[ˈtʲytʲær]
Votic,/ˈviːz/
Votic,/ˈɤsːɑː/
Votic,[ˈsoːʝə̠]
Votic,/ˈelæmæ/
Votic,/pleˈmænikːɑ/
Votic,[ˈsɤtkoɑ̯]
Votic,/ˈmætːæː/
Votic,/ˈpæræmæ/
Votic,/ˈpurkɑː/
Votic,[ˈmʲætʲːæ]
Votic,[ˈsʲyæ̯mez̥]
Votic,/ˈemintimæ/
Votic,/ˈt͡ʃirvez/
Votic,/ˈkojːoːsːɑ/
Votic,[ˈʝɑɫkə̠ˌɫɑpɑ]
Votic,[ˈnʲyt͡ʃyn]
Votic,/ˈpilu/
Votic,[ˈkuː]
Votic,/ˈvøː/
Votic,[ˈt͡ʃyhzetʲːæ]
Votic,/ˈkɑi̯nɑlo/
Votic,[ˈpɤɫto]
Votic,[ˈtɑkːɑ]
Votic,[ˈsɤɫmu]
Votic,[ˈvoi̯]
Votic,[ˈløy̯ly]
Votic,[ˈvɑː]
Votic,/ˈjæmiæ̯/
Votic,/ˈevæz/
Votic,/ˈtreskɑ/
Votic,[ˈmʲylːy]
Votic,/ˈkui̯vɑsːɑ/
Votic,[ˈtɑpːɤɫu]
Votic,/ˈtɑi̯tɑː/
Votic,/ˈrɑzvɑ/
Votic,/ˈhyː/
Votic,/ˈlæsivæ/
Votic,[ˈmɑːiɫmə̠]
Votic,[ˈent͡ʃisʲːə̟]
Votic,[ˈpɑnːə̠]
Votic,/ˈlɤːkːuɑ̯/
Votic,[ˈmerʲiˌtuːli]
Votic,[ˈkɤrkɤɑ̯]
Votic,/ˈpɑnːɑ/
Votic,/ˈsiltɑ/
Votic,/ˈpɑjɑtːɑː/
Votic,/ˈtyven/
Votic,[ˈsʲiːvolːin]
Votic,/ˈbuɡrɑ/
Votic,[ˈitʲæ]
Votic,/ˈintɑ/
Votic,[ˈintə̠]
Votic,[ˈɑi̯tə̠]
Votic,[ˈɫɤu̯nə̠tˌtɑːsːə̠]
Votic,/ˈpulkːɑ/
Votic,/ˈhøy̯tytːæː/
Votic,[ˈvʲikoi̯tːɑ]
Votic,[ˈɑpɑʝə̠]
Votic,[ˈt͡ʃirotə̠]
Votic,[ˈɕɑɫko]
Votic,/ˈrɑu̯tɑn/
Votic,[ˈmʲæntʲə̟]
Votic,[ˈiɫmə̠]
Votic,[ˈpʲiɫu]
Votic,[ˈtʲyhʝə̟]
Votic,[ˈmuru]
Votic,/ˈkepːi/
Votic,/ˈuːli/
Votic,/doˈbrɑ/
Votic,/ˈvɑi̯vɑ/
Votic,/ˈkolisːɑ/
Votic,[ˈvɑnʲːi]
Votic,[ˈsɑu̯nə̠]
Votic,[ˈoɫud̥]
Votic,/ˈroːto/
Votic,/ˈpeːni/
Votic,/ˈsɑːni/
Votic,[ˈtʲytʲːə̟ˌrʲikːo]
Votic,/ˈmesi/
Votic,[ˈɑɫɤn]
Votic,[ˈenːeɡle]
Votic,[ˈsʲæː]
Votic,/ˈsihɑ/
Votic,/ˈpuːdɑ/
Votic,/ˈtɑpːurɑ/
Votic,/ˈɤmːɤlːɑ/
Votic,[ˈproːbə̠tə̠]
Votic,/ˈkurjɑ/
Votic,[ˈsuː]
Votic,/ˈperze/
Votic,[ˈhɑu̯kːuɑ̯]
Votic,/ˈliːkɑː/
Votic,/kirˈpit͡sːɑ/
Votic,[ˈɤpɤn]
Votic,[ˈpuːkʲːi]
Votic,/ˈpɑrːɑz/
Votic,[ˈtʲylpʲːə̟]
Votic,[ˈvɑkːə̠]
Votic,[ˈmɑɡʝə̠z̥]
Votic,/ˈnɑhkɑ/
Votic,/ˈɑjɑː/
Votic,/ˈt͡ʃenˌnibuc/
Votic,/ˈmæːkːiæ̯/
Votic,[ˈkurːɑ]
Votic,[ˈmurɑɡə̠]
Votic,[ˈliːtkə̠]
Votic,[ˈtʲæhentʲyz̥]
Votic,[ˈtunʲːid̥]
Votic,[ˈkɤnsɑi̯d̥]
Votic,/ˈt͡ʃæt͡ʃyd/
Votic,/ˈsɑlvoɑ̯/
Votic,[ˈɡoːrʲə̠]
Votic,/ˈkoko/
Votic,/ˈlɤhi/
Votic,/ˈkɤrkɑː/
Votic,/ˈseːl/
Votic,[ˈtupʲːi]
Votic,/ˈt͡ʃeːrtæː/
Votic,[ˈt͡ʃedrʲə̟ˌɫuː]
Votic,[ˈkɑtɑɡə̠]
Votic,/ˈlui̯skɑ/
Votic,/ˈt͡ʃirjotːɑː/
Votic,[ˈsopuzə̠]
Votic,/ˈʃiʃkɑ/
Votic,/ˈoːnɤ/
Votic,/ˈkiːkːuɑ̯/
Votic,/ˈrɑu̯hɑlːiːn/
Votic,[ˈrʲiu̯ku]
Votic,/ˈt͡ʃɑːju/
Votic,[ˈyhte]
Votic,/ˈpunɑnɤ/
Votic,/ˈrusko/
Votic,[ˈkɑi̯vɑ]
Votic,/ˈpyrt͡ʃiæ̯/
Votic,[ˈɤrsʲi]
Votic,[ˈpɑrːə̠z̥]
Votic,/ˈservæ/
Votic,[ˈkoːɫɤmə̠]
Votic,[ˈt͡ʃent͡ʃə̟]
Votic,/ˈkukːuɑ̯/
Votic,[ˈpʲæi̯t͡sed̥]
Votic,[ˈpʲiɫːɑu̯sːə̠]
Votic,/ˈtuhmɑ/
Votic,/ˈjɤvikɑz/
Votic,/ˈt͡ʃæːryæ̯/
Votic,[ˈkʲiu̯ru]
Votic,/ˈɡribɑ/
Votic,/ˈvɑrɤz/
Votic,/ˈrɑɡɤ/
Votic,[ˈsɤkːɑ]
Votic,/ˈɤt͡sːɑ/
Votic,/kukuˈruzɑ/
Votic,/ˈlohko/
Votic,/ˈoːkɑː/
Votic,/ˈjoːmukɑz/
Votic,[ˈsɤkːɤɑ̯]
Votic,[ˈlæmʲːitʲːæ]
Votic,[ˈkunʲikə̠z̥]
Votic,[proˈɡonɑ]
Votic,[ˈpʲæːsʲə̟]
Votic,[ˈsortːu]
Votic,/ˈætæ/
Votic,[ˈkusʲi]
Votic,/ˈɡroːznɑtɑ/
Votic,[ˈt͡ʃesʲæˌnʲisu]
Votic,/ˈkukːɤ/
Votic,[ˈroːʝə̠]
Votic,/ˈsɤkɑː/
Votic,[ˈrʲækʲæ]
Votic,[ˈpɑʝɑ]
Votic,[ˈymʲːə̟rkʲæi̯n]
Votic,/ˈkɑrjɑˌmɑː/
Votic,[ˈsʲirkːu]
Votic,/ˈbɤː/
Votic,/ˈtunːid/
Votic,/ˈpɤlɤmikːo/
Votic,/ˈlopːuɑ̯/
Votic,/ˈhɑkulid/
Votic,[ˈkɑsːe]
Votic,[ˈiæ̯tʲə̟]
Votic,/ˈpɑi̯kːɑ/
Votic,[ˈɑi̯vo]
Votic,/ˈlɑfkɑ/
Votic,/ˈjɑlkɑziː/
Votic,/ˈkɑmpɑlɑ/
Votic,/ˈrɑkɤtːɑː/
Votic,[ˈɤtɑvə̠]
Votic,/ˈryi̯z/
Votic,/ˈɑstjɑ/
Votic,[ˈnɑpːu]
Votic,/ˈniːsi/
Votic,[ˈʝyrʲy]
Votic,[ˈmʲæt͡ʃi]
Votic,[ˈɑntɑ]
Votic,[ˈɫɑhɑ]
Votic,/ˈɤmɑ/
Votic,/velosːiˈpeːdɑ/
Votic,[ˈkrɑpːusːə̠]
Votic,/ˈɑrvotuz/
Votic,[ˈlæsːiæ̯]
Votic,/ˈrehtelæ/
Votic,[ˈkurɑz̥]
Votic,[ˈunʲisːuɑ̯]
Votic,/reˈt͡septi/
Votic,[ˈsɑkɑrə̠]
Votic,[ˈirnuɑ̯]
Votic,[ˈeb̥]
Votic,[ˈæːrʲi]
Votic,/ˈsɑtɑ/
Votic,[ˈnʲyd̥]
Votic,/ˈvɑi̯/
Votic,/ˈvei̯tːæː/
Votic,[ˈɑrvə̠tə̠]
Votic,/ˈʃtɑnɑd/
Votic,/vɑˈtruʃkɑ/
Votic,/ˈpelːætæ/
Votic,/ˈmæːliæ̯/
Votic,/ˈkuzɑː/
Votic,/ˈvɤːno/
Votic,/ˈlou̯kɑtɑ/
Votic,/ˈnukːuɑ̯/
Votic,[ˈpʲysʲːy]
Votic,[ˈpɑkːɑi̯n]
Votic,/ˈsoːjɑ/
Votic,[ˈpesʲːisʲːə̟]
Votic,/ˈriu̯ku/
Votic,/ˈpɑjɑ/
Votic,/ˈkoi̯vu/
Votic,/ˈko/
Votic,[ˈrokːə̠]
Votic,/ˈøhsyæ̯/
Votic,[ˈsʲiːtʲːə̟]
Votic,[ˈkɑmpə̠ɫə̠]
Votic,[ˈtomɑkːə̠]
Votic,[ˈvokʲːi]
Votic,/ˈpihtɑ/
Votic,/ˈsoːli/
Votic,[ˈlæheˌvesʲi]
Votic,[ˈmʲæht͡ʃə̟]
Votic,[ˈsɑhɑ]
Votic,/ˈpehmiæ̯/
Votic,[ˈuːsɤd̥]
Votic,/ˈpurikːɑ/
Votic,[ˈpʲyht͡ʃiæ̯]
Votic,[ˈruːto]
Votic,[ˈvɑːsːə̠]
Votic,[ˈpɑi̯no]
Votic,[ˈhɑtːu]
Votic,/ˈt͡ʃeræ/
Votic,[ˈkei̯tʲːæ]
Votic,[ˈseɡɑtə̠]
Votic,/ˈlɤhkoɑ̯/
Votic,/ˈjurmɑ/
Votic,[ˈvʲiʎːə̠]
Votic,/ˈvɑrmɑ/
Votic,/ˈvirːɑtɑ/
Votic,/ˈhɑu̯kɑtɑ/
Votic,[ˈæht͡ʃiæ̯]
Votic,[ˈkɤrʝə̠tə̠]
Votic,[ˈvɑi̯]
Votic,/ˈtɑːri/
Votic,/ˈværæjæ/
Votic,[ˈvʲæheˌnesʲːə̟]
Votic,[ˈpʲiɫɑtə̠]
Votic,/ˈt͡ʃyty/
Votic,/ˈetez/
Votic,/ˈkɑrkɤɑ̯/
Votic,[ˈvʲixko]
Votic,/ˈnoːtːɑ/
Votic,[ʃoˈsei̯kə̠]
Votic,[ˈsʲiɡɑˌrɑzvə̠]
Votic,/ˈnɑrːiɑ̯/
Votic,/ˈunohtɑː/
Votic,[ˈkohotə̠]
Votic,/ˈbokːɑ/
Votic,/ˈt͡ʃiskoɑ̯/
Votic,[ˈsʲinːe]
Votic,/ˈvælːæː/
Votic,/ˈpæht͡ʃinæ/
Votic,[ˈkɑnɑvə̠]
Votic,[ˈpɤvʲːi]
Votic,[oˈɟʝeɫɑ]
Votic,/ˈnoːriso/
Votic,/ˈviːmin/
Votic,/ˈpupuʃkɑ/
Votic,/ˈlɑŋkɤːsːɑ/
Votic,/ˈseːlːe/
Votic,/ˈpɤlɤɑ̯/
Votic,[ˈmʲiltʲæi̯n]
Votic,[ˈɫɑŋkɤsːə̠]
Votic,/ˈlei̯pæ/
Votic,/ˈsɑi̯vɑr/
Votic,/ˈtulɤkɑz/
Votic,/ˈtuhɑd/
Votic,[ˈt͡ʃæhsʲy]
Votic,/ˈhei̯tytːæː/
Votic,/ˈkurt͡ʃi/
Votic,/ˈturpɑː/
Votic,/ˈlɑhsi/
Votic,[ˈmʲyːhʲə̟]
Votic,/ˈt͡ʃehsimei̯n/
Votic,[ˈsurvoɑ̯]
Votic,[ˈpoi̯z̥]
Votic,[ˈsɑmːutːɑ]
Votic,[ˈlidnə̠]
Votic,/ˈt͡ʃihutːɑː/
Votic,[ˈperemˌmeːz̥]
Votic,/ˈsiæ̯ltæ/
Votic,[ˈɑɫtə̠]
Votic,/ˈkɑtːɑː/
Votic,/ˈɤhtɑɡo/
Votic,[ˈsoːʝɤtːɑ]
Votic,[ˈivuz̥]
Votic,/ˈilo/
Votic,/ˈɤpːi/
Votic,[ˈkɤi̯kɤɫːɑi̯n]
Votic,[kʲitːˈrɤːbə̠]
Votic,/ˈkit͡sːi/
Votic,[ˈlætʲikːo]
Votic,[ˈɫɑi̯skuz̥]
Votic,/sɑˈrɑjɑ/
Votic,/ˈɡluhoi̯/
Votic,/ˈrepo/
Votic,[ˈkɤrtə̠]
Votic,/ˈse/
Votic,[ˈkurːɤɑ̯]
Votic,/ˈvɑrɡɑsːɑː/
Votic,[ˈpɑɡɤtə̠]
Votic,/ˈneʎːezˌpæi̯væ/
Votic,[ˈveːro]
Votic,/ˈtɑpɑhtuɑ̯/
Votic,/ˈkɑhsʲ/
Votic,[ˈkɑzʲitːə̠]
Votic,[ˈrʲyi̯z̥]
Votic,/ˈvɤi̯sːɑ/
Votic,/ˈbørø/
Votic,[ˈpeːrʲːə̟]
Votic,[ˈsʲilmʲə̟ˌmunɑ]
Votic,[ˈvʲæt͡ʃevʲə̟]
Votic,/ˈjæː/
Votic,/ˈpui̯pːu/
Votic,/pinˈdʒɑkːɑ/
Votic,/ˈt͡ʃylmetːyæ̯/
Votic,/ˈpɑi̯nɑː/
Votic,[ˈsɑkːɑsʲːi]
Votic,/ˈɤpːiːsːɑ/
Votic,/ˈpɑɡlɑ/
Votic,/ˈmɑɤ̯/
Votic,[ˈhɑvɑt͡sːuɑ̯]
Votic,[ˈpruːkʲːiɑ̯]
Votic,[ˈruɫːə̠]
Votic,/ˈliblɑ/
Votic,/ˈsusi/
Votic,/ˈɤrsi/
Votic,/ˈviːnɑ/
Votic,/ˈkunːiɑ̯/
Votic,[ˈɡrɑmːə̠]
Votic,[ˈpʲintə̠]
Votic,/ˈlætikːo/
Votic,/ˈsytːyæ̯/
Votic,[ˈmunɑˌvelːi]
Votic,/ˈmɑkːɑrɑ/
Votic,/ˈlænsi/
Votic,/ˈkurisːɑː/
Votic,/ˈvɑnuz/
Votic,/ˈsɤlmu/
Votic,[pɑsˈsʲibo]
Votic,[ˈmɑrʝə̠]
Votic,/ˈvehnæ/
Votic,/ˈpeːntɤrɑ/
Votic,/ˈkɑːliɑ̯/
Votic,[soɫˈdɑtʲːi]
Votic,[ˈpoʝezdə̠]
Votic,[ˈsuvʲi]
Votic,/ˈkɑi̯ho/
Votic,[ˈtɤsʲi]
Votic,/ˈkohotːɑː/
Votic,[ˈkɑŋɡə̠z̥]
Votic,/ˈsuːruːz/
Votic,[ˈpʲæi̯]
Votic,/ˈtɑkɑː/
Votic,[ˈeːstʲæ]
Votic,[ˈpʲæi̯vʲyd̥]
Votic,[ˈt͡ʃehsˌpɑi̯kːə̠]
Votic,/ˈpituːz/
Votic,/ˈkɑrkutːɑː/
Votic,/ˈmutkɑ/
Votic,/ˈihɑlɑ/
Votic,/ˈt͡ʃæpælæ/
Votic,/ˈt͡ʃehsˌpɑi̯kːɑ/
Votic,/ˈilmɑu̯sːɑ/
Votic,[ˈzɑvodə̠]
Votic,[ˈhɑrkə̠tə̠]
Votic,[ˈpɑrɑtːɑ]
Votic,[ˈkohotːɑ]
Votic,[ˈpui̯sːɑ]
Votic,[ˈsuːto]
Votic,/ˈɤzrɑ/
Votic,/ˈkɑtːo/
Votic,[ˈsei̯t͡se]
Votic,[ˈvʲihtə̠]
Votic,/ˈmɤːtːu/
Votic,/ˈetelæ/
Votic,/ˈmæːræ/
Votic,[ˈsuːpʲilːi]
Votic,/ɡɑˈzetːi/
Votic,[ˈsɑmːə̠ɫ]
Votic,[ˈlintːə̠]
Votic,/ˈperæ/
Votic,/ˈriːjɤlːɑ/
Votic,/ˈt͡ʃæy̯vːæ/
Votic,/ˈpiːmæ/
Votic,/ˈkipunɑ/
Votic,/ˈmuːtːiːsːɑ/
Votic,[ˈvʲiɫːə̠]
Votic,/ˈrɑhɑkɑz/
Votic,/ˈt͡ʃyt͡ʃe/
Votic,/ˈlɑu̯ɡɑtɑ/
Votic,[ˈmɤɫɑ]
Votic,[ˈneːmʲi]
Votic,[ˈpunɑ]
Votic,/ˈtukɤhtuɑ̯/
Votic,[ˈɫumʲi]
Votic,[ˈt͡ʃylmetʲːæ]
Votic,[ˈvʲiːkːo]
Votic,[ˈsʲilmʲə̟]
Votic,[ˈtɑrkːə̠]
Votic,/ˈseldi/
Votic,/ˈlæhe/
Votic,[ˈtʲøː]
Votic,/ˈɑsu/
Votic,/ˈkɑlːiz/
Votic,[ˈt͡ʃiːtʲːæ]
Votic,/ˈvæsyæ̯/
Votic,/ˈyvæː ˈuːtːɑ ˈvoːtːɑ/
Votic,/ˈjæːˌɑu̯kːo/
Votic,/ˈlɑt͡ʃi/
Votic,[ˈevʲæz̥]
Votic,[ˈsɑmːə̠z̥]
Votic,/ˈɑi̯kɑː/
Votic,[ˈto]
Votic,[ˈsorkːə̠]
Votic,[ˈt͡ʃærpʲːə̟]
Votic,[ˈsʲyvːyz̥]
Votic,[ˈʒɑːrʲitːɑ]
Votic,[ˈrehtelə̟]
Votic,/ˈhɑtːu/
Votic,[ˈt͡ʃixkuɑ̯]
Votic,[ˈmɑɤ̯]
Votic,[ˈsurmə̠]
Votic,[ˈservʲə̟]
Votic,/ˈt͡ʃæmːæl/
Votic,/ˈtyvi/
Votic,[ˈvʲirɑtoi̯]
Votic,/ˈkɑlɑˌmeːz/
Votic,/ˈkutoɑ̯/
Votic,/ˈmuːtoz/
Votic,[ˈkɑu̯nʲiz̥]
Votic,[ˈmurto]
Votic,[ˈhertːə̠]
Votic,/ˈmui̯lɑ/
Votic,[ˈmeːleto]
Votic,/ˈruːto/
Votic,/ˈprɑːznikːɑ/
Votic,/ˈiːri/
Votic,[ˈvɑrɤz̥]
Votic,/ˈnænːæ/
Votic,[ˈpʲihed̥]
Votic,[ˈɑhvə̠kːo]
Votic,/ˈsei̯næ/
Votic,[ˈylːez̥]
Votic,[ˈrʲinːɑ]
Votic,/ˈmet͡sːæ/
Votic,/ˈt͡ʃiu̯tːo/
Votic,/ˈtɤmːɑtɑ/
Votic,[ˈlihɑvə̠]
Votic,[ˈned̥]
Votic,/ˈlyhsæː/
Votic,/ˈvɑnɑ/
Votic,[ˈiɫɑtə̠]
Votic,[ˈrɤŋɡə̠z̥]
Votic,/ˈkopitːɑː/
Votic,/ˈpesːiːsːæ/
Votic,/ˈrisːisæ/
Votic,[ˈkumːə̠]
Votic,/ˈujuɑ̯/
Votic,/ˈbot͡ʃkɑ/
Votic,/ˈkumːitɤlːɑ/
Votic,[ˈɤmɑ]
Votic,[ˈpɑko]
Votic,[ˈkɑɲivo]
Votic,/ˈmitæː/
Votic,/ˈsulɑː/
Votic,/ˈtøkøtːi/
Votic,/ˈlɑi̯nɤ/
Votic,[ˈæt͡ʃːisʲːæ]
Votic,[ˈkɑlːiz̥]
Votic,/ˈt͡ʃymːeː/
Votic,/ˈɑkːunɑ/
Votic,[ˈʝærʲisʲːə̟]
Votic,/ˈkoto/
Votic,[ˈvɑko]
Votic,/ˈyː/
Votic,/ˈnæriæ̯/
Votic,/ˈmiɲɟɑ/
Votic,[ˈnɤvːo]
Votic,/ˈpolːɤ/
Votic,/ˈrutːiːsːɑ/
Votic,[ˈhoːliɑ̯]
Votic,[ˈpɤdɡə̠tə̠]
Votic,/ˈt͡ʃiːn/
Votic,[ˈhʲyːtʲyæ̯]
Votic,[ˈsɑmɑ]
Votic,[ˈʝutɤɫːə̠]
Votic,/ˈæe̯z/
Votic,[ˈpunːoɑ̯]
Votic,/ˈjɤki/
Votic,[ˈrupʲi]
Votic,[ˈʃtɑnɑd̥]
Votic,[ˈɤhtə̠ɡo]
Votic,[ˈɫɤpɤtːɑ]
Votic,/ˈizintimæ/
Votic,[ˈmunɑˌvɤi̯]
Votic,/ˈpɑi̯zɤtːuɑ̯/
Votic,/ˈlɑi̯hɑ/
Votic,[ˈʝɤvʲikə̠z̥]
Votic,[ˈʝuli]
Votic,[ˈmeːli]
Votic,[ˈnɑi̯zʲikːo]
Votic,[ˈʒiːvə̠tːə̠]
Votic,/kiloˈɡrɑmːɑ/
Votic,/kiːsˈseli/
Votic,[ˈsoːmuz̥]
Votic,/ɡluˈhoi̯/
Votic,/ˈohtoɡo/
Votic,[ˈkɑːz̥]
Votic,/ˈlɤpːu/
Votic,/ˈlæpi/
Votic,/ˈyhesæː/
Votic,/ˈviheræ/
Votic,[ˈɑsːuɑ̯]
Votic,[ˈvene]
Votic,/ˈehtiæ̯/
Votic,[ˈnʲæhʲæ]
Votic,[ˈsoːɫə̠n]
Votic,/ˈkotko/
Votic,[ˈtormʲi]
Votic,/ˈvɑhti/
Votic,[kʲiɫoˈɡrɑmːə̠]
Votic,/ˈlekɑrstvɑ/
Votic,[ˈɫɑpɑ]
Votic,/jæˈtɑʒi/
Votic,[ˈsoːmʲi]
Votic,[ˈkɑi̯nə̠ɫo]
Votic,[ˈt͡ʃæly]
Votic,[ˈvʲiːru]
Votic,/ˈtæy̯n/
Votic,/ˈnæy̯tːiːsːæ/
Votic,[ˈt͡ʃytʲy]
Votic,[ˈt͡ʃeɫːo]
Votic,/ˈtæti/
Votic,[ˈlekɑrstvə̠]
Votic,[ˈkɑrsʲiɑ̯]
Votic,[ˈævʲitʲːæ]
Votic,/ˈsirkːu/
Votic,[ˈsopu]
Votic,[ˈnuːʒnʲikːə̠]
Votic,[ˈɑu̯toɑ̯]
Votic,/ˈmɑko/
Votic,/ˈɤhsɑ/
Votic,/ˈeɡlin/
Votic,[ˈɫɑɟːə̠]
Votic,/ˈkɑnɤrvo/
Votic,/ˈsukulɑi̯n/
Votic,/ˈeɡleː/
Votic,/ˈkɑzvɑː/
Votic,/ˈkosiɑ̯/
Votic,/ˈnɑhkuri/
Votic,[ˈkɑhsˌtei̯ʃːymed̥]
Votic,[ˈvʲirsʲi]
Votic,/ˈlæsiæ̯/
Votic,[ˈpui̯kːo]
Votic,/ˈmuːkɑtɑ/
Votic,/ˈrɑt͡sːɑː/
Votic,[ˈʝɑ]
Votic,[ˈɑu̯ɡustʲi]
Votic,/ˈkui̯niː/
Votic,/ˈɑto/
Votic,/ˈsɤnɑˌt͡ʃirjɑ/
Votic,/doˈvɑriʃːɑ/
Votic,/ˈtui̯zɡɑtɑ/
Votic,[ˈpʲisʲːy]
Votic,[ˈɫuɡɤtːɑ]
Votic,[ˈɑi̯sə̠]
Votic,/teleˈfonɑ/
Votic,/ˈkɑrsiɑ̯/
Votic,/ˈtuːli/
Votic,[ˈɑro]
Votic,/ˈkɑːri/
Votic,/ˈvɑluɑ̯/
Votic,/ˈɤpɤtːɑjɑ/
Votic,/ˈtɑɡotːɑː/
Votic,/ˈvɑzikːɑ/
Votic,/ˈt͡ʃivikːo/
Votic,[senˈcæbrʲi]
Votic,/ˈoːmnikːo/
Votic,[ˈʝɑtko]
Votic,[ˈtɤrvə̠]
Votic,[ˈrutːoɑ̯]
Votic,[-sːɑː]
Votic,/ˈstɑruhɑ/
Votic,/ˈenːe/
Votic,/ˈtɑloˌpoi̯kɑ/
Votic,/ˈkɤvisːɑː/
Votic,/ˈpɤvːi/
Votic,[ˈitʲikːə̠]
Votic,[ˈsoː]
Votic,[ˈrɑzvə̠]
Votic,[ˈiɫmɑ]
Votic,/ˈeloz/
Votic,/ˈminutːi/
Votic,/ˈmærehtiæ̯/
Votic,[ˈt͡ʃerʲikːo]
Votic,/ˈzɑvodɑ/
Votic,/ˈsɤrmi/
Votic,[ˈenʲiˌpʲæi̯vʲə̟]
Votic,/ˈvihko/
Votic,[ˈsʲirkɑ]
Votic,[ˈɫɑhsʲi]
Votic,[ˈkɤi̯ɡ̊]
Votic,/ˈlunɑsːɑː/
Votic,/sɑmɑˈʎotːi/
Votic,/ˈjɤt͡ʃi/
Votic,[ˈvɤdnə̠]
Votic,[ˈkurʲikːə̠]
Votic,[ˈrʲiːʝɤɫːə̠]
Votic,/ˈilozɑ/
Votic,[neʎːeˈtɤi̯ʃːymed̥]
Votic,/ɟeˈkɑbri/
Votic,/ˈsɑvi/
Votic,/ˈmɑhlɑ/
Votic,/ˈvɑrsɑ/
Votic,[ˈkɤi̯kɤɫɑi̯n]
Votic,[ˈsʲisɑvə̠]
Votic,/ˈruːmɤz/
Votic,[ˈpʲilvʲi]
Votic,[ˈvɑʝɤɫtɑ]
Votic,/ˈluzikːɑ/
Votic,[ˈkuːsˌtei̯ʃːymed̥]
Votic,/ˈpelɑtɑ/
Votic,/ˈɑjɤlːɑ/
Votic,/ˈmuːdrɑ/
Votic,[ˈkɑhsʲi]
Votic,/ˈsɑksɑː/
Votic,/ˈmɑːˌkɑŋɡɑz/
Votic,[ˈpoi̯kə̠]
Votic,[ˈmutɑ]
Votic,[ˈtɑkɑn]
Votic,[poˈduʃkə̠]
Votic,/oˈɟjelɑ/
Votic,[ˈmɑːtːuɑ̯]
Votic,[ˈt͡ʃent͡ʃisʲːə̟]
Votic,[ˈmokomɑi̯n]
Votic,[ˈeht͡ʃi]
Votic,/ˈkrɑpu/
Votic,[ˈpunɑˌnɤ]
Votic,/ˈnylt͡ʃiæ̯/
Votic,/ˈit͡ʃeː/
Votic,/ˈvæt͡ʃevæ/
Votic,[ˈsʲæ]
Votic,[ˈpoːli]
Votic,/ˈlɤu̯nɑd/
Votic,/ˈviholɑi̯n/
Votic,/ˈprɑːvitːɑː/
Votic,[ˈvɤi̯sːə̠]
Votic,/ˈtuskɑ/
Votic,[ˈtʲænːe]
Votic,[ˈpuzɡə̠tə̠]
Votic,[ˈdohtə̠rʲi]
Votic,/ˈkɤrkɤu̯z/
Votic,/ˈlɑɡotːɑː/
Votic,/ˈtɑɡɑːz/
Votic,/ˈsyæ̯mːese/
Votic,/ˈpyːtæː/
Votic,[ˈmʲitːə̠]
Votic,[ˈpʲilːitʲːæ]
Votic,/veˈɕolɑ/
Votic,/stoˈkɑnɑ/
Votic,[ˈʝærvʲi]
Votic,/ˈilːekoi̯tːɑː/
Votic,/ˈpisːyz/
Votic,/ˈtɤsi/
Votic,[ˈsuːtkə̠d̥]
Votic,[ˈetʲːi]
Votic,[ˈrɑːkːə̠]
Votic,[ˈnʲæmʲæ]
Votic,[ˈkɤrkɤu̯z̥]
Votic,[ˈpʲærʲæmʲə̟]
Votic,[ˈæːnʲi]
Votic,[ˈpere]
Votic,[ˈmɑku]
Votic,/ˈlæhtemæ/
Votic,/ˈʃɑhisːɑ/
Votic,/ˈkɑi̯vɑː/
Votic,/ˈkɤrkɤɑ̯/
Votic,/ˈpɤrzɑz/
Votic,[ˈkɑbrʲio̯]
Votic,[ˈroːskə̠]
Votic,/ˈkɑzvo/
Votic,[ˈɫɤi̯mɤd̥]
Votic,[ˈlipʲit͡sːə̠]
Votic,/ˈtylpːæ/
Votic,/ˈɤːroɑ̯/
Votic,[ˈpesːe]
Votic,[ˈɤɡɑz̥]
Votic,/ˈbɑːbuʃkɑ/
Votic,/ˈvɤi̯tɑː/
Votic,[ˈsorːɑ]
Votic,/ˈlui̯kːo/
Votic,[ˈpʲinʲisʲːə̟]
Votic,[ˈrʲintə̠]
Votic,/ˈɤpɤn/
Votic,/ˈturhɑː/
Votic,/ˈmælehtyz/
Votic,[ˈvenːyæ̯]
Votic,[ˈdo.brɑ]
Votic,/ˈpɤhjɑ/
Votic,[ˈxoc]
Votic,/ˈmurto/
Votic,/ˈsopiɑ̯/
Votic,/ˈlæi̯kːiæ̯/
Votic,/ˈterævæ/
Votic,/ˈfloːtːɑ/
Votic,/ˈpliːtːɑ/
Votic,[ˈvʲit͡sːə̠]
Votic,/ˈɤpɤtːɑː/
Votic,[ˈpenʲi]
Votic,[ˈmɑi̯stɑ]
Votic,/ˈpoi̯z/
Votic,[ˈpɑi̯zɤtːuɑ̯]
Votic,/ˈhɑi̯su/
Votic,/ˈkɑu̯niz/
Votic,[ˈʃpei̯li]
Votic,[ˈsʲyːvʲːə̟]
Votic,/ˈdæːdæ/
Votic,/ˈjænez/
Votic,[ˈnʲivud̥]
Votic,/ˈsihe/
Votic,[teleˈfonɑ]
Votic,/ˈpetːeri/
Votic,[ˈsɤnɑ]
Votic,/ˈrupi/
Votic,/ˈmørnætæ/
Votic,/ˈsɑːdu/
Votic,/ˈkɑht͡ʃi/
Votic,/ˈsækːi/
Votic,[ˈleʒiæ̯]
Votic,[noˈʝɑbrʲi]
Votic,[ˈkoːrɤ]
Votic,[ˈøhsʲyæ̯]
Votic,/ˈpɤrnɑ/
Votic,[ˈvɑʎːɑd̥]
Votic,/ˈuhtoɑ̯/
Votic,[ˈkʲiɫoˌmetrə̠]
Votic,[ˈiɫo]
Votic,[ˈvɤtːi]
Votic,/ˈmuhku/
Votic,[ˈmʲikʲæˌnʲibuc]
Votic,/ˈmærænːy/
Votic,[ˈmʲiɲːə̠]
Votic,/ˈrɑu̯kːɑ/
Votic,[ˈvʲizɡə̠tə̠]
Votic,[ˈsʲyntʲyæ̯]
Votic,/ˈsoː/
Votic,[ˈkomnə̠tʲːi]
Votic,[ˈiŋkeˌrʲiɫɑi̯n]
Votic,/ˈkupo/
Votic,[ɡʲiˈtɑrʲi]
Votic,[ˈt͡ʃirʝutːɑ]
Votic,/ˈjo/
Votic,/ˈtormi/
Votic,/ˈmunɑˌvɤi̯/
Votic,/ˈteː/
Votic,/ˈsliːvɑ/
Votic,[ˈbɑːbukə̠z̥]
Votic,[ˈseːlːe]
Votic,[ˈvɑʝːɑ]
Votic,[ˈpuɫkːə̠]
Votic,[ˈhoːɫɤto]
Votic,[ˈrʲænːe]
Votic,/ˈɤsɑ/
Votic,/ˈhøy̯tːyæ̯/
Votic,/ˈmɑrtːi/
Votic,/ˈrohkɑːpi/
Votic,[ˈsɑŋkə̠]
Votic,/ˈsoːni/
Votic,/ˈpit͡ʃːæ/
Votic,[ˈnʲisu]
Votic,[ˈtʲiɫkːuɑ̯]
Votic,[ˈrei̯sʲi]
Votic,/ˈvɑːliɑ̯/
Votic,[ˈtʲæy̯tʲːæ]
Votic,[ˈvɑːhtɤrə̠]
Votic,/ˈkoːkːɑ/
Votic,/ˈpui̯sːɑː/
Votic,[ˈnʲæko]
Votic,/ˈpiæ̯tːyæ̯/
Votic,/ˈvunukːɑ/
Votic,/ˈmætːiːsːæ/
Votic,[ˈɫɑfkə̠]
Votic,/ˈlɑmpːi/
Votic,/ˈpehko/
Votic,[ˈkɤɫtə̠]
Votic,[ˈkosːiɑ̯]
Votic,[ˈporotːɑ]
Votic,[esʲimesˈpʲæi̯vʲə̟]
Votic,[ˈkurkːu]
Votic,/ˈpoːli/
Votic,/ˈsyːmiːn/
Votic,[ˈmusːə̠ˌmɑrʝə̠]
Votic,/kɤlmɤdˈtɤi̯ʃːymed/
Votic,/ˈpuː/
Votic,/ˈmuniɑ̯/
Votic,[ˈɤpːɑ]
Votic,[ˈerʲi]
Votic,[ˈono]
Votic,/ˈjɑnotːɑː/
Votic,[ˈt͡ʃerːiæ̯]
Votic,[rʲisɑˈvoi̯tːɑ]
Votic,/ˈvoːtiːn/
Votic,[ˈhɑrkːɑmuz̥]
Votic,[ˈkuhɑn]
Votic,/ˈoi̯tɑː/
Votic,[ˈlæhteæ̯]
Votic,[ˈtedrʲi]
Votic,[ˈhui̯mə̠]
Votic,[ˈmɑʝɑ]
Votic,[ˈkunʲːiɑ̯]
Votic,[kɑhsˈtɤi̯ʃːymed̥]
Votic,[ˈæʝːə̟]
Votic,[ˈikosːɑ]
Votic,[ˈvɤːrə̠z̥]
Votic,/ˈsyː/
Votic,/ˈɑː/
Votic,[ˈt͡ʃærpʲə̟n]
Votic,[ˈimːiæ̯]
Votic,/ˈelisːæ/
Votic,/ˈsɑːt͡ʃːi/
Votic,[ˈvʲilpʲːi]
Votic,/ˈley̯tæː/
Votic,[ˈtɑrɑ]
Votic,/ˈkɤvɑsːi/
Votic,[ˈt͡ʃylvetʲːæ]
Votic,[ˈsɤi̯sːə̠]
Votic,/ˈnæːlæ/
Votic,[ˈɤpɤtˌtɑʝɑ]
Votic,[ˈuskoɑ̯]
Votic,/ˈsɑkɑː/
Votic,/ˈpɤlto/
Votic,/kitːˈrɤːbɑ/
Votic,/ˈyhteː/
Votic,[ˈsʲikɑ]
Votic,/ˈkɑhsˌtei̯ʃːymed/
Votic,/ˈsyæ̯mːez/
Votic,[ˈnɤmʲːi]
Votic,/ˈlysi/
Votic,[ˈʝoːmukə̠z̥]
Votic,[ˈyle]
Votic,/ˈpæi̯/
Votic,/ˈrɑhkɑ/
Votic,/ˈrepiæ̯/
Votic,[ˈpeːntɤrə̠]
Votic,[okˈtʲæbrʲi]
Votic,[ˈpʲiːkʲːi]
Votic,[ˈsʲyæ̯mːez̥]
Votic,[ˈæːrʲimei̯n]
Votic,[ˈkompə̠sːuɑ̯]
Votic,[ˈmui̯tɤz̥]
Votic,/ˈtuhkɑ/
Votic,[ˈt͡ʃæhsʲiæ̯]
Votic,[ˈsɤpɑ]
Votic,[ˈpʲytʲːy]
Votic,/ˈnɑʎːɑ/
Votic,[ˈʝoːnʲiˌtɤɫːə̠]
Votic,[ˈʝɤvʲi]
Votic,[ˈmɤːkːə̠]
Votic,/ˈføklæ/
Votic,/ˈkɑvi/
Votic,[ˈnʲærːiæ̯]
Votic,[ˈkoi̯vu]
Votic,/ˈvɑrɑ/
Votic,/ˈɑvu/
Votic,/ˈlintu/
Votic,/ˈvɑlkɑː/
Votic,/ˈvɤtːɑː/
Votic,[ˈprɑːvʲiu̯sːə̠]
Votic,/ˈlipiæ̯/
Votic,[ˈkoi̯vuˌzʲikːo]
Votic,/ˈt͡ʃylmæ/
Votic,/ˈruskɤɑ̯/
Votic,/ˈemæ/
Votic,[ˈiʒorʲi]
Votic,/ˈylelːæ/
Votic,[ˈkrʲisːuz̥]
Votic,/ˈkɑzitːɑ/
Votic,/ˈt͡ʃent͡ʃːiæ̯/
Votic,/ˈmiɲːɑ/
Votic,/ˈsɑmɑɡoŋkɑ/
Votic,/ˈt͡ʃylælæi̯n/
Votic,[ˈkumpə̠]
Votic,[ˈmʲæːliæ̯]
Votic,/ˈɑŋɡeli/
Votic,[ˈrɑkːo]
Votic,/ˈpɑkːɑi̯n/
Votic,[ˈsʲihe]
Votic,[ˈvɑɫvoɑ̯]
Votic,[ˈsʲæi̯ʝe]
Votic,[ˈvɑrmə̠]
Votic,[ˈukːo]
Votic,[ˈvʲiːsɑu̯z̥]
Votic,[ˈtɑɡːɑ]
Votic,[ˈupotːɑ]
Votic,[ˈteː]
Votic,/ˈkɑʎːuɑ̯/
Votic,[ˈtropːə̠]
Votic,[ˈherkːə̠]
Votic,[ˈmutkə̠]
Votic,/yhsˈtɤi̯ʃːymed/
Votic,/ˈrɤːskɑ/
Votic,[mʲiˈnutʲːi]
Votic,/ˈsɑvu/
Votic,/ˈkou̯kːu/
Votic,[kɑˈʎɑskə̠]
Votic,/ˈveːretːæː/
Votic,/ˈtuːvːɤ/
Votic,/ˈroi̯vɑz/
Votic,/ˈpɑksu/
Votic,/ˈrɑu̯hɑ/
Votic,/koˈpekːɑ/
Votic,[ˈfʲøklə̟]
Votic,/ˈtæy̯tːæː/
Votic,/ˈpui̯n/
Votic,/ˈniːni/
Votic,/ˈnæmæd/
Votic,[ˈmurtuɑ̯]
Votic,/ˈkulkɤɑ̯/
Votic,/ˈɤtɑvɑ/
Votic,/ˈʃɑpisːɑ/
Votic,[ˈpesʲæ]
Votic,[ˈɑkːunˌɑɫuz̥]
Votic,/ˈæːrez/
Votic,/ˈsɑvit͡sːɑː/
Votic,[ˈvʲihɑi̯n]
Votic,/ˈtohoz/
Votic,/ˈpetːæː/
Votic,[ˈʒenʲixə̠]
Votic,[ˈsʲyæ̯mːese]
Votic,[ˈrɑpːiɑ̯]
Votic,/ˈkɤnz/
Votic,[kʲirˈpʲit͡sːə̠]
Votic,/ˈrɑhvɑz/
Votic,/ˈrɑŋkːɑ/
Votic,[ˈime]
Votic,/ˈuːtimo/
Votic,[ˈkuhɑ]
Votic,/ˈɑi̯n/
Votic,[ˈsʲihɑ]
Votic,/ˈmɑlːi/
Votic,[ˈtʲikːə̠]
Votic,/ˈnokːɑ/
Votic,/ˈkrɑmpːi/
Votic,/ˈkɑːt͡sɑd/
Votic,[ˈhoːno]
Votic,/ˈviːrukɑz/
Votic,[ˈrʲiːɡə̠]
Votic,/ˈlipːu/
Votic,/ˈerne/
Votic,/ˈpyː/
Votic,/ˈkɑu̯kɑːlɤː/
Votic,/ˈkɤnsɑi̯d/
Votic,[ˈnokːə̠]
Votic,/ˈt͡ʃimo/
Votic,/ˈvælilːæ/
Votic,/jɑnˈvɑri/
Votic,[ˈuːli]
Votic,/ɡuˈʎɑi̯tːɑː/
Votic,/miˈnutːi/
Votic,[ˈnoːtʲːi]
Votic,/ˈselt͡ʃæ/
Votic,/ˈtulːɑ/
Votic,[ˈmet͡sːə̟ˌkɑnɑ]
Votic,[ˈkɤi̯kʲi]
Votic,/ˈrɑpɑ/
Votic,[ˈkɤɫmɤd̥]
Votic,[ˈkɑt͡ʃːi]
Votic,[ˈkɑhsʲ]
Votic,/ˈtɑkɑnt/
Votic,/ˈvɤi̯tːɑː/
Votic,/ˈtilɑ/
Votic,[ˈlei̯kə̠tə̠]
Votic,[ˈsɤrmuz̥]
Votic,[-kɑ]
Votic,[ˈpɑrɑz̥]
Votic,[ˈkɑi̯vo]
Votic,[ˈvɑɟːɑ]
Votic,/ˈkrɑːzɡɑtɑ/
Votic,[ˈmereˌʝæː]
Votic,[ˈt͡ʃirʝə̠]
Votic,[ˈʃirʲisʲːə̟]
Votic,/ˈɑi̯voː/
Votic,[ˈelæʝə̟]
Votic,[ˈkɑrʝə̠ɫɑi̯n]
Votic,[ˈtɑi̯tɑ]
Votic,/tɑˈrelkːɑ/
Votic,/ˈtuzɡɑtɑ/
Votic,[ˈsʲækʲːi]
Votic,/ˈmiæ̯/
Votic,/ˈnyd/
Votic,[ˈylelːə̟]
Votic,/ˈɤzrikːo/
Votic,[ˈɫoːto]
Votic,[ˈsuːtutːɑ]
Votic,/ˈkuzɑ/
Votic,/ˈmeno/
Votic,/ˈsyæ̯mez/
Votic,[ˈɑvːɑu̯tə̠]
Votic,[ˈɑstʝə̠]
Votic,[ˈmɤːtːu]
Votic,/ˈlizætæ/
Votic,/ˈnæpːi/
Votic,[ˈɫɑɡotːɑ]
Votic,/ˈrɑːkːɑ/
Votic,[ˈɑhvɤnə̠]
Votic,/ˈsoːmɤːˌmɑː/
Votic,[ˈpeɫko]
Votic,[ˈhʲærmʲə̟]
Votic,/ˈɑlːɑ/
Votic,[ˈpuhɑz̥]
Votic,[kuːsˈtɤi̯ʃːymed̥]
Votic,/ˈtɑu̯ti/
Votic,[ˈvetelə̟]
Votic,/ˈvɑdnɑz/
Votic,/ˈvɤi̯tɤlːɑ/
Votic,/ˈɑi̯sɑ/
Votic,[ˈrou̯tə̠]
Votic,[ˈbukvə̠]
Votic,[ˈnʲimʲi]
Votic,/ˈɤrɑvɑ/
Votic,[ˈpɤɫːɤɑ̯]
Votic,[ˈhʲiu̯tːɑ]
Votic,/ˈmɤrtɑ/
Votic,/ˈiːli/
Votic,[ˈyhsˌkɤrd̥]
Votic,/ˈɑhtɑː/
Votic,/ˈtɑːkːɑ/
Votic,[ˈsʲæːrʲi]
Votic,/ˈmyːtæː/
Votic,[ˈkɑrʝə̠]
Votic,/ˈvɑri/
Votic,/ˈkɤnsɑː/
Votic,[ˈt͡ʃysːyæ̯]
Votic,[ˈʝætʲːæ]
Votic,[ˈʝɤkɑ]
Votic,/ˈrintɑ/
Votic,/ˈrysæ/
Votic,/ˈmoʃkɑ/
Votic,/ˈsortːu/
Votic,/ˈskripkɑ/
Votic,/pomiˈdorɑ/
Votic,/ˈæntæ/
Votic,[ˈpurʝɤ]
Votic,/ˈkoːrɤ/
Votic,/ˈetezˌtɑkɑz/
Votic,[ˈtɑu̯tʲi]
Votic,[ˈpuːkːo]
Votic,/ˈpæi̯t͡sed/
Votic,/ˈæt͡ʃːiːsːæː/
Votic,/ˈpuːˌvilːɑ/
Votic,[ˈroːt͡siˌmɑː]
Votic,[ˈɤpʲːi]
Votic,/ˈlæheˌvesi/
Votic,[ˈlinɑ]
Votic,[ˈrʲikɑz̥]
Votic,/ˈæt͡ʃːi/
Votic,[ˈtʲyvːe]
Votic,/ˈutɑr/
Votic,[ˈrɑtɑz̥]
Votic,[ˈvɤi̯tɑ]
Votic,/ˈne/
Votic,[ˈsɤbrə̠]
Votic,[ˈkʲæpʲælə̟]
Votic,[ˈt͡ʃiu̯tːo]
Votic,[ˈpoʝo]
Votic,[ˈtrɑːtʲːi]
Votic,/ˈsuku/
Votic,/ˈnælt͡ʃæ/
Votic,/ˈnæt͡ʃyæ̯/
Votic,[ˈʝæːvʲːə̟]
Votic,/ˈlukːuz/
Votic,/ˈobrɑzɑ/
Votic,[ˈtuhmə̠]
Votic,[ˈkɑhɤsɑ]
Votic,/ˈjotːi/
Votic,[ˈvɤrkːo]
Votic,[ˈkuːsʲi]
Votic,/ɑˈpreli/
Votic,/ˈt͡ʃihkuɑ̯/
Votic,[ˈtʲyven]
Votic,[ˈvʲiro]
Votic,[ˈpʲilːi]
Votic,/ˈtæːtæː/
Votic,[ˈroi̯tːɑ]
Votic,/ˈvɤrkːo/
Votic,[ˈsoːkə̠z̥]
Votic,/ˈɕɑlko/
Votic,/ˈsilotːɑː/
Votic,[ˈɫoːko]
Votic,[ˈpʲyːtʲæ]
Votic,/ˈhoːnoˌsæː/
Votic,[ˈskrʲipkə̠]
Votic,[ˈsukɑ]
Votic,/ˈleht͡ʃi/
Votic,/ˈpɑlkːɑ/
Votic,[ˈɤpʲːisːə̠]
Votic,[ˈtɑkʲi]
Votic,[ˈɫɑt͡ʃi]
Votic,[ˈvʲiːʝːə̟]
Votic,[ˈbruːdə̠]
Votic,[ˈvoːsʲi]
Votic,[ˈroːkə̠]
Votic,[ˈtɑɡːɑz̥]
Votic,[ˈsɑrvʲi]
Votic,/ˈmɑkuzɑ/
Votic,/ˈtæhentyz/
Votic,[ˈkuɫːuɑ̯]
Votic,/ˈkɑrɡɑtɑ/
Votic,[ˈkɑhu]
Votic,/ˈmenːæ/
Votic,[ˈkɑːrʲi]
Votic,[ˈɑvɑhˌtuːsːə̠]
Votic,/ˈseːltæ/
Votic,/leˈkɑrstvɑ/
Votic,[ˈɡruːʃə̠]
Votic,/ˈt͡ʃylpeːsːæ/
Votic,/ˈlumːɑtɑ/
Votic,[ˈnʲylt͡ʃiæ̯]
Votic,[ˈtɑɡɫə̠]
Votic,[ˈt͡ʃæy̯tʲːæ]
Votic,[ˈmuːtʲːisːə̠]
Votic,/ˈtehæ/
Votic,/ˈtuskɑi̯n/
Votic,[ˈtʲæmʲæ]
Votic,/ˈseneˌperæsː/
Votic,[ˈt͡ʃesʲæ]
Votic,/ˈmuru/
Votic,/ˈnɤsːɑː/
Votic,[ˈnɑi̯ʝːə̠]
Votic,/ˈmɑhsu/
Votic,[ˈtɤi̯nˌtɤi̯zɤ]
Votic,/ˈpiː/
Votic,/ˈlɑpɑ/
Votic,[ˈæmʲːə̟]
Votic,[ˈʝuːrʲi]
Votic,/ˈkusi/
Votic,[ˈtɑnt͡sːiɑ̯]
Votic,/ˈelæː/
Votic,[ˈʃkou̯ɫu]
Votic,/ˈsɤkɤɑ̯/
Votic,[sorovˈnoː]
Votic,[ˈɑvʲitːɑ]
Votic,/ˈvɑrvɑz/
Votic,[ˈpɫɑt͡sːi]
Votic,/ˈtɑkɑˌjɑlkɑ/
Votic,/ˈæjːæ/
Votic,[ˈsoːmɤ]
Votic,/ˈvɑhɑ/
Votic,[ˈlehmʲə̟]
Votic,[ˈkuʝɑ]
Votic,/ˈkɑlmo/
Votic,[ˈt͡ʃyntʲæ]
Votic,[ˈvʲøː]
Votic,[ˈkɑɡɫə̠]
Votic,[ˈt͡ʃæznʲə̟]
Votic,[ˈvʲiːt͡sːiæ̯]
Votic,/ˈɑkːunˌɑluz/
Votic,[ˈtou̯kə̠tə̠]
Votic,/ˈkɤi̯kɤlɑi̯n/
Votic,/ˈkɑrɑsːɑː/
Votic,/ˈkujɑ/
Votic,/ˈvot/
Votic,[ˈutɑr]
Votic,/ˈlɑːdiu̯sːɑ/
Votic,/ˈrypːy/
Votic,[ˈɫɑskɤɑ̯]
Votic,[ˈlipːiæ̯]
Votic,[ˈɑːpə̠]
Votic,/ˈimeæ̯/
Votic,[ˈleht͡ʃi]
Votic,/ˈmuː/
Votic,[ˈnukːə̠]
Votic,/ˈsɑhɑ/
Votic,/ˈvɑrnikːɑ/
Votic,[ˈtɑɫvʲi]
Votic,/ˈkorpːu/
Votic,/ˈsyt͡ʃyzy/
Votic,/ˈpæht͡ʃenæː/
Votic,[ˈlimɑ]
Votic,/ˈpelko/
Votic,/ˈvæt͡ʃi/
Votic,[ˈmuɫkːu]
Votic,/ˈɡruːʃɑ/
Votic,/ˈpytːy/
Votic,/ˈlɑːtko/
Votic,/ˈnære/
Votic,/ˈmukɑː/
Votic,/ˈmɑi̯niɑ̯/
Votic,[ˈkʲiɫoˌmetrʲi]
Votic,/ˈsyːvːæ/
Votic,[ˈsʲiːtʲiæ̯]
Votic,[ˈmɑːmə̠]
Votic,/ˈsilmæ/
Votic,[ˈt͡ʃirpːu]
Votic,/ˈpert͡sːu/
Votic,/ˈhlɑːmu/
Votic,/ˈøljy/
Votic,/ˈt͡ʃæly/
Votic,/ˈenːeɡleː/
Votic,/ˈkursi/
Votic,/ˈnɑi̯jːɑ/
Votic,[ˈroːt͡si]
Votic,/ˈvit͡sːɑ/
Votic,[ˈvɑrsʲi]
Votic,/ˈsæːski/
Votic,[ˈkotʲːi]
Votic,/senˈtæbri/
Votic,[ˈtʲænʲævʲə̟]
Votic,/ˈnuːzɡɑtɑ/
Votic,[ˈmerʲi]
Votic,[ˈɑhɑz̥]
Votic,/ˈkɑhsi/
Votic,[ˈkoi̯pə̠]
Votic,/ˈvæːntæː/
Votic,[ˈhɑu̯kə̠tə̠]
Votic,[ˈʝæːˌɑu̯kːo]
Votic,/ˈkɑːkːo/
Votic,[ˈkɑʝɑɡə̠]
Votic,[ˈpʲæːltʲə̟]
Votic,[ˈpɑrtə̠]
Votic,/ˈbɑːbukɑz/
Votic,[ˈitku]
Votic,/ˈkurkːu/
Votic,[ˈsukːə̠]
Votic,[ˈhɑrmɑ]
Votic,/ˈhɑpoː/
Votic,/ˈvelːi/
Votic,/ˈtɑkɑn/
Votic,[ˈvei̯tʲːæ]
Votic,/ˈpɤlvi/
Votic,/ˈɑlɑˌmeri/
Votic,[ˈɫurʝuz̥]
Votic,[ˈrutːo]
Votic,[ˈætæ]
Votic,[ˈentʲin]
Votic,[ˈɫɤːkutːɑ]
Votic,/ˈtɑloˌmeːz/
Votic,[ˈnʲiːskə̠]
Votic,[ˈiɫmɑu̯sːə̠]
Votic,/ˈhulːu/
Votic,/ˈhoksɑtɑ/
Votic,[ˈmɑkːə̠rə̠]
Votic,[poˈdɑrkːə̠]
Votic,/ˈlɤu̯nɑtːɑːsːɑ/
Votic,[ˈvɑi̯kːə̠]
Votic,[ˈkrɑːpʲːiɑ̯]
Votic,[ˈkɑrtːə̠]
Votic,/ˈtytøkːɤi̯n/
Votic,/ˈlei̯kɑtɑ/
Votic,/ˈlɑ/
Votic,/ˈjɑko/
Votic,[ˈmɑːmunə̠]
Votic,[ˈmɑɡɑtə̠]
Votic,[ˈt͡ʃyhseæ̯]
Votic,/ˈroːmɑ/
Votic,/ˈlukɤɑ̯/
Votic,[ˈpɑɡɑnə̠]
Votic,/ˈværpo/
Votic,[ˈkui̯vɑ]
Votic,/ˈvenyæ̯/
Votic,/ˈɑluz/
Votic,[ˈlintu]
Votic,/ˈkirstu/
Votic,[ˈmokomə̠]
Votic,/ˈtempːu/
Votic,/ˈkɑnto/
Votic,/ˈvɤi̯jːɤ/
Votic,[ˈʝuːt͡ʃːi]
Votic,[ˈveto]
Votic,/ˈent͡ʃiːsːæ/
Votic,/ˈsɤbrɑ/
Votic,/ɡrɤˈʒɤvnikːɑ/
Votic,/ˈnɑto/
Votic,[ˈsʲyæ̯]
Votic,/ˈstoːli/
Votic,/ˈsært͡ʃiæ̯/
Votic,/ˈkonːɑ/
Votic,[ˈpʲæːsko]
Votic,/ˈrihmɑ/
Votic,[ˈtervʲyz̥]
Votic,/ˈvɑrsi/
Votic,[ˈɫɑi̯tːɑ]
Votic,[ˈrɤːskə̠]
Votic,/ˈkɤlmɤd/
Votic,[ˈhʲæmʲølæi̯n]
Votic,[ˈɫɑsːu]
Votic,[ˈoːmɤn]
Votic,[ˈɑxkɤrə̠]
Votic,/ˈvɑsɑrɑ/
Votic,/ˈi/
Votic,[ˈɑ]
Votic,/ˈt͡ʃen.leː/
Votic,/ˈkɑbjɑ/
Votic,[ˈkotko]
Votic,/ˈjuːni/
Votic,/ˈnɤmːi/
Votic,/ˈportːu/
Votic,/ˈpøːriæ̯/
Votic,[ˈtuntɤɑ̯]
Votic,/ˈlɤi̯mɤd/
Votic,[ˈvʲiːmʲin]
Votic,[ˈiɫozə̠]
Votic,/ˈkɑsːuɑ̯/
Votic,[vesˈkɑːrʲi]
Votic,[ˈvʲæhʲæ]
Votic,[ˈkɑrkɤɑ̯]
Votic,/ˈvipu/
Votic,[ˈkʲiːkːuɑ̯]
Votic,[ˈmɑi̯nʲiɑ̯]
Votic,/ˈkɑpɑlod/
Votic,[ˈohtoɡo]
Votic,/ˈkuzɑˌnibuc/
Votic,[ˈsveːʒə̠]
Votic,[ˈitʲæˌtuːli]
Votic,[kukuˈruzɑ]
Votic,[ˈpʲæi̯vʲə̟]
Votic,/ˈkoːlːɑ/
Votic,[ˈpɑu̯kːɑ]
Votic,[ˈɑŋɡɤrʝə̠z̥]
Votic,/ˈvimpɑ/
Votic,[ˈlyhʲyd̥]
Votic,/ˈkrɑːpːiɑ̯/
Votic,/ˈkɑŋɡɑz/
Votic,/ˈsitːɑ/
Votic,[ˈlæːtʲiæ̯]
Votic,/ˈkoi̯pɑ/
Votic,/sɑmɑˈɡoŋkɑ/
Votic,[ˈeːz̥]
Votic,/ˈbruːdɑ/
Votic,/ˈʎuːkuɑ̯/
Votic,[ˈlenːelːə̟]
Votic,[ˈvɑsːə̠]
Votic,[ˈtɑkɑˌʝɑɫkə̠]
Votic,/ˈɑro/
Votic,[ˈsʲiæ̯l]
Votic,[ˈkɑːt͡sə̠d̥]
Votic,[ˈvʲiroɫɑi̯n]
Votic,[ˈkɤnzˌnʲibuc]
Votic,/ˈvɑːtːɑː/
Votic,[ˈmuːtːuɑ̯]
Votic,[ˈvɑɫkɑ]
Votic,[ˈkɤɫmɤtˌtei̯ʃːymed̥]
Votic,[ˈsɑːtːɑ]
Votic,[ˈkɑzvə̠tːɑ]
Votic,/ɑˈto/
Votic,/ˈkɑne/
Votic,/ˈviːsi/
Votic,/ˈsynti/
Votic,/ˈrohoi̯n/
Votic,[ˈpɑrkʲːiɑ̯]
Votic,/ˈsænt͡ʃy/
Votic,[ˈtotku]
Votic,[ˈui̯tːo]
Votic,[ˈkuːɫːə̠]
Votic,/ˈsuːtːuɑ̯/
Votic,[ˈliːtʲːæ]
Votic,/ˈɑrjɑ/
Votic,[ˈtʲæːtʲə̟ʝə̟]
Votic,[ˈlentʲæ]
Votic,[ˈbuʎbukə̠z̥]
Votic,/-sːɑː/
Votic,[ˈɑhvɤn]
Votic,[ˈtʲytʲøkːɤi̯n]
Votic,[ˈkɤrːə̠tə̠]
Votic,/ˈɑsːuɑ̯/
Votic,[ˈnɤi̯toɑ̯]
Votic,/ˈmɑːmɑ/
Votic,[ˈhʲæy̯lyæ̯]
Votic,/ˈpojezdɑ/
Votic,[ˈsuvːɑmʲin]
Votic,[kɑnˈfetʲːi]
Votic,/ˈkɑnɑˌmunɑ/
Votic,[ˈɤzrʲikːo]
Votic,/ˈympæryz/
Votic,[ˈopɤn]
Votic,[ˈt͡ʃyːnel]
Votic,/ˈvirkɑ/
Votic,[ˈmɤnʲi]
Votic,[ˈremenʲi]
Votic,/ˈt͡ʃitkɤɑ̯/
Votic,/ˈpølːy/
Votic,/ˈkuhɑ/
Votic,[ˈtʲykʲːi]
Votic,[ˈkotʲikːo]
Votic,[ˈkukːuɑ̯]
Votic,/ˈsiːtyæ̯/
Votic,/ˈsɤpɤːsːɑ/
Votic,/ˈlihɑkɤz/
Votic,/kɑmuˈnistɑ/
Votic,[ˈvʲihmə̠]
Votic,[ˈʝɑko]
Votic,/ˈt͡ʃeːltæː/
Votic,[ˈyhsʲi]
Votic,/ˈmusːɑ/
Votic,/ˈvɑlmiz/
Votic,[ˈkoko]
Votic,[ˈpɑɫko]
Votic,/ˈbrɑtko/
Votic,[ˈkɑrʝuʃːi]
Votic,[ˈhʲæy̯lytʲːæ]
Votic,[ˈrʲikːoɑ̯]
Votic,[ˈtuhɑd̥]
Votic,[ˈpɤɫɤtːɑ]
Votic,[kɑmuˈnʲistə̠]
Votic,[ˈmʲitɑtə̠]
Votic,[ˈɤli]
Votic,[ˈkɤɫmə̠sˌpʲæi̯vʲə̟]
Votic,/ˈpæː/
Votic,[ˈɑkːunə̠]
Votic,/ˈvɑlo/
Votic,/ˈɑi̯ro/
Votic,[ˈsʲyː]
Votic,/ˈjumɑlɑˌlintu/
Votic,[ˈsoːvʲiɑ̯]
Votic,[ˈkɑrɑsːɑ]
Votic,/ˈto/
Votic,/ʒeˈnixɑ/
Votic,/ˈniː/
Votic,[ˈmɤɫɤpə̠d̥]
Votic,/ˈpulmɑ/
Votic,[ˈkɑɫɑ]
Votic,[ˈɑhtɑ]
Votic,/ˈlɑu̯tɑˌkuntɑ/
Votic,[ˈsɑvʲit͡sːɑ]
Votic,/ˈpekːi/
Votic,/ˈt͡ʃærpæn/
Votic,[ˈɫɑhʝə̠]
Votic,[ˈkɑht͡ʃi]
Votic,[ˈsoːɫə̠tə̠]
Votic,[ˈmʲært͡ʃə̟]
Votic,[ˈpʲiːkə̠]
Votic,/ˈpɑi̯kɑtɑ/
Votic,[ˈmʲikʲæ.le]
Votic,[ˈnʲæːlə̟]
Votic,[ˈnɤmɑ]
Votic,/ˈɡɑːdɑ/
Votic,/ˈpinisːæ/
Votic,[liˈmonʲi]
Votic,[veɫosʲːiˈpeːdə̠]
Votic,/ˈpɑrvɤz/
Votic,[ˈpropkə̠]
Votic,/ˈɤrɑz/
Votic,[ˈpletʲitʲːæ]
Votic,/ˈripːuɑ̯/
Votic,[ˈɑkɑnə̠]
Votic,/ˈilkɑː/
Votic,[ˈvɑhʲiŋko]
Votic,[ˈkɑt͡sːoɑ̯]
Votic,[ˈɑi̯və̠z̥]
Votic,/ˈkulːi/
Votic,/ˈkuɤ̯/
Votic,/ˈroho/
Votic,/ˈsysi/
Votic,[ˈt͡ʃɑːʝu]
Votic,[ˈt͡ʃiːtoz̥]
Votic,/ˈorjɑˌmɑrjɑ/
Votic,[ˈʝæsen]
Votic,/ˈroːskɑ/
Votic,/ˈhyːtyæ̯/
Votic,/ˈnɑltɑ/
Votic,/ˈtɑvɑtɑ/
Votic,[ˈsɤɫmə̠tə̠]
Votic,[ˈehtʲiæ̯]
Votic,[ˈvʲirkə̠]
Votic,/ˈtæy̯z/
Votic,[ˈpʲisʲːyz̥]
Votic,[mʲikʲæˈleː]
Votic,[ˈhɑko]
Votic,[ˈseu̯kːo]
Votic,[ˈleːmʲi]
Votic,/ˈrou̯tɑ/
Votic,/ˈjært͡ʃy/
Votic,/ˈtoːhuz/
Votic,[ˈmʲætʲæz̥]
Votic,/ˈkɑntɑ/
Votic,[ˈpetːerʲi]
Votic,/ˈsokːo/
Votic,[ˈʝæmːiæ̯]
Votic,/ˈvæliz/
Votic,[ˈterpʲːiæ̯]
Votic,[ˈsʲæːrʲiˌmɑrʝə̠]
Votic,/ˈnukːɑ/
Votic,[ˈvʲirɑto]
Votic,/ˈtilkːuɑ̯/
Votic,[ˈtempːu]
Votic,/ˈmuriɑ̯/
Votic,/ˈkorɑ/
Votic,/ˈɑːdu/
Votic,[ˈkorːɤɑ̯]
Votic,[ˈɫɑkːɤɑ̯]
Votic,[ˈinʲimʲin]
Votic,[ˈmʲyːhʲæ]
Votic,[ˈsɑvʲi]
Votic,[ˈinemʲin]
Votic,/ˈnɤi̯sːɑ/
Votic,/ˈhɑi̯tːɑː/
Votic,/ˈsepːæ/
Votic,[ˈkɑhz̥]
Votic,[ˈtɑhto]
Votic,/ˈrihenˌney̯z/
Votic,[ˈvɑi̯və̠tːɑ]
Votic,/ˈvɤtiː/
Votic,/ˈstuːli/
Votic,/ˈlɑskɤːsːɑ/
Votic,/ˈsui̯t͡sɤd/
Votic,/ˈhikiˌɑu̯kːo/
Votic,[ˈkuːz̥]
Votic,[ˈtuːlikə̠z̥]
Votic,[ˈʃtɑnɑˌʝɑɫkə̠]
Votic,/ˈkɑnːɤl/
Votic,/ˈenːepiː/
Votic,[ˈpʲikːə̠rɑi̯n]
Votic,[ˈɫukːu]
Votic,/ˈmætænesːæ/
Votic,[bohɑtˈtɤrʲi]
Votic,/ˈrei̯si/
Votic,[ˈpɑi̯nuɑ̯]
Votic,[ˈʝæːtʲːyæ̯]
Votic,/ˈkɑt͡sːoɑ̯/
Votic,[ɡuˈʎɑi̯tːɑ]
Votic,/ˈkurɑː/
Votic,[ˈpɑrʲi]
Votic,[proˈlivɑ]
Votic,/ˈlɤi̯kɑtɑ/
Votic,/ˈpuzɤrtɑː/
Votic,/ˈviroː/
Votic,/ˈkiu̯ru/
Votic,[ˈɫuːkːə̠]
Votic,/ˈjutɤlːɑ/
Votic,/ˈkiloˌɡrɑmːɑ/
Votic,[ˈuxkɑ]
Votic,[ˈoːmnʲikːo]
Votic,/ˈpɑi̯zɤ/
Votic,/ˈɑu̯tɑ/
Votic,[ˈt͡ʃezːe]
Votic,/ˈehitːæː/
Votic,/ˈsikɑ/
Votic,[ˈmɑː]
Votic,[ˈkuːnɤɫːə̠]
Votic,[ˈt͡ʃyːnʲə̟rʲə̟]
Votic,[ˈnɤi̯tuz̥]
Votic,[ˈt͡ʃedrʲə̟tʲə̟]
Votic,[pet͡ʃˈnʲikːə̠]
Votic,[ˈverʲin]
Votic,[ˈnʲiɡɫə̠]
Votic,[ˈvʲiroˌmɑː]
Votic,/ˈvenːæi̯/
Votic,[ˈtɑːtːə̠]
Votic,/ˈviːsʲ/
Votic,[ˈvʲiːtʲːæ]
Votic,/ˈniːskɑ/
Votic,/ˈdeŋɡɑd/
Votic,/ˈsɤnɑ/
Votic,[ˈikoˌɫoːkːə̠]
Votic,/ˈmæht͡ʃæ/
Votic,[ˈsʲæːskʲi]
Votic,[ˈbuɡrə̠]
Votic,[ˈkui̯nʲi]
Votic,/ˈtænævæ/
Votic,[ˈpʲøksʲyd̥]
Votic,/ˈkɑned/
Votic,/ˈsɑːpːuɡɑ/
Votic,[ˈɑhʝoˌpʲæːlyz̥]
Votic,/sei̯t͡sːeːˈtɤi̯ʃːymed/
Votic,/ˈtæy̯si/
Votic,[ˈtɑpɑhtuɑ̯]
Votic,[ˈtɤmpʲiɑ̯]
Votic,/ˈkɑnːuz/
Votic,/ˈtuhɑtːɑ/
Votic,[sɑːpˈpuɡɑ]
Votic,[ˈkertʲːæ]
Votic,[ˈurpə̠]
Votic,[ˈmɑko]
Votic,/ˈulvoɑ̯/
Votic,/ˈmutɑ/
Votic,[ˈilvez̥]
Votic,[ˈkutːoɑ̯]
Votic,/ˈitkɤɑ̯/
Votic,[ˈtʲihʲi]
Votic,[ˈɫɑi̯və̠]
Votic,/ˈnimi/
Votic,/ˈtoho/
Votic,[ˈperʲːæˌpʲæi̯z̥]
Votic,/ˈkultɑi̯n/
Votic,/ˈleːvːæ/
Votic,/ˈt͡ʃinːɑz/
Votic,/ˈsiːvolːin/
Votic,/ˈtæːtæjæ/
Votic,[ˈmuːvːə̠ɫɤ]
Votic,[ˈɫɑi̯tə̠]
Votic,/ˈsɑːtːo/
Votic,[ˈrʲysʲːy]
Votic,/ˈvoi̯mɑkɑz/
Votic,/ˈɑlɤt͡siː/
Votic,/ˈt͡ʃeriæ̯/
Votic,[ˈupːosːə̠]
Votic,[ˈvʲiːʝesˌpʲæi̯vʲə̟]
Votic,[ˈmenʲːə̟]
Votic,/ˈlɑpiɑ̯/
Votic,/ˈɡrɑːdusːi/
Votic,/ˈkɑsːɑː/
Votic,/ˈjɑhtuɑ̯/
Votic,[ˈvʲilisʲːæ]
Votic,[ˈɫɑu̯tə̠ˌkuntə̠]
Votic,/ˈivuz/
Votic,[ˈvɤi̯mə̠]
Votic,/ˈtøː/
Votic,[doˈbrɑ]
Votic,/ˈvɑnːi/
Votic,/ˈmɑto/
Votic,/ˈpysːy/
Votic,[ˈyli]
Votic,/ˈslɑːvɑ/
Votic,[ˈɤpɤtːɑ]
Votic,[ˈt͡ʃæpʲy]
Votic,/ˈmæt͡ʃi/
Votic,/ˈmɑɡɑtɑ/
Votic,/ˈsɑtulɑ/
Votic,/ɡimˈnɑzi/
Votic,/ˈryːdi/
Votic,/ˈpæːle/
Votic,/ˈveːri/
Votic,[ˈsuːtːuɑ̯]
Votic,[ˈkʲirpʲit͡sːə̠]
Votic,/ˈyvyz/
Votic,[ˈkɤvɑsʲːi]
Votic,[ˈkɑsːɑ]
Votic,[ˈpoːɫɤsːə̠]
Votic,/ˈvɑnutːɑː/
Votic,/ˈvɑː/
Votic,/ˈmɑndɤri/
Votic,[ˈt͡ʃøhːiæ̯]
Votic,[ˈtere]
Votic,[ɡɑrˈmonʲi]
Votic,/ˈtyːni/
Votic,/ˈt͡ʃyntːeli/
Votic,/ˈhei̯tːæː/
Votic,[ˈkɑi̯mə̠]
Votic,[ˈɤi̯kɤɑ̯]
Votic,[ˈsʲiːnʲi]
Votic,[ˈt͡ʃylvʲæ]
Votic,[ˈtʲærʲisʲːə̟]
Votic,[ˈpʲæi̯vʲə̟ˌlintu]
Votic,[ˈsɤvɤtːɑ]
Votic,/ˈnæd/
Votic,[ˈsʲytʲːæ]
Votic,[ˈtuːvːɤ]
Votic,[ˈkrɑmpʲːi]
Votic,[ˈliːkːuɑ̯]
Votic,/ˈt͡ʃen/
Votic,/ˈbuʎbukɑz/
Votic,[ˈpoːɫɤ]
Votic,[ˈiʑumə̠]
Votic,[ˈɡɑzetʲːi]
Votic,[ˈɫuzʲikːə̠]
Votic,/ˈkɑdɡɤtɑ/
Votic,/ˈmesiˌmɑrjɑ/
Votic,[ˈsʲært͡ʃiæ̯]
Votic,[ˈvʲæli]
Votic,/ˈkuluɑ̯/
Votic,/ˈkɤrsi/
Votic,[ˈtɑi̯mʲi]
Votic,/ˈtɑpɑhtuːsːɑ/
Votic,/ˈvɑsuz/
Votic,[ˈpʲyː]
Votic,/ˈpuːtːuɑ̯/
Votic,/ˈupotːɑː/
Votic,/ˈriːkːi/
Votic,/ˈkɤrtɑ/
Votic,[ˈvʲiɫu]
Votic,/ˈui̯tːo/
Votic,[ˈɤmːɤɫːə̠]
Votic,/ˈyhesæːˌtei̯ʃːymed/
Votic,[ˈnuːmɤrʲi]
Votic,/ˈlɑntːu/
Votic,[ˈsʲyæ̯mesʲːə̟]
Votic,[ˈpekʲːi]
Votic,[ˈnʲæy̯tʲːisʲːə̟]
Votic,/ˈurpɑ/
Votic,/ˈmustɑlɑi̯n/
Votic,/ˈkeskolin/
Votic,/ˈhɑrmɑː/
Votic,[ˈroi̯və̠z̥]
Votic,[pʲinˈdʒɑkːə̠]
Votic,/ˈlɑskiːsːɑ/
Votic,[ˈyhsʲ]
Votic,[ˈenʲæpʲi]
Votic,[ˈpurkɑ]
Votic,[ˈʝutːu]
Votic,[ˈɑho]
Votic,/ˈɑvɑnto/
Votic,/ˈrɑpiɑ̯/
Votic,[ˈvʲire]
Votic,/ˈmɑkɤɑ̯/
Votic,/ˈuniˌlintu/
Votic,/ˈvɤsɑ/
Votic,[ˈpɑʎːo]
Votic,[ˈkɑnto]
Votic,/ˈroːkɑ/
Votic,[ˈkʲiːkutːɑ]
Votic,/ˈihɑn/
Votic,/ˈjuːt͡ʃːi/
Votic,/ˈtɑɡɑː/
Votic,[ˈeɡlin]
Votic,[ˈʃɑpʲisːə̠]
Votic,/ˈsoːjɤtɤlːɑ/
Votic,/ˈvɑi̯ˌpoːli/
Votic,/ˈfrovːɑ/
Votic,[ˈsɑvʲːi]
Votic,[ˈmʲyːʝə̟]
Votic,/ˈkɤnz.leː/
Votic,[ˈmɤi̯zə̠]
Votic,[ˈvʲiːzə̠z̥]
Votic,[ˈt͡ʃylmʲə̟]
Votic,/ˈyhsi/
Votic,[ˈmustə̠ɫɑi̯n]
Votic,[ˈtɑːrʲi]
Votic,/ˈnuːmɤri/
Votic,[ˈmɑːˌkɑŋɡə̠z̥]
Votic,/ˈt͡ʃiːre/
Votic,/ˈsiːtiæ̯/
Votic,[ˈmʲæt͡ʃikːə̠]
Votic,/ˈæːli/
Votic,[ˈt͡ʃæːntʲæ]
Votic,/ˈɤlːɑ/
Votic,/ˈuːsi/
Votic,/ˈsukuˌnimi/
Votic,[ˈkɫɑzʲi]
Votic,/ˈpetæjæ/
Votic,/ˈperːæːˌpæi̯z/
Votic,/ˈjɑrvi/
Votic,/ˈseːmeː/
Votic,[ˈvɑsɑtə̠]
Votic,[ˈkou̯kːu]
Votic,[ˈkuːmə̠]
Votic,[ˈnoːtːə̠]
Votic,/ˈposti/
Votic,/ˈlei̯pˌsoːl/
Votic,[ˈpuːˌvʲiɫːə̠]
Votic,[ˈoːkɑ]
Votic,[ˈneɫɟikːo]
Votic,[ˈsʲipuli]
Votic,[ˈimo]
Votic,[ˈkui̯və̠]
Votic,/ˈkɑmɑlikːɑ/
Votic,/ˈniːtːæː/
Votic,/ˈohto/
Votic,/ˈesimesˌpæi̯væ/
Votic,/ˈtɤɡɤ/
Votic,[ˈvʲæhepʲi]
Votic,[ˈrʲysʲæ]
Votic,/ˈpɑkolɑi̯n/
Votic,/ˈjɑno/
Votic,[ˈoi̯tʲisːə̠]
Votic,[doˈvɑrʲiʃːə̠]
Votic,/ˈvɑnɤpikːo/
Votic,[ˈelːiæ̯]
Votic,/ˈvɑrnɑ/
Votic,/ˈʃɑːpkɑ/
Votic,/ˈpoːlɤː/
Votic,[ˈmʲitːæ]
Votic,/ˈlɤhɡɑtɑ/
Votic,[ˈunohtɑ]
Votic,[ˈhʲikʲiˌɑu̯kːo]
Votic,[ˈehʲitʲːæ]
Votic,[ˈtuɫːə̠]
Votic,[ˈmʲyːkʲːiæ̯]
Votic,[ˈku]
Votic,/ˈkuvɑ/
Votic,[ˈpɑŋkʲi]
Votic,/ˈkɑːz/
Votic,[ˈpurʲikːə̠]
Votic,[ˈpʲæːlyz̥]
Votic,/ˈlehmæ/
Votic,[ˈupɑ]
Votic,/ˈmikæː/
Votic,[ˈtʲyːlæi̯n]
Votic,[ˈkukʃinə̠]
Votic,[ˈkɤhtə̠]
Votic,/ˈtoi̯mˌpæi̯væ/
Votic,/kɑhɤsɑːˈtɤi̯ʃːymed/
Votic,[ˈkunʲiz̥]
Votic,[ˈtoɫkːu]
Votic,[ˈɑɫkɑ]
Votic,/ˈpetelːæ/
Votic,[ˈt͡ʃiskoɑ̯]
Votic,[ˈtʲæy̯n]
Votic,[ˈrɑtʲiz̥]
Votic,[ˈvʲihmə̠kə̠z̥]
Votic,/ˈkɑːskɑ/
Votic,/ˈvɑŋkːuri/
Votic,[ˈmɑrtʲːi]
Votic,/ɡɑrˈmoni/
Votic,/ˈsɑtɑmɑ/
Votic,[ˈɫɑskɤsːə̠]
Votic,/ˈʃto/
Votic,[ˈkɑːrtɑ]
Votic,/ˈmænt͡ʃiæ̯/
Votic,/poˈduʃkɑ/
Votic,/ˈkɤrːɑtɑ/
Votic,/ˈsiɡɑːˌrɑzvɑ/
Votic,/ˈkei̯tːæː/
Votic,/ˈkuːlːɑ/
Votic,/ˈsurmɑ/
Votic,/ˈsɑksɑlɑi̯n/
Votic,[ˈmʲæŋko]
Votic,[ˈʝɤt͡ʃi]
Votic,[ˈpʲæːlːə̟]
Votic,[ˈpɑskə̠]
Votic,[ˈvɑ.truʃkə̠]
Votic,[ˈsumɑ]
Votic,[ˈvʲiːz̥]
Votic,[ˈsɤrmʲi]
Votic,/ˈiŋkerilɑi̯n/
Votic,[ˈt͡ʃelːə̟]
Votic,[ˈvʲirstə̠]
Votic,/ˈmɑi̯/
Votic,/ˈjulkiɑ̯/
Votic,[ˈvɑʝɤɫtuɑ̯]
Votic,/ˈpɑkːo/
Votic,[ˈmurt͡ʃinə̠]
Votic,[ˈpɑːrɲə̠]
Votic,/ˈlyhsy/
Votic,/ˈjɑvɑː/
Votic,/ˈɑ/
Votic,[ˈɫustʲi]
Votic,/ˈɑŋɡɤrjɑz/
Votic,/ˈsyæ̯meː/
Votic,[ˈleːvʲːə̟]
Votic,[ˈkukːə̠]
Votic,/ˈvɑɟːɑːˌmɑː/
Votic,/ˈkupːi/
Votic,[ˈsʲiplikə̠z̥]
Votic,/ˈɑhnɑz/
Votic,/ˈɑvitːɑː/
Votic,[ˈpʲixkə̠]
Votic,/ˈkotikːo/
Votic,/ˈmæntæ/
Votic,[ˈsepʲːə̟]
Votic,[ˈsɑːt͡ʃːi]
Votic,/ˈkɑu̯kɑːltɑ/
Votic,[ˈʝɤu̯ɫu]
Votic,/ˈsɤpɑ/
Votic,/ˈtoːrɤ/
Votic,/ˈɑvɑhtuːsːɑ/
Votic,/ˈsɤlmɑtɑ/
Votic,/ˈkɑŋkiɑ̯/
Votic,/ˈɑftobusːɑ/
Votic,[ˈɡuʎɑi̯tːɑ]
Votic,[ˈlikːosːə̠]
Votic,/ˈohtoɡoi̯n/
Votic,[ˈpʲæːˌɫuː]
Votic,/ˈkumpɑ/
Votic,[ˈkukːɤ]
Votic,/ˈyvæ/
Votic,[ˈmʲæːtʲə̟]
Votic,/ˈrɑːnɑ/
Votic,[ˈbɤɫːu]
Votic,[ˈnɤi̯sːə̠]
Votic,/ˈsiɤ/
Votic,/ˈsyvæ/
Votic,[ˈʒenʲihə̠]
Votic,[ˈɑhʝo]
Votic,[ˈveɟ]
Votic,/reˈmeni/
Votic,[ˈvʲiːsʲ]
Votic,[ˈvʲihɑ]
Votic,[ˈkusːə̠]
Votic,/ˈjæsen/
Votic,/ˈorko/
Votic,/ˈpuhɑz/
Votic,/ˈviʎːɑ/
Votic,/ˈævitːæː/
Votic,[ˈdʲæːdʲə̟]
Votic,/ˈtoːʒ/
Votic,/ˈmɑkiɑ̯/
Votic,/ˈpæːlyz/
Votic,/ˈsoːkɑz/
Votic,[ˈsʲiæ̯ltʲə̟]
Votic,/ˈhæy̯lyæ̯/
Votic,/ˈrɑu̯tɑ/
Votic,/ˈkɑrtɑ/
Votic,[ˈrʲihenˌney̯z̥]
Votic,/ˈɑpɑjɑ/
Votic,[ˈetesˌtɑkɑz̥]
Votic,[ˈperʲæsʲːə̟]
Votic,/ˈpuːkːo/
Votic,/ˈtɤi̯nˌtɤi̯zɤː/
Votic,[ˈɑrvotuz̥]
Votic,[ˈturhɑ]
Votic,[ˈɑstʲiʝɤ]
Votic,/ˈmokomɑi̯n/
Votic,/ˈvɑrtɤː/
Votic,[ˈɑɫɑtːu]
Votic,/ˈripsi/
Votic,/ˈnoːri/
Votic,[ˈnʲæteli]
Votic,/ˈyliˌoːmɤn/
Votic,/ˈsɑi̯jɑ/
Votic,/ˈdolotːɑ/
Votic,[ˈvʲærpo]
Votic,[ˈɫɤːt͡sːu]
Votic,/ˈt͡ʃipɑː/
Votic,/ˈɑlkuɑ̯/
Votic,/ˈvizɡɑtɑ/
Votic,[ˈkɑːtːɤrʲi]
Votic,[ˈylːele]
Votic,[ˈneʎːə̟z̥]
Votic,/ˈɑpɑtɑ/
Votic,[ˈvʲæːntʲisʲːə̟]
Votic,[ˈnoːrə̠]
Votic,[ˈpou̯tə̠]
Votic,/ˈɑjɑtuz/
Votic,[ˈei̯]
Votic,/ˈmyːvːæ/
Votic,[ˈnʲæt͡ʃːyæ̯]
Votic,/ˈɤpɤːsːɑ/
Votic,/ˈlæhteæ̯/
Votic,[ˈiʎːɑ]
Votic,[ˈnɑxkə̠]
Votic,/ˈprɑːviu̯sːɑ/
Votic,/ˈpɤhjɑi̯n/
Votic,[ˈmʲæːkʲːiæ̯]
Votic,/ˈɑrkɑ/
Votic,[ˈpʲøːrʲiæ̯]
Votic,/ˈɑlɤn/
Votic,/ˈæːri/
Votic,[ˈvɤi̯tɤɫːə̠]
Votic,/ˈmitɑtɑ/
Votic,[ˈkɑsːen]
Votic,[ˈvohmə̠]
Votic,[ˈpoɫːɤ]
Votic,/ˈvesi/
Votic,/ˈt͡ʃiːsɤlːɑ/
Votic,/ˈvɤlkɑ/
Votic,/ˈviːtːæː/
Votic,/ˈsirkoɑ̯/
Votic,/ˈsysælikːo/
Votic,[ˈsuːkːurʲi]
Votic,[ˈkurnə̠tə̠]
Votic,/ˈtæːl/
Votic,[ˈɫui̯kə̠tə̠]
Votic,[ˈvʲæhːæi̯ze]
Votic,[ˈɫɑu̯tə̠]
Votic,/ˈɡrɑmːɑ/
Votic,[ˈt͡ʃihːuɑ̯]
Votic,[ˈɑrʲinə̠]
Votic,[ˈt͡ʃeːltʲæ]
Votic,[ˈneːd̥]
Votic,[ˈpʲiːmʲə̟]
Votic,/ˈrumɑ/
Votic,/ˈlehti/
Votic,[vɑˈtruʃkə̠]
Votic,/ˈkertːæː/
Votic,/ˈriːjːɤlːɑ/
Votic,[ˈsɑːrʲi]
Votic,[ˈɑvɑnto]
Votic,/ˈvɑːhto/
Votic,/ˈehe/
Votic,[ˈkɑnːɤɫ]
Votic,[ˈpɑɫɡɤ]
Votic,[ˈhoːnoˌpoːli]
Votic,/ˈsilmætæ/
Votic,/ˈhulːuˌkoto/
Votic,/ˈsuvɑtɑ/
Votic,/ˈmurɤtːɑː/
Votic,/ˈteko/
Votic,[ˈnoːrʲi]
Votic,[ˈɑrɑɡə̠]
Votic,[ˈsoːmɤˌmɑː]
Votic,/ˈɑhisːɑː/
Votic,/ˈɑmpuɑ̯/
Votic,/ˈkɤrkuːz/
Votic,/ˈkiːsːeli/
Votic,/ˈkɑrjuʃːi/
Votic,/ˈloːto/
Votic,/ˈmyːhep/
Votic,/ˈmyɡræ/
Votic,/ˈlenːelːæ/
Votic,/ˈlɑki/
Votic,[ˈkɑsːuɑ̯]
Votic,[ˈelmʲi]
Votic,[ˈkɑʎːuɑ̯]
Votic,[ˈsoːɫə̠]
Votic,[ˈleːmʲinə̠]
Votic,/ˈulkoˌmɑː/
Votic,/ˈturvɑz/
Votic,/ˈputki/
Votic,/ˈrɑjɑ/
Votic,[ˈsɑtɑ]
Votic,/mɑˈʃinɑ/
Votic,/ˈsilmæˌmunɑ/
Votic,[ˈtɑkːoɑ̯]
Votic,/ˈhoːliɑ̯/
Votic,/ˈt͡ʃæpy/
Votic,[ˈsʲyæ̯mːesʲːə̟]
Votic,[ˈsɤtɑˌmeːz̥]
Votic,[ˈʝɑno]
Votic,[ˈmʲøː]
Votic,/ˈrikːi/
Votic,[ˈɑɫːə̠]
Votic,/ˈɑstijɤ/
Votic,/ˈvɑɟːɑːlɑi̯n/
Votic,/ˈjɑːni/
Votic,[ˈvɑrɡə̠z̥]
Votic,/ˈsukːɑ/
Votic,/ˈisːuɑ̯/
Votic,/ˈvihmɑˌlintu/
Votic,/ˈsɑlvo/
Votic,[ˈbɑːbuʃkə̠]
Votic,[ˈhʲæmʲærʲə̟]
Votic,/ˈmuːvːɑlɤː/
Votic,/ˈt͡ʃylmetːæː/
Votic,/ˈtæi̯/
Votic,/ˈkɑnːɤː/
Votic,[ˈobrə̠zə̠]
Votic,[ˈkuːɫuvə̠]
Votic,/ˈpikːɑrɑi̯n/
Votic,/ˈtɑpɤlːɑ/
Votic,/ˈt͡ʃøhæ/
Votic,/ˈpominoi̯tːɑː/
Votic,[ˈɫɑkʲi]
Votic,[ˈsɑːpːuɡə̠]
Votic,/ˈɑrvɑː/
Votic,/ˈmunɑ/
Votic,/ˈvilːɑn/
Votic,/ˈyvæsːi/
Votic,[ˈkɑkːo]
Votic,/ˈɑluˌkɤrtɑ/
Votic,[ˈzveːrʲi]
Votic,[ˈsuːrʲimə̠]
Votic,/ˈnɤki/
Votic,/ˈpuhɡɑtɑ/
Votic,[ˈrɑxkə̠]
Votic,[ˈɑftoˌbusːə̠]
Votic,/ˈjɑtkɑː/
Votic,/ˈɤpːiɑ̯/
Votic,/ˈirvi/
Votic,[ˈʝorʃːi]
Votic,/ˈt͡ʃylvæː/
Votic,/ˈʃuːbɑ/
Votic,[ˈsʲiːn]
Votic,/ˈrisːi/
Votic,[ˈoːtɤɫːə̠]
Votic,/ˈmeriˌtuːli/
Votic,[ˈkoːɫːə̠]
Votic,/ˈkuːsi/
Votic,[ˈtɑi̯t͡ʃinə̠]
Votic,/ˈmɑhsɑ/
Votic,/ˈsɑrkɑ/
Votic,[ˈkɑse]
Votic,[ˈpʲiɫːə̠]
Votic,/ˈdohtɑri/
Votic,/ˈhiu̯tːɑː/
Votic,/ˈtɑmːi/
Votic,[ˈsʲyvyz̥]
Votic,/ˈkokutːɑː/
Votic,[ˈɫukːuz̥]
Votic,[ˈkɤnsɑ]
Votic,/ˈjɤɡɤˌperæ/
Votic,/ˈjɑtko/
Votic,/ˈjyrkːy/
Votic,[ˈkoton]
Votic,/ˈluː/
Votic,[ˈt͡ʃinːə̠z̥]
Votic,[ˈemʲikːo]
Votic,/ˈkɑdɡɑtɑ/
Votic,/ˈkɤrːɤz/
Votic,[ˈerne]
Votic,/ˈkɤlmɑz/
Votic,[ˈvenʲːæi̯]
Votic,/ˈmɑːilmɑ/
Votic,/ˈlɑi̯tɑ/
Votic,[ˈpɑhɑ]
Votic,[ˈɫɤpːuɑ̯]
Votic,/zemˈʎæŋkɑ/
Votic,/ˈloːɤ/
Votic,/ˈei̯næ/
Votic,/ˈpɑi̯sːɑː/
Votic,[ˈvɑnɤˌpʲikːo]
Votic,/ˈsɤu̯tɑː/
Votic,/ˈsulɑ/
Votic,[ˈpetʲːæ]
Votic,/ˈsirpːi/
Votic,/ˈnoʎ/
Votic,/uɡuˈrit͡sːɑ/
Votic,[ˈt͡ʃymːe]
Votic,[ˈʝuːtːɑ]
Votic,/ˈlihɑvɑ/
Votic,[ˈtorːuɑ̯]
Votic,[ˈɤrɑz̥]
Votic,/ˈtɑrkːɑ/
Votic,[ˈumːə̠r]
Votic,/ˈmɤntɑ/
Votic,[ˈʝɑtkɑ]
Votic,[ˈvɑɫɤ]
Votic,/sorovˈnoː/
Votic,[ˈsɑːvːə̠]
Votic,/ˈvɑi̯vɑtːɑː/
Votic,[ˈmuːkə̠tə̠]
Votic,[ˈmɑt͡ʃkə̠]
Votic,[ˈpɑi̯zɤ]
Votic,/ˈsumɑ/
Votic,/ˈlɑɟːɑ/
Votic,[ˈiːvə̠]
Votic,[ˈsei̯vʲə̟z̥]
Votic,/ˈvenɑˌmɑː/
Votic,/ˈkusutːɑː/
Votic,[ˈɑnɤ]
Votic,[ˈvɑ]
Votic,[ˈt͡ʃyntːeli]
Votic,/ˈhɑrotːɑː/
Votic,/kɤlmɤdˈtei̯ʃːymed/
Votic,/ˈpæːlːæ/
Votic,[ˈkɑvɑɫə̠]
Votic,[ˈkonstʲi]
Votic,[ˈrɑu̯tə̠n]
Votic,/ˈymːærkæi̯n/
Votic,/ˈsytːæː/
Votic,[ˈsukuˌnʲimʲi]
Votic,[ˈɫunɑsːɑ]
Votic,[ˈɤnːɤkə̠z̥]
Votic,/ˈmæŋko/
Votic,[ˈvʲæt͡ʃi]
Votic,/ˈvævy/
Votic,/ˈlæːtiæ̯/
Votic,[ˈlei̯pʲə̟]
Votic,[ˈrɑvɑd̥]
Votic,/ˈæpiæ̯/
Votic,/ˈkɑlmɑ/
Votic,/ˈtæhti/
Votic,/ˈsɑkɑːsːi/
Votic,[ˈsʲirpʲːi]
Votic,/ˈkoriɑ̯/
Votic,/ˈlɑskɤɑ̯/
Votic,/ˈjoːʒikːɑ/
Votic,[ˈmʲikʲæ]
Votic,/poˈdɑrkːɑ/
Votic,/ˈselt͡ʃiæ̯/
Votic,/ˈusko/
Votic,[ˈmʲyːhʲə̟sʲːyæ̯]
Votic,[ˈkɑrɡə̠tə̠]
Votic,/ˈeteː/
Votic,/ˈt͡ʃyhzetːæː/
Votic,[ˈhei̯tʲytʲːæ]
Votic,/ˈrihi/
Votic,[ˈtʲæːtʲæ]
Votic,[ˈt͡ʃylt͡ʃi]
Votic,[ˈsei̯nʲə̟]
Votic,[ˈpʲirtə̠]
Votic,[ˈɫɑu̯ɡə̠tə̠]
Votic,[reˈmenʲi]
Votic,/rɤˈbɑkːɑ/
Votic,/ˈpɑtɑ/
Votic,[ˈkɑɡrə̠]
Votic,/ˈkomnɑtːi/
Votic,/ˈviːru/
Votic,[ˈpʲiho]
Votic,/ˈseu̯kːo/
Votic,[ˈrɑhɑkə̠z̥]
Votic,[ˈtuɫɤkə̠z̥]
Votic,/ˈpɑːrɲɑ/
Votic,/ˈniskɑ/
Votic,/ˈjɤu̯tu/
Votic,[ˈlyːvʲːə̟]
Votic,/ˈkɑrvɑ/
Votic,/ˈliːvˌt͡ʃylæ/
Votic,[ˈmʲærʲænʲːy]
Votic,/ˈkehɑtɑ/
Votic,/deˈkɑbri/
Votic,[ˈohtoɡoi̯n]
Votic,[ˈsʲysʲi]
Votic,[ˈʝohsu]
Votic,[ˈvʲiskoɑ̯]
Votic,/ˈkɑnɑvɑ/
Votic,[ˈpeɫɑtə̠]
Votic,/ˈveseristɑ/
Votic,[kɑˈnɑvɑ]
Votic,/ˈkurnɑtɑ/
Votic,/ˈkoi̯vuzikːo/
Votic,[ˈnʲiː]
Votic,/ˈtrubɑ/
Votic,/ˈhɑvɑt͡sːuɑ̯/
Votic,/ˈt͡ʃehsi/
Votic,/ˈpilːi/
Votic,[ˈsʲiz̥]
Votic,/ˈɤɡɑz/
Votic,[ˈpʲæht͡ʃenʲæ]
Votic,/ˈvɑːsːɑ/
Votic,/ˈlɤu̯kɑ/
Votic,/ˈt͡ʃøhiæ̯/
Votic,/ˈmiltin/
Votic,/ˈpɤdɡɑtɑ/
Votic,[ˈsɑpʲːi]
Votic,/ˈliɡotːɑː/
Votic,[ˈvɤtːɑ]
Votic,/ˈvɑjɤltɑː/
Votic,[ˈkoi̯]
Votic,[ˈæːrez̥]
Votic,/ˈsorsɑ/
Votic,/ˈkɤi̯ɡ/
Votic,/ˈɑnɤ/
Votic,[ˈsɑːnʲi]
Votic,[ˈmɤrtə̠]
Votic,[ˈmuɫtə̠]
Votic,/ˈkɑu̯kolo/
Votic,/ˈsiːytːæː/
Votic,/ˈkukuruzɑ/
Votic,[ˈkulːi]
Votic,/ˈsynːytːæː/
Votic,/ˈsɤrmuz/
Votic,[ˈplækʲːi]
Votic,/kɑhsˈtɤi̯ʃːymed/
Votic,/ˈneː/
Votic,/senˈcæbri/
Votic,/ˈhɑŋkːiɑ̯/
Votic,[ˈrɑɡɤ]
Votic,[ˈbørʲø]
Votic,/ˈvihmɑkɑz/
Votic,[ˈɑi̯n]
Votic,/ˈyhsˌtei̯ʃːymed/
Votic,[ˈt͡ʃent͡ʃːiæ̯]
Votic,/ˈjærvi/
Votic,[ˈnurmʲi]
Votic,[ˈpʲølːy]
Votic,[ˈsʲitːuɑ̯]
Votic,/bohɑtˈtɤri/
Votic,/ˈkunikɑz/
Votic,/ˈsɑsiɑ̯/
Votic,/ˈtyːlæi̯n/
Votic,/ˈvɑjɤltuɑ̯/
Votic,/ˈpoːlɤsːɑ/
Votic,[ˈoːnɤ]
Votic,/ˈkøy̯hæ/
Votic,/ˈit͡ʃi/
Votic,[ˈrepːiæ̯]
Votic,/ˈkɤlmɤdˌtei̯ʃːymed/
Votic,[ˈmʲikːæ]
Votic,[ˈrʲisʲːisʲə̟]
Votic,[ˈt͡ʃen.le]
Votic,/ˈliːkːuɑ̯/
Votic,/ˈsei̯væz/
Votic,/ˈsɑːri/
Votic,[ˈlehto]
Votic,[ˈsɤu̯tɑ]
Votic,/ˈhukɑtɑ/
Votic,/ˈsiːtːæ/
Votic,/ˈɑhjoˌpæːlyz/
Votic,/ˈlentæː/
Votic,/ˈyrytːæː/
Votic,[ˈt͡ʃæːrʲiæ̯]
Votic,/ˈsoːmɑlɑi̯n/
Votic,[ˈputkʲi]
Votic,/ˈvɑkɑ/
Votic,[ˈkuːsʲ]
Votic,/kɑˈʎɑskɑ/
Votic,[ˈtɑpɑhˌtuːsːə̠]
Votic,[ˈlihɑ]
Votic,/ˈkɑtːilɑ/
Votic,[ˈkɤɫmə̠z̥]
Votic,[ˈkɑvʲi]
Votic,[ˈhoːvə̠tə̠]
Votic,[ˈɑmːuɑ̯]
Votic,/ˈsurːɑ/
Votic,/ˈræi̯miæ̯/
Votic,[kʲiɫoˈmetrə̠]
Votic,/proˈlivɑ/
Votic,[ˈpʲædrʲə̟]
Votic,[ˈʝuːnʲi]
Votic,[ˈtɑnt͡sːu]
Votic,/ˈɑmːuɑ̯/
Votic,[ˈsuːruz̥]
Votic,[ˈtɑɫvʲiˌnʲisu]
Votic,/ˈkurɑz/
Votic,/ˈmuhisːɑ/
Votic,[ˈoxkɑ]
Votic,[ˈkɑi̯ho]
Votic,[ˈɫɑi̯hə̠]
Votic,[ˈlyhsʲæ]
Votic,/ˈviːpɑtɑ/
Votic,/ˈkɑu̯sːɑ/
Votic,/ˈɑntɤːsːi/
Votic,[ˈisutːɑ]
Votic,[ˈkɤvɑ]
Votic,[ˈpoi̯kɑi̯n]
Votic,[ˈhɑrotːɑ]
Votic,/ˈsɑːvːɑ/
Votic,[ˈmuː]
Votic,[ˈkusʲiˌrɑkːo]
Votic,/ˈt͡ʃiːtoz/
Votic,[ˈtʲæːltʲə̟]
Votic,[ˈkʲylːæi̯n]
Votic,/ˈhelːæ/
Votic,[ˈɑɫːɑ]
Votic,/ˈvɑ.truʃkɑ/
Votic,[ˈhʲyː]
Votic,/ˈɑu̯t͡ʃi/
Votic,/ˈohkɑː/
Votic,[sɑmɑˈɡoŋkə̠]
Votic,/ˈuskoɑ̯/
Votic,/ˈlɤːt͡sːu/
Votic,[ˈkupʲːi]
Votic,[ˈmerkʲːi]
Votic,[ˈyvːæ ˈuːtːə̠ ˈvoːtːə̠]
Votic,[ˈyhtei̯n]
Votic,[ˈtʲihtʲi]
Votic,/ˈiso/
Votic,[ˈesʲiˌʝɑɫkə̠]
Votic,[ˈsʲirkoɑ̯]
Votic,/ˈsoːmuz/
Votic,/ˈterpːiæ̯/
Votic,[ˈkɑŋkʲiɑ̯]
Votic,/ˈhypætæ/
Votic,/ˈjæːtːyæ̯/
Votic,[ˈɤpːɤɑ̯]
Votic,/ˈkolo/
Votic,/ˈseːmeːˌvɤi̯/
Votic,/ˈmɑnsikɑz/
Votic,[ˈpʲæːˌɑu̯kːo]
Votic,[ˈpʲøːrʲə̟]
Votic,/ˈkultɑ/
Votic,[ɲeˈmoi̯]
Votic,/ˈhylɡætæ/
Votic,[ˈet͡sːiæ̯]
Votic,[ˈɫɤːkə̠]
Votic,[ˈit͡ʃːe]
Votic,[ˈturpə̠kːə̠]
Votic,/ˈverin/
Votic,/ˈtokːuɑ̯/
Votic,[ˈhɑkulid̥]
Votic,/ˈmyːhæsːyæ̯/
Votic,[ˈvʲirtə̠]
Votic,[ˈmozɡʲid̥]
Votic,[ˈpʲimey̯z̥]
Votic,/ˈvenælæi̯n/
Votic,[ˈɤnʲːi]
Votic,[ˈpert͡sːu]
Votic,/ˈrehelːiːn/
Votic,[ˈʝyrkʲːy]
Votic,/ˈlɤpːuɑ̯/
Votic,[ˈrɑputːɑ]
Votic,/ˈvikɑ/
Votic,/ˈkehno/
Votic,/ˈkonsti/
Votic,[ˈɤhsə̠]
Votic,[ˈdə̠]
Votic,[ˈutu]
Votic,[ˈt͡ʃæsʲi]
Votic,[ˈlæmpʲisʲːə̟]
Votic,[ˈkɑu̯kɑɫɤ]
Votic,/ˈluɡɤtɤlːɑ/
Votic,/pet͡ʃˈnikːɑ/
Votic,[ˈrʲikʲːi]
Votic,[ˈnɑi̯ʝə̠]
Votic,[ˈsʲiɫotːɑ]
Votic,[ˈkuɤ̯]
Votic,/ˈɡoːrʲɑ/
Votic,/ˈsorɑː/
Votic,[ˈpomʲiˌnoi̯tːɑ]
Votic,[ˈvɑɫutːɑ]
Votic,/ˈloːkːɑ/
Votic,[ˈvoho]
Votic,[ˈveɕoɫə̠]
Votic,[ˈnʲiːnʲi]
Votic,[ɡɑˈzetʲːi]
Votic,/ˈkɑnɑ/
Votic,/ˈkorɤɑ̯/
Votic,[ˈɫumʲiˌtui̯sku]
Votic,[ˈɫopːuɑ̯]
Votic,[ˈrumːu]
Votic,[ˈvʲiɫːə̠n]
Votic,/ˈnoːruz/
Votic,[ˈlæɡʲætʲə̟]
Votic,[ˈkoi̯nʲiɑ̯]
Votic,/ˈjuni/
Votic,[ˈkehno]
Votic,/ˈvoho/
Votic,[ˈnʲære]
Votic,[ˈseːme]
Votic,[ˈmʲyːhep]
Votic,/ˈɑhjo/
Votic,/ˈkukːɑ/
Votic,[ˈt͡sent͡ʃisʲːə̟]
Votic,/ˈitikːɑ/
Votic,/ˈlyːvːæ/
Votic,[ˈpuːtːuɑ̯]
Votic,/ˈtou̯kɑtɑ/
Votic,[ˈmukɑvə̠]
Votic,[ˈesʲimei̯n]
Votic,[ˈperenˌnɑi̯n]
Votic,/ˈpihkɑ/
Votic,[ˈkʲøy̯hʲə̟]
Votic,[ˈɫɤu̯nə̠d̥]
Votic,/ˈluku/
Votic,[ˈvesʲːæ]
Votic,[ˈsukuɫɑi̯n]
Votic,/ˈlɑu̯lɑjɑ/
Votic,[ˈʝɑhtuɑ̯]
Votic,/ˈlænty/
Votic,[ˈirvʲiˌei̯nʲə̟]
Votic,[ˈtuːrə̠]
Votic,/ˈmyt͡ʃːæ/
Votic,/ˈsɤsːɑr/
Votic,/ˈrɑvːu/
Votic,[ˈroːto]
Votic,[ˈɑmpuɑ̯]
Votic,/ˈkerkiːsːæ/
Votic,[ˈpui̯pːu]
Votic,/ˈsoːmi/
Votic,[ˈtupɑ]
Votic,/ˈɑvɑtɑ/
Votic,/ˈmuːvːɑlːɑ/
Votic,[ˈkupo]
Votic,[ˈkrotːə̠]
Votic,[ˈvehnʲə̟]
Votic,[ˈrʲikɑsuz̥]
Votic,[ˈsɤsːə̠r]
Votic,/ˈjuːri/
Votic,[ˈhʲypʲætʲə̟]
Votic,[kɤɫmɤdˈtei̯ʃːymed̥]
Votic,/ˈlɑu̯tɑ/
Votic,/ˈbɤlːu/
Votic,[ˈsɑkːɑ]
Votic,[ˈpeɫːə̠və̠z̥]
Votic,/ˈkotoˌtyː/
Votic,[ˈʝɤkʲi]
Votic,[ˈvʲælːi]
Votic,/ˈt͡ʃyːsi/
Votic,[ˈɑpʲi]
Votic,/mɑːˈilmɑ/
Votic,/ˈenːeː/
Votic,/ˈlupɑ/
Votic,/ˈɑjo/
Votic,[ˈkuːɫuɑ̯]
Votic,[ˈkɑrkutːɑ]
Votic,[ˈpeu̯koɫo]
Votic,[ˈtokːuɑ̯]
Votic,/ˈmunɑˌvelːi/
Votic,/ˈtykːy/
Votic,[ˈtui̯zɡə̠tə̠]
Votic,/ˈt͡ʃivi/
Votic,[ˈsɑhɑtə̠]
Votic,[ˈvɑrnʲikːə̠]
Votic,[ˈmʲyːtʲæ]
Votic,[ˈbuɫkːə̠]
Votic,/ˈkumːɑrtɑːsːɑ/
Votic,/ˈɤhjɑ/
Votic,/ˈbukvɑ/
Votic,/ˈlɑi̯vɑ/
Votic,[ˈpenʲikːə̠]
Votic,[ˈɫɑːdʲiu̯sːə̠]
Votic,/ˈdoro/
Votic,/ˈmulkːu/
Votic,/ˈlɑi̯skɑ/
Votic,/ˈirsi/
Votic,[ˈtɑpɤɫːə̠]
Votic,/ˈroːsɤ/
Votic,/ˈon/
Votic,/ˈvirtɑ/
Votic,[ˈuhsʲi]
Votic,/ˈiʑumɑ/
Votic,[ˈimeæ̯]
Votic,/ˈmurt͡ʃinɑ/
Votic,/ˈpɑi̯nu/
Votic,[ˈpɑkoɫɑi̯n]
Votic,[ˈkɤnz.le]
Votic,/ˈjɑːniˌkukːɑ/
Votic,/ˈjyvæ/
Votic,[ˈpui̯n]
Votic,/ˈnɑːpuri/
Votic,[ˈnʲænʲːə̟]
Votic,/ˈhætæ/
Votic,/ˈselt͡ʃæˌluː/
Votic,/ˈpere/
Votic,[ˈterʲæz̥]
Votic,[ˈliːvˌt͡ʃylæ]
Votic,/ˈihɑ/
Votic,[ˈlysʲi]
Votic,[ˈturvə̠z̥]
Votic,/ˈlɑi̯nɤtɑ/
Votic,[ˈsɑksə̠]
Votic,[ˈuɫvoɑ̯]
Votic,/ˈjulkɑː/
Votic,[ˈtɑpːo]
Votic,/ˈɤli/
Votic,/ˈtɑkɑz/
Votic,/ˈnɤmɑ/
Votic,/ˈilmɑ/
Votic,/ˈneʎːæ/
Votic,/ˈrutːo/
Votic,/ˈlenːætæ/
Votic,[ˈnokʲːiɑ̯]
Votic,/ˈjɑkɑː/
Votic,[ˈɫuːt͡sə̠]
Votic,[ˈæt͡ʃːi]
Votic,/ˈnɤdrɑ/
Votic,/ˈyli/
Votic,/ˈtihi/
Votic,[ˈɤʑːə̠]
Votic,/ˈɑrvo/
Votic,/ˈrɑhɑ/
Votic,/ˈvæhæ/
Votic,/ˈt͡ʃærpːæ/
Votic,/ˈɑstiɑ̯/
Votic,[ˈpexko]
Votic,[ˈɫui̯kːo]
Votic,[ˈtoːʒ̥]
Votic,/ˈkiloˌmetrɑ/
Votic,[ˈlitrə̠]
Votic,/ˈveɕolɑ/
Votic,/ˈomenɑ/
Votic,[ˈrehelːin]
Votic,[ˈhoi̯kːə̠]
Votic,/ˈrisːimæ/
Votic,[zɑnɑˈveskə̠]
Votic,[ˈt͡ʃæmʲːə̟lˌkɑkːu]
Votic,/ˈtuːlːɑ/
Votic,[ˈɫoːɤ]
Votic,/ˈpɑskɑ/
Votic,[ˈiso]
Votic,[ˈsʲylt͡ʃiæ̯]
Votic,/ˈnɑɡlɑ/
Votic,[ˈt͡ʃæːntʲyæ̯]
Votic,[ˈperːæ]
Votic,[ˈyhsʲinʲæ]
Votic,[ˈmet͡sːə̟ˌsʲikɑ]
Votic,[ˈɑʝɤɫːə̠]
Votic,[ˈmuːvːə̠ɫtə̠]
Votic,[ˈsʲyt͡ʃyzʲy]
Votic,/ˈpruːkːiɑ̯/
Votic,/ˈjætːæː/
Votic,/ˈsyli/
Votic,[ˈvɑt͡sːə̠]
Votic,/ˈhoc/
Votic,[ˈɫɑu̯koˌpʲæi̯vʲə̟]
Votic,[ˈɑstʲiɑ̯]
Votic,/ɡiˈtɑri/
Votic,[ˈkʲipunə̠]
Votic,[ˈei̯nʲə̟]
Votic,[ˈpɑi̯nu]
Votic,/ˈneʎːeˌtei̯ʃːymed/
Votic,[ˈɑvu]
Votic,[ˈkɑtʲːi]
Votic,/ˈsinin/
Votic,[ˈyhesʲæˌtei̯ʃːymed̥]
Votic,[ˈvʲiːsˌtei̯ʃːymed̥]
Votic,[ˈnʲiskə̠]
Votic,[ˈrɑu̯hə̠lːin]
Votic,[ˈkɑhˌt͡ʃymːed̥]
Votic,/ˈrutːoɑ̯/
Votic,/ˈriːɡɑ/
Votic,[ˈemʲæntʲə̟]
Votic,/ˈvɤdnɑ/
Votic,[ˈkɑrvə̠]
Votic,[ˈɫɑpːiɑ̯]
Votic,[ˈɡɑi̯kə̠]
Votic,[ˈesʲimesˌpʲæi̯vʲə̟]
Votic,/ˈyːˌitku/
Votic,/ˈtæːltæ/
Votic,/ˈpesæ/
Votic,[ˈhɑrɑkːə̠]
Votic,[ˈko]
Votic,[ˈsuːrʲi]
Votic,[ɡɫuˈhoi̯]
Votic,/ˈrubʎɑ/
Votic,[ˈrɑpɑ]
Votic,[ˈmʲiltʲin]
Votic,[ˈɫobɑ]
Votic,/ˈvɑːpsɑlɑi̯n/
Votic,/ˈloːko/
Votic,/ˈɡuʎu/
Votic,[ˈmʲørnʲæ]
Votic,[ˈɫɤhʲi]
Votic,/ˈrɤhkɤɑ̯/
Votic,/ˈkutu/
Votic,/ˈitæˌtuːli/
Votic,/ˈjɑʃːikːɑ/
Votic,/ˈhɑu̯kːuɑ̯/
Votic,/ˈkerætæ/
Votic,/ˈsɤzɑr/
Votic,[ˈsei̯t͡sːe]
Votic,/ˈmusːɑˌmɑrjɑ/
Votic,/ˈkɤlvɑtɑ/
Votic,[ˈtuːli]
Votic,/ˈelo/
Votic,/ˈiæ̯tæ/
Votic,/ˈkɑːtːɤri/
Votic,[ˈlihɑkɤz̥]
Votic,/ˈkɑtɑɡɑ/
Votic,[ˈseː]
Votic,[ˈvʲiːsʲi]
Votic,[ˈlepʲːə̟]
Votic,/ˈsukɤɑ̯/
Votic,[ˈʝɑnotːɑ]
Votic,[ˈtoho]
Votic,[ˈliːkə̠]
Votic,/ˈliu̯kuˌpæi̯væ/
Votic,[ˈvɤːrə̠zʲi]
Votic,/ˈsitːuɑ̯/
Votic,/ˈsini/
Votic,[ˈʝænez̥]
Votic,[ˈsɤzɑr]
Votic,/ˈniku/
Votic,[ˈvɑŋkːurʲi]
Votic,/ˈlæsy/
Votic,[ˈvʲihmə̠ˌlintu]
Votic,[ˈsukːɤɑ̯]
Votic,[ˈnɤvːoɑ̯]
Votic,[ˈiʒorʲiˌɫɑi̯n]
Votic,/ˈsiːmɑ/
Votic,[ˈt͡ʃuc]
Votic,/ˈvɑsːɑ/
Votic,/ˈsitkɑː/
Votic,[ˈeɡle]
Votic,/ˈkuniz/
Votic,/ˈtɑrviz/
Votic,[ˈɫoxko]
Votic,[ˈɑpɑtə̠]
Votic,[ˈpɤrnə̠]
Votic,[ˈɫɑho]
Votic,/ˈtoːmi/
Votic,[ˈsʲitːə̠]
Votic,/ˈremeni/
Votic,/ˈpletitːæː/
Votic,[ˈmuːtːɑ]
Votic,[ˈvɤsɑ]
Votic,/ˈvoi̯/
Votic,[ˈvɑɫtə̠]
Votic,/ˈstokɑnɑ/
Votic,/ˈutu/
Votic,[ˈmɑlːi]
Votic,/ˈæviːsːæ/
Votic,/ˈpɑɡɑnɑ/
Votic,/ˈlɑdvɑ/
Votic,/ˈɑhɑz/
Votic,[ˈprʲimuzɫə̠]
Votic,/ˈyhtæː/
Votic,/ˈt͡ʃent͡ʃæ/
Votic,[ˈɑrpə̠]
Votic,/ˈsɑmːɑl/
Votic,/ˈɤlt͡ʃi/
Votic,[stoˈkɑnɑ]
Votic,/ˈvæːntyæ̯/
Votic,/ˈsitoɑ̯/
Votic,[ˈurʲisːə̠]
Votic,[ˈɤmɤ]
Votic,[ˈɑːdu]
Votic,/pɑrˈɑi̯kɑː/
Votic,[ˈmeno]
Votic,[ˈvɑrɡə̠sːɑ]
Votic,/ˈleʒiæ̯/
Votic,[ˈsokːo]
Votic,/ˈpimey̯z/
Votic,/ˈkɑrjɑlɑi̯n/
Votic,[ˈylæˌkɤrtə̠]
Votic,[ˈvʲæliz̥]
Votic,/ˈvæhepi/
Votic,[ˈkɤrkɑ]
Votic,/ˈvɑht͡ʃi/
Votic,/ˈɑrvɑ/
Votic,/ˈesiˌjɑlkɑ/
Votic,/ˈiŋkeriːˌmɑː/
Votic,[ˈit͡ʃi]
Votic,/ˈt͡ʃuc/
Votic,[noˈʝæbrʲi]
Votic,[ˈkuɫtɑi̯n]
Votic,/ˈkuhjɑ/
Votic,/ˈkɑlːɑz/
Votic,/borkˈkɑnɑ/
Votic,/ˈnɑɡru/
Votic,[ˈvʲirutːɑ]
Votic,[ˈɫɑmpʲːi]
Votic,/ˈkɑpːɑ/
Votic,/ˈvɑko/
Votic,[ˈpʲikɑrʲi]
Votic,[ˈbokːə̠]
Votic,/ˈpɑɡɤtɑ/
Votic,/ˈiʒoriˌlɑi̯n/
Votic,/ˈvɑlit͡sːɑː/
Votic,/ˈeht͡ʃi/
Votic,[ˈvɑhtʲi]
Votic,[ˈkopʲitːɑ]
Votic,[ˈnɤkʲi]
Votic,[ˈkɑzvo]
Votic,[ˈseldʲi]
Votic,/ˈjuːvːɑ/
Votic,/ˈsyæ̯/
Votic,/ˈlehto/
Votic,/ˈlɑhɑ/
Votic,/ˈherkːɑ/
Votic,/ˈtyŋkæ/
Votic,/ˈt͡ʃelːæ/
Votic,/ˈkɑrsinɑ/
Votic,[ˈvɑzʲikːə̠]
Votic,/ˈpɑɡɑnuz/
Votic,[ˈɑu̯kːo]
Votic,[ˈt͡ʃæmʲːə̟l]
Votic,[ˈɫɑi̯skə̠]
Votic,/ˈhørølæi̯n/
Votic,/ˈmitːɑ/
Votic,/ˈperemˌmeːz/
Votic,/ˈpøːræ/
Votic,/ˈtyveæ̯/
Votic,[ˈʃuːbə̠]
Votic,/ˈt͡ʃylt͡ʃi/
Votic,/ˈkærkːi/
Votic,[ˈkɤɫtɑi̯n]
Votic,[ˈhuɫːuˌkoto]
Votic,/ˈʃirisːæ/
Votic,/ˈmelto/
Votic,[ˈkɑː]
Votic,[ˈpehmʲiæ̯]
Votic,[ˈvɑhvə̠]
Votic,/ˈsɑrvi/
Votic,[ˈkerʲæʝə̟]
Votic,[ˈsorsə̠]
Votic,[ˈdovɑˌrʲiʃːə̠]
Votic,[ˈsɑksɑ]
Votic,[ˈɡrʲizːiæ̯]
Votic,[ˈrɑkɤtːɑ]
Votic,/ˈlɤpɤtːɑː/
Votic,/ˈɑu̯kːo/
Votic,/ˈkoverɑ/
Votic,/ˈluːkːɑ/
Votic,/ˈt͡ʃæznæ/
Votic,/ˈmɑːˌmunɑ/
Votic,[ˈɑhnɤ]
Votic,/ˈɑntɑː/
Votic,/ˈvɑlmisːusːɑ/
Votic,[ˈmʲilːæi̯n]
Votic,[ˈt͡ʃiu̯zə̠tə̠]
Votic,[ˈkuɫkɤɑ̯]
Votic,[ˈtɑpːurə̠]
Votic,/ˈpiːkɑ/
Votic,[ˈvɑɫmʲisˌsusːə̠]
Votic,[ˈprɑːvʲitːɑ]
Votic,/ˈsukːuri/
Votic,[ˈrʲyːpʲə̟tʲə̟]
Votic,/ˈtutːɑvɑ/
Votic,/ˈmørnæː/
Votic,[ˈmʲæːrʲə̟]
Votic,[ˈsʲylt͡ʃi]
Votic,/ˈɑmːɑz/
Votic,[ˈtɑɫo]
Votic,/ˈkrisːuz/
Votic,/ˈsoːviɑ̯/
Votic,[ˈsʲinʲi]
Votic,[ˈtɑkɑnt]
Votic,/ˈɑi̯vɑsɤlːɑ/
Votic,/ˈmiskɑ/
Votic,/ˈhiki/
Votic,[ˈperʲæ]
Votic,[ˈsɑvu]
Votic,[ˈheːno]
Votic,/ˈt͡ʃyːnæræ/
Votic,/ˈympæri/
Votic,/ˈtɤhtiɑ̯/
Votic,/ˈpeni/
Votic,/ˈæht͡ʃiæ̯/
Votic,[ˈkɑɡɫuz̥]
Votic,[ˈsɑksə̠ɫɑi̯n]
Votic,[ˈɑɫuˌkɤrtə̠]
Votic,[ˈkɑnɤrvo]
Votic,[ˈsɑtuɫə̠]
Votic,[ˈkɑɫmə̠]
Votic,[ˈkobrʲi]
Votic,/ˈisutːɑː/
Votic,[ˈvɑi̯və̠]
Votic,/ˈviŋkɑ/
Votic,[ˈlit͡ʃi]
Votic,/ˈsuːtutːɑː/
Votic,/ˈyleːleː/
Votic,/ˈvenːæː/
Votic,/ˈerotːɑː/
Votic,/ˈpimiæ̯/
Votic,/ˈvɑʎːɑːd/
Votic,/ˈtuntɤɑ̯/
Votic,[ˈkoɫo]
Votic,/ˈsuːrimɑ/
Votic,[ˈmɑtokːɑi̯n]
Votic,[ˈtukɤhtuɑ̯]
Votic,/ˈlɑvɑ/
Votic,[ˈyhtʲæ]
Votic,[ˈt͡ʃɑʃkə̠]
Votic,/ˈikosːɑː/
Votic,/ˈhæmæræ/
Votic,/ˈmɑi̯stɑː/
Votic,[ˈtɤmːə̠tə̠]
Votic,/ˈiʎːɑː/
Votic,[ˈpʲyt͡ʃːy]
Votic,/ˈlipit͡sːɑ/
Votic,[ˈyvʲæsʲːi]
Votic,[ˈt͡ʃivʲikːo]
Votic,[ˈɫɑːtkə̠]
Votic,/ˈmikæˌnibuc/
Votic,[ˈsʲyæ̯me]
Votic,/ˈpenikːɑ/
Votic,[ˈiŋkerʲiˌmɑː]
Votic,/ˈhæmːentæː/
Votic,/ˈʒenihɑ/
Votic,/ˈlɑːtkɑ/
Votic,/ˈtytːø/
Votic,[ˈmukːɑ]
Votic,/ˈvɤi̯mɑkɑz/
Votic,/ˈt͡ʃylvetːæː/
Votic,/ˈvæːræ/
Votic,[ˈkoʝːosːə̠]
Votic,[ˈmui̯ɫə̠]
Votic,[ˈɑɫku]
Votic,/ˈsært͡ʃi/
Votic,[ˈt͡ʃirʝotːɑ]
Votic,/ˈroːjɑ/
Votic,[ˈruskɑ]
Votic,/ˈvɑsːɑː/
Votic,/ˈkɤhtɑ/
Votic,/ˈpiːkːi/
Votic,/ˈpiho/
Votic,/ˈɑrmo/
Votic,/ˈuɡurit͡sːɑ/
Votic,[ˈrʲætːe]
Votic,[ˈvɑrʲi]
Votic,/ˈpeu̯kolo/
Votic,/ˈlusti/
Votic,/ˈɑrinɑ/
Votic,[mɑːˈiɫmə̠]
Votic,/ˈviʃɲɑ/
Votic,[ˈkɑsɤ]
Votic,[ˈʝumɑɫə̠ˌlintu]
Votic,[sɑˈrɑʝɑ]
Votic,/ˈpɑrtɑ/
Votic,/ˈsulkɑ/
Votic,[ˈvʲiŋkə̠]
Votic,[ˈkʲøːkʲːi]
Votic,[yhesʲæˈtɤi̯ʃːymed̥]
Votic,/ˈpoi̯kɑ/
Votic,[ˈorʝə̠]
Votic,/ˈkɑrjɑ/
Votic,[ˈnɑpɑtə̠]
Votic,[ˈkui̯ɫə̠z̥]
Votic,[ˈvɑkɑ]
Votic,[ˈnʲiːtʲːæ]
Votic,/ˈkoton/
Votic,[ˈkuhʝə̠]
Votic,[ˈvʲiɫkːə̠]
Votic,/ˈpurjɤ/
Votic,/ˈkuhɤ/
Votic,[ˈrʲiːto]
Votic,/ˈsuːruz/
Votic,[ˈsei̯t͡sːeˌtei̯ʃːymed̥]
Votic,/ˈpære/
Votic,/ˈvɑjɑː/
Votic,[ˈihɑ]
Votic,[ˈɫɑɟːuz̥]
Votic,/ˈnɑpːu/
Votic,[ˈerotːɑ]
Votic,/ˈpunoɑ̯/
Votic,/ˈhɑu̯kːɑ/
Votic,[ˈtohuz̥]
Votic,[ˈtɑɫoˌpoi̯kə̠]
Votic,[ˈt͡ʃɑko]
Votic,[ˈt͡ʃøhʲæ]
Votic,/ˈtorkɑtɑ/
Votic,/kɑˈpusːɑ/
Votic,/ˈelmi/
Votic,/ˈtytːærikːo/
Votic,[ˈhelːə̟]
Votic,/ˈvoli/
Votic,[ˈkɑne]
Votic,[ˈtɤi̯n]
Votic,/ˈtervyːz/
Votic,[ˈhɑu̯kːə̠]
Votic,/ˈkumːɑ/
Votic,/ˈɑrt͡ʃiˌpæi̯væ/
Votic,[ˈselt͡ʃə̟ˌɫuː]
Votic,/ˈmuːvːɑltɑ/
Votic,[ˈvɑrɑ]
Votic,/ˈkɑlɑ/
Votic,/ˈkuhɤː/
Votic,/ˈripusːɑː/
Votic,/ˈkuzɑ.leː/
Votic,[ˈvɑhtʲiɑ̯]
Votic,/ˈnenæ/
Votic,/viːsˈtɤi̯ʃːymed/
Votic,/ˈkuhɑn/
Votic,/ˈlidnɑ/
Votic,[ˈpɤhʝə̠]
Votic,/ˈkopːiu̯sːɑ/
Votic,[ˈnʲæpʲːi]
Votic,[ˈelisʲːə̟]
Votic,[ˈt͡ʃelːe]
Votic,/ˈt͡ʃæhsy/
Votic,/ˈroːjɑkɑz/
Votic,/ˈsyvyːz/
Votic,[ˈlyhsʲy]
Votic,/ˈsiːli/
Votic,/ˈiʒoriː/
Votic,[ˈɫui̯skə̠]
Votic,/ˈriːtːɑ/
Votic,/ˈkɑlbɑsːi/
Votic,[ˈɫɑi̯nɤtə̠]
Votic,[ˈmʲyːvʲːə̟]
Votic,/ˈleːmi/
Votic,[ɑˈpreli]
Votic,[ˈsɤrto]
Votic,[ɡʲimˈnɑzʲi]
Votic,/ˈvɑi̯kːɑ/
Votic,/ˈjɑːti/
Votic,[ˈyrʲytʲːæ]
Votic,/ˈt͡ʃent͡ʃiːsːæ/
Votic,[ˈkotoˌtʲyː]
Votic,[ˈʝɑʃːikːə̠]
Votic,/ˈsinːe/
Votic,/ˈjælt͡ʃi/
Votic,/ˈrysːy/
Votic,[ˈpetʲæʝə̟]
Votic,/ˈjuːmɑri/
Votic,/ˈɑlɑtːu/
Votic,[ˈrepo]
Votic,/ˈɤi̯kɤɑ̯/
Votic,/ˈtikːɑ/
Votic,[ˈʝuːli]
Votic,/ˈkɑsɤ/
Votic,[ˈitkɤɑ̯]
Votic,[ˈumɑɫə̠]
Votic,[ˈɡɑːdə̠]
Votic,/ˈt͡ʃirjutːɑː/
Votic,/ˈɡriziæ̯/
Votic,[ʝoɫtˈtɑrʲi]
Votic,/ˈɑu̯toɑ̯/
Votic,/ˈkɑru/
Votic,[ˈɤnʲːisːuɑ̯]
Votic,/ˈleːminɑ/
Votic,[ˈuɡuˌrʲit͡sːə̠]
Votic,/ˈvæli/
Votic,[ˈvʲiːrukə̠z̥]
Votic,[ˈɑvɤ]
Votic,/ˈpøksyd/
Votic,[ˈkukʲit͡sːɑ]
Votic,[ˈliɡotːɑ]
Votic,[ˈøːˌitku]
Votic,/ˈpisːyː/
Votic,[ˈpuhɑsːɑ]
Votic,/ˈpintɑ/
Votic,/ˈumɑlɑz/
Votic,/ˈtinɑ/
Votic,/ˈhæmølæi̯n/
Votic,[ˈɤvʲːi]
Votic,/ˈsɑkːɑli/
Votic,[ˈperze]
Votic,/ˈæryd/
Votic,[ˈseneˌperʲæsː]
Votic,[ˈsuku]
Votic,[ˈvɑrːɑ]
Votic,/ˈmeri/
Votic,[ˈmesʲi]
Votic,/ˈvɑt͡sːɑ/
Votic,[ˈvɤi̯ʝːɤ]
Votic,/ˈviːsɑu̯z/
Votic,[ˈɫuku]
Votic,/ˈt͡ʃirotɑ/
Votic,[ˈmɑtkə̠]
Votic,/ˈvæhenesːæ/
Votic,/ˈmilːæi̯n/
Votic,[ˈnʲæd̥]
Votic,/ˈpæi̯væ/
Votic,[ˈɤɫkə̠]
Votic,[ˈpʲyhʲæ]
Votic,/ˈkøːkːi/
Votic,/ˈlobɑ/
Votic,/ˈnɑi̯tːɑː/
Votic,[ˈrɑntə̠]
Votic,[ˈsɑi̯və̠r]
Votic,[ˈselvʲə̟]
Votic,[ˈɤsːɑ]
Votic,/ˈjoːsːɑ/
Votic,[ˈyvʲæ]
Votic,[ˈprɑːznʲikːə̠]
Votic,/ˈkulo/
Votic,/ˈt͡ʃæːriæ̯/
Votic,[ˈlei̯pˌsoːɫ]
Votic,[ˈrɑːkə̠]
Votic,[ˈtoːmʲi]
Votic,/fevˈrɑli/
Votic,/ˈmyːkːiæ̯/
Votic,[ˈpɑɫkːə̠]
Votic,[ˈne]
Votic,/ˈpesːe/
Votic,[ˈvɑnɤpʲi]
Votic,/ˈlintːi/
Votic,[ˈuːtʲimo]
Votic,[ˈkɤi̯kʲːinɑ]
Votic,/ˈjuːmin/
Votic,/ˈhoːnoˌpoːli/
Votic,/ˈunisːuɑ̯/
Votic,[ˈlipːiɑ̯]
Votic,[ˈvʲiːʒ̥]
Votic,/ˈlɑu̯lɑː/
Votic,/ˈveɟ/
Votic,/ˈluɡɤtːɑː/
Votic,[ˈvɑsuz̥]
Votic,/ˈsyæ̯mːesːæ/
Votic,/ˈɑi̯vɑz/
Votic,/ˈmusikɑz/
Votic,[ˈstokɑnə̠]
Votic,[ˈrʲihmə̠]
Votic,[ˈʝunʲi]
Votic,[ˈtʲyː]
Votic,/ˈono/
Votic,[ˈkoːkːə̠]
Votic,[ˈmurɑɡə̠z̥]
Votic,/ˈpæht͡ʃenæ/
Votic,[ˈnurkːə̠]
Votic,/ˈt͡ʃirjɑvɑ/
Votic,[ˈtɑɫoˌmeːz̥]
Votic,/ˈpuhːuɑ̯/
Votic,[ˈvenʲælæi̯n]
Votic,[ˈlei̯pʲ]
Votic,[ˈt͡ʃitkɤɑ̯]
Votic,/ˈklɑːsːɑ/
Votic,[ˈɑʝːɑ]
Votic,[ˈnɑɡrɑ]
Votic,[ˈpoːɫ]
Votic,/ˈborkːɑnɑ/
Votic,/ˈkɑrkɑː/
Votic,[ˈmʲisʲːi]
Votic,[ˈɡɫuhːoi̯]
Votic,/ˈsiu̯nɑtɑ/
Votic,[ˈɑŋko]
Votic,[ˈkɤɫvə̠tə̠]
Votic,/ˈjɑlkɑˌlɑpɑ/
Votic,[ˈɤzrə̠]
Votic,/ˈtɑloˌmerkːi/
Votic,[ˈkɑrsʲinə̠]
Votic,/ˈpiːri/
Votic,/ˈkɤltɑ/
Votic,/ˈlæmpiːsːæ/
Votic,/ˈnɤvːo/
Votic,[ˈkɤnz̥]
Votic,/ˈurisːɑ/
Votic,[ˈmɑkuzə̠]
Votic,/ˈlumiˌtui̯sku/
Votic,[ˈnɤsɑtːɑ]
Votic,/ˈryːpætæ/
Votic,[ˈvɤi̯mə̠kə̠z̥]
Votic,/ˈnepsiæ̯/
Votic,/ˈmulːikːɑ/
Votic,[ˈisʲæ]
Votic,/ˈrænːe/
Votic,/ˈdovɑriʃːɑ/
Votic,[ˈsʲyːmʲin]
Votic,[ˈilːeˌkoi̯tːɑ]
Votic,[ˈtɤi̯zɤɫːɑi̯n]
Votic,/ˈrɑtɑz/
Votic,/ˈpɑrmɑz/
Votic,/ˈtere/
Votic,/ˈtɑhtoɑ̯/
Votic,/ˈpɑsːibo/
Votic,[ˈherːə̠]
Votic,/ˈɤlud/
Votic,/ˈuhkɑː/
Votic,[ˈnʲiku]
Votic,/ˈpikɑri/
Votic,[ˈkuzɑˌnʲibuc]
Votic,/ˈvɑrɡɑz/
Votic,[hɑˈrʲokːə̠]
Votic,[ˈɤhsɤtə̠]
Votic,[ˈvʲikɑhtɤ]
Votic,[ˈkʲimːiæ̯]
Votic,[ˈpuxɡə̠tə̠]
Votic,[ˈt͡ʃimoɫɑi̯n]
Votic,[ˈt͡ʃiːsɤɫːə̠]
Votic,[ˈvʲælilːə̟]
Votic,/ˈlɑi̯skuz/
Votic,[ˈkɑzvɑ]
Votic,/ˈt͡ʃeːli/
Votic,[ˈpʲitːuz̥]
Votic,[ˈylpʲiæ̯]
Votic,/ˈɤnːɤtoː/
Votic,/ˈt͡ʃyhseæ̯/
Votic,[ˈvɑnuz̥]
Votic,[ˈkɤrːɤz̥]
Votic,[ˈsuvɑtə̠]
Votic,[ˈmʲænt͡ʃiæ̯]
Votic,[ˈsʲysʲæˌlikːo]
Votic,/ˈlæhetːæː/
Votic,/ˈpoːl/
Votic,[ˈsʲyntʲi]
Votic,[ˈpostʲi]
Votic,[ˈvɑi̯kːo]
Votic,[ˈrevʲitʲːæ]
Votic,/ˈhoːlɤtoː/
Votic,[ˈmɑkːiɑ̯]
Votic,[ˈɫɑsku]
Votic,/ˈɤnːi/
Votic,[ˈpuhːuɑ̯]
Votic,[ˈroho]
Votic,/ˈpyt͡ʃːy/
Votic,[ˈstɑruhə̠]
Votic,/ˈkoi̯niɑ̯/
Votic,[ˈmɑnsʲikə̠z̥]
Votic,[ˈporo]
Votic,[ˈt͡ʃeːli]
Votic,/ˈsuː/
Votic,/ˈrɑko/
Votic,/ˈsiːpi/
Votic,[ˈpʲyhʲæˌpʲæi̯vʲə̟]
Votic,[ˈnɑʎːə̠]
Votic,[ˈnʲiːsʲi]
Votic,/ˈɑŋko/
Votic,[ˈliːt͡sːə̠]
Votic,[ˈsʲyːt͡ʃːi]
Votic,/ˈilɑtɑ/
Votic,[ˈmulːikːə̠]
Votic,[ˈsʲyli]
Votic,/ˈeliæ̯/
Votic,/ˈtyhjæ/
Votic,/ˈmuːtːuɑ̯/
Votic,[ˈon]
Votic,/ˈtɑnt͡sːu/
Votic,[ˈmɑi̯]
Votic,/ˈkɑsːeː/
Votic,[ˈsɑɫvo]
Votic,[ˈɑrmə̠z̥]
Votic,[ˈnɤsːɑ]
Votic,/ˈmɑtkɑ/
Votic,[ˈkerkʲiæ̯i̯n]
Votic,/ˈmɑːˌmunikːo/
Votic,[ˈpetʲːy]
Votic,[ˈkui̯və̠tːɑ]
Votic,[ˈsɑrkə̠]
Votic,[ˈnɑɡrutːɑ]
Votic,/ˈrɑvɑd/
Votic,/ˈpilːɑ/
Votic,/ˈkɑmːit͡sːɑ/
Votic,/ˈroːpːɑ/
Votic,/ˈkui̯/
Votic,[ˈʝupkə̠]
Votic,[ˈʝært͡ʃy]
Votic,/ˈsei̯t͡seː/
Votic,/ˈpɑrkːiɑ̯/
Votic,[ˈkrɑːskə̠]
Votic,/ˈkɑi̯vo/
Votic,/ˈkɑkːo/
Votic,/ˈrɑmpɑ/
Votic,[ˈkonːə̠]
Votic,/ˈloːvːɑ/
Votic,[ˈɤsɑ]
Votic,/ˈherːɑ/
Votic,/ˈvɑlɤlːɑ/
Votic,[ˈɤnːɤto]
Votic,/ˈmisːi/
Votic,[ˈrutʲːisːə̠]
Votic,/ˈkimiæ̯/
Votic,[ˈrʲæy̯stʲə̟z̥]
Votic,[ˈliːvə̠]
Votic,[ˈuːsʲi]
Votic,[ˈiːrʲi]
Votic,[ˈtʲyrmʲə̟]
Votic,/ˈvɤːrɑz/
Votic,/ˈvihtɑ/
Votic,/ˈmɑː/
Votic,[ˈtɑrtːuɑ̯]
Votic,[ˈɫuɡɤˌtɤɫːə̠]
Votic,[ˈkɫɑːsːə̠]
Votic,/ˈkɑu̯tːɑ/
Votic,[ˈsʲiːtʲyæ̯]
Votic,[ˈelːæ]
Votic,/ˈt͡ʃelːo/
Votic,/ˈnæy̯tːæː/
Votic,[ˈelæmʲə̟]
Votic,/ˈsɑu̯nɑ/
Votic,/ˈkɑːpːi/
Votic,/ˈɑvɑu̯tɑ/
Votic,/ˈɑlɑː/
Votic,[ˈkuːzʲikːo]
Votic,/ˈpunɑ/
Votic,/ˈselvæ/
Votic,/ˈvirsi/
Votic,[deˈkɑbrʲi]
Votic,/ˈjorʃːi/
Votic,/ˈnɤvːoɑ̯/
Votic,/ˈpɑri/
Votic,/ˈleːtːyæ̯/
Votic,[ˈihɑɫə̠]
Votic,[ˈɫɤːkːu]
Votic,[ˈkɑnːɤ]
Votic,[ˈɤɫud̥]
Votic,/ˈpɑhɑi̯n/
Votic,/ˈkɤvɑ/
Votic,[ˈt͡ʃehsʲi]
Votic,/ˈelæjæ/
Votic,[ˈɫɤi̯kə̠tə̠]
Votic,/ˈjyrisːæ/
Votic,/ˈkolkːi/
Votic,/ˈsylt͡ʃi/
Votic,[ˈʃiʃkə̠]
Votic,[ˈt͡ʃæːrʲyæ̯]
Votic,[ˈnɑrʲːiɑ̯]
Votic,[ˈbot͡ʃkə̠]
Votic,/ˈsɤtɑˌmeːz/
Votic,/ˈjuːli/
Votic,/ˈkɑzvɑtːɑː/
Votic,/ˈʒɑːli/
Votic,/ˈteræz/
Votic,/ˈkompɑsːuɑ̯/
Votic,/ˈtæmæ/
Votic,[ˈvelːi]
Votic,[ˈtorkə̠tə̠]
Votic,/ˈyleːz/
Votic,/ˈsiz/
Votic,/ˈsɑmːutːɑː/
Votic,[ˈɫɑhtʲi]
Votic,[ˈpʲitːæ]
Votic,/ˈnæteli/
Votic,[ˈkɑrʝə̠ˌmɑː]
Votic,/ˈkut͡sːuɑ̯/
Votic,/mikæˈleː/
Votic,/ˈsɤi̯tːɑː/
Votic,/ˈmɑːmunɑ/
Votic,/ˈkɑkːu/
Votic,[ˈkɑhɤsɑˌtei̯ʃːymed̥]
Votic,[ˈʃto]
Votic,[ˈmʲørnʲə̟tʲə̟]
Votic,[ˈvʲærʲisʲːə̟]
Votic,[ˈlinːə̠]
Votic,/ˈmutukɑz/
Votic,/ˈhɑrkɑtɑ/
Votic,[ˈsɑto]
Votic,[ˈpurːə̠]
Votic,/ˈkurki/
Votic,/ˈpɤtkiɑ̯/
Votic,/ˈduːmɑtɑ/
Votic,/ˈtɑpːo/
Votic,/ˈkɑse/
Votic,[ˈɑhʲiɫə̠]
Votic,/ˈkusːuɑ̯/
Votic,[ˈnɤdrə̠]
Votic,/ˈkuːluɑ̯/
Votic,/ˈvilisːæː/
Votic,[ˈlæhtemʲə̟]
Votic,/ˈkɑi̯hoːsːɑ/
Votic,[ˈroːko]
Votic,[ˈnɤtko]
Votic,/ˈkoːpːɑ/
Votic,/ʃoˈsei̯kɑ/
Votic,[ˈvʲærʲæʝə̟]
Votic,[ˈkoto]
Votic,/ˈmɤni/
Votic,[ˈnɑpukːə̠]
Votic,/ˈkylː/
Votic,[ˈæːre]
Votic,/ˈyhsʲ/
Votic,/ˈjɤkɑ/
Votic,/ˈpito/
Votic,/ˈsipuli/
Votic,/ˈpɑlɑ/
Votic,[ˈmɑhɫə̠]
Votic,/ˈtɤrvɑ/
Votic,[uɡuˈrʲit͡sːə̠]
Votic,/ˈkrɑːskɑ/
Votic,[ˈhɑŋkʲːiɑ̯]
Votic,[vɑˈrenʝə̠]
Votic,[ˈrʲæːto]
Votic,/ˈheːno/
Votic,/ˈplækːi/
Votic,/ˈpurːɑ/
Votic,[ˈlyly]
Votic,/ˈlyt͡ʃætæ/
Votic,[ˈtʲyŋkʲə̟]
Votic,[ˈsʲært͡ʃi]
Votic,[ˈvɑɟːə̠]
Votic,[ˈkʲit͡sːi]
Votic,/ˈnuːʒnikːɑ/
Votic,[ˈpʲimːiæ̯]
Votic,[ˈtɑhtoɑ̯]
Votic,/ˈɑlɑz/
Votic,[ˈno]
Votic,/ˈviːjːæ/
Votic,/ˈjumɑlɑ/
Votic,/ˈeːstæː/
Votic,/ˈlutisːɑː/
Votic,/ˈɑhnɤ/
Votic,/ˈtɑnt͡sːiɑ̯/
Votic,/ˈtupɑ/
Votic,[ˈpʲiːrʲi]
Votic,[ˈmusːə̠]
Votic,/ˈsyæ̯meːse/
Votic,/ˈisːuːsːɑ/
Votic,[ˈkɤtɑrə̠]
Votic,/ˈyhtei̯n/
Votic,/ˈmet͡sːo/
Votic,[ˈpɑrsʲi]
Votic,/ˈsɑhɑtɑ/
Votic,/ˈriːto/
Votic,/ˈvɤi̯mɑ/
Votic,[ˈisːusːə̠]
Votic,[ˈvoi̯tːo]
Votic,[ˈkerkʲisʲːə̟]
Votic,/ˈvoi̯tːo/
Votic,/ˈkroːkɑtɑ/
Votic,/ˈvirɑtoː/
Votic,[ˈhɑi̯tːɑ]
Votic,[ˈmɑːˌmunɑ]
Votic,/ˈɤi̯kɑː/
Votic,/ˈpɑlɡɤ/
Votic,/ˈviːt͡sːiæ̯/
Votic,/ˈnɤtko/
Votic,[ˈkeɫkːə̠]
Votic,[ˈpɤtkʲiɑ̯]
Votic,[ˈmurhɤ]
Votic,[ˈrʲisɑˌvoi̯tːɑ]
Votic,[ˈɫɑhnə̠]
Votic,/ˈlumi/
Votic,/ˈmeːli/
Votic,[ˈkofʲːi]
Votic,[ˈiɫkɑ]
Votic,/ˈkɤtɑrɑ/
Votic,[ˈkɑkːu]
Votic,/ˈɑhvɤn/
Votic,/ˈt͡ʃiːreː/
Votic,[ˈtreskə̠]
Votic,[ˈmuːtoz̥]
Votic,/ˈsei̯t͡sːeː/
Votic,[ˈsliːvə̠]
Votic,[senˈtʲæbrʲi]
Votic,[ˈpɑi̯kə̠tə̠]
Votic,[ˈpuːdə̠]
Votic,[ˈslifkə̠]
Votic,[ˈkɤvʲisːɑ]
Votic,[ˈunʲi]
Votic,[ˈvɑi̯t]
Votic,[ˈyːˌitku]
Votic,/ˈirviˌei̯næ/
Votic,/ˈrinːɑlːɑ/
Votic,/ˈtɑlo/
Votic,/ˈjoːnitɤlːɑ/
Votic,/ˈkɤi̯k/
Votic,[ˈrɑi̯tʲːi]
Votic,/pɑsˈsibo/
Votic,/ˈtɑrɑ/
Votic,[ˈkukuˌruzɑ]
Votic,/ˈkɤtɑ/
Votic,/ˈt͡ʃenːi/
Votic,/ˈkɤlmɑzˌpæi̯væ/
Votic,/ˈsyːtːæː/
Votic,[ˈt͡ʃynʲːyz̥]
Votic,[ˈpɤɫɤˌmʲikːo]
Votic,/ˈelokɑz/
Votic,[ˈt͡ʃehsʲimei̯n]
Votic,/ˈtomɑkːɑ/
Votic,[ˈvɤi̯tːo]
Votic,/ˈt͡ʃyntæː/
Votic,/ˈtykːi/
Votic,[ˈsɤtɑ]
Votic,/ˈolud/
Votic,[ˈtɑvɑlːin]
Votic,[ˈt͡ʃeːrtʲæ]
Votic,[ˈsɫɑːvə̠]
Votic,[ˈvʲikɑ]
Votic,/hɑˈrʲokːɑ/
Votic,[ˈkɑːskə̠]
Votic,[ˈkuhɤ]
Votic,/-nibuc/
Votic,[ˈvʲimpə̠]
Votic,/ˈriːsːɑ/
Votic,[tɑˈreɫkːə̠]
Votic,[ˈkumːə̠rˌtɑːsːə̠]
Votic,/ˈpɑpːi/
Votic,[ˈvʲirːə̠tə̠]
Votic,[ˈnɑɡɫə̠]
Votic,[ˈtui̯mə̠]
Votic,[ˈʝɤɡɤˌperʲæ]
Votic,/ˈtui̯sku/
Votic,[ˈmʲiskə̠]
Votic,[ˈlipːu]
Votic,/ˈt͡sent͡ʃiːsːæ/
Votic,[leˈkɑrstvə̠]
Votic,/ˈurokːɑ/
Votic,[ˈstuːli]
Votic,/ˈluːvːɤ/
Votic,/ˈenæpi/
Votic,/ˈuni/
Votic,/ˈtuːlikɑz/
Votic,[ˈært͡ʃə̟]
Votic,[ˈdɑ]
Votic,/ˈɑltɑ/
Votic,[ˈrʲypʲːy]
Votic,/ˈsisɑvɑ/
Votic,[ˈʝɑkːɑ]
Votic,[ˈuɫkoˌmɑː]
Votic,[ˈɫɤxkoɑ̯]
Votic,/ˈɑhvɑkːo/
Votic,[ˈetez̥]
Votic,/yhesæːˈtɤi̯ʃːymed/
Votic,[ˈvoːtʲin]
Votic,/ˈkɑjɑɡɑ/
Votic,[ˈdoro]
Votic,/ˈɑvɤ/
Votic,/ˈuːsɤd/
Votic,[ˈkoːrʲiɑ̯]
Votic,[ˈemʲæ]
Votic,[ˈkɑrtə̠]
Votic,/ˈsorkːɑ/
Votic,[ɡrɤˈʒɤvnʲikːə̠]
Votic,[ˈvʲæːntʲyæ̯]
Votic,/ˈkobri/
Votic,[ˈorko]
Votic,[ˈɑrʝə̠]
Votic,/ˈterve/
Votic,[ˈpɤhʝɑi̯n]
Votic,/ˈpɑrɤpi/
Votic,/ˈmɑho/
Votic,[ˈʝoːʒikːə̠]
Votic,[ˈvɑːtːɑ]
Votic,/ˈsiæ̯l/
Votic,/ˈkɑu̯pːɑ/
Votic,[ˈɫuhtə̠]
Votic,/ˈsuːri/
Votic,[ˈʃɑːpkə̠]
Votic,/ˈpirtɑ/
Votic,[ˈɤːroɑ̯]
Votic,/ˈnæmæ/
Votic,/ˈt͡ʃylt͡ʃiˌluː/
Votic,[ˈkɑmʲːit͡sːə̠]
Votic,[ˈmunɑ]
Votic,/ˈisæ/
Votic,[ˈtoi̯mˌpʲæi̯vʲə̟]
